solid OpenSCAD_Model
  facet normal 0 0 -1
    outer loop
      vertex -18.3145 0.221894 1.90735e-07
      vertex -7.93878 3 1.90735e-07
      vertex -18.3 0 1.90735e-07
    endloop
  endfacet
  facet normal 0 0 -1
    outer loop
      vertex -18.3579 0.439992 1.90735e-07
      vertex -7.93878 3 1.90735e-07
      vertex -18.3145 0.221894 1.90735e-07
    endloop
  endfacet
  facet normal 0 0 -1
    outer loop
      vertex -18.4294 0.650561 1.90735e-07
      vertex -7.93878 3 1.90735e-07
      vertex -18.3579 0.439992 1.90735e-07
    endloop
  endfacet
  facet normal 0 0 -1
    outer loop
      vertex -18.5278 0.849999 1.90735e-07
      vertex -7.93878 3 1.90735e-07
      vertex -18.4294 0.650561 1.90735e-07
    endloop
  endfacet
  facet normal 0 0 -1
    outer loop
      vertex -18.6513 1.03489 1.90735e-07
      vertex -7.93878 3 1.90735e-07
      vertex -18.5278 0.849999 1.90735e-07
    endloop
  endfacet
  facet normal 0 0 -1
    outer loop
      vertex -18.7979 1.20208 1.90735e-07
      vertex -7.93878 3 1.90735e-07
      vertex -18.6513 1.03489 1.90735e-07
    endloop
  endfacet
  facet normal 0 0 -1
    outer loop
      vertex -18.9651 1.3487 1.90735e-07
      vertex -7.93878 3 1.90735e-07
      vertex -18.7979 1.20208 1.90735e-07
    endloop
  endfacet
  facet normal 0 0 -1
    outer loop
      vertex -19.15 1.47224 1.90735e-07
      vertex -7.93878 3 1.90735e-07
      vertex -18.9651 1.3487 1.90735e-07
    endloop
  endfacet
  facet normal 0 0 -1
    outer loop
      vertex -19.3494 1.57059 1.90735e-07
      vertex -7.93878 3 1.90735e-07
      vertex -19.15 1.47224 1.90735e-07
    endloop
  endfacet
  facet normal 0 0 -1
    outer loop
      vertex -19.56 1.64207 1.90735e-07
      vertex -7.93878 3 1.90735e-07
      vertex -19.3494 1.57059 1.90735e-07
    endloop
  endfacet
  facet normal 0 0 -1
    outer loop
      vertex -19.7781 1.68546 1.90735e-07
      vertex -7.93878 3 1.90735e-07
      vertex -19.56 1.64207 1.90735e-07
    endloop
  endfacet
  facet normal 0 0 -1
    outer loop
      vertex -20 1.7 1.90735e-07
      vertex -7.93878 3 1.90735e-07
      vertex -19.7781 1.68546 1.90735e-07
    endloop
  endfacet
  facet normal 0 0 -1
    outer loop
      vertex -28 1.7 1.90735e-07
      vertex -20 1.7 1.90735e-07
      vertex -20.2219 1.68546 1.90735e-07
    endloop
  endfacet
  facet normal 0 0 -1
    outer loop
      vertex -26.3 0 1.90735e-07
      vertex -21.6855 0.221894 1.90735e-07
      vertex -21.7 0 1.90735e-07
    endloop
  endfacet
  facet normal 0 0 -1
    outer loop
      vertex -26.3145 0.221894 1.90735e-07
      vertex -21.6855 0.221894 1.90735e-07
      vertex -26.3 0 1.90735e-07
    endloop
  endfacet
  facet normal 0 0 -1
    outer loop
      vertex -21.6855 0.221894 1.90735e-07
      vertex -26.3145 0.221894 1.90735e-07
      vertex -21.6421 0.439992 1.90735e-07
    endloop
  endfacet
  facet normal 0 0 -1
    outer loop
      vertex -26.3579 0.439992 1.90735e-07
      vertex -21.6421 0.439992 1.90735e-07
      vertex -26.3145 0.221894 1.90735e-07
    endloop
  endfacet
  facet normal 0 0 -1
    outer loop
      vertex -21.6421 0.439992 1.90735e-07
      vertex -26.3579 0.439992 1.90735e-07
      vertex -21.5706 0.650561 1.90735e-07
    endloop
  endfacet
  facet normal 0 0 -1
    outer loop
      vertex -26.4294 0.650561 1.90735e-07
      vertex -21.5706 0.650561 1.90735e-07
      vertex -26.3579 0.439992 1.90735e-07
    endloop
  endfacet
  facet normal 0 0 -1
    outer loop
      vertex -21.5706 0.650561 1.90735e-07
      vertex -26.4294 0.650561 1.90735e-07
      vertex -21.4722 0.849999 1.90735e-07
    endloop
  endfacet
  facet normal 0 0 -1
    outer loop
      vertex -26.5278 0.849999 1.90735e-07
      vertex -21.4722 0.849999 1.90735e-07
      vertex -26.4294 0.650561 1.90735e-07
    endloop
  endfacet
  facet normal 0 0 -1
    outer loop
      vertex -21.4722 0.849999 1.90735e-07
      vertex -26.5278 0.849999 1.90735e-07
      vertex -21.3487 1.03489 1.90735e-07
    endloop
  endfacet
  facet normal 0 0 -1
    outer loop
      vertex -26.6513 1.03489 1.90735e-07
      vertex -21.3487 1.03489 1.90735e-07
      vertex -26.5278 0.849999 1.90735e-07
    endloop
  endfacet
  facet normal 0 0 -1
    outer loop
      vertex -21.3487 1.03489 1.90735e-07
      vertex -26.6513 1.03489 1.90735e-07
      vertex -21.2021 1.20208 1.90735e-07
    endloop
  endfacet
  facet normal 0 0 -1
    outer loop
      vertex -26.7979 1.20208 1.90735e-07
      vertex -21.2021 1.20208 1.90735e-07
      vertex -26.6513 1.03489 1.90735e-07
    endloop
  endfacet
  facet normal 0 0 -1
    outer loop
      vertex -21.2021 1.20208 1.90735e-07
      vertex -26.7979 1.20208 1.90735e-07
      vertex -21.0349 1.3487 1.90735e-07
    endloop
  endfacet
  facet normal 0 0 -1
    outer loop
      vertex -26.9651 1.3487 1.90735e-07
      vertex -21.0349 1.3487 1.90735e-07
      vertex -26.7979 1.20208 1.90735e-07
    endloop
  endfacet
  facet normal 0 0 -1
    outer loop
      vertex -21.0349 1.3487 1.90735e-07
      vertex -26.9651 1.3487 1.90735e-07
      vertex -20.85 1.47224 1.90735e-07
    endloop
  endfacet
  facet normal 0 0 -1
    outer loop
      vertex -27.15 1.47224 1.90735e-07
      vertex -20.85 1.47224 1.90735e-07
      vertex -26.9651 1.3487 1.90735e-07
    endloop
  endfacet
  facet normal 0 0 -1
    outer loop
      vertex -20.85 1.47224 1.90735e-07
      vertex -27.15 1.47224 1.90735e-07
      vertex -20.6506 1.57059 1.90735e-07
    endloop
  endfacet
  facet normal 0 0 -1
    outer loop
      vertex -27.3494 1.57059 1.90735e-07
      vertex -20.6506 1.57059 1.90735e-07
      vertex -27.15 1.47224 1.90735e-07
    endloop
  endfacet
  facet normal 0 0 -1
    outer loop
      vertex -20.6506 1.57059 1.90735e-07
      vertex -27.3494 1.57059 1.90735e-07
      vertex -20.44 1.64207 1.90735e-07
    endloop
  endfacet
  facet normal 0 0 -1
    outer loop
      vertex -27.56 1.64207 1.90735e-07
      vertex -20.44 1.64207 1.90735e-07
      vertex -27.3494 1.57059 1.90735e-07
    endloop
  endfacet
  facet normal 0 0 -1
    outer loop
      vertex -20.44 1.64207 1.90735e-07
      vertex -27.56 1.64207 1.90735e-07
      vertex -20.2219 1.68546 1.90735e-07
    endloop
  endfacet
  facet normal 0 0 -1
    outer loop
      vertex -27.7781 1.68546 1.90735e-07
      vertex -20.2219 1.68546 1.90735e-07
      vertex -27.56 1.64207 1.90735e-07
    endloop
  endfacet
  facet normal 0 0 -1
    outer loop
      vertex -28 1.7 1.90735e-07
      vertex -20.2219 1.68546 1.90735e-07
      vertex -27.7781 1.68546 1.90735e-07
    endloop
  endfacet
  facet normal 0 0 -1
    outer loop
      vertex -20 1.7 1.90735e-07
      vertex -28 1.7 1.90735e-07
      vertex -7.93878 3 1.90735e-07
    endloop
  endfacet
  facet normal 0 0 -1
    outer loop
      vertex -34.3 0 1.90735e-07
      vertex -29.6855 0.221894 1.90735e-07
      vertex -29.7 0 1.90735e-07
    endloop
  endfacet
  facet normal 0 0 -1
    outer loop
      vertex -34.3145 0.221894 1.90735e-07
      vertex -29.6855 0.221894 1.90735e-07
      vertex -34.3 0 1.90735e-07
    endloop
  endfacet
  facet normal 0 0 -1
    outer loop
      vertex -29.6855 0.221894 1.90735e-07
      vertex -34.3145 0.221894 1.90735e-07
      vertex -29.6421 0.439992 1.90735e-07
    endloop
  endfacet
  facet normal 0 0 -1
    outer loop
      vertex -34.3579 0.439992 1.90735e-07
      vertex -29.6421 0.439992 1.90735e-07
      vertex -34.3145 0.221894 1.90735e-07
    endloop
  endfacet
  facet normal 0 0 -1
    outer loop
      vertex -29.6421 0.439992 1.90735e-07
      vertex -34.3579 0.439992 1.90735e-07
      vertex -29.5706 0.650561 1.90735e-07
    endloop
  endfacet
  facet normal 0 0 -1
    outer loop
      vertex -34.4294 0.650561 1.90735e-07
      vertex -29.5706 0.650561 1.90735e-07
      vertex -34.3579 0.439992 1.90735e-07
    endloop
  endfacet
  facet normal 0 0 -1
    outer loop
      vertex -29.5706 0.650561 1.90735e-07
      vertex -34.4294 0.650561 1.90735e-07
      vertex -29.4722 0.849999 1.90735e-07
    endloop
  endfacet
  facet normal 0 0 -1
    outer loop
      vertex -34.5278 0.849999 1.90735e-07
      vertex -29.4722 0.849999 1.90735e-07
      vertex -34.4294 0.650561 1.90735e-07
    endloop
  endfacet
  facet normal 0 0 -1
    outer loop
      vertex -29.4722 0.849999 1.90735e-07
      vertex -34.5278 0.849999 1.90735e-07
      vertex -29.3487 1.03489 1.90735e-07
    endloop
  endfacet
  facet normal 0 0 -1
    outer loop
      vertex -34.6513 1.03489 1.90735e-07
      vertex -29.3487 1.03489 1.90735e-07
      vertex -34.5278 0.849999 1.90735e-07
    endloop
  endfacet
  facet normal 0 0 -1
    outer loop
      vertex -29.3487 1.03489 1.90735e-07
      vertex -34.6513 1.03489 1.90735e-07
      vertex -29.2021 1.20208 1.90735e-07
    endloop
  endfacet
  facet normal 0 0 -1
    outer loop
      vertex -34.7979 1.20208 1.90735e-07
      vertex -29.2021 1.20208 1.90735e-07
      vertex -34.6513 1.03489 1.90735e-07
    endloop
  endfacet
  facet normal 0 0 -1
    outer loop
      vertex -29.2021 1.20208 1.90735e-07
      vertex -34.7979 1.20208 1.90735e-07
      vertex -29.0349 1.3487 1.90735e-07
    endloop
  endfacet
  facet normal 0 0 -1
    outer loop
      vertex -34.9651 1.3487 1.90735e-07
      vertex -29.0349 1.3487 1.90735e-07
      vertex -34.7979 1.20208 1.90735e-07
    endloop
  endfacet
  facet normal 0 0 -1
    outer loop
      vertex -29.0349 1.3487 1.90735e-07
      vertex -34.9651 1.3487 1.90735e-07
      vertex -28.85 1.47224 1.90735e-07
    endloop
  endfacet
  facet normal 0 0 -1
    outer loop
      vertex -35.15 1.47224 1.90735e-07
      vertex -28.85 1.47224 1.90735e-07
      vertex -34.9651 1.3487 1.90735e-07
    endloop
  endfacet
  facet normal 0 0 -1
    outer loop
      vertex -28.85 1.47224 1.90735e-07
      vertex -35.15 1.47224 1.90735e-07
      vertex -28.6506 1.57059 1.90735e-07
    endloop
  endfacet
  facet normal 0 0 -1
    outer loop
      vertex -35.3494 1.57059 1.90735e-07
      vertex -28.6506 1.57059 1.90735e-07
      vertex -35.15 1.47224 1.90735e-07
    endloop
  endfacet
  facet normal 0 0 -1
    outer loop
      vertex -28.6506 1.57059 1.90735e-07
      vertex -35.3494 1.57059 1.90735e-07
      vertex -28.44 1.64207 1.90735e-07
    endloop
  endfacet
  facet normal 0 0 -1
    outer loop
      vertex -35.56 1.64207 1.90735e-07
      vertex -28.44 1.64207 1.90735e-07
      vertex -35.3494 1.57059 1.90735e-07
    endloop
  endfacet
  facet normal 0 0 -1
    outer loop
      vertex -28.44 1.64207 1.90735e-07
      vertex -35.56 1.64207 1.90735e-07
      vertex -28.2219 1.68546 1.90735e-07
    endloop
  endfacet
  facet normal 0 0 -1
    outer loop
      vertex -35.7781 1.68546 1.90735e-07
      vertex -28.2219 1.68546 1.90735e-07
      vertex -35.56 1.64207 1.90735e-07
    endloop
  endfacet
  facet normal 0 0 -1
    outer loop
      vertex -28.2219 1.68546 1.90735e-07
      vertex -35.7781 1.68546 1.90735e-07
      vertex -28 1.7 1.90735e-07
    endloop
  endfacet
  facet normal 0 0 -1
    outer loop
      vertex -36 1.7 1.90735e-07
      vertex -28 1.7 1.90735e-07
      vertex -35.7781 1.68546 1.90735e-07
    endloop
  endfacet
  facet normal 0 0 -1
    outer loop
      vertex -53 3 1.90735e-07
      vertex -28 1.7 1.90735e-07
      vertex -36 1.7 1.90735e-07
    endloop
  endfacet
  facet normal 0 0 -1
    outer loop
      vertex -46.3 0 1.90735e-07
      vertex -37.6855 0.221894 1.90735e-07
      vertex -37.7 0 1.90735e-07
    endloop
  endfacet
  facet normal 0 0 -1
    outer loop
      vertex -46.3145 0.221894 1.90735e-07
      vertex -37.6855 0.221894 1.90735e-07
      vertex -46.3 0 1.90735e-07
    endloop
  endfacet
  facet normal 0 0 -1
    outer loop
      vertex -37.6855 0.221894 1.90735e-07
      vertex -46.3145 0.221894 1.90735e-07
      vertex -37.6421 0.439992 1.90735e-07
    endloop
  endfacet
  facet normal 0 0 -1
    outer loop
      vertex -46.3579 0.439992 1.90735e-07
      vertex -37.6421 0.439992 1.90735e-07
      vertex -46.3145 0.221894 1.90735e-07
    endloop
  endfacet
  facet normal 0 0 -1
    outer loop
      vertex -37.6421 0.439992 1.90735e-07
      vertex -46.3579 0.439992 1.90735e-07
      vertex -37.5706 0.650561 1.90735e-07
    endloop
  endfacet
  facet normal 0 0 -1
    outer loop
      vertex -46.4294 0.650561 1.90735e-07
      vertex -37.5706 0.650561 1.90735e-07
      vertex -46.3579 0.439992 1.90735e-07
    endloop
  endfacet
  facet normal 0 0 -1
    outer loop
      vertex -37.5706 0.650561 1.90735e-07
      vertex -46.4294 0.650561 1.90735e-07
      vertex -37.4722 0.849999 1.90735e-07
    endloop
  endfacet
  facet normal 0 0 -1
    outer loop
      vertex -46.5278 0.849999 1.90735e-07
      vertex -37.4722 0.849999 1.90735e-07
      vertex -46.4294 0.650561 1.90735e-07
    endloop
  endfacet
  facet normal 0 0 -1
    outer loop
      vertex -37.4722 0.849999 1.90735e-07
      vertex -46.5278 0.849999 1.90735e-07
      vertex -37.3487 1.03489 1.90735e-07
    endloop
  endfacet
  facet normal 0 0 -1
    outer loop
      vertex -46.6513 1.03489 1.90735e-07
      vertex -37.3487 1.03489 1.90735e-07
      vertex -46.5278 0.849999 1.90735e-07
    endloop
  endfacet
  facet normal 0 0 -1
    outer loop
      vertex -37.3487 1.03489 1.90735e-07
      vertex -46.6513 1.03489 1.90735e-07
      vertex -37.2021 1.20208 1.90735e-07
    endloop
  endfacet
  facet normal 0 0 -1
    outer loop
      vertex -46.7979 1.20208 1.90735e-07
      vertex -37.2021 1.20208 1.90735e-07
      vertex -46.6513 1.03489 1.90735e-07
    endloop
  endfacet
  facet normal 0 0 -1
    outer loop
      vertex -37.2021 1.20208 1.90735e-07
      vertex -46.7979 1.20208 1.90735e-07
      vertex -37.0349 1.3487 1.90735e-07
    endloop
  endfacet
  facet normal 0 0 -1
    outer loop
      vertex -46.9651 1.3487 1.90735e-07
      vertex -37.0349 1.3487 1.90735e-07
      vertex -46.7979 1.20208 1.90735e-07
    endloop
  endfacet
  facet normal 0 0 -1
    outer loop
      vertex -37.0349 1.3487 1.90735e-07
      vertex -46.9651 1.3487 1.90735e-07
      vertex -36.85 1.47224 1.90735e-07
    endloop
  endfacet
  facet normal 0 0 -1
    outer loop
      vertex -47.15 1.47224 1.90735e-07
      vertex -36.85 1.47224 1.90735e-07
      vertex -46.9651 1.3487 1.90735e-07
    endloop
  endfacet
  facet normal 0 0 -1
    outer loop
      vertex -36.85 1.47224 1.90735e-07
      vertex -47.15 1.47224 1.90735e-07
      vertex -36.6506 1.57059 1.90735e-07
    endloop
  endfacet
  facet normal 0 0 -1
    outer loop
      vertex -47.3494 1.57059 1.90735e-07
      vertex -36.6506 1.57059 1.90735e-07
      vertex -47.15 1.47224 1.90735e-07
    endloop
  endfacet
  facet normal 0 0 -1
    outer loop
      vertex -36.6506 1.57059 1.90735e-07
      vertex -47.3494 1.57059 1.90735e-07
      vertex -36.44 1.64207 1.90735e-07
    endloop
  endfacet
  facet normal 0 0 -1
    outer loop
      vertex -47.56 1.64207 1.90735e-07
      vertex -36.44 1.64207 1.90735e-07
      vertex -47.3494 1.57059 1.90735e-07
    endloop
  endfacet
  facet normal 0 0 -1
    outer loop
      vertex -36.44 1.64207 1.90735e-07
      vertex -47.56 1.64207 1.90735e-07
      vertex -36.2219 1.68546 1.90735e-07
    endloop
  endfacet
  facet normal 0 0 -1
    outer loop
      vertex -47.7781 1.68546 1.90735e-07
      vertex -36.2219 1.68546 1.90735e-07
      vertex -47.56 1.64207 1.90735e-07
    endloop
  endfacet
  facet normal 0 0 -1
    outer loop
      vertex -53 3 1.90735e-07
      vertex -36.2219 1.68546 1.90735e-07
      vertex -47.7781 1.68546 1.90735e-07
    endloop
  endfacet
  facet normal 0 0 -1
    outer loop
      vertex -36.2219 1.68546 1.90735e-07
      vertex -53 3 1.90735e-07
      vertex -36 1.7 1.90735e-07
    endloop
  endfacet
  facet normal 0 0 -1
    outer loop
      vertex -53 3 1.90735e-07
      vertex -47.7781 1.68546 1.90735e-07
      vertex -48 1.7 1.90735e-07
    endloop
  endfacet
  facet normal 0 0 -1
    outer loop
      vertex -53 3 1.90735e-07
      vertex -49.7 0 1.90735e-07
      vertex -53 -3 1.90735e-07
    endloop
  endfacet
  facet normal 0 0 -1
    outer loop
      vertex -49.7 0 1.90735e-07
      vertex -53 3 1.90735e-07
      vertex -49.6855 0.221894 1.90735e-07
    endloop
  endfacet
  facet normal 0 0 -1
    outer loop
      vertex -49.6855 0.221894 1.90735e-07
      vertex -53 3 1.90735e-07
      vertex -49.6421 0.439992 1.90735e-07
    endloop
  endfacet
  facet normal 0 0 -1
    outer loop
      vertex -49.6421 0.439992 1.90735e-07
      vertex -53 3 1.90735e-07
      vertex -49.5706 0.650561 1.90735e-07
    endloop
  endfacet
  facet normal 0 0 -1
    outer loop
      vertex -49.5706 0.650561 1.90735e-07
      vertex -53 3 1.90735e-07
      vertex -49.4722 0.849999 1.90735e-07
    endloop
  endfacet
  facet normal 0 0 -1
    outer loop
      vertex -49.4722 0.849999 1.90735e-07
      vertex -53 3 1.90735e-07
      vertex -49.3487 1.03489 1.90735e-07
    endloop
  endfacet
  facet normal 0 0 -1
    outer loop
      vertex -28 1.7 1.90735e-07
      vertex -53 3 1.90735e-07
      vertex -7.93878 3 1.90735e-07
    endloop
  endfacet
  facet normal 0 0 -1
    outer loop
      vertex -48.2219 1.68546 1.90735e-07
      vertex -53 3 1.90735e-07
      vertex -48 1.7 1.90735e-07
    endloop
  endfacet
  facet normal 0 0 -1
    outer loop
      vertex -48.44 1.64207 1.90735e-07
      vertex -53 3 1.90735e-07
      vertex -48.2219 1.68546 1.90735e-07
    endloop
  endfacet
  facet normal 0 0 -1
    outer loop
      vertex -48.6506 1.57059 1.90735e-07
      vertex -53 3 1.90735e-07
      vertex -48.44 1.64207 1.90735e-07
    endloop
  endfacet
  facet normal 0 0 -1
    outer loop
      vertex -48.85 1.47224 1.90735e-07
      vertex -53 3 1.90735e-07
      vertex -48.6506 1.57059 1.90735e-07
    endloop
  endfacet
  facet normal 0 0 -1
    outer loop
      vertex -49.0349 1.3487 1.90735e-07
      vertex -53 3 1.90735e-07
      vertex -48.85 1.47224 1.90735e-07
    endloop
  endfacet
  facet normal 0 0 -1
    outer loop
      vertex -49.2021 1.20208 1.90735e-07
      vertex -53 3 1.90735e-07
      vertex -49.0349 1.3487 1.90735e-07
    endloop
  endfacet
  facet normal 0 0 -1
    outer loop
      vertex -49.3487 1.03489 1.90735e-07
      vertex -53 3 1.90735e-07
      vertex -49.2021 1.20208 1.90735e-07
    endloop
  endfacet
  facet normal 0 0 -1
    outer loop
      vertex 1.6 0 1.90735e-07
      vertex 8.5 0 1.90735e-07
      vertex 8.42728 -1.10947 1.90735e-07
    endloop
  endfacet
  facet normal 0 0 -1
    outer loop
      vertex 1.58631 -0.208841 1.90735e-07
      vertex 8.42728 -1.10947 1.90735e-07
      vertex 8.21036 -2.19995 1.90735e-07
    endloop
  endfacet
  facet normal 0 0 -1
    outer loop
      vertex 8.5 0 1.90735e-07
      vertex 1.6 0 1.90735e-07
      vertex 8.42728 1.10947 1.90735e-07
    endloop
  endfacet
  facet normal 0 0 -1
    outer loop
      vertex 1.54548 -0.41411 1.90735e-07
      vertex 8.21036 -2.19995 1.90735e-07
      vertex 7.85297 -3.25281 1.90735e-07
    endloop
  endfacet
  facet normal 0 0 -1
    outer loop
      vertex 1.58631 0.208841 1.90735e-07
      vertex 8.42728 1.10947 1.90735e-07
      vertex 1.6 0 1.90735e-07
    endloop
  endfacet
  facet normal 0 0 -1
    outer loop
      vertex 1.47821 -0.612293 1.90735e-07
      vertex 7.85297 -3.25281 1.90735e-07
      vertex 7.36121 -4.25 1.90735e-07
    endloop
  endfacet
  facet normal -0 0 -1
    outer loop
      vertex 8.42728 1.10947 1.90735e-07
      vertex 1.58631 0.208841 1.90735e-07
      vertex 8.21036 2.19995 1.90735e-07
    endloop
  endfacet
  facet normal 0 0 -1
    outer loop
      vertex 1.38564 -0.799999 1.90735e-07
      vertex 7.36121 -4.25 1.90735e-07
      vertex 6.7435 -5.17447 1.90735e-07
    endloop
  endfacet
  facet normal 0 0 -1
    outer loop
      vertex 1.54548 0.41411 1.90735e-07
      vertex 8.21036 2.19995 1.90735e-07
      vertex 1.58631 0.208841 1.90735e-07
    endloop
  endfacet
  facet normal 0 0 -1
    outer loop
      vertex 1.26937 -0.974018 1.90735e-07
      vertex 6.7435 -5.17447 1.90735e-07
      vertex 6.01041 -6.01041 1.90735e-07
    endloop
  endfacet
  facet normal -0 0 -1
    outer loop
      vertex 8.21036 2.19995 1.90735e-07
      vertex 1.54548 0.41411 1.90735e-07
      vertex 7.85297 3.25281 1.90735e-07
    endloop
  endfacet
  facet normal 0 0 -1
    outer loop
      vertex 1.13137 -1.13137 1.90735e-07
      vertex 6.01041 -6.01041 1.90735e-07
      vertex 5.17447 -6.7435 1.90735e-07
    endloop
  endfacet
  facet normal 0 0 -1
    outer loop
      vertex 1.47821 0.612293 1.90735e-07
      vertex 7.85297 3.25281 1.90735e-07
      vertex 1.54548 0.41411 1.90735e-07
    endloop
  endfacet
  facet normal 0 0 -1
    outer loop
      vertex 0.974018 -1.26937 1.90735e-07
      vertex 5.17447 -6.7435 1.90735e-07
      vertex 4.25 -7.36121 1.90735e-07
    endloop
  endfacet
  facet normal -0 0 -1
    outer loop
      vertex 7.85297 3.25281 1.90735e-07
      vertex 1.47821 0.612293 1.90735e-07
      vertex 7.36121 4.25 1.90735e-07
    endloop
  endfacet
  facet normal 0 0 -1
    outer loop
      vertex 0.799999 -1.38564 1.90735e-07
      vertex 4.25 -7.36121 1.90735e-07
      vertex 3.25281 -7.85297 1.90735e-07
    endloop
  endfacet
  facet normal 0 0 -1
    outer loop
      vertex 1.38564 0.799999 1.90735e-07
      vertex 7.36121 4.25 1.90735e-07
      vertex 1.47821 0.612293 1.90735e-07
    endloop
  endfacet
  facet normal 0 0 -1
    outer loop
      vertex 0.612293 -1.47821 1.90735e-07
      vertex 3.25281 -7.85297 1.90735e-07
      vertex 2.19995 -8.21036 1.90735e-07
    endloop
  endfacet
  facet normal -0 0 -1
    outer loop
      vertex 7.36121 4.25 1.90735e-07
      vertex 1.38564 0.799999 1.90735e-07
      vertex 6.7435 5.17447 1.90735e-07
    endloop
  endfacet
  facet normal 0 0 -1
    outer loop
      vertex 1.26937 0.974018 1.90735e-07
      vertex 6.7435 5.17447 1.90735e-07
      vertex 1.38564 0.799999 1.90735e-07
    endloop
  endfacet
  facet normal 0 0 -1
    outer loop
      vertex 8.42728 -1.10947 1.90735e-07
      vertex 1.58631 -0.208841 1.90735e-07
      vertex 1.6 0 1.90735e-07
    endloop
  endfacet
  facet normal 0 0 -1
    outer loop
      vertex 8.21036 -2.19995 1.90735e-07
      vertex 1.54548 -0.41411 1.90735e-07
      vertex 1.58631 -0.208841 1.90735e-07
    endloop
  endfacet
  facet normal 0 0 -1
    outer loop
      vertex 7.85297 -3.25281 1.90735e-07
      vertex 1.47821 -0.612293 1.90735e-07
      vertex 1.54548 -0.41411 1.90735e-07
    endloop
  endfacet
  facet normal 0 0 -1
    outer loop
      vertex 7.36121 -4.25 1.90735e-07
      vertex 1.38564 -0.799999 1.90735e-07
      vertex 1.47821 -0.612293 1.90735e-07
    endloop
  endfacet
  facet normal 0 0 -1
    outer loop
      vertex 6.7435 -5.17447 1.90735e-07
      vertex 1.26937 -0.974018 1.90735e-07
      vertex 1.38564 -0.799999 1.90735e-07
    endloop
  endfacet
  facet normal 0 0 -1
    outer loop
      vertex 6.01041 -6.01041 1.90735e-07
      vertex 1.13137 -1.13137 1.90735e-07
      vertex 1.26937 -0.974018 1.90735e-07
    endloop
  endfacet
  facet normal 0 0 -1
    outer loop
      vertex 0.41411 -1.54548 1.90735e-07
      vertex 2.19995 -8.21036 1.90735e-07
      vertex 1.10947 -8.42728 1.90735e-07
    endloop
  endfacet
  facet normal 0 0 -1
    outer loop
      vertex 5.17447 -6.7435 1.90735e-07
      vertex 0.974018 -1.26937 1.90735e-07
      vertex 1.13137 -1.13137 1.90735e-07
    endloop
  endfacet
  facet normal 0 0 -1
    outer loop
      vertex 4.25 -7.36121 1.90735e-07
      vertex 0.799999 -1.38564 1.90735e-07
      vertex 0.974018 -1.26937 1.90735e-07
    endloop
  endfacet
  facet normal 0 0 -1
    outer loop
      vertex 3.25281 -7.85297 1.90735e-07
      vertex 0.612293 -1.47821 1.90735e-07
      vertex 0.799999 -1.38564 1.90735e-07
    endloop
  endfacet
  facet normal 0 0 -1
    outer loop
      vertex 2.19995 -8.21036 1.90735e-07
      vertex 0.41411 -1.54548 1.90735e-07
      vertex 0.612293 -1.47821 1.90735e-07
    endloop
  endfacet
  facet normal 0 0 -1
    outer loop
      vertex 1.10947 -8.42728 1.90735e-07
      vertex 0.208841 -1.58631 1.90735e-07
      vertex 0.41411 -1.54548 1.90735e-07
    endloop
  endfacet
  facet normal 0 0 -1
    outer loop
      vertex 0 -8.5 1.90735e-07
      vertex 0.208841 -1.58631 1.90735e-07
      vertex 1.10947 -8.42728 1.90735e-07
    endloop
  endfacet
  facet normal 0 0 -1
    outer loop
      vertex 0 -8.5 1.90735e-07
      vertex 0 -1.6 1.90735e-07
      vertex 0.208841 -1.58631 1.90735e-07
    endloop
  endfacet
  facet normal 0 0 -1
    outer loop
      vertex 0 -8.5 1.90735e-07
      vertex -0.208841 -1.58631 1.90735e-07
      vertex 0 -1.6 1.90735e-07
    endloop
  endfacet
  facet normal 0 0 -1
    outer loop
      vertex -1.10947 -8.42728 1.90735e-07
      vertex -0.208841 -1.58631 1.90735e-07
      vertex 0 -8.5 1.90735e-07
    endloop
  endfacet
  facet normal -0 0 -1
    outer loop
      vertex -0.208841 -1.58631 1.90735e-07
      vertex -1.10947 -8.42728 1.90735e-07
      vertex -0.41411 -1.54548 1.90735e-07
    endloop
  endfacet
  facet normal 0 0 -1
    outer loop
      vertex -2.19995 -8.21036 1.90735e-07
      vertex -0.41411 -1.54548 1.90735e-07
      vertex -1.10947 -8.42728 1.90735e-07
    endloop
  endfacet
  facet normal -0 0 -1
    outer loop
      vertex -0.41411 -1.54548 1.90735e-07
      vertex -2.19995 -8.21036 1.90735e-07
      vertex -0.612293 -1.47821 1.90735e-07
    endloop
  endfacet
  facet normal 0 0 -1
    outer loop
      vertex -3.25281 -7.85297 1.90735e-07
      vertex -0.612293 -1.47821 1.90735e-07
      vertex -2.19995 -8.21036 1.90735e-07
    endloop
  endfacet
  facet normal -0 0 -1
    outer loop
      vertex -0.612293 -1.47821 1.90735e-07
      vertex -3.25281 -7.85297 1.90735e-07
      vertex -0.799999 -1.38564 1.90735e-07
    endloop
  endfacet
  facet normal 0 0 -1
    outer loop
      vertex -4.25 -7.36121 1.90735e-07
      vertex -0.799999 -1.38564 1.90735e-07
      vertex -3.25281 -7.85297 1.90735e-07
    endloop
  endfacet
  facet normal -0 0 -1
    outer loop
      vertex -0.799999 -1.38564 1.90735e-07
      vertex -4.25 -7.36121 1.90735e-07
      vertex -0.974018 -1.26937 1.90735e-07
    endloop
  endfacet
  facet normal 0 0 -1
    outer loop
      vertex -5.17447 -6.7435 1.90735e-07
      vertex -0.974018 -1.26937 1.90735e-07
      vertex -4.25 -7.36121 1.90735e-07
    endloop
  endfacet
  facet normal -0 0 -1
    outer loop
      vertex -0.974018 -1.26937 1.90735e-07
      vertex -5.17447 -6.7435 1.90735e-07
      vertex -1.13137 -1.13137 1.90735e-07
    endloop
  endfacet
  facet normal 0 0 -1
    outer loop
      vertex -6.01041 -6.01041 1.90735e-07
      vertex -1.13137 -1.13137 1.90735e-07
      vertex -5.17447 -6.7435 1.90735e-07
    endloop
  endfacet
  facet normal -0 0 -1
    outer loop
      vertex -1.13137 -1.13137 1.90735e-07
      vertex -6.01041 -6.01041 1.90735e-07
      vertex -1.26937 -0.974018 1.90735e-07
    endloop
  endfacet
  facet normal 0 0 -1
    outer loop
      vertex -6.7435 -5.17447 1.90735e-07
      vertex -1.26937 -0.974018 1.90735e-07
      vertex -6.01041 -6.01041 1.90735e-07
    endloop
  endfacet
  facet normal -0 0 -1
    outer loop
      vertex 6.7435 5.17447 1.90735e-07
      vertex 1.26937 0.974018 1.90735e-07
      vertex 6.01041 6.01041 1.90735e-07
    endloop
  endfacet
  facet normal 0 0 -1
    outer loop
      vertex 1.13137 1.13137 1.90735e-07
      vertex 6.01041 6.01041 1.90735e-07
      vertex 1.26937 0.974018 1.90735e-07
    endloop
  endfacet
  facet normal -0 0 -1
    outer loop
      vertex 6.01041 6.01041 1.90735e-07
      vertex 1.13137 1.13137 1.90735e-07
      vertex 5.17447 6.7435 1.90735e-07
    endloop
  endfacet
  facet normal 0 0 -1
    outer loop
      vertex 0.974018 1.26937 1.90735e-07
      vertex 5.17447 6.7435 1.90735e-07
      vertex 1.13137 1.13137 1.90735e-07
    endloop
  endfacet
  facet normal -0 0 -1
    outer loop
      vertex 5.17447 6.7435 1.90735e-07
      vertex 0.974018 1.26937 1.90735e-07
      vertex 4.25 7.36121 1.90735e-07
    endloop
  endfacet
  facet normal 0 0 -1
    outer loop
      vertex 0.799999 1.38564 1.90735e-07
      vertex 4.25 7.36121 1.90735e-07
      vertex 0.974018 1.26937 1.90735e-07
    endloop
  endfacet
  facet normal -0 0 -1
    outer loop
      vertex 4.25 7.36121 1.90735e-07
      vertex 0.799999 1.38564 1.90735e-07
      vertex 3.25281 7.85297 1.90735e-07
    endloop
  endfacet
  facet normal 0 0 -1
    outer loop
      vertex 0.612293 1.47821 1.90735e-07
      vertex 3.25281 7.85297 1.90735e-07
      vertex 0.799999 1.38564 1.90735e-07
    endloop
  endfacet
  facet normal -0 0 -1
    outer loop
      vertex 3.25281 7.85297 1.90735e-07
      vertex 0.612293 1.47821 1.90735e-07
      vertex 2.19995 8.21036 1.90735e-07
    endloop
  endfacet
  facet normal 0 0 -1
    outer loop
      vertex 0.41411 1.54548 1.90735e-07
      vertex 2.19995 8.21036 1.90735e-07
      vertex 0.612293 1.47821 1.90735e-07
    endloop
  endfacet
  facet normal -0 0 -1
    outer loop
      vertex 2.19995 8.21036 1.90735e-07
      vertex 0.41411 1.54548 1.90735e-07
      vertex 1.10947 8.42728 1.90735e-07
    endloop
  endfacet
  facet normal 0 0 -1
    outer loop
      vertex 0.208841 1.58631 1.90735e-07
      vertex 1.10947 8.42728 1.90735e-07
      vertex 0.41411 1.54548 1.90735e-07
    endloop
  endfacet
  facet normal 0 0 -1
    outer loop
      vertex 0 1.6 1.90735e-07
      vertex 1.10947 8.42728 1.90735e-07
      vertex 0.208841 1.58631 1.90735e-07
    endloop
  endfacet
  facet normal 0 0 -1
    outer loop
      vertex 0 1.6 1.90735e-07
      vertex 0 8.5 1.90735e-07
      vertex 1.10947 8.42728 1.90735e-07
    endloop
  endfacet
  facet normal 0 0 -1
    outer loop
      vertex -0.208841 1.58631 1.90735e-07
      vertex 0 8.5 1.90735e-07
      vertex 0 1.6 1.90735e-07
    endloop
  endfacet
  facet normal 0 0 -1
    outer loop
      vertex -1.10947 8.42728 1.90735e-07
      vertex -0.208841 1.58631 1.90735e-07
      vertex -0.41411 1.54548 1.90735e-07
    endloop
  endfacet
  facet normal 0 0 -1
    outer loop
      vertex -2.19995 8.21036 1.90735e-07
      vertex -0.41411 1.54548 1.90735e-07
      vertex -0.612293 1.47821 1.90735e-07
    endloop
  endfacet
  facet normal 0 0 -1
    outer loop
      vertex -3.25281 7.85297 1.90735e-07
      vertex -0.612293 1.47821 1.90735e-07
      vertex -0.799999 1.38564 1.90735e-07
    endloop
  endfacet
  facet normal 0 0 -1
    outer loop
      vertex -4.25 7.36121 1.90735e-07
      vertex -0.799999 1.38564 1.90735e-07
      vertex -0.974018 1.26937 1.90735e-07
    endloop
  endfacet
  facet normal 0 0 -1
    outer loop
      vertex -0.208841 1.58631 1.90735e-07
      vertex -1.10947 8.42728 1.90735e-07
      vertex 0 8.5 1.90735e-07
    endloop
  endfacet
  facet normal 0 0 -1
    outer loop
      vertex -5.17447 6.7435 1.90735e-07
      vertex -0.974018 1.26937 1.90735e-07
      vertex -1.13137 1.13137 1.90735e-07
    endloop
  endfacet
  facet normal 0 0 -1
    outer loop
      vertex -6.01041 6.01041 1.90735e-07
      vertex -1.13137 1.13137 1.90735e-07
      vertex -1.26937 0.974018 1.90735e-07
    endloop
  endfacet
  facet normal 0 0 -1
    outer loop
      vertex -6.7435 5.17447 1.90735e-07
      vertex -1.26937 0.974018 1.90735e-07
      vertex -1.38564 0.799999 1.90735e-07
    endloop
  endfacet
  facet normal 0 0 -1
    outer loop
      vertex -7.36121 4.25 1.90735e-07
      vertex -1.38564 0.799999 1.90735e-07
      vertex -1.47821 0.612293 1.90735e-07
    endloop
  endfacet
  facet normal 0 0 -1
    outer loop
      vertex -7.93878 3 1.90735e-07
      vertex -1.47821 0.612293 1.90735e-07
      vertex -1.54548 0.41411 1.90735e-07
    endloop
  endfacet
  facet normal 0 0 -1
    outer loop
      vertex -7.93878 3 1.90735e-07
      vertex -1.54548 0.41411 1.90735e-07
      vertex -1.58631 0.208841 1.90735e-07
    endloop
  endfacet
  facet normal 0 0 -1
    outer loop
      vertex -7.93878 3 1.90735e-07
      vertex -1.58631 0.208841 1.90735e-07
      vertex -1.6 0 1.90735e-07
    endloop
  endfacet
  facet normal -0 0 -1
    outer loop
      vertex -1.26937 -0.974018 1.90735e-07
      vertex -6.7435 -5.17447 1.90735e-07
      vertex -1.38564 -0.799999 1.90735e-07
    endloop
  endfacet
  facet normal 0 0 -1
    outer loop
      vertex -0.41411 1.54548 1.90735e-07
      vertex -2.19995 8.21036 1.90735e-07
      vertex -1.10947 8.42728 1.90735e-07
    endloop
  endfacet
  facet normal 0 0 -1
    outer loop
      vertex -7.36121 -4.25 1.90735e-07
      vertex -1.38564 -0.799999 1.90735e-07
      vertex -6.7435 -5.17447 1.90735e-07
    endloop
  endfacet
  facet normal 0 0 -1
    outer loop
      vertex -0.612293 1.47821 1.90735e-07
      vertex -3.25281 7.85297 1.90735e-07
      vertex -2.19995 8.21036 1.90735e-07
    endloop
  endfacet
  facet normal -0 0 -1
    outer loop
      vertex -1.38564 -0.799999 1.90735e-07
      vertex -7.36121 -4.25 1.90735e-07
      vertex -1.47821 -0.612293 1.90735e-07
    endloop
  endfacet
  facet normal 0 0 -1
    outer loop
      vertex -0.799999 1.38564 1.90735e-07
      vertex -4.25 7.36121 1.90735e-07
      vertex -3.25281 7.85297 1.90735e-07
    endloop
  endfacet
  facet normal 0 0 -1
    outer loop
      vertex -7.85297 -3.25281 1.90735e-07
      vertex -1.47821 -0.612293 1.90735e-07
      vertex -7.36121 -4.25 1.90735e-07
    endloop
  endfacet
  facet normal 0 0 -1
    outer loop
      vertex -0.974018 1.26937 1.90735e-07
      vertex -5.17447 6.7435 1.90735e-07
      vertex -4.25 7.36121 1.90735e-07
    endloop
  endfacet
  facet normal 0 0 -1
    outer loop
      vertex -7.93878 -3 1.90735e-07
      vertex -1.47821 -0.612293 1.90735e-07
      vertex -7.85297 -3.25281 1.90735e-07
    endloop
  endfacet
  facet normal 0 0 -1
    outer loop
      vertex -1.13137 1.13137 1.90735e-07
      vertex -6.01041 6.01041 1.90735e-07
      vertex -5.17447 6.7435 1.90735e-07
    endloop
  endfacet
  facet normal -0 0 -1
    outer loop
      vertex -1.47821 -0.612293 1.90735e-07
      vertex -7.93878 -3 1.90735e-07
      vertex -1.54548 -0.41411 1.90735e-07
    endloop
  endfacet
  facet normal 0 0 -1
    outer loop
      vertex -1.26937 0.974018 1.90735e-07
      vertex -6.7435 5.17447 1.90735e-07
      vertex -6.01041 6.01041 1.90735e-07
    endloop
  endfacet
  facet normal -0 0 -1
    outer loop
      vertex -1.54548 -0.41411 1.90735e-07
      vertex -7.93878 -3 1.90735e-07
      vertex -1.58631 -0.208841 1.90735e-07
    endloop
  endfacet
  facet normal 0 0 -1
    outer loop
      vertex -7.93878 3 1.90735e-07
      vertex -1.6 0 1.90735e-07
      vertex -7.93878 -3 1.90735e-07
    endloop
  endfacet
  facet normal -0 0 -1
    outer loop
      vertex -1.58631 -0.208841 1.90735e-07
      vertex -7.93878 -3 1.90735e-07
      vertex -1.6 0 1.90735e-07
    endloop
  endfacet
  facet normal 0 0 -1
    outer loop
      vertex -1.47821 0.612293 1.90735e-07
      vertex -7.93878 3 1.90735e-07
      vertex -7.85297 3.25281 1.90735e-07
    endloop
  endfacet
  facet normal 0 0 -1
    outer loop
      vertex -1.38564 0.799999 1.90735e-07
      vertex -7.36121 4.25 1.90735e-07
      vertex -6.7435 5.17447 1.90735e-07
    endloop
  endfacet
  facet normal 0 0 -1
    outer loop
      vertex -1.47821 0.612293 1.90735e-07
      vertex -7.85297 3.25281 1.90735e-07
      vertex -7.36121 4.25 1.90735e-07
    endloop
  endfacet
  facet normal 0 0 -1
    outer loop
      vertex -7.93878 -3 1.90735e-07
      vertex -18.3 0 1.90735e-07
      vertex -7.93878 3 1.90735e-07
    endloop
  endfacet
  facet normal 0 0 -1
    outer loop
      vertex -7.93878 -3 1.90735e-07
      vertex -18.3145 -0.221894 1.90735e-07
      vertex -18.3 0 1.90735e-07
    endloop
  endfacet
  facet normal 0 0 -1
    outer loop
      vertex -7.93878 -3 1.90735e-07
      vertex -18.3579 -0.439992 1.90735e-07
      vertex -18.3145 -0.221894 1.90735e-07
    endloop
  endfacet
  facet normal 0 0 -1
    outer loop
      vertex -7.93878 -3 1.90735e-07
      vertex -18.4294 -0.650561 1.90735e-07
      vertex -18.3579 -0.439992 1.90735e-07
    endloop
  endfacet
  facet normal 0 0 -1
    outer loop
      vertex -7.93878 -3 1.90735e-07
      vertex -18.5278 -0.849999 1.90735e-07
      vertex -18.4294 -0.650561 1.90735e-07
    endloop
  endfacet
  facet normal 0 0 -1
    outer loop
      vertex -7.93878 -3 1.90735e-07
      vertex -18.6513 -1.03489 1.90735e-07
      vertex -18.5278 -0.849999 1.90735e-07
    endloop
  endfacet
  facet normal 0 0 -1
    outer loop
      vertex -7.93878 -3 1.90735e-07
      vertex -18.7979 -1.20208 1.90735e-07
      vertex -18.6513 -1.03489 1.90735e-07
    endloop
  endfacet
  facet normal 0 0 -1
    outer loop
      vertex -7.93878 -3 1.90735e-07
      vertex -18.9651 -1.3487 1.90735e-07
      vertex -18.7979 -1.20208 1.90735e-07
    endloop
  endfacet
  facet normal 0 0 -1
    outer loop
      vertex -7.93878 -3 1.90735e-07
      vertex -19.15 -1.47224 1.90735e-07
      vertex -18.9651 -1.3487 1.90735e-07
    endloop
  endfacet
  facet normal 0 0 -1
    outer loop
      vertex -7.93878 -3 1.90735e-07
      vertex -19.3494 -1.57059 1.90735e-07
      vertex -19.15 -1.47224 1.90735e-07
    endloop
  endfacet
  facet normal 0 0 -1
    outer loop
      vertex -7.93878 -3 1.90735e-07
      vertex -19.56 -1.64207 1.90735e-07
      vertex -19.3494 -1.57059 1.90735e-07
    endloop
  endfacet
  facet normal 0 0 -1
    outer loop
      vertex -7.93878 -3 1.90735e-07
      vertex -19.7781 -1.68546 1.90735e-07
      vertex -19.56 -1.64207 1.90735e-07
    endloop
  endfacet
  facet normal 0 0 -1
    outer loop
      vertex -7.93878 -3 1.90735e-07
      vertex -20 -1.7 1.90735e-07
      vertex -19.7781 -1.68546 1.90735e-07
    endloop
  endfacet
  facet normal 0 0 -1
    outer loop
      vertex -28 -1.7 1.90735e-07
      vertex -20 -1.7 1.90735e-07
      vertex -7.93878 -3 1.90735e-07
    endloop
  endfacet
  facet normal 0 0 -1
    outer loop
      vertex -21.6855 -0.221894 1.90735e-07
      vertex -26.3 0 1.90735e-07
      vertex -21.7 0 1.90735e-07
    endloop
  endfacet
  facet normal 0 0 -1
    outer loop
      vertex -26.3145 -0.221894 1.90735e-07
      vertex -21.6855 -0.221894 1.90735e-07
      vertex -21.6421 -0.439992 1.90735e-07
    endloop
  endfacet
  facet normal 0 0 -1
    outer loop
      vertex -26.3579 -0.439992 1.90735e-07
      vertex -21.6421 -0.439992 1.90735e-07
      vertex -21.5706 -0.650561 1.90735e-07
    endloop
  endfacet
  facet normal 0 0 -1
    outer loop
      vertex -26.4294 -0.650561 1.90735e-07
      vertex -21.5706 -0.650561 1.90735e-07
      vertex -21.4722 -0.849999 1.90735e-07
    endloop
  endfacet
  facet normal 0 0 -1
    outer loop
      vertex -26.5278 -0.849999 1.90735e-07
      vertex -21.4722 -0.849999 1.90735e-07
      vertex -21.3487 -1.03489 1.90735e-07
    endloop
  endfacet
  facet normal 0 0 -1
    outer loop
      vertex -26.6513 -1.03489 1.90735e-07
      vertex -21.3487 -1.03489 1.90735e-07
      vertex -21.2021 -1.20208 1.90735e-07
    endloop
  endfacet
  facet normal 0 0 -1
    outer loop
      vertex -26.7979 -1.20208 1.90735e-07
      vertex -21.2021 -1.20208 1.90735e-07
      vertex -21.0349 -1.3487 1.90735e-07
    endloop
  endfacet
  facet normal 0 0 -1
    outer loop
      vertex -26.9651 -1.3487 1.90735e-07
      vertex -21.0349 -1.3487 1.90735e-07
      vertex -20.85 -1.47224 1.90735e-07
    endloop
  endfacet
  facet normal 0 0 -1
    outer loop
      vertex -27.15 -1.47224 1.90735e-07
      vertex -20.85 -1.47224 1.90735e-07
      vertex -20.6506 -1.57059 1.90735e-07
    endloop
  endfacet
  facet normal 0 0 -1
    outer loop
      vertex -27.3494 -1.57059 1.90735e-07
      vertex -20.6506 -1.57059 1.90735e-07
      vertex -20.44 -1.64207 1.90735e-07
    endloop
  endfacet
  facet normal 0 0 -1
    outer loop
      vertex -21.6855 -0.221894 1.90735e-07
      vertex -26.3145 -0.221894 1.90735e-07
      vertex -26.3 0 1.90735e-07
    endloop
  endfacet
  facet normal 0 0 -1
    outer loop
      vertex -21.6421 -0.439992 1.90735e-07
      vertex -26.3579 -0.439992 1.90735e-07
      vertex -26.3145 -0.221894 1.90735e-07
    endloop
  endfacet
  facet normal 0 0 -1
    outer loop
      vertex -21.5706 -0.650561 1.90735e-07
      vertex -26.4294 -0.650561 1.90735e-07
      vertex -26.3579 -0.439992 1.90735e-07
    endloop
  endfacet
  facet normal 0 0 -1
    outer loop
      vertex -27.56 -1.64207 1.90735e-07
      vertex -20.44 -1.64207 1.90735e-07
      vertex -20.2219 -1.68546 1.90735e-07
    endloop
  endfacet
  facet normal 0 0 -1
    outer loop
      vertex -21.4722 -0.849999 1.90735e-07
      vertex -26.5278 -0.849999 1.90735e-07
      vertex -26.4294 -0.650561 1.90735e-07
    endloop
  endfacet
  facet normal 0 0 -1
    outer loop
      vertex -21.3487 -1.03489 1.90735e-07
      vertex -26.6513 -1.03489 1.90735e-07
      vertex -26.5278 -0.849999 1.90735e-07
    endloop
  endfacet
  facet normal 0 0 -1
    outer loop
      vertex -20 -1.7 1.90735e-07
      vertex -28 -1.7 1.90735e-07
      vertex -20.2219 -1.68546 1.90735e-07
    endloop
  endfacet
  facet normal 0 0 -1
    outer loop
      vertex -21.2021 -1.20208 1.90735e-07
      vertex -26.7979 -1.20208 1.90735e-07
      vertex -26.6513 -1.03489 1.90735e-07
    endloop
  endfacet
  facet normal 0 0 -1
    outer loop
      vertex -21.0349 -1.3487 1.90735e-07
      vertex -26.9651 -1.3487 1.90735e-07
      vertex -26.7979 -1.20208 1.90735e-07
    endloop
  endfacet
  facet normal 0 0 -1
    outer loop
      vertex -20.85 -1.47224 1.90735e-07
      vertex -27.15 -1.47224 1.90735e-07
      vertex -26.9651 -1.3487 1.90735e-07
    endloop
  endfacet
  facet normal 0 0 -1
    outer loop
      vertex -20.6506 -1.57059 1.90735e-07
      vertex -27.3494 -1.57059 1.90735e-07
      vertex -27.15 -1.47224 1.90735e-07
    endloop
  endfacet
  facet normal 0 0 -1
    outer loop
      vertex -20.44 -1.64207 1.90735e-07
      vertex -27.56 -1.64207 1.90735e-07
      vertex -27.3494 -1.57059 1.90735e-07
    endloop
  endfacet
  facet normal 0 0 -1
    outer loop
      vertex -20.2219 -1.68546 1.90735e-07
      vertex -27.7781 -1.68546 1.90735e-07
      vertex -27.56 -1.64207 1.90735e-07
    endloop
  endfacet
  facet normal -0 0 -1
    outer loop
      vertex -20.2219 -1.68546 1.90735e-07
      vertex -28 -1.7 1.90735e-07
      vertex -27.7781 -1.68546 1.90735e-07
    endloop
  endfacet
  facet normal 0 0 -1
    outer loop
      vertex -29.6855 -0.221894 1.90735e-07
      vertex -34.3 0 1.90735e-07
      vertex -29.7 0 1.90735e-07
    endloop
  endfacet
  facet normal 0 0 -1
    outer loop
      vertex -34.3145 -0.221894 1.90735e-07
      vertex -29.6855 -0.221894 1.90735e-07
      vertex -29.6421 -0.439992 1.90735e-07
    endloop
  endfacet
  facet normal 0 0 -1
    outer loop
      vertex -34.3579 -0.439992 1.90735e-07
      vertex -29.6421 -0.439992 1.90735e-07
      vertex -29.5706 -0.650561 1.90735e-07
    endloop
  endfacet
  facet normal 0 0 -1
    outer loop
      vertex -34.4294 -0.650561 1.90735e-07
      vertex -29.5706 -0.650561 1.90735e-07
      vertex -29.4722 -0.849999 1.90735e-07
    endloop
  endfacet
  facet normal 0 0 -1
    outer loop
      vertex -34.5278 -0.849999 1.90735e-07
      vertex -29.4722 -0.849999 1.90735e-07
      vertex -29.3487 -1.03489 1.90735e-07
    endloop
  endfacet
  facet normal 0 0 -1
    outer loop
      vertex -34.6513 -1.03489 1.90735e-07
      vertex -29.3487 -1.03489 1.90735e-07
      vertex -29.2021 -1.20208 1.90735e-07
    endloop
  endfacet
  facet normal 0 0 -1
    outer loop
      vertex -34.7979 -1.20208 1.90735e-07
      vertex -29.2021 -1.20208 1.90735e-07
      vertex -29.0349 -1.3487 1.90735e-07
    endloop
  endfacet
  facet normal 0 0 -1
    outer loop
      vertex -34.9651 -1.3487 1.90735e-07
      vertex -29.0349 -1.3487 1.90735e-07
      vertex -28.85 -1.47224 1.90735e-07
    endloop
  endfacet
  facet normal 0 0 -1
    outer loop
      vertex -35.15 -1.47224 1.90735e-07
      vertex -28.85 -1.47224 1.90735e-07
      vertex -28.6506 -1.57059 1.90735e-07
    endloop
  endfacet
  facet normal 0 0 -1
    outer loop
      vertex -35.3494 -1.57059 1.90735e-07
      vertex -28.6506 -1.57059 1.90735e-07
      vertex -28.44 -1.64207 1.90735e-07
    endloop
  endfacet
  facet normal 0 0 -1
    outer loop
      vertex -29.6855 -0.221894 1.90735e-07
      vertex -34.3145 -0.221894 1.90735e-07
      vertex -34.3 0 1.90735e-07
    endloop
  endfacet
  facet normal 0 0 -1
    outer loop
      vertex -29.6421 -0.439992 1.90735e-07
      vertex -34.3579 -0.439992 1.90735e-07
      vertex -34.3145 -0.221894 1.90735e-07
    endloop
  endfacet
  facet normal 0 0 -1
    outer loop
      vertex -29.5706 -0.650561 1.90735e-07
      vertex -34.4294 -0.650561 1.90735e-07
      vertex -34.3579 -0.439992 1.90735e-07
    endloop
  endfacet
  facet normal 0 0 -1
    outer loop
      vertex -35.56 -1.64207 1.90735e-07
      vertex -28.44 -1.64207 1.90735e-07
      vertex -28.2219 -1.68546 1.90735e-07
    endloop
  endfacet
  facet normal 0 0 -1
    outer loop
      vertex -29.4722 -0.849999 1.90735e-07
      vertex -34.5278 -0.849999 1.90735e-07
      vertex -34.4294 -0.650561 1.90735e-07
    endloop
  endfacet
  facet normal 0 0 -1
    outer loop
      vertex -29.3487 -1.03489 1.90735e-07
      vertex -34.6513 -1.03489 1.90735e-07
      vertex -34.5278 -0.849999 1.90735e-07
    endloop
  endfacet
  facet normal 0 0 -1
    outer loop
      vertex -29.2021 -1.20208 1.90735e-07
      vertex -34.7979 -1.20208 1.90735e-07
      vertex -34.6513 -1.03489 1.90735e-07
    endloop
  endfacet
  facet normal 0 0 -1
    outer loop
      vertex -29.0349 -1.3487 1.90735e-07
      vertex -34.9651 -1.3487 1.90735e-07
      vertex -34.7979 -1.20208 1.90735e-07
    endloop
  endfacet
  facet normal 0 0 -1
    outer loop
      vertex -35.7781 -1.68546 1.90735e-07
      vertex -28.2219 -1.68546 1.90735e-07
      vertex -28 -1.7 1.90735e-07
    endloop
  endfacet
  facet normal 0 0 -1
    outer loop
      vertex -53 -3 1.90735e-07
      vertex -28 -1.7 1.90735e-07
      vertex -7.93878 -3 1.90735e-07
    endloop
  endfacet
  facet normal 0 0 -1
    outer loop
      vertex -28.85 -1.47224 1.90735e-07
      vertex -35.15 -1.47224 1.90735e-07
      vertex -34.9651 -1.3487 1.90735e-07
    endloop
  endfacet
  facet normal 0 0 -1
    outer loop
      vertex -28.6506 -1.57059 1.90735e-07
      vertex -35.3494 -1.57059 1.90735e-07
      vertex -35.15 -1.47224 1.90735e-07
    endloop
  endfacet
  facet normal 0 0 -1
    outer loop
      vertex -28.44 -1.64207 1.90735e-07
      vertex -35.56 -1.64207 1.90735e-07
      vertex -35.3494 -1.57059 1.90735e-07
    endloop
  endfacet
  facet normal 0 0 -1
    outer loop
      vertex -28.2219 -1.68546 1.90735e-07
      vertex -35.7781 -1.68546 1.90735e-07
      vertex -35.56 -1.64207 1.90735e-07
    endloop
  endfacet
  facet normal 0 0 -1
    outer loop
      vertex -28 -1.7 1.90735e-07
      vertex -36 -1.7 1.90735e-07
      vertex -35.7781 -1.68546 1.90735e-07
    endloop
  endfacet
  facet normal 0 0 -1
    outer loop
      vertex -37.6855 -0.221894 1.90735e-07
      vertex -46.3 0 1.90735e-07
      vertex -37.7 0 1.90735e-07
    endloop
  endfacet
  facet normal 0 0 -1
    outer loop
      vertex -46.3145 -0.221894 1.90735e-07
      vertex -37.6855 -0.221894 1.90735e-07
      vertex -37.6421 -0.439992 1.90735e-07
    endloop
  endfacet
  facet normal 0 0 -1
    outer loop
      vertex -46.3579 -0.439992 1.90735e-07
      vertex -37.6421 -0.439992 1.90735e-07
      vertex -37.5706 -0.650561 1.90735e-07
    endloop
  endfacet
  facet normal 0 0 -1
    outer loop
      vertex -46.4294 -0.650561 1.90735e-07
      vertex -37.5706 -0.650561 1.90735e-07
      vertex -37.4722 -0.849999 1.90735e-07
    endloop
  endfacet
  facet normal 0 0 -1
    outer loop
      vertex -46.5278 -0.849999 1.90735e-07
      vertex -37.4722 -0.849999 1.90735e-07
      vertex -37.3487 -1.03489 1.90735e-07
    endloop
  endfacet
  facet normal 0 0 -1
    outer loop
      vertex -46.6513 -1.03489 1.90735e-07
      vertex -37.3487 -1.03489 1.90735e-07
      vertex -37.2021 -1.20208 1.90735e-07
    endloop
  endfacet
  facet normal 0 0 -1
    outer loop
      vertex -46.7979 -1.20208 1.90735e-07
      vertex -37.2021 -1.20208 1.90735e-07
      vertex -37.0349 -1.3487 1.90735e-07
    endloop
  endfacet
  facet normal 0 0 -1
    outer loop
      vertex -46.9651 -1.3487 1.90735e-07
      vertex -37.0349 -1.3487 1.90735e-07
      vertex -36.85 -1.47224 1.90735e-07
    endloop
  endfacet
  facet normal 0 0 -1
    outer loop
      vertex -47.15 -1.47224 1.90735e-07
      vertex -36.85 -1.47224 1.90735e-07
      vertex -36.6506 -1.57059 1.90735e-07
    endloop
  endfacet
  facet normal 0 0 -1
    outer loop
      vertex -47.3494 -1.57059 1.90735e-07
      vertex -36.6506 -1.57059 1.90735e-07
      vertex -36.44 -1.64207 1.90735e-07
    endloop
  endfacet
  facet normal 0 0 -1
    outer loop
      vertex -47.56 -1.64207 1.90735e-07
      vertex -36.44 -1.64207 1.90735e-07
      vertex -36.2219 -1.68546 1.90735e-07
    endloop
  endfacet
  facet normal 0 0 -1
    outer loop
      vertex -37.6855 -0.221894 1.90735e-07
      vertex -46.3145 -0.221894 1.90735e-07
      vertex -46.3 0 1.90735e-07
    endloop
  endfacet
  facet normal 0 0 -1
    outer loop
      vertex -37.6421 -0.439992 1.90735e-07
      vertex -46.3579 -0.439992 1.90735e-07
      vertex -46.3145 -0.221894 1.90735e-07
    endloop
  endfacet
  facet normal 0 0 -1
    outer loop
      vertex -37.5706 -0.650561 1.90735e-07
      vertex -46.4294 -0.650561 1.90735e-07
      vertex -46.3579 -0.439992 1.90735e-07
    endloop
  endfacet
  facet normal 0 0 -1
    outer loop
      vertex -37.4722 -0.849999 1.90735e-07
      vertex -46.5278 -0.849999 1.90735e-07
      vertex -46.4294 -0.650561 1.90735e-07
    endloop
  endfacet
  facet normal 0 0 -1
    outer loop
      vertex -37.3487 -1.03489 1.90735e-07
      vertex -46.6513 -1.03489 1.90735e-07
      vertex -46.5278 -0.849999 1.90735e-07
    endloop
  endfacet
  facet normal 0 0 -1
    outer loop
      vertex -53 -3 1.90735e-07
      vertex -36.2219 -1.68546 1.90735e-07
      vertex -36 -1.7 1.90735e-07
    endloop
  endfacet
  facet normal 0 0 -1
    outer loop
      vertex -37.2021 -1.20208 1.90735e-07
      vertex -46.7979 -1.20208 1.90735e-07
      vertex -46.6513 -1.03489 1.90735e-07
    endloop
  endfacet
  facet normal -0 0 -1
    outer loop
      vertex -28 -1.7 1.90735e-07
      vertex -53 -3 1.90735e-07
      vertex -36 -1.7 1.90735e-07
    endloop
  endfacet
  facet normal 0 0 -1
    outer loop
      vertex -37.0349 -1.3487 1.90735e-07
      vertex -46.9651 -1.3487 1.90735e-07
      vertex -46.7979 -1.20208 1.90735e-07
    endloop
  endfacet
  facet normal 0 0 -1
    outer loop
      vertex -36.85 -1.47224 1.90735e-07
      vertex -47.15 -1.47224 1.90735e-07
      vertex -46.9651 -1.3487 1.90735e-07
    endloop
  endfacet
  facet normal 0 0 -1
    outer loop
      vertex -36.6506 -1.57059 1.90735e-07
      vertex -47.3494 -1.57059 1.90735e-07
      vertex -47.15 -1.47224 1.90735e-07
    endloop
  endfacet
  facet normal 0 0 -1
    outer loop
      vertex -36.44 -1.64207 1.90735e-07
      vertex -47.56 -1.64207 1.90735e-07
      vertex -47.3494 -1.57059 1.90735e-07
    endloop
  endfacet
  facet normal -0 0 -1
    outer loop
      vertex -36.2219 -1.68546 1.90735e-07
      vertex -53 -3 1.90735e-07
      vertex -47.7781 -1.68546 1.90735e-07
    endloop
  endfacet
  facet normal 0 0 -1
    outer loop
      vertex -36.2219 -1.68546 1.90735e-07
      vertex -47.7781 -1.68546 1.90735e-07
      vertex -47.56 -1.64207 1.90735e-07
    endloop
  endfacet
  facet normal -0 0 -1
    outer loop
      vertex -49.6855 -0.221894 1.90735e-07
      vertex -53 -3 1.90735e-07
      vertex -49.7 0 1.90735e-07
    endloop
  endfacet
  facet normal -0 0 -1
    outer loop
      vertex -49.6421 -0.439992 1.90735e-07
      vertex -53 -3 1.90735e-07
      vertex -49.6855 -0.221894 1.90735e-07
    endloop
  endfacet
  facet normal -0 0 -1
    outer loop
      vertex -49.5706 -0.650561 1.90735e-07
      vertex -53 -3 1.90735e-07
      vertex -49.6421 -0.439992 1.90735e-07
    endloop
  endfacet
  facet normal -0 0 -1
    outer loop
      vertex -49.4722 -0.849999 1.90735e-07
      vertex -53 -3 1.90735e-07
      vertex -49.5706 -0.650561 1.90735e-07
    endloop
  endfacet
  facet normal -0 0 -1
    outer loop
      vertex -49.3487 -1.03489 1.90735e-07
      vertex -53 -3 1.90735e-07
      vertex -49.4722 -0.849999 1.90735e-07
    endloop
  endfacet
  facet normal -0 0 -1
    outer loop
      vertex -49.2021 -1.20208 1.90735e-07
      vertex -53 -3 1.90735e-07
      vertex -49.3487 -1.03489 1.90735e-07
    endloop
  endfacet
  facet normal -0 0 -1
    outer loop
      vertex -49.0349 -1.3487 1.90735e-07
      vertex -53 -3 1.90735e-07
      vertex -49.2021 -1.20208 1.90735e-07
    endloop
  endfacet
  facet normal -0 0 -1
    outer loop
      vertex -48.85 -1.47224 1.90735e-07
      vertex -53 -3 1.90735e-07
      vertex -49.0349 -1.3487 1.90735e-07
    endloop
  endfacet
  facet normal -0 0 -1
    outer loop
      vertex -48.6506 -1.57059 1.90735e-07
      vertex -53 -3 1.90735e-07
      vertex -48.85 -1.47224 1.90735e-07
    endloop
  endfacet
  facet normal -0 0 -1
    outer loop
      vertex -48.44 -1.64207 1.90735e-07
      vertex -53 -3 1.90735e-07
      vertex -48.6506 -1.57059 1.90735e-07
    endloop
  endfacet
  facet normal -0 0 -1
    outer loop
      vertex -48.2219 -1.68546 1.90735e-07
      vertex -53 -3 1.90735e-07
      vertex -48.44 -1.64207 1.90735e-07
    endloop
  endfacet
  facet normal -0 0 -1
    outer loop
      vertex -48 -1.7 1.90735e-07
      vertex -53 -3 1.90735e-07
      vertex -48.2219 -1.68546 1.90735e-07
    endloop
  endfacet
  facet normal 0 0 -1
    outer loop
      vertex -47.7781 -1.68546 1.90735e-07
      vertex -53 -3 1.90735e-07
      vertex -48 -1.7 1.90735e-07
    endloop
  endfacet
  facet normal -0 0 1
    outer loop
      vertex -18.3145 -0.221894 4
      vertex -7.93878 -3 4
      vertex -18.3 0 4
    endloop
  endfacet
  facet normal -0 0 1
    outer loop
      vertex -18.3579 -0.439992 4
      vertex -7.93878 -3 4
      vertex -18.3145 -0.221894 4
    endloop
  endfacet
  facet normal -0 0 1
    outer loop
      vertex -18.4294 -0.650561 4
      vertex -7.93878 -3 4
      vertex -18.3579 -0.439992 4
    endloop
  endfacet
  facet normal -0 0 1
    outer loop
      vertex -18.5278 -0.849999 4
      vertex -7.93878 -3 4
      vertex -18.4294 -0.650561 4
    endloop
  endfacet
  facet normal -0 0 1
    outer loop
      vertex -18.6513 -1.03489 4
      vertex -7.93878 -3 4
      vertex -18.5278 -0.849999 4
    endloop
  endfacet
  facet normal -0 0 1
    outer loop
      vertex -18.7979 -1.20208 4
      vertex -7.93878 -3 4
      vertex -18.6513 -1.03489 4
    endloop
  endfacet
  facet normal -0 0 1
    outer loop
      vertex -18.9651 -1.3487 4
      vertex -7.93878 -3 4
      vertex -18.7979 -1.20208 4
    endloop
  endfacet
  facet normal -0 0 1
    outer loop
      vertex -19.15 -1.47224 4
      vertex -7.93878 -3 4
      vertex -18.9651 -1.3487 4
    endloop
  endfacet
  facet normal -0 0 1
    outer loop
      vertex -19.3494 -1.57059 4
      vertex -7.93878 -3 4
      vertex -19.15 -1.47224 4
    endloop
  endfacet
  facet normal -0 0 1
    outer loop
      vertex -19.56 -1.64207 4
      vertex -7.93878 -3 4
      vertex -19.3494 -1.57059 4
    endloop
  endfacet
  facet normal -0 0 1
    outer loop
      vertex -19.7781 -1.68546 4
      vertex -7.93878 -3 4
      vertex -19.56 -1.64207 4
    endloop
  endfacet
  facet normal -0 0 1
    outer loop
      vertex -20 -1.7 4
      vertex -7.93878 -3 4
      vertex -19.7781 -1.68546 4
    endloop
  endfacet
  facet normal 0 0 1
    outer loop
      vertex -28 -1.7 4
      vertex -20 -1.7 4
      vertex -20.2219 -1.68546 4
    endloop
  endfacet
  facet normal -0 0 1
    outer loop
      vertex -26.3 0 4
      vertex -21.6855 -0.221894 4
      vertex -21.7 0 4
    endloop
  endfacet
  facet normal 0 0 1
    outer loop
      vertex -26.3145 -0.221894 4
      vertex -21.6855 -0.221894 4
      vertex -26.3 0 4
    endloop
  endfacet
  facet normal 0 0 1
    outer loop
      vertex -21.6855 -0.221894 4
      vertex -26.3145 -0.221894 4
      vertex -21.6421 -0.439992 4
    endloop
  endfacet
  facet normal 0 0 1
    outer loop
      vertex -26.3579 -0.439992 4
      vertex -21.6421 -0.439992 4
      vertex -26.3145 -0.221894 4
    endloop
  endfacet
  facet normal 0 0 1
    outer loop
      vertex -21.6421 -0.439992 4
      vertex -26.3579 -0.439992 4
      vertex -21.5706 -0.650561 4
    endloop
  endfacet
  facet normal 0 0 1
    outer loop
      vertex -26.4294 -0.650561 4
      vertex -21.5706 -0.650561 4
      vertex -26.3579 -0.439992 4
    endloop
  endfacet
  facet normal 0 0 1
    outer loop
      vertex -21.5706 -0.650561 4
      vertex -26.4294 -0.650561 4
      vertex -21.4722 -0.849999 4
    endloop
  endfacet
  facet normal 0 0 1
    outer loop
      vertex -26.5278 -0.849999 4
      vertex -21.4722 -0.849999 4
      vertex -26.4294 -0.650561 4
    endloop
  endfacet
  facet normal 0 0 1
    outer loop
      vertex -21.4722 -0.849999 4
      vertex -26.5278 -0.849999 4
      vertex -21.3487 -1.03489 4
    endloop
  endfacet
  facet normal 0 0 1
    outer loop
      vertex -26.6513 -1.03489 4
      vertex -21.3487 -1.03489 4
      vertex -26.5278 -0.849999 4
    endloop
  endfacet
  facet normal 0 0 1
    outer loop
      vertex -21.3487 -1.03489 4
      vertex -26.6513 -1.03489 4
      vertex -21.2021 -1.20208 4
    endloop
  endfacet
  facet normal 0 0 1
    outer loop
      vertex -26.7979 -1.20208 4
      vertex -21.2021 -1.20208 4
      vertex -26.6513 -1.03489 4
    endloop
  endfacet
  facet normal 0 0 1
    outer loop
      vertex -21.2021 -1.20208 4
      vertex -26.7979 -1.20208 4
      vertex -21.0349 -1.3487 4
    endloop
  endfacet
  facet normal 0 0 1
    outer loop
      vertex -26.9651 -1.3487 4
      vertex -21.0349 -1.3487 4
      vertex -26.7979 -1.20208 4
    endloop
  endfacet
  facet normal 0 0 1
    outer loop
      vertex -21.0349 -1.3487 4
      vertex -26.9651 -1.3487 4
      vertex -20.85 -1.47224 4
    endloop
  endfacet
  facet normal 0 0 1
    outer loop
      vertex -27.15 -1.47224 4
      vertex -20.85 -1.47224 4
      vertex -26.9651 -1.3487 4
    endloop
  endfacet
  facet normal 0 0 1
    outer loop
      vertex -20.85 -1.47224 4
      vertex -27.15 -1.47224 4
      vertex -20.6506 -1.57059 4
    endloop
  endfacet
  facet normal 0 0 1
    outer loop
      vertex -27.3494 -1.57059 4
      vertex -20.6506 -1.57059 4
      vertex -27.15 -1.47224 4
    endloop
  endfacet
  facet normal 0 0 1
    outer loop
      vertex -20.6506 -1.57059 4
      vertex -27.3494 -1.57059 4
      vertex -20.44 -1.64207 4
    endloop
  endfacet
  facet normal 0 0 1
    outer loop
      vertex -27.56 -1.64207 4
      vertex -20.44 -1.64207 4
      vertex -27.3494 -1.57059 4
    endloop
  endfacet
  facet normal 0 0 1
    outer loop
      vertex -20.44 -1.64207 4
      vertex -27.56 -1.64207 4
      vertex -20.2219 -1.68546 4
    endloop
  endfacet
  facet normal 0 0 1
    outer loop
      vertex -27.7781 -1.68546 4
      vertex -20.2219 -1.68546 4
      vertex -27.56 -1.64207 4
    endloop
  endfacet
  facet normal 0 0 1
    outer loop
      vertex -28 -1.7 4
      vertex -20.2219 -1.68546 4
      vertex -27.7781 -1.68546 4
    endloop
  endfacet
  facet normal 0 0 1
    outer loop
      vertex -20 -1.7 4
      vertex -28 -1.7 4
      vertex -7.93878 -3 4
    endloop
  endfacet
  facet normal -0 0 1
    outer loop
      vertex -34.3 0 4
      vertex -29.6855 -0.221894 4
      vertex -29.7 0 4
    endloop
  endfacet
  facet normal 0 0 1
    outer loop
      vertex -34.3145 -0.221894 4
      vertex -29.6855 -0.221894 4
      vertex -34.3 0 4
    endloop
  endfacet
  facet normal 0 0 1
    outer loop
      vertex -29.6855 -0.221894 4
      vertex -34.3145 -0.221894 4
      vertex -29.6421 -0.439992 4
    endloop
  endfacet
  facet normal 0 0 1
    outer loop
      vertex -34.3579 -0.439992 4
      vertex -29.6421 -0.439992 4
      vertex -34.3145 -0.221894 4
    endloop
  endfacet
  facet normal 0 0 1
    outer loop
      vertex -29.6421 -0.439992 4
      vertex -34.3579 -0.439992 4
      vertex -29.5706 -0.650561 4
    endloop
  endfacet
  facet normal 0 0 1
    outer loop
      vertex -34.4294 -0.650561 4
      vertex -29.5706 -0.650561 4
      vertex -34.3579 -0.439992 4
    endloop
  endfacet
  facet normal 0 0 1
    outer loop
      vertex -29.5706 -0.650561 4
      vertex -34.4294 -0.650561 4
      vertex -29.4722 -0.849999 4
    endloop
  endfacet
  facet normal 0 0 1
    outer loop
      vertex -34.5278 -0.849999 4
      vertex -29.4722 -0.849999 4
      vertex -34.4294 -0.650561 4
    endloop
  endfacet
  facet normal 0 0 1
    outer loop
      vertex -29.4722 -0.849999 4
      vertex -34.5278 -0.849999 4
      vertex -29.3487 -1.03489 4
    endloop
  endfacet
  facet normal 0 0 1
    outer loop
      vertex -34.6513 -1.03489 4
      vertex -29.3487 -1.03489 4
      vertex -34.5278 -0.849999 4
    endloop
  endfacet
  facet normal 0 0 1
    outer loop
      vertex -29.3487 -1.03489 4
      vertex -34.6513 -1.03489 4
      vertex -29.2021 -1.20208 4
    endloop
  endfacet
  facet normal 0 0 1
    outer loop
      vertex -34.7979 -1.20208 4
      vertex -29.2021 -1.20208 4
      vertex -34.6513 -1.03489 4
    endloop
  endfacet
  facet normal 0 0 1
    outer loop
      vertex -29.2021 -1.20208 4
      vertex -34.7979 -1.20208 4
      vertex -29.0349 -1.3487 4
    endloop
  endfacet
  facet normal 0 0 1
    outer loop
      vertex -34.9651 -1.3487 4
      vertex -29.0349 -1.3487 4
      vertex -34.7979 -1.20208 4
    endloop
  endfacet
  facet normal 0 0 1
    outer loop
      vertex -29.0349 -1.3487 4
      vertex -34.9651 -1.3487 4
      vertex -28.85 -1.47224 4
    endloop
  endfacet
  facet normal 0 0 1
    outer loop
      vertex -35.15 -1.47224 4
      vertex -28.85 -1.47224 4
      vertex -34.9651 -1.3487 4
    endloop
  endfacet
  facet normal 0 0 1
    outer loop
      vertex -28.85 -1.47224 4
      vertex -35.15 -1.47224 4
      vertex -28.6506 -1.57059 4
    endloop
  endfacet
  facet normal 0 0 1
    outer loop
      vertex -35.3494 -1.57059 4
      vertex -28.6506 -1.57059 4
      vertex -35.15 -1.47224 4
    endloop
  endfacet
  facet normal 0 0 1
    outer loop
      vertex -28.6506 -1.57059 4
      vertex -35.3494 -1.57059 4
      vertex -28.44 -1.64207 4
    endloop
  endfacet
  facet normal 0 0 1
    outer loop
      vertex -35.56 -1.64207 4
      vertex -28.44 -1.64207 4
      vertex -35.3494 -1.57059 4
    endloop
  endfacet
  facet normal 0 0 1
    outer loop
      vertex -28.44 -1.64207 4
      vertex -35.56 -1.64207 4
      vertex -28.2219 -1.68546 4
    endloop
  endfacet
  facet normal 0 0 1
    outer loop
      vertex -35.7781 -1.68546 4
      vertex -28.2219 -1.68546 4
      vertex -35.56 -1.64207 4
    endloop
  endfacet
  facet normal 0 0 1
    outer loop
      vertex -28.2219 -1.68546 4
      vertex -35.7781 -1.68546 4
      vertex -28 -1.7 4
    endloop
  endfacet
  facet normal 0 0 1
    outer loop
      vertex -36 -1.7 4
      vertex -28 -1.7 4
      vertex -35.7781 -1.68546 4
    endloop
  endfacet
  facet normal 0 0 1
    outer loop
      vertex -53 -3 4
      vertex -28 -1.7 4
      vertex -36 -1.7 4
    endloop
  endfacet
  facet normal -0 0 1
    outer loop
      vertex -46.3 0 4
      vertex -37.6855 -0.221894 4
      vertex -37.7 0 4
    endloop
  endfacet
  facet normal 0 0 1
    outer loop
      vertex -46.3145 -0.221894 4
      vertex -37.6855 -0.221894 4
      vertex -46.3 0 4
    endloop
  endfacet
  facet normal 0 0 1
    outer loop
      vertex -37.6855 -0.221894 4
      vertex -46.3145 -0.221894 4
      vertex -37.6421 -0.439992 4
    endloop
  endfacet
  facet normal 0 0 1
    outer loop
      vertex -46.3579 -0.439992 4
      vertex -37.6421 -0.439992 4
      vertex -46.3145 -0.221894 4
    endloop
  endfacet
  facet normal 0 0 1
    outer loop
      vertex -37.6421 -0.439992 4
      vertex -46.3579 -0.439992 4
      vertex -37.5706 -0.650561 4
    endloop
  endfacet
  facet normal 0 0 1
    outer loop
      vertex -46.4294 -0.650561 4
      vertex -37.5706 -0.650561 4
      vertex -46.3579 -0.439992 4
    endloop
  endfacet
  facet normal 0 0 1
    outer loop
      vertex -37.5706 -0.650561 4
      vertex -46.4294 -0.650561 4
      vertex -37.4722 -0.849999 4
    endloop
  endfacet
  facet normal 0 0 1
    outer loop
      vertex -46.5278 -0.849999 4
      vertex -37.4722 -0.849999 4
      vertex -46.4294 -0.650561 4
    endloop
  endfacet
  facet normal 0 0 1
    outer loop
      vertex -37.4722 -0.849999 4
      vertex -46.5278 -0.849999 4
      vertex -37.3487 -1.03489 4
    endloop
  endfacet
  facet normal 0 0 1
    outer loop
      vertex -46.6513 -1.03489 4
      vertex -37.3487 -1.03489 4
      vertex -46.5278 -0.849999 4
    endloop
  endfacet
  facet normal 0 0 1
    outer loop
      vertex -37.3487 -1.03489 4
      vertex -46.6513 -1.03489 4
      vertex -37.2021 -1.20208 4
    endloop
  endfacet
  facet normal 0 0 1
    outer loop
      vertex -46.7979 -1.20208 4
      vertex -37.2021 -1.20208 4
      vertex -46.6513 -1.03489 4
    endloop
  endfacet
  facet normal 0 0 1
    outer loop
      vertex -37.2021 -1.20208 4
      vertex -46.7979 -1.20208 4
      vertex -37.0349 -1.3487 4
    endloop
  endfacet
  facet normal 0 0 1
    outer loop
      vertex -46.9651 -1.3487 4
      vertex -37.0349 -1.3487 4
      vertex -46.7979 -1.20208 4
    endloop
  endfacet
  facet normal 0 0 1
    outer loop
      vertex -37.0349 -1.3487 4
      vertex -46.9651 -1.3487 4
      vertex -36.85 -1.47224 4
    endloop
  endfacet
  facet normal 0 0 1
    outer loop
      vertex -47.15 -1.47224 4
      vertex -36.85 -1.47224 4
      vertex -46.9651 -1.3487 4
    endloop
  endfacet
  facet normal 0 0 1
    outer loop
      vertex -36.85 -1.47224 4
      vertex -47.15 -1.47224 4
      vertex -36.6506 -1.57059 4
    endloop
  endfacet
  facet normal 0 0 1
    outer loop
      vertex -47.3494 -1.57059 4
      vertex -36.6506 -1.57059 4
      vertex -47.15 -1.47224 4
    endloop
  endfacet
  facet normal 0 0 1
    outer loop
      vertex -36.6506 -1.57059 4
      vertex -47.3494 -1.57059 4
      vertex -36.44 -1.64207 4
    endloop
  endfacet
  facet normal 0 0 1
    outer loop
      vertex -47.56 -1.64207 4
      vertex -36.44 -1.64207 4
      vertex -47.3494 -1.57059 4
    endloop
  endfacet
  facet normal 0 0 1
    outer loop
      vertex -36.44 -1.64207 4
      vertex -47.56 -1.64207 4
      vertex -36.2219 -1.68546 4
    endloop
  endfacet
  facet normal 0 0 1
    outer loop
      vertex -47.7781 -1.68546 4
      vertex -36.2219 -1.68546 4
      vertex -47.56 -1.64207 4
    endloop
  endfacet
  facet normal 0 0 1
    outer loop
      vertex -53 -3 4
      vertex -36.2219 -1.68546 4
      vertex -47.7781 -1.68546 4
    endloop
  endfacet
  facet normal 0 0 1
    outer loop
      vertex -36.2219 -1.68546 4
      vertex -53 -3 4
      vertex -36 -1.7 4
    endloop
  endfacet
  facet normal 0 0 1
    outer loop
      vertex -53 -3 4
      vertex -47.7781 -1.68546 4
      vertex -48 -1.7 4
    endloop
  endfacet
  facet normal 0 0 1
    outer loop
      vertex -53 -3 4
      vertex -49.7 0 4
      vertex -53 3 4
    endloop
  endfacet
  facet normal 0 0 1
    outer loop
      vertex -49.7 0 4
      vertex -53 -3 4
      vertex -49.6855 -0.221894 4
    endloop
  endfacet
  facet normal 0 0 1
    outer loop
      vertex -49.6855 -0.221894 4
      vertex -53 -3 4
      vertex -49.6421 -0.439992 4
    endloop
  endfacet
  facet normal 0 0 1
    outer loop
      vertex -49.6421 -0.439992 4
      vertex -53 -3 4
      vertex -49.5706 -0.650561 4
    endloop
  endfacet
  facet normal 0 0 1
    outer loop
      vertex -49.5706 -0.650561 4
      vertex -53 -3 4
      vertex -49.4722 -0.849999 4
    endloop
  endfacet
  facet normal 0 0 1
    outer loop
      vertex -49.4722 -0.849999 4
      vertex -53 -3 4
      vertex -49.3487 -1.03489 4
    endloop
  endfacet
  facet normal 0 0 1
    outer loop
      vertex -28 -1.7 4
      vertex -53 -3 4
      vertex -7.93878 -3 4
    endloop
  endfacet
  facet normal 0 0 1
    outer loop
      vertex -48.2219 -1.68546 4
      vertex -53 -3 4
      vertex -48 -1.7 4
    endloop
  endfacet
  facet normal 0 0 1
    outer loop
      vertex -48.44 -1.64207 4
      vertex -53 -3 4
      vertex -48.2219 -1.68546 4
    endloop
  endfacet
  facet normal 0 0 1
    outer loop
      vertex -48.6506 -1.57059 4
      vertex -53 -3 4
      vertex -48.44 -1.64207 4
    endloop
  endfacet
  facet normal 0 0 1
    outer loop
      vertex -48.85 -1.47224 4
      vertex -53 -3 4
      vertex -48.6506 -1.57059 4
    endloop
  endfacet
  facet normal 0 0 1
    outer loop
      vertex -49.0349 -1.3487 4
      vertex -53 -3 4
      vertex -48.85 -1.47224 4
    endloop
  endfacet
  facet normal 0 0 1
    outer loop
      vertex -49.2021 -1.20208 4
      vertex -53 -3 4
      vertex -49.0349 -1.3487 4
    endloop
  endfacet
  facet normal 0 0 1
    outer loop
      vertex -49.3487 -1.03489 4
      vertex -53 -3 4
      vertex -49.2021 -1.20208 4
    endloop
  endfacet
  facet normal 0 0 1
    outer loop
      vertex -1.6 0 4
      vertex -4 0 4
      vertex -3.97092 -0.443649 4
    endloop
  endfacet
  facet normal 0 0 1
    outer loop
      vertex -1.54548 0.41411 4
      vertex -3.97092 0.443649 4
      vertex -1.58631 0.208841 4
    endloop
  endfacet
  facet normal 0 0 1
    outer loop
      vertex -1.58631 0.208841 4
      vertex -3.97092 0.443649 4
      vertex -1.6 0 4
    endloop
  endfacet
  facet normal 0 -0 1
    outer loop
      vertex -3.4641 -2 4
      vertex -1.6 0 4
      vertex -3.66074 -1.60124 4
    endloop
  endfacet
  facet normal 0 0 1
    outer loop
      vertex -1.6 0 4
      vertex -3.4641 -2 4
      vertex -3.21709 -2.36966 4
    endloop
  endfacet
  facet normal 0 0 1
    outer loop
      vertex -4 0 4
      vertex -1.6 0 4
      vertex -3.97092 0.443649 4
    endloop
  endfacet
  facet normal 0 0 1
    outer loop
      vertex -6.4063 2.80217 4
      vertex -3.97092 0.443649 4
      vertex -3.66074 1.60124 4
    endloop
  endfacet
  facet normal 0 0 1
    outer loop
      vertex -6.4063 2.80217 4
      vertex -6.94911 0.776398 4
      vertex -3.97092 0.443649 4
    endloop
  endfacet
  facet normal 0 0 1
    outer loop
      vertex -6.06216 3.5 4
      vertex -7.36121 4.25 4
      vertex -6.4063 2.80217 4
    endloop
  endfacet
  facet normal -0 0 1
    outer loop
      vertex -7.85297 3.25281 4
      vertex -6.4063 2.80217 4
      vertex -7.36121 4.25 4
    endloop
  endfacet
  facet normal -0 0 1
    outer loop
      vertex -7.93878 3 4
      vertex -6.4063 2.80217 4
      vertex -7.85297 3.25281 4
    endloop
  endfacet
  facet normal 0 0 1
    outer loop
      vertex -1.38564 0.799999 4
      vertex -3.66074 1.60124 4
      vertex -1.47821 0.612293 4
    endloop
  endfacet
  facet normal 0 0 1
    outer loop
      vertex -1.47821 0.612293 4
      vertex -3.66074 1.60124 4
      vertex -1.54548 0.41411 4
    endloop
  endfacet
  facet normal 0 -0 1
    outer loop
      vertex -2 -3.4641 4
      vertex -1.6 0 4
      vertex -2.36966 -3.21709 4
    endloop
  endfacet
  facet normal 0 0 1
    outer loop
      vertex -1.6 0 4
      vertex -2 -3.4641 4
      vertex -1.60124 -3.66074 4
    endloop
  endfacet
  facet normal -0 0 1
    outer loop
      vertex -3.97092 0.443649 4
      vertex -1.54548 0.41411 4
      vertex -3.66074 1.60124 4
    endloop
  endfacet
  facet normal 0 0 1
    outer loop
      vertex -4.14693 5.6299 4
      vertex -3.21709 2.36966 4
      vertex -2.36966 3.21709 4
    endloop
  endfacet
  facet normal -0 0 1
    outer loop
      vertex -5.17447 6.7435 4
      vertex -4.14693 5.6299 4
      vertex -4.25 7.36121 4
    endloop
  endfacet
  facet normal -0 0 1
    outer loop
      vertex -6.01041 6.01041 4
      vertex -4.14693 5.6299 4
      vertex -5.17447 6.7435 4
    endloop
  endfacet
  facet normal 0 0 1
    outer loop
      vertex -4.14693 5.6299 4
      vertex -5.6299 4.14693 4
      vertex -3.21709 2.36966 4
    endloop
  endfacet
  facet normal 0 0 1
    outer loop
      vertex -4.14693 5.6299 4
      vertex -6.01041 6.01041 4
      vertex -5.6299 4.14693 4
    endloop
  endfacet
  facet normal -0 0 1
    outer loop
      vertex -6.7435 5.17447 4
      vertex -5.6299 4.14693 4
      vertex -6.01041 6.01041 4
    endloop
  endfacet
  facet normal -0 0 1
    outer loop
      vertex -7.36121 4.25 4
      vertex -5.6299 4.14693 4
      vertex -6.7435 5.17447 4
    endloop
  endfacet
  facet normal 0 0 1
    outer loop
      vertex -5.6299 4.14693 4
      vertex -7.36121 4.25 4
      vertex -6.06216 3.5 4
    endloop
  endfacet
  facet normal 0 0 1
    outer loop
      vertex -1.6 0 4
      vertex -3.21709 -2.36966 4
      vertex -2.36966 -3.21709 4
    endloop
  endfacet
  facet normal 0 0 1
    outer loop
      vertex -3.21709 -2.36966 4
      vertex -4.14693 -5.6299 4
      vertex -2.36966 -3.21709 4
    endloop
  endfacet
  facet normal 0 0 1
    outer loop
      vertex -4.14693 -5.6299 4
      vertex -5.17447 -6.7435 4
      vertex -4.25 -7.36121 4
    endloop
  endfacet
  facet normal -0 0 1
    outer loop
      vertex -5.6299 -4.14693 4
      vertex -4.14693 -5.6299 4
      vertex -3.21709 -2.36966 4
    endloop
  endfacet
  facet normal 0 0 1
    outer loop
      vertex -6.01041 -6.01041 4
      vertex -4.14693 -5.6299 4
      vertex -5.6299 -4.14693 4
    endloop
  endfacet
  facet normal 0 0 1
    outer loop
      vertex -4.14693 -5.6299 4
      vertex -6.01041 -6.01041 4
      vertex -5.17447 -6.7435 4
    endloop
  endfacet
  facet normal 0 0 1
    outer loop
      vertex -7.36121 -4.25 4
      vertex -5.6299 -4.14693 4
      vertex -6.06216 -3.5 4
    endloop
  endfacet
  facet normal 0 0 1
    outer loop
      vertex -7.36121 -4.25 4
      vertex -6.06216 -3.5 4
      vertex -6.4063 -2.80217 4
    endloop
  endfacet
  facet normal 0 0 1
    outer loop
      vertex -5.6299 -4.14693 4
      vertex -6.7435 -5.17447 4
      vertex -6.01041 -6.01041 4
    endloop
  endfacet
  facet normal 0 0 1
    outer loop
      vertex -1.6 0 4
      vertex -3.97092 -0.443649 4
      vertex -3.66074 -1.60124 4
    endloop
  endfacet
  facet normal 0 0 1
    outer loop
      vertex -3.97092 -0.443649 4
      vertex -6.4063 -2.80217 4
      vertex -3.66074 -1.60124 4
    endloop
  endfacet
  facet normal -0 0 1
    outer loop
      vertex -6.94911 -0.776398 4
      vertex -6.4063 -2.80217 4
      vertex -3.97092 -0.443649 4
    endloop
  endfacet
  facet normal 0 0 1
    outer loop
      vertex -7.93878 -3 4
      vertex -6.4063 -2.80217 4
      vertex -6.94911 -0.776398 4
    endloop
  endfacet
  facet normal 0 0 1
    outer loop
      vertex -7.93878 -3 4
      vertex -6.94911 -0.776398 4
      vertex -7 0 4
    endloop
  endfacet
  facet normal 0 0 1
    outer loop
      vertex -6.4063 2.80217 4
      vertex -7.93878 3 4
      vertex -6.94911 0.776398 4
    endloop
  endfacet
  facet normal 0 0 1
    outer loop
      vertex -7.93878 -3 4
      vertex -7 0 4
      vertex -7.93878 3 4
    endloop
  endfacet
  facet normal 0 0 1
    outer loop
      vertex -6.94911 0.776398 4
      vertex -7.93878 3 4
      vertex -7 0 4
    endloop
  endfacet
  facet normal 0 0 1
    outer loop
      vertex -6.4063 -2.80217 4
      vertex -7.93878 -3 4
      vertex -7.85297 -3.25281 4
    endloop
  endfacet
  facet normal 0 0 1
    outer loop
      vertex -5.6299 -4.14693 4
      vertex -7.36121 -4.25 4
      vertex -6.7435 -5.17447 4
    endloop
  endfacet
  facet normal 0 0 1
    outer loop
      vertex -6.4063 -2.80217 4
      vertex -7.85297 -3.25281 4
      vertex -7.36121 -4.25 4
    endloop
  endfacet
  facet normal 0 0 1
    outer loop
      vertex -7.93878 3 4
      vertex -18.3 0 4
      vertex -7.93878 -3 4
    endloop
  endfacet
  facet normal 0 0 1
    outer loop
      vertex -7.93878 3 4
      vertex -18.3145 0.221894 4
      vertex -18.3 0 4
    endloop
  endfacet
  facet normal 0 0 1
    outer loop
      vertex -7.93878 3 4
      vertex -18.3579 0.439992 4
      vertex -18.3145 0.221894 4
    endloop
  endfacet
  facet normal 0 0 1
    outer loop
      vertex -7.93878 3 4
      vertex -18.4294 0.650561 4
      vertex -18.3579 0.439992 4
    endloop
  endfacet
  facet normal 0 0 1
    outer loop
      vertex -7.93878 3 4
      vertex -18.5278 0.849999 4
      vertex -18.4294 0.650561 4
    endloop
  endfacet
  facet normal 0 0 1
    outer loop
      vertex -7.93878 3 4
      vertex -18.6513 1.03489 4
      vertex -18.5278 0.849999 4
    endloop
  endfacet
  facet normal 0 0 1
    outer loop
      vertex -7.93878 3 4
      vertex -18.7979 1.20208 4
      vertex -18.6513 1.03489 4
    endloop
  endfacet
  facet normal 0 0 1
    outer loop
      vertex -7.93878 3 4
      vertex -18.9651 1.3487 4
      vertex -18.7979 1.20208 4
    endloop
  endfacet
  facet normal 0 0 1
    outer loop
      vertex -7.93878 3 4
      vertex -19.15 1.47224 4
      vertex -18.9651 1.3487 4
    endloop
  endfacet
  facet normal 0 0 1
    outer loop
      vertex -7.93878 3 4
      vertex -19.3494 1.57059 4
      vertex -19.15 1.47224 4
    endloop
  endfacet
  facet normal 0 0 1
    outer loop
      vertex -7.93878 3 4
      vertex -19.56 1.64207 4
      vertex -19.3494 1.57059 4
    endloop
  endfacet
  facet normal 0 0 1
    outer loop
      vertex -7.93878 3 4
      vertex -19.7781 1.68546 4
      vertex -19.56 1.64207 4
    endloop
  endfacet
  facet normal 0 0 1
    outer loop
      vertex -7.93878 3 4
      vertex -20 1.7 4
      vertex -19.7781 1.68546 4
    endloop
  endfacet
  facet normal 0 0 1
    outer loop
      vertex -28 1.7 4
      vertex -20 1.7 4
      vertex -7.93878 3 4
    endloop
  endfacet
  facet normal 0 0 1
    outer loop
      vertex -21.6855 0.221894 4
      vertex -26.3 0 4
      vertex -21.7 0 4
    endloop
  endfacet
  facet normal 0 0 1
    outer loop
      vertex -26.3145 0.221894 4
      vertex -21.6855 0.221894 4
      vertex -21.6421 0.439992 4
    endloop
  endfacet
  facet normal 0 0 1
    outer loop
      vertex -26.3579 0.439992 4
      vertex -21.6421 0.439992 4
      vertex -21.5706 0.650561 4
    endloop
  endfacet
  facet normal 0 0 1
    outer loop
      vertex -26.4294 0.650561 4
      vertex -21.5706 0.650561 4
      vertex -21.4722 0.849999 4
    endloop
  endfacet
  facet normal 0 0 1
    outer loop
      vertex -26.5278 0.849999 4
      vertex -21.4722 0.849999 4
      vertex -21.3487 1.03489 4
    endloop
  endfacet
  facet normal 0 0 1
    outer loop
      vertex -26.6513 1.03489 4
      vertex -21.3487 1.03489 4
      vertex -21.2021 1.20208 4
    endloop
  endfacet
  facet normal 0 0 1
    outer loop
      vertex -26.7979 1.20208 4
      vertex -21.2021 1.20208 4
      vertex -21.0349 1.3487 4
    endloop
  endfacet
  facet normal 0 0 1
    outer loop
      vertex -26.9651 1.3487 4
      vertex -21.0349 1.3487 4
      vertex -20.85 1.47224 4
    endloop
  endfacet
  facet normal 0 0 1
    outer loop
      vertex -27.15 1.47224 4
      vertex -20.85 1.47224 4
      vertex -20.6506 1.57059 4
    endloop
  endfacet
  facet normal 0 0 1
    outer loop
      vertex -27.3494 1.57059 4
      vertex -20.6506 1.57059 4
      vertex -20.44 1.64207 4
    endloop
  endfacet
  facet normal 0 0 1
    outer loop
      vertex -21.6855 0.221894 4
      vertex -26.3145 0.221894 4
      vertex -26.3 0 4
    endloop
  endfacet
  facet normal 0 0 1
    outer loop
      vertex -21.6421 0.439992 4
      vertex -26.3579 0.439992 4
      vertex -26.3145 0.221894 4
    endloop
  endfacet
  facet normal 0 0 1
    outer loop
      vertex -21.5706 0.650561 4
      vertex -26.4294 0.650561 4
      vertex -26.3579 0.439992 4
    endloop
  endfacet
  facet normal 0 0 1
    outer loop
      vertex -27.56 1.64207 4
      vertex -20.44 1.64207 4
      vertex -20.2219 1.68546 4
    endloop
  endfacet
  facet normal 0 0 1
    outer loop
      vertex -21.4722 0.849999 4
      vertex -26.5278 0.849999 4
      vertex -26.4294 0.650561 4
    endloop
  endfacet
  facet normal 0 0 1
    outer loop
      vertex -21.3487 1.03489 4
      vertex -26.6513 1.03489 4
      vertex -26.5278 0.849999 4
    endloop
  endfacet
  facet normal 0 0 1
    outer loop
      vertex -20 1.7 4
      vertex -28 1.7 4
      vertex -20.2219 1.68546 4
    endloop
  endfacet
  facet normal 0 0 1
    outer loop
      vertex -21.2021 1.20208 4
      vertex -26.7979 1.20208 4
      vertex -26.6513 1.03489 4
    endloop
  endfacet
  facet normal 0 0 1
    outer loop
      vertex -21.0349 1.3487 4
      vertex -26.9651 1.3487 4
      vertex -26.7979 1.20208 4
    endloop
  endfacet
  facet normal 0 0 1
    outer loop
      vertex -20.85 1.47224 4
      vertex -27.15 1.47224 4
      vertex -26.9651 1.3487 4
    endloop
  endfacet
  facet normal 0 0 1
    outer loop
      vertex -20.6506 1.57059 4
      vertex -27.3494 1.57059 4
      vertex -27.15 1.47224 4
    endloop
  endfacet
  facet normal 0 0 1
    outer loop
      vertex -20.44 1.64207 4
      vertex -27.56 1.64207 4
      vertex -27.3494 1.57059 4
    endloop
  endfacet
  facet normal 0 0 1
    outer loop
      vertex -20.2219 1.68546 4
      vertex -27.7781 1.68546 4
      vertex -27.56 1.64207 4
    endloop
  endfacet
  facet normal 0 0 1
    outer loop
      vertex -20.2219 1.68546 4
      vertex -28 1.7 4
      vertex -27.7781 1.68546 4
    endloop
  endfacet
  facet normal 0 0 1
    outer loop
      vertex -29.6855 0.221894 4
      vertex -34.3 0 4
      vertex -29.7 0 4
    endloop
  endfacet
  facet normal 0 0 1
    outer loop
      vertex -34.3145 0.221894 4
      vertex -29.6855 0.221894 4
      vertex -29.6421 0.439992 4
    endloop
  endfacet
  facet normal 0 0 1
    outer loop
      vertex -34.3579 0.439992 4
      vertex -29.6421 0.439992 4
      vertex -29.5706 0.650561 4
    endloop
  endfacet
  facet normal 0 0 1
    outer loop
      vertex -34.4294 0.650561 4
      vertex -29.5706 0.650561 4
      vertex -29.4722 0.849999 4
    endloop
  endfacet
  facet normal 0 0 1
    outer loop
      vertex -34.5278 0.849999 4
      vertex -29.4722 0.849999 4
      vertex -29.3487 1.03489 4
    endloop
  endfacet
  facet normal 0 0 1
    outer loop
      vertex -34.6513 1.03489 4
      vertex -29.3487 1.03489 4
      vertex -29.2021 1.20208 4
    endloop
  endfacet
  facet normal 0 0 1
    outer loop
      vertex -34.7979 1.20208 4
      vertex -29.2021 1.20208 4
      vertex -29.0349 1.3487 4
    endloop
  endfacet
  facet normal 0 0 1
    outer loop
      vertex -34.9651 1.3487 4
      vertex -29.0349 1.3487 4
      vertex -28.85 1.47224 4
    endloop
  endfacet
  facet normal 0 0 1
    outer loop
      vertex -35.15 1.47224 4
      vertex -28.85 1.47224 4
      vertex -28.6506 1.57059 4
    endloop
  endfacet
  facet normal 0 0 1
    outer loop
      vertex -35.3494 1.57059 4
      vertex -28.6506 1.57059 4
      vertex -28.44 1.64207 4
    endloop
  endfacet
  facet normal 0 0 1
    outer loop
      vertex -29.6855 0.221894 4
      vertex -34.3145 0.221894 4
      vertex -34.3 0 4
    endloop
  endfacet
  facet normal 0 0 1
    outer loop
      vertex -29.6421 0.439992 4
      vertex -34.3579 0.439992 4
      vertex -34.3145 0.221894 4
    endloop
  endfacet
  facet normal 0 0 1
    outer loop
      vertex -29.5706 0.650561 4
      vertex -34.4294 0.650561 4
      vertex -34.3579 0.439992 4
    endloop
  endfacet
  facet normal 0 0 1
    outer loop
      vertex -35.56 1.64207 4
      vertex -28.44 1.64207 4
      vertex -28.2219 1.68546 4
    endloop
  endfacet
  facet normal 0 0 1
    outer loop
      vertex -29.4722 0.849999 4
      vertex -34.5278 0.849999 4
      vertex -34.4294 0.650561 4
    endloop
  endfacet
  facet normal 0 0 1
    outer loop
      vertex -29.3487 1.03489 4
      vertex -34.6513 1.03489 4
      vertex -34.5278 0.849999 4
    endloop
  endfacet
  facet normal 0 0 1
    outer loop
      vertex -29.2021 1.20208 4
      vertex -34.7979 1.20208 4
      vertex -34.6513 1.03489 4
    endloop
  endfacet
  facet normal 0 0 1
    outer loop
      vertex -29.0349 1.3487 4
      vertex -34.9651 1.3487 4
      vertex -34.7979 1.20208 4
    endloop
  endfacet
  facet normal 0 0 1
    outer loop
      vertex -35.7781 1.68546 4
      vertex -28.2219 1.68546 4
      vertex -28 1.7 4
    endloop
  endfacet
  facet normal -0 0 1
    outer loop
      vertex -53 3 4
      vertex -28 1.7 4
      vertex -7.93878 3 4
    endloop
  endfacet
  facet normal 0 0 1
    outer loop
      vertex -28.85 1.47224 4
      vertex -35.15 1.47224 4
      vertex -34.9651 1.3487 4
    endloop
  endfacet
  facet normal 0 0 1
    outer loop
      vertex -28.6506 1.57059 4
      vertex -35.3494 1.57059 4
      vertex -35.15 1.47224 4
    endloop
  endfacet
  facet normal 0 0 1
    outer loop
      vertex -28.44 1.64207 4
      vertex -35.56 1.64207 4
      vertex -35.3494 1.57059 4
    endloop
  endfacet
  facet normal 0 0 1
    outer loop
      vertex -28.2219 1.68546 4
      vertex -35.7781 1.68546 4
      vertex -35.56 1.64207 4
    endloop
  endfacet
  facet normal 0 0 1
    outer loop
      vertex -28 1.7 4
      vertex -36 1.7 4
      vertex -35.7781 1.68546 4
    endloop
  endfacet
  facet normal 0 0 1
    outer loop
      vertex -37.6855 0.221894 4
      vertex -46.3 0 4
      vertex -37.7 0 4
    endloop
  endfacet
  facet normal 0 0 1
    outer loop
      vertex -46.3145 0.221894 4
      vertex -37.6855 0.221894 4
      vertex -37.6421 0.439992 4
    endloop
  endfacet
  facet normal 0 0 1
    outer loop
      vertex -46.3579 0.439992 4
      vertex -37.6421 0.439992 4
      vertex -37.5706 0.650561 4
    endloop
  endfacet
  facet normal 0 0 1
    outer loop
      vertex -46.4294 0.650561 4
      vertex -37.5706 0.650561 4
      vertex -37.4722 0.849999 4
    endloop
  endfacet
  facet normal 0 0 1
    outer loop
      vertex -46.5278 0.849999 4
      vertex -37.4722 0.849999 4
      vertex -37.3487 1.03489 4
    endloop
  endfacet
  facet normal 0 0 1
    outer loop
      vertex -46.6513 1.03489 4
      vertex -37.3487 1.03489 4
      vertex -37.2021 1.20208 4
    endloop
  endfacet
  facet normal 0 0 1
    outer loop
      vertex -46.7979 1.20208 4
      vertex -37.2021 1.20208 4
      vertex -37.0349 1.3487 4
    endloop
  endfacet
  facet normal 0 0 1
    outer loop
      vertex -46.9651 1.3487 4
      vertex -37.0349 1.3487 4
      vertex -36.85 1.47224 4
    endloop
  endfacet
  facet normal 0 0 1
    outer loop
      vertex -47.15 1.47224 4
      vertex -36.85 1.47224 4
      vertex -36.6506 1.57059 4
    endloop
  endfacet
  facet normal 0 0 1
    outer loop
      vertex -47.3494 1.57059 4
      vertex -36.6506 1.57059 4
      vertex -36.44 1.64207 4
    endloop
  endfacet
  facet normal 0 0 1
    outer loop
      vertex -47.56 1.64207 4
      vertex -36.44 1.64207 4
      vertex -36.2219 1.68546 4
    endloop
  endfacet
  facet normal 0 0 1
    outer loop
      vertex -37.6855 0.221894 4
      vertex -46.3145 0.221894 4
      vertex -46.3 0 4
    endloop
  endfacet
  facet normal 0 0 1
    outer loop
      vertex -37.6421 0.439992 4
      vertex -46.3579 0.439992 4
      vertex -46.3145 0.221894 4
    endloop
  endfacet
  facet normal 0 0 1
    outer loop
      vertex -37.5706 0.650561 4
      vertex -46.4294 0.650561 4
      vertex -46.3579 0.439992 4
    endloop
  endfacet
  facet normal 0 0 1
    outer loop
      vertex -37.4722 0.849999 4
      vertex -46.5278 0.849999 4
      vertex -46.4294 0.650561 4
    endloop
  endfacet
  facet normal 0 0 1
    outer loop
      vertex -37.3487 1.03489 4
      vertex -46.6513 1.03489 4
      vertex -46.5278 0.849999 4
    endloop
  endfacet
  facet normal 0 0 1
    outer loop
      vertex -53 3 4
      vertex -36.2219 1.68546 4
      vertex -36 1.7 4
    endloop
  endfacet
  facet normal 0 0 1
    outer loop
      vertex -37.2021 1.20208 4
      vertex -46.7979 1.20208 4
      vertex -46.6513 1.03489 4
    endloop
  endfacet
  facet normal 0 0 1
    outer loop
      vertex -28 1.7 4
      vertex -53 3 4
      vertex -36 1.7 4
    endloop
  endfacet
  facet normal 0 0 1
    outer loop
      vertex -37.0349 1.3487 4
      vertex -46.9651 1.3487 4
      vertex -46.7979 1.20208 4
    endloop
  endfacet
  facet normal 0 0 1
    outer loop
      vertex -36.85 1.47224 4
      vertex -47.15 1.47224 4
      vertex -46.9651 1.3487 4
    endloop
  endfacet
  facet normal 0 0 1
    outer loop
      vertex -36.6506 1.57059 4
      vertex -47.3494 1.57059 4
      vertex -47.15 1.47224 4
    endloop
  endfacet
  facet normal 0 0 1
    outer loop
      vertex -36.44 1.64207 4
      vertex -47.56 1.64207 4
      vertex -47.3494 1.57059 4
    endloop
  endfacet
  facet normal 0 0 1
    outer loop
      vertex -36.2219 1.68546 4
      vertex -53 3 4
      vertex -47.7781 1.68546 4
    endloop
  endfacet
  facet normal 0 0 1
    outer loop
      vertex -36.2219 1.68546 4
      vertex -47.7781 1.68546 4
      vertex -47.56 1.64207 4
    endloop
  endfacet
  facet normal 0 0 1
    outer loop
      vertex -49.6855 0.221894 4
      vertex -53 3 4
      vertex -49.7 0 4
    endloop
  endfacet
  facet normal 0 0 1
    outer loop
      vertex -49.6421 0.439992 4
      vertex -53 3 4
      vertex -49.6855 0.221894 4
    endloop
  endfacet
  facet normal 0 0 1
    outer loop
      vertex -49.5706 0.650561 4
      vertex -53 3 4
      vertex -49.6421 0.439992 4
    endloop
  endfacet
  facet normal 0 0 1
    outer loop
      vertex -49.4722 0.849999 4
      vertex -53 3 4
      vertex -49.5706 0.650561 4
    endloop
  endfacet
  facet normal 0 0 1
    outer loop
      vertex -49.3487 1.03489 4
      vertex -53 3 4
      vertex -49.4722 0.849999 4
    endloop
  endfacet
  facet normal 0 0 1
    outer loop
      vertex -49.2021 1.20208 4
      vertex -53 3 4
      vertex -49.3487 1.03489 4
    endloop
  endfacet
  facet normal 0 0 1
    outer loop
      vertex -49.0349 1.3487 4
      vertex -53 3 4
      vertex -49.2021 1.20208 4
    endloop
  endfacet
  facet normal 0 0 1
    outer loop
      vertex -48.85 1.47224 4
      vertex -53 3 4
      vertex -49.0349 1.3487 4
    endloop
  endfacet
  facet normal 0 0 1
    outer loop
      vertex -48.6506 1.57059 4
      vertex -53 3 4
      vertex -48.85 1.47224 4
    endloop
  endfacet
  facet normal 0 0 1
    outer loop
      vertex -48.44 1.64207 4
      vertex -53 3 4
      vertex -48.6506 1.57059 4
    endloop
  endfacet
  facet normal 0 0 1
    outer loop
      vertex -48.2219 1.68546 4
      vertex -53 3 4
      vertex -48.44 1.64207 4
    endloop
  endfacet
  facet normal 0 0 1
    outer loop
      vertex -48 1.7 4
      vertex -53 3 4
      vertex -48.2219 1.68546 4
    endloop
  endfacet
  facet normal 0 0 1
    outer loop
      vertex -47.7781 1.68546 4
      vertex -53 3 4
      vertex -48 1.7 4
    endloop
  endfacet
  facet normal -0 0 1
    outer loop
      vertex 0.41411 -1.54548 4
      vertex 1.60124 -3.66074 4
      vertex 0.612293 -1.47821 4
    endloop
  endfacet
  facet normal 0 0 1
    outer loop
      vertex 1.60124 -3.66074 4
      vertex 0.443649 -3.97092 4
      vertex 0.776398 -6.94911 4
    endloop
  endfacet
  facet normal 0 0 1
    outer loop
      vertex 1.60124 -3.66074 4
      vertex 0.41411 -1.54548 4
      vertex 0.443649 -3.97092 4
    endloop
  endfacet
  facet normal -0 0 1
    outer loop
      vertex 0.208841 -1.58631 4
      vertex 0.443649 -3.97092 4
      vertex 0.41411 -1.54548 4
    endloop
  endfacet
  facet normal -0 0 1
    outer loop
      vertex 0 -1.6 4
      vertex 0.443649 -3.97092 4
      vertex 0.208841 -1.58631 4
    endloop
  endfacet
  facet normal 0 0 1
    outer loop
      vertex 0 -1.6 4
      vertex 0 -4 4
      vertex 0.443649 -3.97092 4
    endloop
  endfacet
  facet normal 0 0 1
    outer loop
      vertex -0.443649 -3.97092 4
      vertex 0 -1.6 4
      vertex -0.208841 -1.58631 4
    endloop
  endfacet
  facet normal 0 0 1
    outer loop
      vertex -0.443649 -3.97092 4
      vertex -0.208841 -1.58631 4
      vertex -0.41411 -1.54548 4
    endloop
  endfacet
  facet normal 0 0 1
    outer loop
      vertex 0 -1.6 4
      vertex -0.443649 -3.97092 4
      vertex 0 -4 4
    endloop
  endfacet
  facet normal 0 0 1
    outer loop
      vertex -1.60124 -3.66074 4
      vertex -0.41411 -1.54548 4
      vertex -0.612293 -1.47821 4
    endloop
  endfacet
  facet normal 0 0 1
    outer loop
      vertex -0.41411 -1.54548 4
      vertex -1.60124 -3.66074 4
      vertex -0.443649 -3.97092 4
    endloop
  endfacet
  facet normal 0 0 1
    outer loop
      vertex -1.60124 -3.66074 4
      vertex -0.612293 -1.47821 4
      vertex -0.799999 -1.38564 4
    endloop
  endfacet
  facet normal 0 0 1
    outer loop
      vertex 1.60124 3.66074 4
      vertex 0.612293 1.47821 4
      vertex 0.799999 1.38564 4
    endloop
  endfacet
  facet normal 0 0 1
    outer loop
      vertex 0.41411 1.54548 4
      vertex 1.60124 3.66074 4
      vertex 0.443649 3.97092 4
    endloop
  endfacet
  facet normal 0 0 1
    outer loop
      vertex 1.60124 3.66074 4
      vertex 0.41411 1.54548 4
      vertex 0.612293 1.47821 4
    endloop
  endfacet
  facet normal 0 0 1
    outer loop
      vertex 0.443649 3.97092 4
      vertex 0.208841 1.58631 4
      vertex 0.41411 1.54548 4
    endloop
  endfacet
  facet normal 0 0 1
    outer loop
      vertex 0 1.6 4
      vertex 0.443649 3.97092 4
      vertex 0 4 4
    endloop
  endfacet
  facet normal 0 0 1
    outer loop
      vertex 0.443649 3.97092 4
      vertex 0 1.6 4
      vertex 0.208841 1.58631 4
    endloop
  endfacet
  facet normal -0 0 1
    outer loop
      vertex -0.443649 3.97092 4
      vertex 0 1.6 4
      vertex 0 4 4
    endloop
  endfacet
  facet normal 0 0 1
    outer loop
      vertex 0 1.6 4
      vertex -0.443649 3.97092 4
      vertex -0.208841 1.58631 4
    endloop
  endfacet
  facet normal 0 0 1
    outer loop
      vertex -0.208841 1.58631 4
      vertex -0.443649 3.97092 4
      vertex -0.41411 1.54548 4
    endloop
  endfacet
  facet normal -0 0 1
    outer loop
      vertex -1.60124 3.66074 4
      vertex -0.41411 1.54548 4
      vertex -0.443649 3.97092 4
    endloop
  endfacet
  facet normal 0 0 1
    outer loop
      vertex -1.60124 3.66074 4
      vertex -0.443649 3.97092 4
      vertex -0.776398 6.94911 4
    endloop
  endfacet
  facet normal 0 0 1
    outer loop
      vertex -0.41411 1.54548 4
      vertex -1.60124 3.66074 4
      vertex -0.612293 1.47821 4
    endloop
  endfacet
  facet normal 0 0 1
    outer loop
      vertex 4.25 7.36121 4
      vertex 3.5 6.06216 4
      vertex 4.14693 5.6299 4
    endloop
  endfacet
  facet normal 0 0 1
    outer loop
      vertex 2.80217 6.4063 4
      vertex 4.25 7.36121 4
      vertex 3.25281 7.85297 4
    endloop
  endfacet
  facet normal 0 0 1
    outer loop
      vertex 4.25 7.36121 4
      vertex 2.80217 6.4063 4
      vertex 3.5 6.06216 4
    endloop
  endfacet
  facet normal 0 0 1
    outer loop
      vertex 2.19995 8.21036 4
      vertex 2.80217 6.4063 4
      vertex 3.25281 7.85297 4
    endloop
  endfacet
  facet normal -0 0 1
    outer loop
      vertex 0.776398 6.94911 4
      vertex 2.80217 6.4063 4
      vertex 2.19995 8.21036 4
    endloop
  endfacet
  facet normal 0 0 1
    outer loop
      vertex 3.66074 -1.60124 4
      vertex 1.38564 -0.799999 4
      vertex 3.4641 -2 4
    endloop
  endfacet
  facet normal 0 0 1
    outer loop
      vertex 2 3.4641 4
      vertex 1.58631 0.208841 4
      vertex 1.6 0 4
    endloop
  endfacet
  facet normal 0 0 1
    outer loop
      vertex 2 3.4641 4
      vertex 1.54548 0.41411 4
      vertex 1.58631 0.208841 4
    endloop
  endfacet
  facet normal 0 0 1
    outer loop
      vertex 2 3.4641 4
      vertex 1.47821 0.612293 4
      vertex 1.54548 0.41411 4
    endloop
  endfacet
  facet normal 0 0 1
    outer loop
      vertex 2 3.4641 4
      vertex 1.38564 0.799999 4
      vertex 1.47821 0.612293 4
    endloop
  endfacet
  facet normal 0 0 1
    outer loop
      vertex 2 3.4641 4
      vertex 1.26937 0.974018 4
      vertex 1.38564 0.799999 4
    endloop
  endfacet
  facet normal 0 0 1
    outer loop
      vertex 2 3.4641 4
      vertex 1.13137 1.13137 4
      vertex 1.26937 0.974018 4
    endloop
  endfacet
  facet normal 0 0 1
    outer loop
      vertex 2.80217 6.4063 4
      vertex 0.776398 6.94911 4
      vertex 1.60124 3.66074 4
    endloop
  endfacet
  facet normal 0 0 1
    outer loop
      vertex 0.776398 6.94911 4
      vertex 2.19995 8.21036 4
      vertex 1.10947 8.42728 4
    endloop
  endfacet
  facet normal -0 0 1
    outer loop
      vertex 0.443649 3.97092 4
      vertex 1.60124 3.66074 4
      vertex 0.776398 6.94911 4
    endloop
  endfacet
  facet normal 0 0 1
    outer loop
      vertex 2 3.4641 4
      vertex 0.974018 1.26937 4
      vertex 1.13137 1.13137 4
    endloop
  endfacet
  facet normal 0 0 1
    outer loop
      vertex 2 3.4641 4
      vertex 0.799999 1.38564 4
      vertex 0.974018 1.26937 4
    endloop
  endfacet
  facet normal 0 0 1
    outer loop
      vertex 0 8.5 4
      vertex 0.776398 6.94911 4
      vertex 1.10947 8.42728 4
    endloop
  endfacet
  facet normal 0 0 1
    outer loop
      vertex 0 8.5 4
      vertex 0 7 4
      vertex 0.776398 6.94911 4
    endloop
  endfacet
  facet normal 0 0 1
    outer loop
      vertex 0 8.5 4
      vertex -0.776398 6.94911 4
      vertex 0 7 4
    endloop
  endfacet
  facet normal 0 0 1
    outer loop
      vertex -0.612293 1.47821 4
      vertex -1.60124 3.66074 4
      vertex -0.799999 1.38564 4
    endloop
  endfacet
  facet normal -0 0 1
    outer loop
      vertex -1.10947 8.42728 4
      vertex -0.776398 6.94911 4
      vertex 0 8.5 4
    endloop
  endfacet
  facet normal -0 0 1
    outer loop
      vertex -2.19995 8.21036 4
      vertex -0.776398 6.94911 4
      vertex -1.10947 8.42728 4
    endloop
  endfacet
  facet normal -0 0 1
    outer loop
      vertex -2 3.4641 4
      vertex -0.799999 1.38564 4
      vertex -1.60124 3.66074 4
    endloop
  endfacet
  facet normal -0 0 1
    outer loop
      vertex -2.36966 3.21709 4
      vertex -0.799999 1.38564 4
      vertex -2 3.4641 4
    endloop
  endfacet
  facet normal 0 0 1
    outer loop
      vertex -0.799999 1.38564 4
      vertex -2.36966 3.21709 4
      vertex -0.974018 1.26937 4
    endloop
  endfacet
  facet normal 0 0 1
    outer loop
      vertex -0.974018 1.26937 4
      vertex -2.36966 3.21709 4
      vertex -1.13137 1.13137 4
    endloop
  endfacet
  facet normal -0 0 1
    outer loop
      vertex -3.21709 2.36966 4
      vertex -1.13137 1.13137 4
      vertex -2.36966 3.21709 4
    endloop
  endfacet
  facet normal 0 0 1
    outer loop
      vertex -1.13137 1.13137 4
      vertex -3.21709 2.36966 4
      vertex -1.26937 0.974018 4
    endloop
  endfacet
  facet normal 0 0 1
    outer loop
      vertex -1.26937 0.974018 4
      vertex -3.21709 2.36966 4
      vertex -1.38564 0.799999 4
    endloop
  endfacet
  facet normal -0 0 1
    outer loop
      vertex -3.4641 2 4
      vertex -1.38564 0.799999 4
      vertex -3.21709 2.36966 4
    endloop
  endfacet
  facet normal 0 0 1
    outer loop
      vertex -0.776398 6.94911 4
      vertex -2.19995 8.21036 4
      vertex -2.80217 6.4063 4
    endloop
  endfacet
  facet normal 0 0 1
    outer loop
      vertex -0.776398 6.94911 4
      vertex -2.80217 6.4063 4
      vertex -1.60124 3.66074 4
    endloop
  endfacet
  facet normal -0 0 1
    outer loop
      vertex -3.25281 7.85297 4
      vertex -2.80217 6.4063 4
      vertex -2.19995 8.21036 4
    endloop
  endfacet
  facet normal -0 0 1
    outer loop
      vertex -4.25 7.36121 4
      vertex -2.80217 6.4063 4
      vertex -3.25281 7.85297 4
    endloop
  endfacet
  facet normal 0 0 1
    outer loop
      vertex -2.80217 6.4063 4
      vertex -4.25 7.36121 4
      vertex -3.5 6.06216 4
    endloop
  endfacet
  facet normal 0 0 1
    outer loop
      vertex -3.5 6.06216 4
      vertex -4.25 7.36121 4
      vertex -4.14693 5.6299 4
    endloop
  endfacet
  facet normal 0 0 1
    outer loop
      vertex 7.36121 4.25 4
      vertex 6.06216 3.5 4
      vertex 6.4063 2.80217 4
    endloop
  endfacet
  facet normal 0 0 1
    outer loop
      vertex 5.6299 4.14693 4
      vertex 6.7435 5.17447 4
      vertex 6.01041 6.01041 4
    endloop
  endfacet
  facet normal 0 0 1
    outer loop
      vertex 7.36121 4.25 4
      vertex 5.6299 4.14693 4
      vertex 6.06216 3.5 4
    endloop
  endfacet
  facet normal 0 0 1
    outer loop
      vertex 4.14693 5.6299 4
      vertex 6.01041 6.01041 4
      vertex 5.17447 6.7435 4
    endloop
  endfacet
  facet normal 0 0 1
    outer loop
      vertex 4.14693 5.6299 4
      vertex 5.17447 6.7435 4
      vertex 4.25 7.36121 4
    endloop
  endfacet
  facet normal 0 0 1
    outer loop
      vertex 6.01041 6.01041 4
      vertex 4.14693 5.6299 4
      vertex 5.6299 4.14693 4
    endloop
  endfacet
  facet normal 0 0 1
    outer loop
      vertex 4.14693 5.6299 4
      vertex 3.21709 2.36966 4
      vertex 5.6299 4.14693 4
    endloop
  endfacet
  facet normal 0 0 1
    outer loop
      vertex 1.6 0 4
      vertex 3.21709 2.36966 4
      vertex 2.36966 3.21709 4
    endloop
  endfacet
  facet normal -0 0 1
    outer loop
      vertex 2.36966 3.21709 4
      vertex 3.21709 2.36966 4
      vertex 4.14693 5.6299 4
    endloop
  endfacet
  facet normal -0 0 1
    outer loop
      vertex 6.94911 0.776398 4
      vertex 8.5 0 4
      vertex 8.42728 1.10947 4
    endloop
  endfacet
  facet normal 0 0 1
    outer loop
      vertex 6.94911 0.776398 4
      vertex 8.42728 1.10947 4
      vertex 8.21036 2.19995 4
    endloop
  endfacet
  facet normal 0 0 1
    outer loop
      vertex 8.5 0 4
      vertex 6.94911 0.776398 4
      vertex 7 0 4
    endloop
  endfacet
  facet normal -0 0 1
    outer loop
      vertex 6.4063 2.80217 4
      vertex 8.21036 2.19995 4
      vertex 7.85297 3.25281 4
    endloop
  endfacet
  facet normal 0 0 1
    outer loop
      vertex 6.94911 -0.776398 4
      vertex 8.5 0 4
      vertex 7 0 4
    endloop
  endfacet
  facet normal 0 0 1
    outer loop
      vertex 6.4063 2.80217 4
      vertex 7.85297 3.25281 4
      vertex 7.36121 4.25 4
    endloop
  endfacet
  facet normal 0 0 1
    outer loop
      vertex 8.42728 -1.10947 4
      vertex 6.94911 -0.776398 4
      vertex 8.21036 -2.19995 4
    endloop
  endfacet
  facet normal 0 0 1
    outer loop
      vertex 6.4063 -2.80217 4
      vertex 8.21036 -2.19995 4
      vertex 6.94911 -0.776398 4
    endloop
  endfacet
  facet normal 0 0 1
    outer loop
      vertex 8.5 0 4
      vertex 6.94911 -0.776398 4
      vertex 8.42728 -1.10947 4
    endloop
  endfacet
  facet normal 0 0 1
    outer loop
      vertex 5.6299 4.14693 4
      vertex 7.36121 4.25 4
      vertex 6.7435 5.17447 4
    endloop
  endfacet
  facet normal 0 0 1
    outer loop
      vertex 8.21036 2.19995 4
      vertex 6.4063 2.80217 4
      vertex 6.94911 0.776398 4
    endloop
  endfacet
  facet normal 0 0 1
    outer loop
      vertex 6.4063 2.80217 4
      vertex 3.97092 0.443649 4
      vertex 6.94911 0.776398 4
    endloop
  endfacet
  facet normal 0 0 1
    outer loop
      vertex 1.6 0 4
      vertex 3.97092 0.443649 4
      vertex 3.66074 1.60124 4
    endloop
  endfacet
  facet normal -0 0 1
    outer loop
      vertex 3.66074 1.60124 4
      vertex 3.97092 0.443649 4
      vertex 6.4063 2.80217 4
    endloop
  endfacet
  facet normal 0 0 1
    outer loop
      vertex 8.21036 -2.19995 4
      vertex 6.4063 -2.80217 4
      vertex 7.85297 -3.25281 4
    endloop
  endfacet
  facet normal 0 0 1
    outer loop
      vertex 7.85297 -3.25281 4
      vertex 6.4063 -2.80217 4
      vertex 7.36121 -4.25 4
    endloop
  endfacet
  facet normal -0 0 1
    outer loop
      vertex 6.06216 -3.5 4
      vertex 7.36121 -4.25 4
      vertex 6.4063 -2.80217 4
    endloop
  endfacet
  facet normal 0 0 1
    outer loop
      vertex 3.97092 -0.443649 4
      vertex 6.4063 -2.80217 4
      vertex 6.94911 -0.776398 4
    endloop
  endfacet
  facet normal 0 0 1
    outer loop
      vertex 3.97092 -0.443649 4
      vertex 3.66074 -1.60124 4
      vertex 6.4063 -2.80217 4
    endloop
  endfacet
  facet normal 0 0 1
    outer loop
      vertex 4 0 4
      vertex 1.6 0 4
      vertex 3.97092 -0.443649 4
    endloop
  endfacet
  facet normal 0 0 1
    outer loop
      vertex 1.6 0 4
      vertex 3.4641 2 4
      vertex 3.21709 2.36966 4
    endloop
  endfacet
  facet normal 0 0 1
    outer loop
      vertex 3.4641 2 4
      vertex 1.6 0 4
      vertex 3.66074 1.60124 4
    endloop
  endfacet
  facet normal -0 0 1
    outer loop
      vertex 1.58631 -0.208841 4
      vertex 3.97092 -0.443649 4
      vertex 1.6 0 4
    endloop
  endfacet
  facet normal -0 0 1
    outer loop
      vertex 1.54548 -0.41411 4
      vertex 3.97092 -0.443649 4
      vertex 1.58631 -0.208841 4
    endloop
  endfacet
  facet normal -0 0 1
    outer loop
      vertex 5.6299 -4.14693 4
      vertex 7.36121 -4.25 4
      vertex 6.06216 -3.5 4
    endloop
  endfacet
  facet normal 0 0 1
    outer loop
      vertex 7.36121 -4.25 4
      vertex 5.6299 -4.14693 4
      vertex 6.7435 -5.17447 4
    endloop
  endfacet
  facet normal 0 0 1
    outer loop
      vertex 6.7435 -5.17447 4
      vertex 5.6299 -4.14693 4
      vertex 6.01041 -6.01041 4
    endloop
  endfacet
  facet normal -0 0 1
    outer loop
      vertex 4.14693 -5.6299 4
      vertex 6.01041 -6.01041 4
      vertex 5.6299 -4.14693 4
    endloop
  endfacet
  facet normal 0 0 1
    outer loop
      vertex 6.01041 -6.01041 4
      vertex 4.14693 -5.6299 4
      vertex 5.17447 -6.7435 4
    endloop
  endfacet
  facet normal 0 0 1
    outer loop
      vertex 5.17447 -6.7435 4
      vertex 4.14693 -5.6299 4
      vertex 4.25 -7.36121 4
    endloop
  endfacet
  facet normal 0 0 1
    outer loop
      vertex 3.21709 -2.36966 4
      vertex 4.14693 -5.6299 4
      vertex 5.6299 -4.14693 4
    endloop
  endfacet
  facet normal 0 0 1
    outer loop
      vertex 3.21709 -2.36966 4
      vertex 2.36966 -3.21709 4
      vertex 4.14693 -5.6299 4
    endloop
  endfacet
  facet normal 0 0 1
    outer loop
      vertex 3.97092 -0.443649 4
      vertex 1.54548 -0.41411 4
      vertex 3.66074 -1.60124 4
    endloop
  endfacet
  facet normal 0 0 1
    outer loop
      vertex 0.799999 1.38564 4
      vertex 2 3.4641 4
      vertex 1.60124 3.66074 4
    endloop
  endfacet
  facet normal 0 0 1
    outer loop
      vertex 2 3.4641 4
      vertex 1.6 0 4
      vertex 2.36966 3.21709 4
    endloop
  endfacet
  facet normal -0 0 1
    outer loop
      vertex 1.47821 -0.612293 4
      vertex 3.66074 -1.60124 4
      vertex 1.54548 -0.41411 4
    endloop
  endfacet
  facet normal -0 0 1
    outer loop
      vertex 1.38564 -0.799999 4
      vertex 3.66074 -1.60124 4
      vertex 1.47821 -0.612293 4
    endloop
  endfacet
  facet normal -0 0 1
    outer loop
      vertex 3.5 -6.06216 4
      vertex 4.25 -7.36121 4
      vertex 4.14693 -5.6299 4
    endloop
  endfacet
  facet normal -0 0 1
    outer loop
      vertex 2.80217 -6.4063 4
      vertex 4.25 -7.36121 4
      vertex 3.5 -6.06216 4
    endloop
  endfacet
  facet normal 0 0 1
    outer loop
      vertex 4.25 -7.36121 4
      vertex 2.80217 -6.4063 4
      vertex 3.25281 -7.85297 4
    endloop
  endfacet
  facet normal 0 0 1
    outer loop
      vertex 2.80217 -6.4063 4
      vertex 2.19995 -8.21036 4
      vertex 3.25281 -7.85297 4
    endloop
  endfacet
  facet normal 0 0 1
    outer loop
      vertex 0.776398 -6.94911 4
      vertex 2.80217 -6.4063 4
      vertex 1.60124 -3.66074 4
    endloop
  endfacet
  facet normal 0 0 1
    outer loop
      vertex 3.4641 -2 4
      vertex 1.38564 -0.799999 4
      vertex 3.21709 -2.36966 4
    endloop
  endfacet
  facet normal -0 0 1
    outer loop
      vertex 1.26937 -0.974018 4
      vertex 3.21709 -2.36966 4
      vertex 1.38564 -0.799999 4
    endloop
  endfacet
  facet normal -0 0 1
    outer loop
      vertex 1.13137 -1.13137 4
      vertex 3.21709 -2.36966 4
      vertex 1.26937 -0.974018 4
    endloop
  endfacet
  facet normal 0 0 1
    outer loop
      vertex 3.21709 -2.36966 4
      vertex 1.13137 -1.13137 4
      vertex 2.36966 -3.21709 4
    endloop
  endfacet
  facet normal -0 0 1
    outer loop
      vertex 0.974018 -1.26937 4
      vertex 2.36966 -3.21709 4
      vertex 1.13137 -1.13137 4
    endloop
  endfacet
  facet normal -0 0 1
    outer loop
      vertex 0.799999 -1.38564 4
      vertex 2.36966 -3.21709 4
      vertex 0.974018 -1.26937 4
    endloop
  endfacet
  facet normal 0 0 1
    outer loop
      vertex 2.36966 -3.21709 4
      vertex 0.799999 -1.38564 4
      vertex 2 -3.4641 4
    endloop
  endfacet
  facet normal 0 0 1
    outer loop
      vertex 2.80217 -6.4063 4
      vertex 0.776398 -6.94911 4
      vertex 2.19995 -8.21036 4
    endloop
  endfacet
  facet normal 0 0 1
    outer loop
      vertex 2 -3.4641 4
      vertex 0.799999 -1.38564 4
      vertex 1.60124 -3.66074 4
    endloop
  endfacet
  facet normal -0 0 1
    outer loop
      vertex 0.612293 -1.47821 4
      vertex 1.60124 -3.66074 4
      vertex 0.799999 -1.38564 4
    endloop
  endfacet
  facet normal 0 0 1
    outer loop
      vertex 2.19995 -8.21036 4
      vertex 0.776398 -6.94911 4
      vertex 1.10947 -8.42728 4
    endloop
  endfacet
  facet normal 0 0 1
    outer loop
      vertex 0 -8.5 4
      vertex 0.776398 -6.94911 4
      vertex 0 -7 4
    endloop
  endfacet
  facet normal 0 0 1
    outer loop
      vertex 0.776398 -6.94911 4
      vertex 0 -8.5 4
      vertex 1.10947 -8.42728 4
    endloop
  endfacet
  facet normal 0 0 1
    outer loop
      vertex -0.776398 -6.94911 4
      vertex 0 -8.5 4
      vertex 0 -7 4
    endloop
  endfacet
  facet normal 0 0 1
    outer loop
      vertex -1.60124 -3.66074 4
      vertex -0.799999 -1.38564 4
      vertex -0.974018 -1.26937 4
    endloop
  endfacet
  facet normal 0 0 1
    outer loop
      vertex -0.776398 -6.94911 4
      vertex -1.10947 -8.42728 4
      vertex 0 -8.5 4
    endloop
  endfacet
  facet normal 0 0 1
    outer loop
      vertex -0.443649 -3.97092 4
      vertex -1.60124 -3.66074 4
      vertex -0.776398 -6.94911 4
    endloop
  endfacet
  facet normal 0 0 1
    outer loop
      vertex -1.60124 -3.66074 4
      vertex -0.974018 -1.26937 4
      vertex -1.13137 -1.13137 4
    endloop
  endfacet
  facet normal 0 0 1
    outer loop
      vertex -1.60124 -3.66074 4
      vertex -1.13137 -1.13137 4
      vertex -1.26937 -0.974018 4
    endloop
  endfacet
  facet normal 0 0 1
    outer loop
      vertex -1.60124 -3.66074 4
      vertex -1.26937 -0.974018 4
      vertex -1.38564 -0.799999 4
    endloop
  endfacet
  facet normal 0 0 1
    outer loop
      vertex -1.60124 -3.66074 4
      vertex -1.38564 -0.799999 4
      vertex -1.47821 -0.612293 4
    endloop
  endfacet
  facet normal 0 0 1
    outer loop
      vertex -1.60124 -3.66074 4
      vertex -1.47821 -0.612293 4
      vertex -1.54548 -0.41411 4
    endloop
  endfacet
  facet normal 0 0 1
    outer loop
      vertex -1.60124 -3.66074 4
      vertex -1.54548 -0.41411 4
      vertex -1.58631 -0.208841 4
    endloop
  endfacet
  facet normal 0 0 1
    outer loop
      vertex -1.60124 -3.66074 4
      vertex -1.58631 -0.208841 4
      vertex -1.6 0 4
    endloop
  endfacet
  facet normal -0 0 1
    outer loop
      vertex -3.66074 1.60124 4
      vertex -1.38564 0.799999 4
      vertex -3.4641 2 4
    endloop
  endfacet
  facet normal -0 0 1
    outer loop
      vertex -2.80217 -6.4063 4
      vertex -0.776398 -6.94911 4
      vertex -1.60124 -3.66074 4
    endloop
  endfacet
  facet normal 0 -0 1
    outer loop
      vertex -2.19995 -8.21036 4
      vertex -0.776398 -6.94911 4
      vertex -2.80217 -6.4063 4
    endloop
  endfacet
  facet normal 0 0 1
    outer loop
      vertex -0.776398 -6.94911 4
      vertex -2.19995 -8.21036 4
      vertex -1.10947 -8.42728 4
    endloop
  endfacet
  facet normal 0 0 1
    outer loop
      vertex -2.80217 -6.4063 4
      vertex -3.25281 -7.85297 4
      vertex -2.19995 -8.21036 4
    endloop
  endfacet
  facet normal 0 0 1
    outer loop
      vertex -4.25 -7.36121 4
      vertex -2.80217 -6.4063 4
      vertex -3.5 -6.06216 4
    endloop
  endfacet
  facet normal 0 0 1
    outer loop
      vertex -4.25 -7.36121 4
      vertex -3.5 -6.06216 4
      vertex -4.14693 -5.6299 4
    endloop
  endfacet
  facet normal 0 0 1
    outer loop
      vertex -2.80217 -6.4063 4
      vertex -4.25 -7.36121 4
      vertex -3.25281 -7.85297 4
    endloop
  endfacet
  facet normal 0 0 1
    outer loop
      vertex 1.6 0 4
      vertex 4 0 4
      vertex 3.97092 0.443649 4
    endloop
  endfacet
  facet normal 0.195099 -0.980784 0
    outer loop
      vertex 1.10947 -8.42728 1.90735e-07
      vertex 2.19995 -8.21036 4
      vertex 1.10947 -8.42728 4
    endloop
  endfacet
  facet normal 0.195099 -0.980784 0
    outer loop
      vertex 2.19995 -8.21036 4
      vertex 1.10947 -8.42728 1.90735e-07
      vertex 2.19995 -8.21036 1.90735e-07
    endloop
  endfacet
  facet normal 0.321433 -0.946932 0
    outer loop
      vertex 2.19995 -8.21036 1.90735e-07
      vertex 3.25281 -7.85297 4
      vertex 2.19995 -8.21036 4
    endloop
  endfacet
  facet normal 0.321433 -0.946932 0
    outer loop
      vertex 3.25281 -7.85297 4
      vertex 2.19995 -8.21036 1.90735e-07
      vertex 3.25281 -7.85297 1.90735e-07
    endloop
  endfacet
  facet normal 0.442289 -0.896873 0
    outer loop
      vertex 3.25281 -7.85297 1.90735e-07
      vertex 4.25 -7.36121 4
      vertex 3.25281 -7.85297 4
    endloop
  endfacet
  facet normal 0.442289 -0.896873 0
    outer loop
      vertex 4.25 -7.36121 4
      vertex 3.25281 -7.85297 1.90735e-07
      vertex 4.25 -7.36121 1.90735e-07
    endloop
  endfacet
  facet normal 0.55557 -0.83147 0
    outer loop
      vertex 4.25 -7.36121 1.90735e-07
      vertex 5.17447 -6.7435 4
      vertex 4.25 -7.36121 4
    endloop
  endfacet
  facet normal 0.55557 -0.83147 0
    outer loop
      vertex 5.17447 -6.7435 4
      vertex 4.25 -7.36121 1.90735e-07
      vertex 5.17447 -6.7435 1.90735e-07
    endloop
  endfacet
  facet normal 0.659341 -0.751844 0
    outer loop
      vertex 5.17447 -6.7435 1.90735e-07
      vertex 6.01041 -6.01041 4
      vertex 5.17447 -6.7435 4
    endloop
  endfacet
  facet normal 0.659341 -0.751844 0
    outer loop
      vertex 6.01041 -6.01041 4
      vertex 5.17447 -6.7435 1.90735e-07
      vertex 6.01041 -6.01041 1.90735e-07
    endloop
  endfacet
  facet normal 0.751844 -0.659341 0
    outer loop
      vertex 6.01041 -6.01041 4
      vertex 6.7435 -5.17447 1.90735e-07
      vertex 6.7435 -5.17447 4
    endloop
  endfacet
  facet normal 0.751844 -0.659341 0
    outer loop
      vertex 6.7435 -5.17447 1.90735e-07
      vertex 6.01041 -6.01041 4
      vertex 6.01041 -6.01041 1.90735e-07
    endloop
  endfacet
  facet normal 0.83147 -0.55557 0
    outer loop
      vertex 6.7435 -5.17447 4
      vertex 7.36121 -4.25 1.90735e-07
      vertex 7.36121 -4.25 4
    endloop
  endfacet
  facet normal 0.83147 -0.55557 0
    outer loop
      vertex 7.36121 -4.25 1.90735e-07
      vertex 6.7435 -5.17447 4
      vertex 6.7435 -5.17447 1.90735e-07
    endloop
  endfacet
  facet normal 0.896873 -0.442289 0
    outer loop
      vertex 7.36121 -4.25 4
      vertex 7.85297 -3.25281 1.90735e-07
      vertex 7.85297 -3.25281 4
    endloop
  endfacet
  facet normal 0.896873 -0.442289 0
    outer loop
      vertex 7.85297 -3.25281 1.90735e-07
      vertex 7.36121 -4.25 4
      vertex 7.36121 -4.25 1.90735e-07
    endloop
  endfacet
  facet normal 0.946932 -0.321433 0
    outer loop
      vertex 7.85297 -3.25281 4
      vertex 8.21036 -2.19995 1.90735e-07
      vertex 8.21036 -2.19995 4
    endloop
  endfacet
  facet normal 0.946932 -0.321433 0
    outer loop
      vertex 8.21036 -2.19995 1.90735e-07
      vertex 7.85297 -3.25281 4
      vertex 7.85297 -3.25281 1.90735e-07
    endloop
  endfacet
  facet normal 0.980784 -0.195099 0
    outer loop
      vertex 8.21036 -2.19995 4
      vertex 8.42728 -1.10947 1.90735e-07
      vertex 8.42728 -1.10947 4
    endloop
  endfacet
  facet normal 0.980784 -0.195099 0
    outer loop
      vertex 8.42728 -1.10947 1.90735e-07
      vertex 8.21036 -2.19995 4
      vertex 8.21036 -2.19995 1.90735e-07
    endloop
  endfacet
  facet normal 0.997859 -0.0654045 0
    outer loop
      vertex 8.42728 -1.10947 4
      vertex 8.5 0 1.90735e-07
      vertex 8.5 0 4
    endloop
  endfacet
  facet normal 0.997859 -0.0654045 0
    outer loop
      vertex 8.5 0 1.90735e-07
      vertex 8.42728 -1.10947 4
      vertex 8.42728 -1.10947 1.90735e-07
    endloop
  endfacet
  facet normal 0.997859 0.0654045 0
    outer loop
      vertex 8.5 0 4
      vertex 8.42728 1.10947 1.90735e-07
      vertex 8.42728 1.10947 4
    endloop
  endfacet
  facet normal 0.997859 0.0654045 0
    outer loop
      vertex 8.42728 1.10947 1.90735e-07
      vertex 8.5 0 4
      vertex 8.5 0 1.90735e-07
    endloop
  endfacet
  facet normal 0.980784 0.195099 0
    outer loop
      vertex 8.42728 1.10947 4
      vertex 8.21036 2.19995 1.90735e-07
      vertex 8.21036 2.19995 4
    endloop
  endfacet
  facet normal 0.980784 0.195099 0
    outer loop
      vertex 8.21036 2.19995 1.90735e-07
      vertex 8.42728 1.10947 4
      vertex 8.42728 1.10947 1.90735e-07
    endloop
  endfacet
  facet normal 0.946932 0.321433 0
    outer loop
      vertex 8.21036 2.19995 4
      vertex 7.85297 3.25281 1.90735e-07
      vertex 7.85297 3.25281 4
    endloop
  endfacet
  facet normal 0.946932 0.321433 0
    outer loop
      vertex 7.85297 3.25281 1.90735e-07
      vertex 8.21036 2.19995 4
      vertex 8.21036 2.19995 1.90735e-07
    endloop
  endfacet
  facet normal 0.896873 0.442289 0
    outer loop
      vertex 7.85297 3.25281 4
      vertex 7.36121 4.25 1.90735e-07
      vertex 7.36121 4.25 4
    endloop
  endfacet
  facet normal 0.896873 0.442289 0
    outer loop
      vertex 7.36121 4.25 1.90735e-07
      vertex 7.85297 3.25281 4
      vertex 7.85297 3.25281 1.90735e-07
    endloop
  endfacet
  facet normal 0.83147 0.55557 0
    outer loop
      vertex 7.36121 4.25 4
      vertex 6.7435 5.17447 1.90735e-07
      vertex 6.7435 5.17447 4
    endloop
  endfacet
  facet normal 0.83147 0.55557 0
    outer loop
      vertex 6.7435 5.17447 1.90735e-07
      vertex 7.36121 4.25 4
      vertex 7.36121 4.25 1.90735e-07
    endloop
  endfacet
  facet normal 0.751844 0.659341 0
    outer loop
      vertex 6.7435 5.17447 4
      vertex 6.01041 6.01041 1.90735e-07
      vertex 6.01041 6.01041 4
    endloop
  endfacet
  facet normal 0.751844 0.659341 0
    outer loop
      vertex 6.01041 6.01041 1.90735e-07
      vertex 6.7435 5.17447 4
      vertex 6.7435 5.17447 1.90735e-07
    endloop
  endfacet
  facet normal 0.659341 0.751844 -0
    outer loop
      vertex 6.01041 6.01041 1.90735e-07
      vertex 5.17447 6.7435 4
      vertex 6.01041 6.01041 4
    endloop
  endfacet
  facet normal 0.659341 0.751844 0
    outer loop
      vertex 5.17447 6.7435 4
      vertex 6.01041 6.01041 1.90735e-07
      vertex 5.17447 6.7435 1.90735e-07
    endloop
  endfacet
  facet normal 0.55557 0.83147 -0
    outer loop
      vertex 5.17447 6.7435 1.90735e-07
      vertex 4.25 7.36121 4
      vertex 5.17447 6.7435 4
    endloop
  endfacet
  facet normal 0.55557 0.83147 0
    outer loop
      vertex 4.25 7.36121 4
      vertex 5.17447 6.7435 1.90735e-07
      vertex 4.25 7.36121 1.90735e-07
    endloop
  endfacet
  facet normal 0.442289 0.896873 -0
    outer loop
      vertex 4.25 7.36121 1.90735e-07
      vertex 3.25281 7.85297 4
      vertex 4.25 7.36121 4
    endloop
  endfacet
  facet normal 0.442289 0.896873 0
    outer loop
      vertex 3.25281 7.85297 4
      vertex 4.25 7.36121 1.90735e-07
      vertex 3.25281 7.85297 1.90735e-07
    endloop
  endfacet
  facet normal 0.321433 0.946932 -0
    outer loop
      vertex 3.25281 7.85297 1.90735e-07
      vertex 2.19995 8.21036 4
      vertex 3.25281 7.85297 4
    endloop
  endfacet
  facet normal 0.321433 0.946932 0
    outer loop
      vertex 2.19995 8.21036 4
      vertex 3.25281 7.85297 1.90735e-07
      vertex 2.19995 8.21036 1.90735e-07
    endloop
  endfacet
  facet normal 0.195099 0.980784 -0
    outer loop
      vertex 2.19995 8.21036 1.90735e-07
      vertex 1.10947 8.42728 4
      vertex 2.19995 8.21036 4
    endloop
  endfacet
  facet normal 0.195099 0.980784 0
    outer loop
      vertex 1.10947 8.42728 4
      vertex 2.19995 8.21036 1.90735e-07
      vertex 1.10947 8.42728 1.90735e-07
    endloop
  endfacet
  facet normal 0.0654045 0.997859 -0
    outer loop
      vertex 1.10947 8.42728 1.90735e-07
      vertex 0 8.5 4
      vertex 1.10947 8.42728 4
    endloop
  endfacet
  facet normal 0.0654045 0.997859 0
    outer loop
      vertex 0 8.5 4
      vertex 1.10947 8.42728 1.90735e-07
      vertex 0 8.5 1.90735e-07
    endloop
  endfacet
  facet normal -0.0654045 0.997859 0
    outer loop
      vertex 0 8.5 1.90735e-07
      vertex -1.10947 8.42728 4
      vertex 0 8.5 4
    endloop
  endfacet
  facet normal -0.0654045 0.997859 0
    outer loop
      vertex -1.10947 8.42728 4
      vertex 0 8.5 1.90735e-07
      vertex -1.10947 8.42728 1.90735e-07
    endloop
  endfacet
  facet normal -0.195099 0.980784 0
    outer loop
      vertex -1.10947 8.42728 1.90735e-07
      vertex -2.19995 8.21036 4
      vertex -1.10947 8.42728 4
    endloop
  endfacet
  facet normal -0.195099 0.980784 0
    outer loop
      vertex -2.19995 8.21036 4
      vertex -1.10947 8.42728 1.90735e-07
      vertex -2.19995 8.21036 1.90735e-07
    endloop
  endfacet
  facet normal -0.321433 0.946932 0
    outer loop
      vertex -2.19995 8.21036 1.90735e-07
      vertex -3.25281 7.85297 4
      vertex -2.19995 8.21036 4
    endloop
  endfacet
  facet normal -0.321433 0.946932 0
    outer loop
      vertex -3.25281 7.85297 4
      vertex -2.19995 8.21036 1.90735e-07
      vertex -3.25281 7.85297 1.90735e-07
    endloop
  endfacet
  facet normal -0.442289 0.896873 0
    outer loop
      vertex -3.25281 7.85297 1.90735e-07
      vertex -4.25 7.36121 4
      vertex -3.25281 7.85297 4
    endloop
  endfacet
  facet normal -0.442289 0.896873 0
    outer loop
      vertex -4.25 7.36121 4
      vertex -3.25281 7.85297 1.90735e-07
      vertex -4.25 7.36121 1.90735e-07
    endloop
  endfacet
  facet normal -0.55557 0.83147 0
    outer loop
      vertex -4.25 7.36121 1.90735e-07
      vertex -5.17447 6.7435 4
      vertex -4.25 7.36121 4
    endloop
  endfacet
  facet normal -0.55557 0.83147 0
    outer loop
      vertex -5.17447 6.7435 4
      vertex -4.25 7.36121 1.90735e-07
      vertex -5.17447 6.7435 1.90735e-07
    endloop
  endfacet
  facet normal -0.659341 0.751844 0
    outer loop
      vertex -5.17447 6.7435 1.90735e-07
      vertex -6.01041 6.01041 4
      vertex -5.17447 6.7435 4
    endloop
  endfacet
  facet normal -0.659341 0.751844 0
    outer loop
      vertex -6.01041 6.01041 4
      vertex -5.17447 6.7435 1.90735e-07
      vertex -6.01041 6.01041 1.90735e-07
    endloop
  endfacet
  facet normal -0.751844 0.659341 0
    outer loop
      vertex -6.7435 5.17447 1.90735e-07
      vertex -6.01041 6.01041 4
      vertex -6.01041 6.01041 1.90735e-07
    endloop
  endfacet
  facet normal -0.751844 0.659341 0
    outer loop
      vertex -6.01041 6.01041 4
      vertex -6.7435 5.17447 1.90735e-07
      vertex -6.7435 5.17447 4
    endloop
  endfacet
  facet normal -0.83147 0.55557 0
    outer loop
      vertex -7.36121 4.25 1.90735e-07
      vertex -6.7435 5.17447 4
      vertex -6.7435 5.17447 1.90735e-07
    endloop
  endfacet
  facet normal -0.83147 0.55557 0
    outer loop
      vertex -6.7435 5.17447 4
      vertex -7.36121 4.25 1.90735e-07
      vertex -7.36121 4.25 4
    endloop
  endfacet
  facet normal -0.896873 0.442289 0
    outer loop
      vertex -7.85297 3.25281 1.90735e-07
      vertex -7.36121 4.25 4
      vertex -7.36121 4.25 1.90735e-07
    endloop
  endfacet
  facet normal -0.896873 0.442289 0
    outer loop
      vertex -7.36121 4.25 4
      vertex -7.85297 3.25281 1.90735e-07
      vertex -7.85297 3.25281 4
    endloop
  endfacet
  facet normal -0.946939 0.321415 0
    outer loop
      vertex -7.93878 3 1.90735e-07
      vertex -7.85297 3.25281 4
      vertex -7.85297 3.25281 1.90735e-07
    endloop
  endfacet
  facet normal -0.946939 0.321415 0
    outer loop
      vertex -7.85297 3.25281 4
      vertex -7.93878 3 1.90735e-07
      vertex -7.93878 3 4
    endloop
  endfacet
  facet normal 0 1 -0
    outer loop
      vertex -7.93878 3 1.90735e-07
      vertex -53 3 4
      vertex -7.93878 3 4
    endloop
  endfacet
  facet normal 0 1 0
    outer loop
      vertex -53 3 4
      vertex -7.93878 3 1.90735e-07
      vertex -53 3 1.90735e-07
    endloop
  endfacet
  facet normal -1 0 0
    outer loop
      vertex -53 -3 1.90735e-07
      vertex -53 3 4
      vertex -53 3 1.90735e-07
    endloop
  endfacet
  facet normal -1 -0 0
    outer loop
      vertex -53 3 4
      vertex -53 -3 1.90735e-07
      vertex -53 -3 4
    endloop
  endfacet
  facet normal 0 -1 0
    outer loop
      vertex -53 -3 1.90735e-07
      vertex -7.93878 -3 4
      vertex -53 -3 4
    endloop
  endfacet
  facet normal 0 -1 -0
    outer loop
      vertex -7.93878 -3 4
      vertex -53 -3 1.90735e-07
      vertex -7.93878 -3 1.90735e-07
    endloop
  endfacet
  facet normal -0.946939 -0.321415 0
    outer loop
      vertex -7.85297 -3.25281 1.90735e-07
      vertex -7.93878 -3 4
      vertex -7.93878 -3 1.90735e-07
    endloop
  endfacet
  facet normal -0.946939 -0.321415 0
    outer loop
      vertex -7.93878 -3 4
      vertex -7.85297 -3.25281 1.90735e-07
      vertex -7.85297 -3.25281 4
    endloop
  endfacet
  facet normal -0.896873 -0.442289 0
    outer loop
      vertex -7.36121 -4.25 1.90735e-07
      vertex -7.85297 -3.25281 4
      vertex -7.85297 -3.25281 1.90735e-07
    endloop
  endfacet
  facet normal -0.896873 -0.442289 0
    outer loop
      vertex -7.85297 -3.25281 4
      vertex -7.36121 -4.25 1.90735e-07
      vertex -7.36121 -4.25 4
    endloop
  endfacet
  facet normal -0.83147 -0.55557 0
    outer loop
      vertex -6.7435 -5.17447 1.90735e-07
      vertex -7.36121 -4.25 4
      vertex -7.36121 -4.25 1.90735e-07
    endloop
  endfacet
  facet normal -0.83147 -0.55557 0
    outer loop
      vertex -7.36121 -4.25 4
      vertex -6.7435 -5.17447 1.90735e-07
      vertex -6.7435 -5.17447 4
    endloop
  endfacet
  facet normal -0.751844 -0.659341 0
    outer loop
      vertex -6.01041 -6.01041 1.90735e-07
      vertex -6.7435 -5.17447 4
      vertex -6.7435 -5.17447 1.90735e-07
    endloop
  endfacet
  facet normal -0.751844 -0.659341 0
    outer loop
      vertex -6.7435 -5.17447 4
      vertex -6.01041 -6.01041 1.90735e-07
      vertex -6.01041 -6.01041 4
    endloop
  endfacet
  facet normal -0.659341 -0.751844 0
    outer loop
      vertex -6.01041 -6.01041 1.90735e-07
      vertex -5.17447 -6.7435 4
      vertex -6.01041 -6.01041 4
    endloop
  endfacet
  facet normal -0.659341 -0.751844 -0
    outer loop
      vertex -5.17447 -6.7435 4
      vertex -6.01041 -6.01041 1.90735e-07
      vertex -5.17447 -6.7435 1.90735e-07
    endloop
  endfacet
  facet normal -0.55557 -0.83147 0
    outer loop
      vertex -5.17447 -6.7435 1.90735e-07
      vertex -4.25 -7.36121 4
      vertex -5.17447 -6.7435 4
    endloop
  endfacet
  facet normal -0.55557 -0.83147 -0
    outer loop
      vertex -4.25 -7.36121 4
      vertex -5.17447 -6.7435 1.90735e-07
      vertex -4.25 -7.36121 1.90735e-07
    endloop
  endfacet
  facet normal -0.442289 -0.896873 0
    outer loop
      vertex -4.25 -7.36121 1.90735e-07
      vertex -3.25281 -7.85297 4
      vertex -4.25 -7.36121 4
    endloop
  endfacet
  facet normal -0.442289 -0.896873 -0
    outer loop
      vertex -3.25281 -7.85297 4
      vertex -4.25 -7.36121 1.90735e-07
      vertex -3.25281 -7.85297 1.90735e-07
    endloop
  endfacet
  facet normal -0.321433 -0.946932 0
    outer loop
      vertex -3.25281 -7.85297 1.90735e-07
      vertex -2.19995 -8.21036 4
      vertex -3.25281 -7.85297 4
    endloop
  endfacet
  facet normal -0.321433 -0.946932 -0
    outer loop
      vertex -2.19995 -8.21036 4
      vertex -3.25281 -7.85297 1.90735e-07
      vertex -2.19995 -8.21036 1.90735e-07
    endloop
  endfacet
  facet normal -0.195099 -0.980784 0
    outer loop
      vertex -2.19995 -8.21036 1.90735e-07
      vertex -1.10947 -8.42728 4
      vertex -2.19995 -8.21036 4
    endloop
  endfacet
  facet normal -0.195099 -0.980784 -0
    outer loop
      vertex -1.10947 -8.42728 4
      vertex -2.19995 -8.21036 1.90735e-07
      vertex -1.10947 -8.42728 1.90735e-07
    endloop
  endfacet
  facet normal -0.0654045 -0.997859 0
    outer loop
      vertex -1.10947 -8.42728 1.90735e-07
      vertex 0 -8.5 4
      vertex -1.10947 -8.42728 4
    endloop
  endfacet
  facet normal -0.0654045 -0.997859 -0
    outer loop
      vertex 0 -8.5 4
      vertex -1.10947 -8.42728 1.90735e-07
      vertex 0 -8.5 1.90735e-07
    endloop
  endfacet
  facet normal 0.0654045 -0.997859 0
    outer loop
      vertex 0 -8.5 1.90735e-07
      vertex 1.10947 -8.42728 4
      vertex 0 -8.5 4
    endloop
  endfacet
  facet normal 0.0654045 -0.997859 0
    outer loop
      vertex 1.10947 -8.42728 4
      vertex 0 -8.5 1.90735e-07
      vertex 1.10947 -8.42728 1.90735e-07
    endloop
  endfacet
  facet normal 0 0 1
    outer loop
      vertex 0 4 5.4
      vertex 0.776398 6.94911 5.4
      vertex 0 7 5.4
    endloop
  endfacet
  facet normal 0 0 1
    outer loop
      vertex 0.776398 6.94911 5.4
      vertex 0 4 5.4
      vertex 0.443649 3.97092 5.4
    endloop
  endfacet
  facet normal -0 0 1
    outer loop
      vertex -0.776398 6.94911 5.4
      vertex 0 4 5.4
      vertex 0 7 5.4
    endloop
  endfacet
  facet normal 0 0 1
    outer loop
      vertex 0 4 5.4
      vertex -0.776398 6.94911 5.4
      vertex -0.443649 3.97092 5.4
    endloop
  endfacet
  facet normal 0 0 1
    outer loop
      vertex 2 3.4641 5.4
      vertex 3.5 6.06216 5.4
      vertex 2.80217 6.4063 5.4
    endloop
  endfacet
  facet normal 0 0 1
    outer loop
      vertex 3.5 6.06216 5.4
      vertex 2 3.4641 5.4
      vertex 4.14693 5.6299 5.4
    endloop
  endfacet
  facet normal 0 0 1
    outer loop
      vertex 4.14693 5.6299 5.4
      vertex 2 3.4641 5.4
      vertex 2.36966 3.21709 5.4
    endloop
  endfacet
  facet normal 0 -0 1
    outer loop
      vertex 2 3.4641 5.4
      vertex 2.80217 6.4063 5.4
      vertex 1.60124 3.66074 5.4
    endloop
  endfacet
  facet normal 0 0 1
    outer loop
      vertex 3.4641 2 5.4
      vertex 6.06216 3.5 5.4
      vertex 5.6299 4.14693 5.4
    endloop
  endfacet
  facet normal 0 0 1
    outer loop
      vertex 6.06216 3.5 5.4
      vertex 3.4641 2 5.4
      vertex 6.4063 2.80217 5.4
    endloop
  endfacet
  facet normal 0 0 1
    outer loop
      vertex 6.4063 2.80217 5.4
      vertex 3.4641 2 5.4
      vertex 3.66074 1.60124 5.4
    endloop
  endfacet
  facet normal 0 -0 1
    outer loop
      vertex 3.4641 2 5.4
      vertex 5.6299 4.14693 5.4
      vertex 3.21709 2.36966 5.4
    endloop
  endfacet
  facet normal 0 0 1
    outer loop
      vertex -2.80217 6.4063 5.4
      vertex -2 3.4641 5.4
      vertex -1.60124 3.66074 5.4
    endloop
  endfacet
  facet normal -0 0 1
    outer loop
      vertex -3.5 6.06216 5.4
      vertex -2 3.4641 5.4
      vertex -2.80217 6.4063 5.4
    endloop
  endfacet
  facet normal -0 0 1
    outer loop
      vertex -4.14693 5.6299 5.4
      vertex -2 3.4641 5.4
      vertex -3.5 6.06216 5.4
    endloop
  endfacet
  facet normal 0 0 1
    outer loop
      vertex -2 3.4641 5.4
      vertex -4.14693 5.6299 5.4
      vertex -2.36966 3.21709 5.4
    endloop
  endfacet
  facet normal 0 0 1
    outer loop
      vertex 4 0 5.4
      vertex 7 0 5.4
      vertex 6.94911 0.776398 5.4
    endloop
  endfacet
  facet normal 0 0 1
    outer loop
      vertex 7 0 5.4
      vertex 4 0 5.4
      vertex 6.94911 -0.776398 5.4
    endloop
  endfacet
  facet normal 0 -0 1
    outer loop
      vertex 4 0 5.4
      vertex 6.94911 0.776398 5.4
      vertex 3.97092 0.443649 5.4
    endloop
  endfacet
  facet normal 0 0 1
    outer loop
      vertex 6.94911 -0.776398 5.4
      vertex 4 0 5.4
      vertex 3.97092 -0.443649 5.4
    endloop
  endfacet
  facet normal 0 0 1
    outer loop
      vertex -5.6299 4.14693 5.4
      vertex -3.4641 2 5.4
      vertex -3.21709 2.36966 5.4
    endloop
  endfacet
  facet normal -0 0 1
    outer loop
      vertex -6.06216 3.5 5.4
      vertex -3.4641 2 5.4
      vertex -5.6299 4.14693 5.4
    endloop
  endfacet
  facet normal -0 0 1
    outer loop
      vertex -6.4063 2.80217 5.4
      vertex -3.4641 2 5.4
      vertex -6.06216 3.5 5.4
    endloop
  endfacet
  facet normal 0 0 1
    outer loop
      vertex -3.4641 2 5.4
      vertex -6.4063 2.80217 5.4
      vertex -3.66074 1.60124 5.4
    endloop
  endfacet
  facet normal 0 0 1
    outer loop
      vertex -3.97092 0.443649 5.4
      vertex -6.94911 0.776398 5.4
      vertex -4 0 5.4
    endloop
  endfacet
  facet normal 0 0 1
    outer loop
      vertex -7 0 5.4
      vertex -4 0 5.4
      vertex -6.94911 0.776398 5.4
    endloop
  endfacet
  facet normal 0 -0 1
    outer loop
      vertex -6.94911 -0.776398 5.4
      vertex -4 0 5.4
      vertex -7 0 5.4
    endloop
  endfacet
  facet normal 0 0 1
    outer loop
      vertex -4 0 5.4
      vertex -6.94911 -0.776398 5.4
      vertex -3.97092 -0.443649 5.4
    endloop
  endfacet
  facet normal 0 0 1
    outer loop
      vertex -3.4641 -2 5.4
      vertex -5.6299 -4.14693 5.4
      vertex -3.21709 -2.36966 5.4
    endloop
  endfacet
  facet normal 0 0 1
    outer loop
      vertex -6.4063 -2.80217 5.4
      vertex -3.4641 -2 5.4
      vertex -3.66074 -1.60124 5.4
    endloop
  endfacet
  facet normal 0 0 1
    outer loop
      vertex -3.4641 -2 5.4
      vertex -6.06216 -3.5 5.4
      vertex -5.6299 -4.14693 5.4
    endloop
  endfacet
  facet normal 0 0 1
    outer loop
      vertex -3.4641 -2 5.4
      vertex -6.4063 -2.80217 5.4
      vertex -6.06216 -3.5 5.4
    endloop
  endfacet
  facet normal 0 0 1
    outer loop
      vertex 3.4641 -2 5.4
      vertex 6.06216 -3.5 5.4
      vertex 6.4063 -2.80217 5.4
    endloop
  endfacet
  facet normal -0 0 1
    outer loop
      vertex 3.4641 -2 5.4
      vertex 6.4063 -2.80217 5.4
      vertex 3.66074 -1.60124 5.4
    endloop
  endfacet
  facet normal 0 0 1
    outer loop
      vertex 6.06216 -3.5 5.4
      vertex 3.4641 -2 5.4
      vertex 5.6299 -4.14693 5.4
    endloop
  endfacet
  facet normal 0 0 1
    outer loop
      vertex 5.6299 -4.14693 5.4
      vertex 3.4641 -2 5.4
      vertex 3.21709 -2.36966 5.4
    endloop
  endfacet
  facet normal 0 0 1
    outer loop
      vertex -2 -3.4641 5.4
      vertex -2.80217 -6.4063 5.4
      vertex -1.60124 -3.66074 5.4
    endloop
  endfacet
  facet normal 0 0 1
    outer loop
      vertex -4.14693 -5.6299 5.4
      vertex -2 -3.4641 5.4
      vertex -2.36966 -3.21709 5.4
    endloop
  endfacet
  facet normal 0 0 1
    outer loop
      vertex -2 -3.4641 5.4
      vertex -3.5 -6.06216 5.4
      vertex -2.80217 -6.4063 5.4
    endloop
  endfacet
  facet normal 0 0 1
    outer loop
      vertex -2 -3.4641 5.4
      vertex -4.14693 -5.6299 5.4
      vertex -3.5 -6.06216 5.4
    endloop
  endfacet
  facet normal 0 0 1
    outer loop
      vertex 2 -3.4641 5.4
      vertex 3.5 -6.06216 5.4
      vertex 4.14693 -5.6299 5.4
    endloop
  endfacet
  facet normal -0 0 1
    outer loop
      vertex 2 -3.4641 5.4
      vertex 4.14693 -5.6299 5.4
      vertex 2.36966 -3.21709 5.4
    endloop
  endfacet
  facet normal 0 0 1
    outer loop
      vertex 3.5 -6.06216 5.4
      vertex 2 -3.4641 5.4
      vertex 2.80217 -6.4063 5.4
    endloop
  endfacet
  facet normal 0 0 1
    outer loop
      vertex 2.80217 -6.4063 5.4
      vertex 2 -3.4641 5.4
      vertex 1.60124 -3.66074 5.4
    endloop
  endfacet
  facet normal -0 0 1
    outer loop
      vertex 0 -4 5.4
      vertex 0.776398 -6.94911 5.4
      vertex 0.443649 -3.97092 5.4
    endloop
  endfacet
  facet normal 0 0 1
    outer loop
      vertex 0 -4 5.4
      vertex 0 -7 5.4
      vertex 0.776398 -6.94911 5.4
    endloop
  endfacet
  facet normal 0 0 1
    outer loop
      vertex -0.776398 -6.94911 5.4
      vertex 0 -4 5.4
      vertex -0.443649 -3.97092 5.4
    endloop
  endfacet
  facet normal 0 0 1
    outer loop
      vertex 0 -4 5.4
      vertex -0.776398 -6.94911 5.4
      vertex 0 -7 5.4
    endloop
  endfacet
  facet normal 0.0654059 0.997859 -0
    outer loop
      vertex 0.776398 6.94911 4
      vertex 0 7 5.4
      vertex 0.776398 6.94911 5.4
    endloop
  endfacet
  facet normal 0.0654059 0.997859 0
    outer loop
      vertex 0 7 5.4
      vertex 0.776398 6.94911 4
      vertex 0 7 4
    endloop
  endfacet
  facet normal -0.0654059 0.997859 0
    outer loop
      vertex 0 7 4
      vertex -0.776398 6.94911 5.4
      vertex 0 7 5.4
    endloop
  endfacet
  facet normal -0.0654059 0.997859 0
    outer loop
      vertex -0.776398 6.94911 5.4
      vertex 0 7 4
      vertex -0.776398 6.94911 4
    endloop
  endfacet
  facet normal -0.993816 -0.111038 0
    outer loop
      vertex -0.443649 3.97092 4
      vertex -0.776398 6.94911 5.4
      vertex -0.776398 6.94911 4
    endloop
  endfacet
  facet normal -0.993816 -0.111038 0
    outer loop
      vertex -0.776398 6.94911 5.4
      vertex -0.443649 3.97092 4
      vertex -0.443649 3.97092 5.4
    endloop
  endfacet
  facet normal 0.065407 -0.997859 0
    outer loop
      vertex -0.443649 3.97092 4
      vertex 0 4 5.4
      vertex -0.443649 3.97092 5.4
    endloop
  endfacet
  facet normal 0.065407 -0.997859 0
    outer loop
      vertex 0 4 5.4
      vertex -0.443649 3.97092 4
      vertex 0 4 4
    endloop
  endfacet
  facet normal -0.065407 -0.997859 0
    outer loop
      vertex 0 4 4
      vertex 0.443649 3.97092 5.4
      vertex 0 4 5.4
    endloop
  endfacet
  facet normal -0.065407 -0.997859 -0
    outer loop
      vertex 0.443649 3.97092 5.4
      vertex 0 4 4
      vertex 0.443649 3.97092 4
    endloop
  endfacet
  facet normal 0.993816 -0.111038 0
    outer loop
      vertex 0.443649 3.97092 5.4
      vertex 0.776398 6.94911 4
      vertex 0.776398 6.94911 5.4
    endloop
  endfacet
  facet normal 0.993816 -0.111038 0
    outer loop
      vertex 0.776398 6.94911 4
      vertex 0.443649 3.97092 5.4
      vertex 0.443649 3.97092 4
    endloop
  endfacet
  facet normal 0.555566 0.831472 -0
    outer loop
      vertex 4.14693 5.6299 4
      vertex 3.5 6.06216 5.4
      vertex 4.14693 5.6299 5.4
    endloop
  endfacet
  facet normal 0.555566 0.831472 0
    outer loop
      vertex 3.5 6.06216 5.4
      vertex 4.14693 5.6299 4
      vertex 3.5 6.06216 4
    endloop
  endfacet
  facet normal 0.442297 0.896868 -0
    outer loop
      vertex 3.5 6.06216 4
      vertex 2.80217 6.4063 5.4
      vertex 3.5 6.06216 5.4
    endloop
  endfacet
  facet normal 0.442297 0.896868 0
    outer loop
      vertex 2.80217 6.4063 5.4
      vertex 3.5 6.06216 4
      vertex 2.80217 6.4063 4
    endloop
  endfacet
  facet normal -0.916188 0.400748 0
    outer loop
      vertex 1.60124 3.66074 4
      vertex 2.80217 6.4063 5.4
      vertex 2.80217 6.4063 4
    endloop
  endfacet
  facet normal -0.916188 0.400748 0
    outer loop
      vertex 2.80217 6.4063 5.4
      vertex 1.60124 3.66074 4
      vertex 1.60124 3.66074 5.4
    endloop
  endfacet
  facet normal -0.442277 -0.896879 0
    outer loop
      vertex 1.60124 3.66074 4
      vertex 2 3.4641 5.4
      vertex 1.60124 3.66074 5.4
    endloop
  endfacet
  facet normal -0.442277 -0.896879 -0
    outer loop
      vertex 2 3.4641 5.4
      vertex 1.60124 3.66074 4
      vertex 2 3.4641 4
    endloop
  endfacet
  facet normal -0.555587 -0.831458 0
    outer loop
      vertex 2 3.4641 4
      vertex 2.36966 3.21709 5.4
      vertex 2 3.4641 5.4
    endloop
  endfacet
  facet normal -0.555587 -0.831458 -0
    outer loop
      vertex 2.36966 3.21709 5.4
      vertex 2 3.4641 4
      vertex 2.36966 3.21709 4
    endloop
  endfacet
  facet normal 0.80515 -0.593071 0
    outer loop
      vertex 2.36966 3.21709 5.4
      vertex 4.14693 5.6299 4
      vertex 4.14693 5.6299 5.4
    endloop
  endfacet
  facet normal 0.80515 -0.593071 0
    outer loop
      vertex 4.14693 5.6299 4
      vertex 2.36966 3.21709 5.4
      vertex 2.36966 3.21709 4
    endloop
  endfacet
  facet normal 0.442277 -0.896879 0
    outer loop
      vertex -2 3.4641 4
      vertex -1.60124 3.66074 5.4
      vertex -2 3.4641 5.4
    endloop
  endfacet
  facet normal 0.442277 -0.896879 0
    outer loop
      vertex -1.60124 3.66074 5.4
      vertex -2 3.4641 4
      vertex -1.60124 3.66074 4
    endloop
  endfacet
  facet normal 0.916188 0.400748 0
    outer loop
      vertex -1.60124 3.66074 5.4
      vertex -2.80217 6.4063 4
      vertex -2.80217 6.4063 5.4
    endloop
  endfacet
  facet normal 0.916188 0.400748 0
    outer loop
      vertex -2.80217 6.4063 4
      vertex -1.60124 3.66074 5.4
      vertex -1.60124 3.66074 4
    endloop
  endfacet
  facet normal -0.442297 0.896868 0
    outer loop
      vertex -2.80217 6.4063 4
      vertex -3.5 6.06216 5.4
      vertex -2.80217 6.4063 5.4
    endloop
  endfacet
  facet normal -0.442297 0.896868 0
    outer loop
      vertex -3.5 6.06216 5.4
      vertex -2.80217 6.4063 4
      vertex -3.5 6.06216 4
    endloop
  endfacet
  facet normal -0.555566 0.831472 0
    outer loop
      vertex -3.5 6.06216 4
      vertex -4.14693 5.6299 5.4
      vertex -3.5 6.06216 5.4
    endloop
  endfacet
  facet normal -0.555566 0.831472 0
    outer loop
      vertex -4.14693 5.6299 5.4
      vertex -3.5 6.06216 4
      vertex -4.14693 5.6299 4
    endloop
  endfacet
  facet normal -0.80515 -0.593071 0
    outer loop
      vertex -2.36966 3.21709 4
      vertex -4.14693 5.6299 5.4
      vertex -4.14693 5.6299 4
    endloop
  endfacet
  facet normal -0.80515 -0.593071 0
    outer loop
      vertex -4.14693 5.6299 5.4
      vertex -2.36966 3.21709 4
      vertex -2.36966 3.21709 5.4
    endloop
  endfacet
  facet normal 0.555587 -0.831458 0
    outer loop
      vertex -2.36966 3.21709 4
      vertex -2 3.4641 5.4
      vertex -2.36966 3.21709 5.4
    endloop
  endfacet
  facet normal 0.555587 -0.831458 0
    outer loop
      vertex -2 3.4641 5.4
      vertex -2.36966 3.21709 4
      vertex -2 3.4641 4
    endloop
  endfacet
  facet normal 0.896868 0.442297 0
    outer loop
      vertex 6.4063 2.80217 5.4
      vertex 6.06216 3.5 4
      vertex 6.06216 3.5 5.4
    endloop
  endfacet
  facet normal 0.896868 0.442297 0
    outer loop
      vertex 6.06216 3.5 4
      vertex 6.4063 2.80217 5.4
      vertex 6.4063 2.80217 4
    endloop
  endfacet
  facet normal 0.831472 0.555566 0
    outer loop
      vertex 6.06216 3.5 5.4
      vertex 5.6299 4.14693 4
      vertex 5.6299 4.14693 5.4
    endloop
  endfacet
  facet normal 0.831472 0.555566 0
    outer loop
      vertex 5.6299 4.14693 4
      vertex 6.06216 3.5 5.4
      vertex 6.06216 3.5 4
    endloop
  endfacet
  facet normal -0.593071 0.80515 0
    outer loop
      vertex 5.6299 4.14693 4
      vertex 3.21709 2.36966 5.4
      vertex 5.6299 4.14693 5.4
    endloop
  endfacet
  facet normal -0.593071 0.80515 0
    outer loop
      vertex 3.21709 2.36966 5.4
      vertex 5.6299 4.14693 4
      vertex 3.21709 2.36966 4
    endloop
  endfacet
  facet normal -0.831458 -0.555587 0
    outer loop
      vertex 3.4641 2 4
      vertex 3.21709 2.36966 5.4
      vertex 3.21709 2.36966 4
    endloop
  endfacet
  facet normal -0.831458 -0.555587 0
    outer loop
      vertex 3.21709 2.36966 5.4
      vertex 3.4641 2 4
      vertex 3.4641 2 5.4
    endloop
  endfacet
  facet normal -0.896879 -0.442277 0
    outer loop
      vertex 3.66074 1.60124 4
      vertex 3.4641 2 5.4
      vertex 3.4641 2 4
    endloop
  endfacet
  facet normal -0.896879 -0.442277 0
    outer loop
      vertex 3.4641 2 5.4
      vertex 3.66074 1.60124 4
      vertex 3.66074 1.60124 5.4
    endloop
  endfacet
  facet normal 0.400748 -0.916188 0
    outer loop
      vertex 3.66074 1.60124 4
      vertex 6.4063 2.80217 5.4
      vertex 3.66074 1.60124 5.4
    endloop
  endfacet
  facet normal 0.400748 -0.916188 0
    outer loop
      vertex 6.4063 2.80217 5.4
      vertex 3.66074 1.60124 4
      vertex 6.4063 2.80217 4
    endloop
  endfacet
  facet normal 0.831458 -0.555587 0
    outer loop
      vertex -3.4641 2 5.4
      vertex -3.21709 2.36966 4
      vertex -3.21709 2.36966 5.4
    endloop
  endfacet
  facet normal 0.831458 -0.555587 0
    outer loop
      vertex -3.21709 2.36966 4
      vertex -3.4641 2 5.4
      vertex -3.4641 2 4
    endloop
  endfacet
  facet normal 0.593071 0.80515 -0
    outer loop
      vertex -3.21709 2.36966 4
      vertex -5.6299 4.14693 5.4
      vertex -3.21709 2.36966 5.4
    endloop
  endfacet
  facet normal 0.593071 0.80515 0
    outer loop
      vertex -5.6299 4.14693 5.4
      vertex -3.21709 2.36966 4
      vertex -5.6299 4.14693 4
    endloop
  endfacet
  facet normal -0.831472 0.555566 0
    outer loop
      vertex -6.06216 3.5 4
      vertex -5.6299 4.14693 5.4
      vertex -5.6299 4.14693 4
    endloop
  endfacet
  facet normal -0.831472 0.555566 0
    outer loop
      vertex -5.6299 4.14693 5.4
      vertex -6.06216 3.5 4
      vertex -6.06216 3.5 5.4
    endloop
  endfacet
  facet normal -0.896868 0.442297 0
    outer loop
      vertex -6.4063 2.80217 4
      vertex -6.06216 3.5 5.4
      vertex -6.06216 3.5 4
    endloop
  endfacet
  facet normal -0.896868 0.442297 0
    outer loop
      vertex -6.06216 3.5 5.4
      vertex -6.4063 2.80217 4
      vertex -6.4063 2.80217 5.4
    endloop
  endfacet
  facet normal -0.400748 -0.916188 0
    outer loop
      vertex -6.4063 2.80217 4
      vertex -3.66074 1.60124 5.4
      vertex -6.4063 2.80217 5.4
    endloop
  endfacet
  facet normal -0.400748 -0.916188 -0
    outer loop
      vertex -3.66074 1.60124 5.4
      vertex -6.4063 2.80217 4
      vertex -3.66074 1.60124 4
    endloop
  endfacet
  facet normal 0.896879 -0.442277 0
    outer loop
      vertex -3.66074 1.60124 5.4
      vertex -3.4641 2 4
      vertex -3.4641 2 5.4
    endloop
  endfacet
  facet normal 0.896879 -0.442277 0
    outer loop
      vertex -3.4641 2 4
      vertex -3.66074 1.60124 5.4
      vertex -3.66074 1.60124 4
    endloop
  endfacet
  facet normal 0.997859 0.0654059 0
    outer loop
      vertex 7 0 5.4
      vertex 6.94911 0.776398 4
      vertex 6.94911 0.776398 5.4
    endloop
  endfacet
  facet normal 0.997859 0.0654059 0
    outer loop
      vertex 6.94911 0.776398 4
      vertex 7 0 5.4
      vertex 7 0 4
    endloop
  endfacet
  facet normal -0.111038 0.993816 0
    outer loop
      vertex 6.94911 0.776398 4
      vertex 3.97092 0.443649 5.4
      vertex 6.94911 0.776398 5.4
    endloop
  endfacet
  facet normal -0.111038 0.993816 0
    outer loop
      vertex 3.97092 0.443649 5.4
      vertex 6.94911 0.776398 4
      vertex 3.97092 0.443649 4
    endloop
  endfacet
  facet normal -0.997859 -0.065407 0
    outer loop
      vertex 4 0 4
      vertex 3.97092 0.443649 5.4
      vertex 3.97092 0.443649 4
    endloop
  endfacet
  facet normal -0.997859 -0.065407 0
    outer loop
      vertex 3.97092 0.443649 5.4
      vertex 4 0 4
      vertex 4 0 5.4
    endloop
  endfacet
  facet normal -0.997859 0.065407 0
    outer loop
      vertex 3.97092 -0.443649 4
      vertex 4 0 5.4
      vertex 4 0 4
    endloop
  endfacet
  facet normal -0.997859 0.065407 0
    outer loop
      vertex 4 0 5.4
      vertex 3.97092 -0.443649 4
      vertex 3.97092 -0.443649 5.4
    endloop
  endfacet
  facet normal -0.111038 -0.993816 0
    outer loop
      vertex 3.97092 -0.443649 4
      vertex 6.94911 -0.776398 5.4
      vertex 3.97092 -0.443649 5.4
    endloop
  endfacet
  facet normal -0.111038 -0.993816 -0
    outer loop
      vertex 6.94911 -0.776398 5.4
      vertex 3.97092 -0.443649 4
      vertex 6.94911 -0.776398 4
    endloop
  endfacet
  facet normal 0.997859 -0.0654059 0
    outer loop
      vertex 6.94911 -0.776398 5.4
      vertex 7 0 4
      vertex 7 0 5.4
    endloop
  endfacet
  facet normal 0.997859 -0.0654059 0
    outer loop
      vertex 7 0 4
      vertex 6.94911 -0.776398 5.4
      vertex 6.94911 -0.776398 4
    endloop
  endfacet
  facet normal 0.997859 0.065407 0
    outer loop
      vertex -3.97092 -0.443649 5.4
      vertex -4 0 4
      vertex -4 0 5.4
    endloop
  endfacet
  facet normal 0.997859 0.065407 0
    outer loop
      vertex -4 0 4
      vertex -3.97092 -0.443649 5.4
      vertex -3.97092 -0.443649 4
    endloop
  endfacet
  facet normal 0.997859 -0.065407 0
    outer loop
      vertex -4 0 5.4
      vertex -3.97092 0.443649 4
      vertex -3.97092 0.443649 5.4
    endloop
  endfacet
  facet normal 0.997859 -0.065407 0
    outer loop
      vertex -3.97092 0.443649 4
      vertex -4 0 5.4
      vertex -4 0 4
    endloop
  endfacet
  facet normal 0.111038 0.993816 -0
    outer loop
      vertex -3.97092 0.443649 4
      vertex -6.94911 0.776398 5.4
      vertex -3.97092 0.443649 5.4
    endloop
  endfacet
  facet normal 0.111038 0.993816 0
    outer loop
      vertex -6.94911 0.776398 5.4
      vertex -3.97092 0.443649 4
      vertex -6.94911 0.776398 4
    endloop
  endfacet
  facet normal -0.997859 0.0654059 0
    outer loop
      vertex -7 0 4
      vertex -6.94911 0.776398 5.4
      vertex -6.94911 0.776398 4
    endloop
  endfacet
  facet normal -0.997859 0.0654059 0
    outer loop
      vertex -6.94911 0.776398 5.4
      vertex -7 0 4
      vertex -7 0 5.4
    endloop
  endfacet
  facet normal -0.997859 -0.0654059 0
    outer loop
      vertex -6.94911 -0.776398 4
      vertex -7 0 5.4
      vertex -7 0 4
    endloop
  endfacet
  facet normal -0.997859 -0.0654059 0
    outer loop
      vertex -7 0 5.4
      vertex -6.94911 -0.776398 4
      vertex -6.94911 -0.776398 5.4
    endloop
  endfacet
  facet normal 0.111038 -0.993816 0
    outer loop
      vertex -6.94911 -0.776398 4
      vertex -3.97092 -0.443649 5.4
      vertex -6.94911 -0.776398 5.4
    endloop
  endfacet
  facet normal 0.111038 -0.993816 0
    outer loop
      vertex -3.97092 -0.443649 5.4
      vertex -6.94911 -0.776398 4
      vertex -3.97092 -0.443649 4
    endloop
  endfacet
  facet normal 0.831458 0.555587 0
    outer loop
      vertex -3.21709 -2.36966 5.4
      vertex -3.4641 -2 4
      vertex -3.4641 -2 5.4
    endloop
  endfacet
  facet normal 0.831458 0.555587 0
    outer loop
      vertex -3.4641 -2 4
      vertex -3.21709 -2.36966 5.4
      vertex -3.21709 -2.36966 4
    endloop
  endfacet
  facet normal 0.896879 0.442277 0
    outer loop
      vertex -3.4641 -2 5.4
      vertex -3.66074 -1.60124 4
      vertex -3.66074 -1.60124 5.4
    endloop
  endfacet
  facet normal 0.896879 0.442277 0
    outer loop
      vertex -3.66074 -1.60124 4
      vertex -3.4641 -2 5.4
      vertex -3.4641 -2 4
    endloop
  endfacet
  facet normal -0.400748 0.916188 0
    outer loop
      vertex -3.66074 -1.60124 4
      vertex -6.4063 -2.80217 5.4
      vertex -3.66074 -1.60124 5.4
    endloop
  endfacet
  facet normal -0.400748 0.916188 0
    outer loop
      vertex -6.4063 -2.80217 5.4
      vertex -3.66074 -1.60124 4
      vertex -6.4063 -2.80217 4
    endloop
  endfacet
  facet normal -0.896868 -0.442297 0
    outer loop
      vertex -6.06216 -3.5 4
      vertex -6.4063 -2.80217 5.4
      vertex -6.4063 -2.80217 4
    endloop
  endfacet
  facet normal -0.896868 -0.442297 0
    outer loop
      vertex -6.4063 -2.80217 5.4
      vertex -6.06216 -3.5 4
      vertex -6.06216 -3.5 5.4
    endloop
  endfacet
  facet normal -0.831472 -0.555566 0
    outer loop
      vertex -5.6299 -4.14693 4
      vertex -6.06216 -3.5 5.4
      vertex -6.06216 -3.5 4
    endloop
  endfacet
  facet normal -0.831472 -0.555566 0
    outer loop
      vertex -6.06216 -3.5 5.4
      vertex -5.6299 -4.14693 4
      vertex -5.6299 -4.14693 5.4
    endloop
  endfacet
  facet normal 0.593071 -0.80515 0
    outer loop
      vertex -5.6299 -4.14693 4
      vertex -3.21709 -2.36966 5.4
      vertex -5.6299 -4.14693 5.4
    endloop
  endfacet
  facet normal 0.593071 -0.80515 0
    outer loop
      vertex -3.21709 -2.36966 5.4
      vertex -5.6299 -4.14693 4
      vertex -3.21709 -2.36966 4
    endloop
  endfacet
  facet normal 0.896868 -0.442297 0
    outer loop
      vertex 6.06216 -3.5 5.4
      vertex 6.4063 -2.80217 4
      vertex 6.4063 -2.80217 5.4
    endloop
  endfacet
  facet normal 0.896868 -0.442297 0
    outer loop
      vertex 6.4063 -2.80217 4
      vertex 6.06216 -3.5 5.4
      vertex 6.06216 -3.5 4
    endloop
  endfacet
  facet normal 0.400748 0.916188 -0
    outer loop
      vertex 6.4063 -2.80217 4
      vertex 3.66074 -1.60124 5.4
      vertex 6.4063 -2.80217 5.4
    endloop
  endfacet
  facet normal 0.400748 0.916188 0
    outer loop
      vertex 3.66074 -1.60124 5.4
      vertex 6.4063 -2.80217 4
      vertex 3.66074 -1.60124 4
    endloop
  endfacet
  facet normal -0.896879 0.442277 0
    outer loop
      vertex 3.4641 -2 4
      vertex 3.66074 -1.60124 5.4
      vertex 3.66074 -1.60124 4
    endloop
  endfacet
  facet normal -0.896879 0.442277 0
    outer loop
      vertex 3.66074 -1.60124 5.4
      vertex 3.4641 -2 4
      vertex 3.4641 -2 5.4
    endloop
  endfacet
  facet normal -0.831458 0.555587 0
    outer loop
      vertex 3.21709 -2.36966 4
      vertex 3.4641 -2 5.4
      vertex 3.4641 -2 4
    endloop
  endfacet
  facet normal -0.831458 0.555587 0
    outer loop
      vertex 3.4641 -2 5.4
      vertex 3.21709 -2.36966 4
      vertex 3.21709 -2.36966 5.4
    endloop
  endfacet
  facet normal -0.593071 -0.80515 0
    outer loop
      vertex 3.21709 -2.36966 4
      vertex 5.6299 -4.14693 5.4
      vertex 3.21709 -2.36966 5.4
    endloop
  endfacet
  facet normal -0.593071 -0.80515 -0
    outer loop
      vertex 5.6299 -4.14693 5.4
      vertex 3.21709 -2.36966 4
      vertex 5.6299 -4.14693 4
    endloop
  endfacet
  facet normal 0.831472 -0.555566 0
    outer loop
      vertex 5.6299 -4.14693 5.4
      vertex 6.06216 -3.5 4
      vertex 6.06216 -3.5 5.4
    endloop
  endfacet
  facet normal 0.831472 -0.555566 0
    outer loop
      vertex 6.06216 -3.5 4
      vertex 5.6299 -4.14693 5.4
      vertex 5.6299 -4.14693 4
    endloop
  endfacet
  facet normal 0.442277 0.896879 -0
    outer loop
      vertex -1.60124 -3.66074 4
      vertex -2 -3.4641 5.4
      vertex -1.60124 -3.66074 5.4
    endloop
  endfacet
  facet normal 0.442277 0.896879 0
    outer loop
      vertex -2 -3.4641 5.4
      vertex -1.60124 -3.66074 4
      vertex -2 -3.4641 4
    endloop
  endfacet
  facet normal 0.555587 0.831458 -0
    outer loop
      vertex -2 -3.4641 4
      vertex -2.36966 -3.21709 5.4
      vertex -2 -3.4641 5.4
    endloop
  endfacet
  facet normal 0.555587 0.831458 0
    outer loop
      vertex -2.36966 -3.21709 5.4
      vertex -2 -3.4641 4
      vertex -2.36966 -3.21709 4
    endloop
  endfacet
  facet normal -0.80515 0.593071 0
    outer loop
      vertex -4.14693 -5.6299 4
      vertex -2.36966 -3.21709 5.4
      vertex -2.36966 -3.21709 4
    endloop
  endfacet
  facet normal -0.80515 0.593071 0
    outer loop
      vertex -2.36966 -3.21709 5.4
      vertex -4.14693 -5.6299 4
      vertex -4.14693 -5.6299 5.4
    endloop
  endfacet
  facet normal -0.555566 -0.831472 0
    outer loop
      vertex -4.14693 -5.6299 4
      vertex -3.5 -6.06216 5.4
      vertex -4.14693 -5.6299 5.4
    endloop
  endfacet
  facet normal -0.555566 -0.831472 -0
    outer loop
      vertex -3.5 -6.06216 5.4
      vertex -4.14693 -5.6299 4
      vertex -3.5 -6.06216 4
    endloop
  endfacet
  facet normal -0.442297 -0.896868 0
    outer loop
      vertex -3.5 -6.06216 4
      vertex -2.80217 -6.4063 5.4
      vertex -3.5 -6.06216 5.4
    endloop
  endfacet
  facet normal -0.442297 -0.896868 -0
    outer loop
      vertex -2.80217 -6.4063 5.4
      vertex -3.5 -6.06216 4
      vertex -2.80217 -6.4063 4
    endloop
  endfacet
  facet normal 0.916188 -0.400748 0
    outer loop
      vertex -2.80217 -6.4063 5.4
      vertex -1.60124 -3.66074 4
      vertex -1.60124 -3.66074 5.4
    endloop
  endfacet
  facet normal 0.916188 -0.400748 0
    outer loop
      vertex -1.60124 -3.66074 4
      vertex -2.80217 -6.4063 5.4
      vertex -2.80217 -6.4063 4
    endloop
  endfacet
  facet normal 0.555566 -0.831472 0
    outer loop
      vertex 3.5 -6.06216 4
      vertex 4.14693 -5.6299 5.4
      vertex 3.5 -6.06216 5.4
    endloop
  endfacet
  facet normal 0.555566 -0.831472 0
    outer loop
      vertex 4.14693 -5.6299 5.4
      vertex 3.5 -6.06216 4
      vertex 4.14693 -5.6299 4
    endloop
  endfacet
  facet normal 0.80515 0.593071 0
    outer loop
      vertex 4.14693 -5.6299 5.4
      vertex 2.36966 -3.21709 4
      vertex 2.36966 -3.21709 5.4
    endloop
  endfacet
  facet normal 0.80515 0.593071 0
    outer loop
      vertex 2.36966 -3.21709 4
      vertex 4.14693 -5.6299 5.4
      vertex 4.14693 -5.6299 4
    endloop
  endfacet
  facet normal -0.555587 0.831458 0
    outer loop
      vertex 2.36966 -3.21709 4
      vertex 2 -3.4641 5.4
      vertex 2.36966 -3.21709 5.4
    endloop
  endfacet
  facet normal -0.555587 0.831458 0
    outer loop
      vertex 2 -3.4641 5.4
      vertex 2.36966 -3.21709 4
      vertex 2 -3.4641 4
    endloop
  endfacet
  facet normal -0.442277 0.896879 0
    outer loop
      vertex 2 -3.4641 4
      vertex 1.60124 -3.66074 5.4
      vertex 2 -3.4641 5.4
    endloop
  endfacet
  facet normal -0.442277 0.896879 0
    outer loop
      vertex 1.60124 -3.66074 5.4
      vertex 2 -3.4641 4
      vertex 1.60124 -3.66074 4
    endloop
  endfacet
  facet normal -0.916188 -0.400748 0
    outer loop
      vertex 2.80217 -6.4063 4
      vertex 1.60124 -3.66074 5.4
      vertex 1.60124 -3.66074 4
    endloop
  endfacet
  facet normal -0.916188 -0.400748 0
    outer loop
      vertex 1.60124 -3.66074 5.4
      vertex 2.80217 -6.4063 4
      vertex 2.80217 -6.4063 5.4
    endloop
  endfacet
  facet normal 0.442297 -0.896868 0
    outer loop
      vertex 2.80217 -6.4063 4
      vertex 3.5 -6.06216 5.4
      vertex 2.80217 -6.4063 5.4
    endloop
  endfacet
  facet normal 0.442297 -0.896868 0
    outer loop
      vertex 3.5 -6.06216 5.4
      vertex 2.80217 -6.4063 4
      vertex 3.5 -6.06216 4
    endloop
  endfacet
  facet normal 0.993816 0.111038 0
    outer loop
      vertex 0.776398 -6.94911 5.4
      vertex 0.443649 -3.97092 4
      vertex 0.443649 -3.97092 5.4
    endloop
  endfacet
  facet normal 0.993816 0.111038 0
    outer loop
      vertex 0.443649 -3.97092 4
      vertex 0.776398 -6.94911 5.4
      vertex 0.776398 -6.94911 4
    endloop
  endfacet
  facet normal -0.065407 0.997859 0
    outer loop
      vertex 0.443649 -3.97092 4
      vertex 0 -4 5.4
      vertex 0.443649 -3.97092 5.4
    endloop
  endfacet
  facet normal -0.065407 0.997859 0
    outer loop
      vertex 0 -4 5.4
      vertex 0.443649 -3.97092 4
      vertex 0 -4 4
    endloop
  endfacet
  facet normal 0.065407 0.997859 -0
    outer loop
      vertex 0 -4 4
      vertex -0.443649 -3.97092 5.4
      vertex 0 -4 5.4
    endloop
  endfacet
  facet normal 0.065407 0.997859 0
    outer loop
      vertex -0.443649 -3.97092 5.4
      vertex 0 -4 4
      vertex -0.443649 -3.97092 4
    endloop
  endfacet
  facet normal -0.993816 0.111038 0
    outer loop
      vertex -0.776398 -6.94911 4
      vertex -0.443649 -3.97092 5.4
      vertex -0.443649 -3.97092 4
    endloop
  endfacet
  facet normal -0.993816 0.111038 0
    outer loop
      vertex -0.443649 -3.97092 5.4
      vertex -0.776398 -6.94911 4
      vertex -0.776398 -6.94911 5.4
    endloop
  endfacet
  facet normal -0.0654059 -0.997859 0
    outer loop
      vertex -0.776398 -6.94911 4
      vertex 0 -7 5.4
      vertex -0.776398 -6.94911 5.4
    endloop
  endfacet
  facet normal -0.0654059 -0.997859 -0
    outer loop
      vertex 0 -7 5.4
      vertex -0.776398 -6.94911 4
      vertex 0 -7 4
    endloop
  endfacet
  facet normal 0.0654059 -0.997859 0
    outer loop
      vertex 0 -7 4
      vertex 0.776398 -6.94911 5.4
      vertex 0 -7 5.4
    endloop
  endfacet
  facet normal 0.0654059 -0.997859 0
    outer loop
      vertex 0.776398 -6.94911 5.4
      vertex 0 -7 4
      vertex 0.776398 -6.94911 4
    endloop
  endfacet
  facet normal -0.98077 -0.195167 0
    outer loop
      vertex -18.3145 0.221894 1.90735e-07
      vertex -18.3579 0.439992 4
      vertex -18.3579 0.439992 1.90735e-07
    endloop
  endfacet
  facet normal -0.98077 -0.195167 0
    outer loop
      vertex -18.3579 0.439992 4
      vertex -18.3145 0.221894 1.90735e-07
      vertex -18.3145 0.221894 4
    endloop
  endfacet
  facet normal -0.997872 -0.0652074 0
    outer loop
      vertex -18.3 0 1.90735e-07
      vertex -18.3145 0.221894 4
      vertex -18.3145 0.221894 1.90735e-07
    endloop
  endfacet
  facet normal -0.997872 -0.0652074 0
    outer loop
      vertex -18.3145 0.221894 4
      vertex -18.3 0 1.90735e-07
      vertex -18.3 0 4
    endloop
  endfacet
  facet normal -0.0653848 0.99786 0
    outer loop
      vertex -19.7781 -1.68546 1.90735e-07
      vertex -20 -1.7 4
      vertex -19.7781 -1.68546 4
    endloop
  endfacet
  facet normal -0.0653848 0.99786 0
    outer loop
      vertex -20 -1.7 4
      vertex -19.7781 -1.68546 1.90735e-07
      vertex -20 -1.7 1.90735e-07
    endloop
  endfacet
  facet normal 0.659319 -0.751863 0
    outer loop
      vertex -21.2021 1.20208 1.90735e-07
      vertex -21.0349 1.3487 4
      vertex -21.2021 1.20208 4
    endloop
  endfacet
  facet normal 0.659319 -0.751863 0
    outer loop
      vertex -21.0349 1.3487 4
      vertex -21.2021 1.20208 1.90735e-07
      vertex -21.0349 1.3487 1.90735e-07
    endloop
  endfacet
  facet normal 0.831553 0.555445 0
    outer loop
      vertex -21.3487 -1.03489 4
      vertex -21.4722 -0.849999 1.90735e-07
      vertex -21.4722 -0.849999 4
    endloop
  endfacet
  facet normal 0.831553 0.555445 0
    outer loop
      vertex -21.4722 -0.849999 1.90735e-07
      vertex -21.3487 -1.03489 4
      vertex -21.3487 -1.03489 1.90735e-07
    endloop
  endfacet
  facet normal 0.195122 0.980779 -0
    outer loop
      vertex -20.2219 -1.68546 1.90735e-07
      vertex -20.44 -1.64207 4
      vertex -20.2219 -1.68546 4
    endloop
  endfacet
  facet normal 0.195122 0.980779 0
    outer loop
      vertex -20.44 -1.64207 4
      vertex -20.2219 -1.68546 1.90735e-07
      vertex -20.44 -1.64207 1.90735e-07
    endloop
  endfacet
  facet normal -0.659319 -0.751863 0
    outer loop
      vertex -18.9651 1.3487 1.90735e-07
      vertex -18.7979 1.20208 4
      vertex -18.9651 1.3487 4
    endloop
  endfacet
  facet normal -0.659319 -0.751863 -0
    outer loop
      vertex -18.7979 1.20208 4
      vertex -18.9651 1.3487 1.90735e-07
      vertex -18.7979 1.20208 1.90735e-07
    endloop
  endfacet
  facet normal -0.946901 0.321526 0
    outer loop
      vertex -18.4294 -0.650561 1.90735e-07
      vertex -18.3579 -0.439992 4
      vertex -18.3579 -0.439992 1.90735e-07
    endloop
  endfacet
  facet normal -0.946901 0.321526 0
    outer loop
      vertex -18.3579 -0.439992 4
      vertex -18.4294 -0.650561 1.90735e-07
      vertex -18.4294 -0.650561 4
    endloop
  endfacet
  facet normal -0.751888 0.659291 0
    outer loop
      vertex -18.7979 -1.20208 1.90735e-07
      vertex -18.6513 -1.03489 4
      vertex -18.6513 -1.03489 1.90735e-07
    endloop
  endfacet
  facet normal -0.751888 0.659291 0
    outer loop
      vertex -18.6513 -1.03489 4
      vertex -18.7979 -1.20208 1.90735e-07
      vertex -18.7979 -1.20208 4
    endloop
  endfacet
  facet normal -0.751888 -0.659291 0
    outer loop
      vertex -18.6513 1.03489 1.90735e-07
      vertex -18.7979 1.20208 4
      vertex -18.7979 1.20208 1.90735e-07
    endloop
  endfacet
  facet normal -0.751888 -0.659291 0
    outer loop
      vertex -18.7979 1.20208 4
      vertex -18.6513 1.03489 1.90735e-07
      vertex -18.6513 1.03489 4
    endloop
  endfacet
  facet normal 0.946901 0.321526 0
    outer loop
      vertex -21.5706 -0.650561 4
      vertex -21.6421 -0.439992 1.90735e-07
      vertex -21.6421 -0.439992 4
    endloop
  endfacet
  facet normal 0.946901 0.321526 0
    outer loop
      vertex -21.6421 -0.439992 1.90735e-07
      vertex -21.5706 -0.650561 4
      vertex -21.5706 -0.650561 1.90735e-07
    endloop
  endfacet
  facet normal -0.321403 0.946943 0
    outer loop
      vertex -19.3494 -1.57059 1.90735e-07
      vertex -19.56 -1.64207 4
      vertex -19.3494 -1.57059 4
    endloop
  endfacet
  facet normal -0.321403 0.946943 0
    outer loop
      vertex -19.56 -1.64207 4
      vertex -19.3494 -1.57059 1.90735e-07
      vertex -19.56 -1.64207 1.90735e-07
    endloop
  endfacet
  facet normal 0.0653848 0.99786 -0
    outer loop
      vertex -20 -1.7 1.90735e-07
      vertex -20.2219 -1.68546 4
      vertex -20 -1.7 4
    endloop
  endfacet
  facet normal 0.0653848 0.99786 0
    outer loop
      vertex -20.2219 -1.68546 4
      vertex -20 -1.7 1.90735e-07
      vertex -20.2219 -1.68546 1.90735e-07
    endloop
  endfacet
  facet normal 0.321403 -0.946943 0
    outer loop
      vertex -20.6506 1.57059 1.90735e-07
      vertex -20.44 1.64207 4
      vertex -20.6506 1.57059 4
    endloop
  endfacet
  facet normal 0.321403 -0.946943 0
    outer loop
      vertex -20.44 1.64207 4
      vertex -20.6506 1.57059 1.90735e-07
      vertex -20.44 1.64207 1.90735e-07
    endloop
  endfacet
  facet normal 0.751888 -0.659291 0
    outer loop
      vertex -21.3487 1.03489 4
      vertex -21.2021 1.20208 1.90735e-07
      vertex -21.2021 1.20208 4
    endloop
  endfacet
  facet normal 0.751888 -0.659291 0
    outer loop
      vertex -21.2021 1.20208 1.90735e-07
      vertex -21.3487 1.03489 4
      vertex -21.3487 1.03489 1.90735e-07
    endloop
  endfacet
  facet normal 0.442349 0.896843 -0
    outer loop
      vertex -20.6506 -1.57059 1.90735e-07
      vertex -20.85 -1.47224 4
      vertex -20.6506 -1.57059 4
    endloop
  endfacet
  facet normal 0.442349 0.896843 0
    outer loop
      vertex -20.85 -1.47224 4
      vertex -20.6506 -1.57059 1.90735e-07
      vertex -20.85 -1.47224 1.90735e-07
    endloop
  endfacet
  facet normal 0.0653848 -0.99786 0
    outer loop
      vertex -20.2219 1.68546 1.90735e-07
      vertex -20 1.7 4
      vertex -20.2219 1.68546 4
    endloop
  endfacet
  facet normal 0.0653848 -0.99786 0
    outer loop
      vertex -20 1.7 4
      vertex -20.2219 1.68546 1.90735e-07
      vertex -20 1.7 1.90735e-07
    endloop
  endfacet
  facet normal -0.896787 0.442463 0
    outer loop
      vertex -18.5278 -0.849999 1.90735e-07
      vertex -18.4294 -0.650561 4
      vertex -18.4294 -0.650561 1.90735e-07
    endloop
  endfacet
  facet normal -0.896787 0.442463 0
    outer loop
      vertex -18.4294 -0.650561 4
      vertex -18.5278 -0.849999 1.90735e-07
      vertex -18.5278 -0.849999 4
    endloop
  endfacet
  facet normal -0.555551 0.831483 0
    outer loop
      vertex -18.9651 -1.3487 1.90735e-07
      vertex -19.15 -1.47224 4
      vertex -18.9651 -1.3487 4
    endloop
  endfacet
  facet normal -0.555551 0.831483 0
    outer loop
      vertex -19.15 -1.47224 4
      vertex -18.9651 -1.3487 1.90735e-07
      vertex -19.15 -1.47224 1.90735e-07
    endloop
  endfacet
  facet normal 0.98077 0.195167 0
    outer loop
      vertex -21.6421 -0.439992 4
      vertex -21.6855 -0.221894 1.90735e-07
      vertex -21.6855 -0.221894 4
    endloop
  endfacet
  facet normal 0.98077 0.195167 0
    outer loop
      vertex -21.6855 -0.221894 1.90735e-07
      vertex -21.6421 -0.439992 4
      vertex -21.6421 -0.439992 1.90735e-07
    endloop
  endfacet
  facet normal 0.751888 0.659291 0
    outer loop
      vertex -21.2021 -1.20208 4
      vertex -21.3487 -1.03489 1.90735e-07
      vertex -21.3487 -1.03489 4
    endloop
  endfacet
  facet normal 0.751888 0.659291 0
    outer loop
      vertex -21.3487 -1.03489 1.90735e-07
      vertex -21.2021 -1.20208 4
      vertex -21.2021 -1.20208 1.90735e-07
    endloop
  endfacet
  facet normal -0.195122 -0.980779 0
    outer loop
      vertex -19.7781 1.68546 1.90735e-07
      vertex -19.56 1.64207 4
      vertex -19.7781 1.68546 4
    endloop
  endfacet
  facet normal -0.195122 -0.980779 -0
    outer loop
      vertex -19.56 1.64207 4
      vertex -19.7781 1.68546 1.90735e-07
      vertex -19.56 1.64207 1.90735e-07
    endloop
  endfacet
  facet normal -0.831553 -0.555445 0
    outer loop
      vertex -18.5278 0.849999 1.90735e-07
      vertex -18.6513 1.03489 4
      vertex -18.6513 1.03489 1.90735e-07
    endloop
  endfacet
  facet normal -0.831553 -0.555445 0
    outer loop
      vertex -18.6513 1.03489 4
      vertex -18.5278 0.849999 1.90735e-07
      vertex -18.5278 0.849999 4
    endloop
  endfacet
  facet normal -0.997872 0.0652074 0
    outer loop
      vertex -18.3145 -0.221894 1.90735e-07
      vertex -18.3 0 4
      vertex -18.3 0 1.90735e-07
    endloop
  endfacet
  facet normal -0.997872 0.0652074 0
    outer loop
      vertex -18.3 0 4
      vertex -18.3145 -0.221894 1.90735e-07
      vertex -18.3145 -0.221894 4
    endloop
  endfacet
  facet normal -0.321403 -0.946943 0
    outer loop
      vertex -19.56 1.64207 1.90735e-07
      vertex -19.3494 1.57059 4
      vertex -19.56 1.64207 4
    endloop
  endfacet
  facet normal -0.321403 -0.946943 -0
    outer loop
      vertex -19.3494 1.57059 4
      vertex -19.56 1.64207 1.90735e-07
      vertex -19.3494 1.57059 1.90735e-07
    endloop
  endfacet
  facet normal -0.555551 -0.831483 0
    outer loop
      vertex -19.15 1.47224 1.90735e-07
      vertex -18.9651 1.3487 4
      vertex -19.15 1.47224 4
    endloop
  endfacet
  facet normal -0.555551 -0.831483 -0
    outer loop
      vertex -18.9651 1.3487 4
      vertex -19.15 1.47224 1.90735e-07
      vertex -18.9651 1.3487 1.90735e-07
    endloop
  endfacet
  facet normal 0.195122 -0.980779 0
    outer loop
      vertex -20.44 1.64207 1.90735e-07
      vertex -20.2219 1.68546 4
      vertex -20.44 1.64207 4
    endloop
  endfacet
  facet normal 0.195122 -0.980779 0
    outer loop
      vertex -20.2219 1.68546 4
      vertex -20.44 1.64207 1.90735e-07
      vertex -20.2219 1.68546 1.90735e-07
    endloop
  endfacet
  facet normal -0.659319 0.751863 0
    outer loop
      vertex -18.7979 -1.20208 1.90735e-07
      vertex -18.9651 -1.3487 4
      vertex -18.7979 -1.20208 4
    endloop
  endfacet
  facet normal -0.659319 0.751863 0
    outer loop
      vertex -18.9651 -1.3487 4
      vertex -18.7979 -1.20208 1.90735e-07
      vertex -18.9651 -1.3487 1.90735e-07
    endloop
  endfacet
  facet normal 0.896787 -0.442463 0
    outer loop
      vertex -21.5706 0.650561 4
      vertex -21.4722 0.849999 1.90735e-07
      vertex -21.4722 0.849999 4
    endloop
  endfacet
  facet normal 0.896787 -0.442463 0
    outer loop
      vertex -21.4722 0.849999 1.90735e-07
      vertex -21.5706 0.650561 4
      vertex -21.5706 0.650561 1.90735e-07
    endloop
  endfacet
  facet normal -0.98077 0.195167 0
    outer loop
      vertex -18.3579 -0.439992 1.90735e-07
      vertex -18.3145 -0.221894 4
      vertex -18.3145 -0.221894 1.90735e-07
    endloop
  endfacet
  facet normal -0.98077 0.195167 0
    outer loop
      vertex -18.3145 -0.221894 4
      vertex -18.3579 -0.439992 1.90735e-07
      vertex -18.3579 -0.439992 4
    endloop
  endfacet
  facet normal -0.195122 0.980779 0
    outer loop
      vertex -19.56 -1.64207 1.90735e-07
      vertex -19.7781 -1.68546 4
      vertex -19.56 -1.64207 4
    endloop
  endfacet
  facet normal -0.195122 0.980779 0
    outer loop
      vertex -19.7781 -1.68546 4
      vertex -19.56 -1.64207 1.90735e-07
      vertex -19.7781 -1.68546 1.90735e-07
    endloop
  endfacet
  facet normal 0.659319 0.751863 -0
    outer loop
      vertex -21.0349 -1.3487 1.90735e-07
      vertex -21.2021 -1.20208 4
      vertex -21.0349 -1.3487 4
    endloop
  endfacet
  facet normal 0.659319 0.751863 0
    outer loop
      vertex -21.2021 -1.20208 4
      vertex -21.0349 -1.3487 1.90735e-07
      vertex -21.2021 -1.20208 1.90735e-07
    endloop
  endfacet
  facet normal -0.0653848 -0.99786 0
    outer loop
      vertex -20 1.7 1.90735e-07
      vertex -19.7781 1.68546 4
      vertex -20 1.7 4
    endloop
  endfacet
  facet normal -0.0653848 -0.99786 -0
    outer loop
      vertex -19.7781 1.68546 4
      vertex -20 1.7 1.90735e-07
      vertex -19.7781 1.68546 1.90735e-07
    endloop
  endfacet
  facet normal -0.442349 -0.896843 0
    outer loop
      vertex -19.3494 1.57059 1.90735e-07
      vertex -19.15 1.47224 4
      vertex -19.3494 1.57059 4
    endloop
  endfacet
  facet normal -0.442349 -0.896843 -0
    outer loop
      vertex -19.15 1.47224 4
      vertex -19.3494 1.57059 1.90735e-07
      vertex -19.15 1.47224 1.90735e-07
    endloop
  endfacet
  facet normal -0.831553 0.555445 0
    outer loop
      vertex -18.6513 -1.03489 1.90735e-07
      vertex -18.5278 -0.849999 4
      vertex -18.5278 -0.849999 1.90735e-07
    endloop
  endfacet
  facet normal -0.831553 0.555445 0
    outer loop
      vertex -18.5278 -0.849999 4
      vertex -18.6513 -1.03489 1.90735e-07
      vertex -18.6513 -1.03489 4
    endloop
  endfacet
  facet normal 0.997872 0.0652074 0
    outer loop
      vertex -21.6855 -0.221894 4
      vertex -21.7 0 1.90735e-07
      vertex -21.7 0 4
    endloop
  endfacet
  facet normal 0.997872 0.0652074 0
    outer loop
      vertex -21.7 0 1.90735e-07
      vertex -21.6855 -0.221894 4
      vertex -21.6855 -0.221894 1.90735e-07
    endloop
  endfacet
  facet normal -0.442349 0.896843 0
    outer loop
      vertex -19.15 -1.47224 1.90735e-07
      vertex -19.3494 -1.57059 4
      vertex -19.15 -1.47224 4
    endloop
  endfacet
  facet normal -0.442349 0.896843 0
    outer loop
      vertex -19.3494 -1.57059 4
      vertex -19.15 -1.47224 1.90735e-07
      vertex -19.3494 -1.57059 1.90735e-07
    endloop
  endfacet
  facet normal 0.98077 -0.195167 0
    outer loop
      vertex -21.6855 0.221894 4
      vertex -21.6421 0.439992 1.90735e-07
      vertex -21.6421 0.439992 4
    endloop
  endfacet
  facet normal 0.98077 -0.195167 0
    outer loop
      vertex -21.6421 0.439992 1.90735e-07
      vertex -21.6855 0.221894 4
      vertex -21.6855 0.221894 1.90735e-07
    endloop
  endfacet
  facet normal 0.896787 0.442463 0
    outer loop
      vertex -21.4722 -0.849999 4
      vertex -21.5706 -0.650561 1.90735e-07
      vertex -21.5706 -0.650561 4
    endloop
  endfacet
  facet normal 0.896787 0.442463 0
    outer loop
      vertex -21.5706 -0.650561 1.90735e-07
      vertex -21.4722 -0.849999 4
      vertex -21.4722 -0.849999 1.90735e-07
    endloop
  endfacet
  facet normal 0.946901 -0.321526 0
    outer loop
      vertex -21.6421 0.439992 4
      vertex -21.5706 0.650561 1.90735e-07
      vertex -21.5706 0.650561 4
    endloop
  endfacet
  facet normal 0.946901 -0.321526 0
    outer loop
      vertex -21.5706 0.650561 1.90735e-07
      vertex -21.6421 0.439992 4
      vertex -21.6421 0.439992 1.90735e-07
    endloop
  endfacet
  facet normal -0.896787 -0.442463 0
    outer loop
      vertex -18.4294 0.650561 1.90735e-07
      vertex -18.5278 0.849999 4
      vertex -18.5278 0.849999 1.90735e-07
    endloop
  endfacet
  facet normal -0.896787 -0.442463 0
    outer loop
      vertex -18.5278 0.849999 4
      vertex -18.4294 0.650561 1.90735e-07
      vertex -18.4294 0.650561 4
    endloop
  endfacet
  facet normal -0.946901 -0.321526 0
    outer loop
      vertex -18.3579 0.439992 1.90735e-07
      vertex -18.4294 0.650561 4
      vertex -18.4294 0.650561 1.90735e-07
    endloop
  endfacet
  facet normal -0.946901 -0.321526 0
    outer loop
      vertex -18.4294 0.650561 4
      vertex -18.3579 0.439992 1.90735e-07
      vertex -18.3579 0.439992 4
    endloop
  endfacet
  facet normal 0.997872 -0.0652074 0
    outer loop
      vertex -21.7 0 4
      vertex -21.6855 0.221894 1.90735e-07
      vertex -21.6855 0.221894 4
    endloop
  endfacet
  facet normal 0.997872 -0.0652074 0
    outer loop
      vertex -21.6855 0.221894 1.90735e-07
      vertex -21.7 0 4
      vertex -21.7 0 1.90735e-07
    endloop
  endfacet
  facet normal 0.321403 0.946943 -0
    outer loop
      vertex -20.44 -1.64207 1.90735e-07
      vertex -20.6506 -1.57059 4
      vertex -20.44 -1.64207 4
    endloop
  endfacet
  facet normal 0.321403 0.946943 0
    outer loop
      vertex -20.6506 -1.57059 4
      vertex -20.44 -1.64207 1.90735e-07
      vertex -20.6506 -1.57059 1.90735e-07
    endloop
  endfacet
  facet normal 0.442349 -0.896843 0
    outer loop
      vertex -20.85 1.47224 1.90735e-07
      vertex -20.6506 1.57059 4
      vertex -20.85 1.47224 4
    endloop
  endfacet
  facet normal 0.442349 -0.896843 0
    outer loop
      vertex -20.6506 1.57059 4
      vertex -20.85 1.47224 1.90735e-07
      vertex -20.6506 1.57059 1.90735e-07
    endloop
  endfacet
  facet normal 0.555551 -0.831483 0
    outer loop
      vertex -21.0349 1.3487 1.90735e-07
      vertex -20.85 1.47224 4
      vertex -21.0349 1.3487 4
    endloop
  endfacet
  facet normal 0.555551 -0.831483 0
    outer loop
      vertex -20.85 1.47224 4
      vertex -21.0349 1.3487 1.90735e-07
      vertex -20.85 1.47224 1.90735e-07
    endloop
  endfacet
  facet normal 0.831553 -0.555445 0
    outer loop
      vertex -21.4722 0.849999 4
      vertex -21.3487 1.03489 1.90735e-07
      vertex -21.3487 1.03489 4
    endloop
  endfacet
  facet normal 0.831553 -0.555445 0
    outer loop
      vertex -21.3487 1.03489 1.90735e-07
      vertex -21.4722 0.849999 4
      vertex -21.4722 0.849999 1.90735e-07
    endloop
  endfacet
  facet normal 0.555551 0.831483 -0
    outer loop
      vertex -20.85 -1.47224 1.90735e-07
      vertex -21.0349 -1.3487 4
      vertex -20.85 -1.47224 4
    endloop
  endfacet
  facet normal 0.555551 0.831483 0
    outer loop
      vertex -21.0349 -1.3487 4
      vertex -20.85 -1.47224 1.90735e-07
      vertex -21.0349 -1.3487 1.90735e-07
    endloop
  endfacet
  facet normal -0.98077 -0.195167 0
    outer loop
      vertex -26.3145 0.221894 1.90735e-07
      vertex -26.3579 0.439992 4
      vertex -26.3579 0.439992 1.90735e-07
    endloop
  endfacet
  facet normal -0.98077 -0.195167 0
    outer loop
      vertex -26.3579 0.439992 4
      vertex -26.3145 0.221894 1.90735e-07
      vertex -26.3145 0.221894 4
    endloop
  endfacet
  facet normal -0.997872 -0.0652074 0
    outer loop
      vertex -26.3 0 1.90735e-07
      vertex -26.3145 0.221894 4
      vertex -26.3145 0.221894 1.90735e-07
    endloop
  endfacet
  facet normal -0.997872 -0.0652074 0
    outer loop
      vertex -26.3145 0.221894 4
      vertex -26.3 0 1.90735e-07
      vertex -26.3 0 4
    endloop
  endfacet
  facet normal -0.0653848 0.99786 0
    outer loop
      vertex -27.7781 -1.68546 1.90735e-07
      vertex -28 -1.7 4
      vertex -27.7781 -1.68546 4
    endloop
  endfacet
  facet normal -0.0653848 0.99786 0
    outer loop
      vertex -28 -1.7 4
      vertex -27.7781 -1.68546 1.90735e-07
      vertex -28 -1.7 1.90735e-07
    endloop
  endfacet
  facet normal 0.659319 -0.751863 0
    outer loop
      vertex -29.2021 1.20208 1.90735e-07
      vertex -29.0349 1.3487 4
      vertex -29.2021 1.20208 4
    endloop
  endfacet
  facet normal 0.659319 -0.751863 0
    outer loop
      vertex -29.0349 1.3487 4
      vertex -29.2021 1.20208 1.90735e-07
      vertex -29.0349 1.3487 1.90735e-07
    endloop
  endfacet
  facet normal 0.831553 0.555445 0
    outer loop
      vertex -29.3487 -1.03489 4
      vertex -29.4722 -0.849999 1.90735e-07
      vertex -29.4722 -0.849999 4
    endloop
  endfacet
  facet normal 0.831553 0.555445 0
    outer loop
      vertex -29.4722 -0.849999 1.90735e-07
      vertex -29.3487 -1.03489 4
      vertex -29.3487 -1.03489 1.90735e-07
    endloop
  endfacet
  facet normal 0.195122 0.980779 -0
    outer loop
      vertex -28.2219 -1.68546 1.90735e-07
      vertex -28.44 -1.64207 4
      vertex -28.2219 -1.68546 4
    endloop
  endfacet
  facet normal 0.195122 0.980779 0
    outer loop
      vertex -28.44 -1.64207 4
      vertex -28.2219 -1.68546 1.90735e-07
      vertex -28.44 -1.64207 1.90735e-07
    endloop
  endfacet
  facet normal -0.659319 -0.751863 0
    outer loop
      vertex -26.9651 1.3487 1.90735e-07
      vertex -26.7979 1.20208 4
      vertex -26.9651 1.3487 4
    endloop
  endfacet
  facet normal -0.659319 -0.751863 -0
    outer loop
      vertex -26.7979 1.20208 4
      vertex -26.9651 1.3487 1.90735e-07
      vertex -26.7979 1.20208 1.90735e-07
    endloop
  endfacet
  facet normal -0.946901 0.321526 0
    outer loop
      vertex -26.4294 -0.650561 1.90735e-07
      vertex -26.3579 -0.439992 4
      vertex -26.3579 -0.439992 1.90735e-07
    endloop
  endfacet
  facet normal -0.946901 0.321526 0
    outer loop
      vertex -26.3579 -0.439992 4
      vertex -26.4294 -0.650561 1.90735e-07
      vertex -26.4294 -0.650561 4
    endloop
  endfacet
  facet normal -0.751888 0.659291 0
    outer loop
      vertex -26.7979 -1.20208 1.90735e-07
      vertex -26.6513 -1.03489 4
      vertex -26.6513 -1.03489 1.90735e-07
    endloop
  endfacet
  facet normal -0.751888 0.659291 0
    outer loop
      vertex -26.6513 -1.03489 4
      vertex -26.7979 -1.20208 1.90735e-07
      vertex -26.7979 -1.20208 4
    endloop
  endfacet
  facet normal -0.751888 -0.659291 0
    outer loop
      vertex -26.6513 1.03489 1.90735e-07
      vertex -26.7979 1.20208 4
      vertex -26.7979 1.20208 1.90735e-07
    endloop
  endfacet
  facet normal -0.751888 -0.659291 0
    outer loop
      vertex -26.7979 1.20208 4
      vertex -26.6513 1.03489 1.90735e-07
      vertex -26.6513 1.03489 4
    endloop
  endfacet
  facet normal 0.946901 0.321526 0
    outer loop
      vertex -29.5706 -0.650561 4
      vertex -29.6421 -0.439992 1.90735e-07
      vertex -29.6421 -0.439992 4
    endloop
  endfacet
  facet normal 0.946901 0.321526 0
    outer loop
      vertex -29.6421 -0.439992 1.90735e-07
      vertex -29.5706 -0.650561 4
      vertex -29.5706 -0.650561 1.90735e-07
    endloop
  endfacet
  facet normal -0.321403 0.946943 0
    outer loop
      vertex -27.3494 -1.57059 1.90735e-07
      vertex -27.56 -1.64207 4
      vertex -27.3494 -1.57059 4
    endloop
  endfacet
  facet normal -0.321403 0.946943 0
    outer loop
      vertex -27.56 -1.64207 4
      vertex -27.3494 -1.57059 1.90735e-07
      vertex -27.56 -1.64207 1.90735e-07
    endloop
  endfacet
  facet normal 0.0653848 0.99786 -0
    outer loop
      vertex -28 -1.7 1.90735e-07
      vertex -28.2219 -1.68546 4
      vertex -28 -1.7 4
    endloop
  endfacet
  facet normal 0.0653848 0.99786 0
    outer loop
      vertex -28.2219 -1.68546 4
      vertex -28 -1.7 1.90735e-07
      vertex -28.2219 -1.68546 1.90735e-07
    endloop
  endfacet
  facet normal 0.321403 -0.946943 0
    outer loop
      vertex -28.6506 1.57059 1.90735e-07
      vertex -28.44 1.64207 4
      vertex -28.6506 1.57059 4
    endloop
  endfacet
  facet normal 0.321403 -0.946943 0
    outer loop
      vertex -28.44 1.64207 4
      vertex -28.6506 1.57059 1.90735e-07
      vertex -28.44 1.64207 1.90735e-07
    endloop
  endfacet
  facet normal -0.946901 -0.321526 0
    outer loop
      vertex -26.3579 0.439992 1.90735e-07
      vertex -26.4294 0.650561 4
      vertex -26.4294 0.650561 1.90735e-07
    endloop
  endfacet
  facet normal -0.946901 -0.321526 0
    outer loop
      vertex -26.4294 0.650561 4
      vertex -26.3579 0.439992 1.90735e-07
      vertex -26.3579 0.439992 4
    endloop
  endfacet
  facet normal 0.751888 -0.659291 0
    outer loop
      vertex -29.3487 1.03489 4
      vertex -29.2021 1.20208 1.90735e-07
      vertex -29.2021 1.20208 4
    endloop
  endfacet
  facet normal 0.751888 -0.659291 0
    outer loop
      vertex -29.2021 1.20208 1.90735e-07
      vertex -29.3487 1.03489 4
      vertex -29.3487 1.03489 1.90735e-07
    endloop
  endfacet
  facet normal 0.442349 0.896843 -0
    outer loop
      vertex -28.6506 -1.57059 1.90735e-07
      vertex -28.85 -1.47224 4
      vertex -28.6506 -1.57059 4
    endloop
  endfacet
  facet normal 0.442349 0.896843 0
    outer loop
      vertex -28.85 -1.47224 4
      vertex -28.6506 -1.57059 1.90735e-07
      vertex -28.85 -1.47224 1.90735e-07
    endloop
  endfacet
  facet normal 0.0653848 -0.99786 0
    outer loop
      vertex -28.2219 1.68546 1.90735e-07
      vertex -28 1.7 4
      vertex -28.2219 1.68546 4
    endloop
  endfacet
  facet normal 0.0653848 -0.99786 0
    outer loop
      vertex -28 1.7 4
      vertex -28.2219 1.68546 1.90735e-07
      vertex -28 1.7 1.90735e-07
    endloop
  endfacet
  facet normal -0.896787 0.442463 0
    outer loop
      vertex -26.5278 -0.849999 1.90735e-07
      vertex -26.4294 -0.650561 4
      vertex -26.4294 -0.650561 1.90735e-07
    endloop
  endfacet
  facet normal -0.896787 0.442463 0
    outer loop
      vertex -26.4294 -0.650561 4
      vertex -26.5278 -0.849999 1.90735e-07
      vertex -26.5278 -0.849999 4
    endloop
  endfacet
  facet normal -0.555551 0.831483 0
    outer loop
      vertex -26.9651 -1.3487 1.90735e-07
      vertex -27.15 -1.47224 4
      vertex -26.9651 -1.3487 4
    endloop
  endfacet
  facet normal -0.555551 0.831483 0
    outer loop
      vertex -27.15 -1.47224 4
      vertex -26.9651 -1.3487 1.90735e-07
      vertex -27.15 -1.47224 1.90735e-07
    endloop
  endfacet
  facet normal 0.98077 0.195167 0
    outer loop
      vertex -29.6421 -0.439992 4
      vertex -29.6855 -0.221894 1.90735e-07
      vertex -29.6855 -0.221894 4
    endloop
  endfacet
  facet normal 0.98077 0.195167 0
    outer loop
      vertex -29.6855 -0.221894 1.90735e-07
      vertex -29.6421 -0.439992 4
      vertex -29.6421 -0.439992 1.90735e-07
    endloop
  endfacet
  facet normal -0.195122 -0.980779 0
    outer loop
      vertex -27.7781 1.68546 1.90735e-07
      vertex -27.56 1.64207 4
      vertex -27.7781 1.68546 4
    endloop
  endfacet
  facet normal -0.195122 -0.980779 -0
    outer loop
      vertex -27.56 1.64207 4
      vertex -27.7781 1.68546 1.90735e-07
      vertex -27.56 1.64207 1.90735e-07
    endloop
  endfacet
  facet normal -0.831553 -0.555445 0
    outer loop
      vertex -26.5278 0.849999 1.90735e-07
      vertex -26.6513 1.03489 4
      vertex -26.6513 1.03489 1.90735e-07
    endloop
  endfacet
  facet normal -0.831553 -0.555445 0
    outer loop
      vertex -26.6513 1.03489 4
      vertex -26.5278 0.849999 1.90735e-07
      vertex -26.5278 0.849999 4
    endloop
  endfacet
  facet normal -0.997872 0.0652074 0
    outer loop
      vertex -26.3145 -0.221894 1.90735e-07
      vertex -26.3 0 4
      vertex -26.3 0 1.90735e-07
    endloop
  endfacet
  facet normal -0.997872 0.0652074 0
    outer loop
      vertex -26.3 0 4
      vertex -26.3145 -0.221894 1.90735e-07
      vertex -26.3145 -0.221894 4
    endloop
  endfacet
  facet normal -0.321403 -0.946943 0
    outer loop
      vertex -27.56 1.64207 1.90735e-07
      vertex -27.3494 1.57059 4
      vertex -27.56 1.64207 4
    endloop
  endfacet
  facet normal -0.321403 -0.946943 -0
    outer loop
      vertex -27.3494 1.57059 4
      vertex -27.56 1.64207 1.90735e-07
      vertex -27.3494 1.57059 1.90735e-07
    endloop
  endfacet
  facet normal -0.555551 -0.831483 0
    outer loop
      vertex -27.15 1.47224 1.90735e-07
      vertex -26.9651 1.3487 4
      vertex -27.15 1.47224 4
    endloop
  endfacet
  facet normal -0.555551 -0.831483 -0
    outer loop
      vertex -26.9651 1.3487 4
      vertex -27.15 1.47224 1.90735e-07
      vertex -26.9651 1.3487 1.90735e-07
    endloop
  endfacet
  facet normal 0.195122 -0.980779 0
    outer loop
      vertex -28.44 1.64207 1.90735e-07
      vertex -28.2219 1.68546 4
      vertex -28.44 1.64207 4
    endloop
  endfacet
  facet normal 0.195122 -0.980779 0
    outer loop
      vertex -28.2219 1.68546 4
      vertex -28.44 1.64207 1.90735e-07
      vertex -28.2219 1.68546 1.90735e-07
    endloop
  endfacet
  facet normal -0.659319 0.751863 0
    outer loop
      vertex -26.7979 -1.20208 1.90735e-07
      vertex -26.9651 -1.3487 4
      vertex -26.7979 -1.20208 4
    endloop
  endfacet
  facet normal -0.659319 0.751863 0
    outer loop
      vertex -26.9651 -1.3487 4
      vertex -26.7979 -1.20208 1.90735e-07
      vertex -26.9651 -1.3487 1.90735e-07
    endloop
  endfacet
  facet normal 0.896787 -0.442463 0
    outer loop
      vertex -29.5706 0.650561 4
      vertex -29.4722 0.849999 1.90735e-07
      vertex -29.4722 0.849999 4
    endloop
  endfacet
  facet normal 0.896787 -0.442463 0
    outer loop
      vertex -29.4722 0.849999 1.90735e-07
      vertex -29.5706 0.650561 4
      vertex -29.5706 0.650561 1.90735e-07
    endloop
  endfacet
  facet normal -0.98077 0.195167 0
    outer loop
      vertex -26.3579 -0.439992 1.90735e-07
      vertex -26.3145 -0.221894 4
      vertex -26.3145 -0.221894 1.90735e-07
    endloop
  endfacet
  facet normal -0.98077 0.195167 0
    outer loop
      vertex -26.3145 -0.221894 4
      vertex -26.3579 -0.439992 1.90735e-07
      vertex -26.3579 -0.439992 4
    endloop
  endfacet
  facet normal -0.195122 0.980779 0
    outer loop
      vertex -27.56 -1.64207 1.90735e-07
      vertex -27.7781 -1.68546 4
      vertex -27.56 -1.64207 4
    endloop
  endfacet
  facet normal -0.195122 0.980779 0
    outer loop
      vertex -27.7781 -1.68546 4
      vertex -27.56 -1.64207 1.90735e-07
      vertex -27.7781 -1.68546 1.90735e-07
    endloop
  endfacet
  facet normal 0.659319 0.751863 -0
    outer loop
      vertex -29.0349 -1.3487 1.90735e-07
      vertex -29.2021 -1.20208 4
      vertex -29.0349 -1.3487 4
    endloop
  endfacet
  facet normal 0.659319 0.751863 0
    outer loop
      vertex -29.2021 -1.20208 4
      vertex -29.0349 -1.3487 1.90735e-07
      vertex -29.2021 -1.20208 1.90735e-07
    endloop
  endfacet
  facet normal 0.751888 0.659291 0
    outer loop
      vertex -29.2021 -1.20208 4
      vertex -29.3487 -1.03489 1.90735e-07
      vertex -29.3487 -1.03489 4
    endloop
  endfacet
  facet normal 0.751888 0.659291 0
    outer loop
      vertex -29.3487 -1.03489 1.90735e-07
      vertex -29.2021 -1.20208 4
      vertex -29.2021 -1.20208 1.90735e-07
    endloop
  endfacet
  facet normal -0.0653848 -0.99786 0
    outer loop
      vertex -28 1.7 1.90735e-07
      vertex -27.7781 1.68546 4
      vertex -28 1.7 4
    endloop
  endfacet
  facet normal -0.0653848 -0.99786 -0
    outer loop
      vertex -27.7781 1.68546 4
      vertex -28 1.7 1.90735e-07
      vertex -27.7781 1.68546 1.90735e-07
    endloop
  endfacet
  facet normal -0.442349 -0.896843 0
    outer loop
      vertex -27.3494 1.57059 1.90735e-07
      vertex -27.15 1.47224 4
      vertex -27.3494 1.57059 4
    endloop
  endfacet
  facet normal -0.442349 -0.896843 -0
    outer loop
      vertex -27.15 1.47224 4
      vertex -27.3494 1.57059 1.90735e-07
      vertex -27.15 1.47224 1.90735e-07
    endloop
  endfacet
  facet normal -0.831553 0.555445 0
    outer loop
      vertex -26.6513 -1.03489 1.90735e-07
      vertex -26.5278 -0.849999 4
      vertex -26.5278 -0.849999 1.90735e-07
    endloop
  endfacet
  facet normal -0.831553 0.555445 0
    outer loop
      vertex -26.5278 -0.849999 4
      vertex -26.6513 -1.03489 1.90735e-07
      vertex -26.6513 -1.03489 4
    endloop
  endfacet
  facet normal 0.997872 0.0652074 0
    outer loop
      vertex -29.6855 -0.221894 4
      vertex -29.7 0 1.90735e-07
      vertex -29.7 0 4
    endloop
  endfacet
  facet normal 0.997872 0.0652074 0
    outer loop
      vertex -29.7 0 1.90735e-07
      vertex -29.6855 -0.221894 4
      vertex -29.6855 -0.221894 1.90735e-07
    endloop
  endfacet
  facet normal -0.442349 0.896843 0
    outer loop
      vertex -27.15 -1.47224 1.90735e-07
      vertex -27.3494 -1.57059 4
      vertex -27.15 -1.47224 4
    endloop
  endfacet
  facet normal -0.442349 0.896843 0
    outer loop
      vertex -27.3494 -1.57059 4
      vertex -27.15 -1.47224 1.90735e-07
      vertex -27.3494 -1.57059 1.90735e-07
    endloop
  endfacet
  facet normal 0.98077 -0.195167 0
    outer loop
      vertex -29.6855 0.221894 4
      vertex -29.6421 0.439992 1.90735e-07
      vertex -29.6421 0.439992 4
    endloop
  endfacet
  facet normal 0.98077 -0.195167 0
    outer loop
      vertex -29.6421 0.439992 1.90735e-07
      vertex -29.6855 0.221894 4
      vertex -29.6855 0.221894 1.90735e-07
    endloop
  endfacet
  facet normal 0.896787 0.442463 0
    outer loop
      vertex -29.4722 -0.849999 4
      vertex -29.5706 -0.650561 1.90735e-07
      vertex -29.5706 -0.650561 4
    endloop
  endfacet
  facet normal 0.896787 0.442463 0
    outer loop
      vertex -29.5706 -0.650561 1.90735e-07
      vertex -29.4722 -0.849999 4
      vertex -29.4722 -0.849999 1.90735e-07
    endloop
  endfacet
  facet normal 0.946901 -0.321526 0
    outer loop
      vertex -29.6421 0.439992 4
      vertex -29.5706 0.650561 1.90735e-07
      vertex -29.5706 0.650561 4
    endloop
  endfacet
  facet normal 0.946901 -0.321526 0
    outer loop
      vertex -29.5706 0.650561 1.90735e-07
      vertex -29.6421 0.439992 4
      vertex -29.6421 0.439992 1.90735e-07
    endloop
  endfacet
  facet normal 0.555551 -0.831483 0
    outer loop
      vertex -29.0349 1.3487 1.90735e-07
      vertex -28.85 1.47224 4
      vertex -29.0349 1.3487 4
    endloop
  endfacet
  facet normal 0.555551 -0.831483 0
    outer loop
      vertex -28.85 1.47224 4
      vertex -29.0349 1.3487 1.90735e-07
      vertex -28.85 1.47224 1.90735e-07
    endloop
  endfacet
  facet normal -0.896787 -0.442463 0
    outer loop
      vertex -26.4294 0.650561 1.90735e-07
      vertex -26.5278 0.849999 4
      vertex -26.5278 0.849999 1.90735e-07
    endloop
  endfacet
  facet normal -0.896787 -0.442463 0
    outer loop
      vertex -26.5278 0.849999 4
      vertex -26.4294 0.650561 1.90735e-07
      vertex -26.4294 0.650561 4
    endloop
  endfacet
  facet normal 0.997872 -0.0652074 0
    outer loop
      vertex -29.7 0 4
      vertex -29.6855 0.221894 1.90735e-07
      vertex -29.6855 0.221894 4
    endloop
  endfacet
  facet normal 0.997872 -0.0652074 0
    outer loop
      vertex -29.6855 0.221894 1.90735e-07
      vertex -29.7 0 4
      vertex -29.7 0 1.90735e-07
    endloop
  endfacet
  facet normal 0.321403 0.946943 -0
    outer loop
      vertex -28.44 -1.64207 1.90735e-07
      vertex -28.6506 -1.57059 4
      vertex -28.44 -1.64207 4
    endloop
  endfacet
  facet normal 0.321403 0.946943 0
    outer loop
      vertex -28.6506 -1.57059 4
      vertex -28.44 -1.64207 1.90735e-07
      vertex -28.6506 -1.57059 1.90735e-07
    endloop
  endfacet
  facet normal 0.442349 -0.896843 0
    outer loop
      vertex -28.85 1.47224 1.90735e-07
      vertex -28.6506 1.57059 4
      vertex -28.85 1.47224 4
    endloop
  endfacet
  facet normal 0.442349 -0.896843 0
    outer loop
      vertex -28.6506 1.57059 4
      vertex -28.85 1.47224 1.90735e-07
      vertex -28.6506 1.57059 1.90735e-07
    endloop
  endfacet
  facet normal 0.831553 -0.555445 0
    outer loop
      vertex -29.4722 0.849999 4
      vertex -29.3487 1.03489 1.90735e-07
      vertex -29.3487 1.03489 4
    endloop
  endfacet
  facet normal 0.831553 -0.555445 0
    outer loop
      vertex -29.3487 1.03489 1.90735e-07
      vertex -29.4722 0.849999 4
      vertex -29.4722 0.849999 1.90735e-07
    endloop
  endfacet
  facet normal 0.555551 0.831483 -0
    outer loop
      vertex -28.85 -1.47224 1.90735e-07
      vertex -29.0349 -1.3487 4
      vertex -28.85 -1.47224 4
    endloop
  endfacet
  facet normal 0.555551 0.831483 0
    outer loop
      vertex -29.0349 -1.3487 4
      vertex -28.85 -1.47224 1.90735e-07
      vertex -29.0349 -1.3487 1.90735e-07
    endloop
  endfacet
  facet normal -0.98077 -0.195167 0
    outer loop
      vertex -34.3145 0.221894 1.90735e-07
      vertex -34.3579 0.439992 4
      vertex -34.3579 0.439992 1.90735e-07
    endloop
  endfacet
  facet normal -0.98077 -0.195167 0
    outer loop
      vertex -34.3579 0.439992 4
      vertex -34.3145 0.221894 1.90735e-07
      vertex -34.3145 0.221894 4
    endloop
  endfacet
  facet normal -0.997872 -0.0652074 0
    outer loop
      vertex -34.3 0 1.90735e-07
      vertex -34.3145 0.221894 4
      vertex -34.3145 0.221894 1.90735e-07
    endloop
  endfacet
  facet normal -0.997872 -0.0652074 0
    outer loop
      vertex -34.3145 0.221894 4
      vertex -34.3 0 1.90735e-07
      vertex -34.3 0 4
    endloop
  endfacet
  facet normal -0.0653848 0.99786 0
    outer loop
      vertex -35.7781 -1.68546 1.90735e-07
      vertex -36 -1.7 4
      vertex -35.7781 -1.68546 4
    endloop
  endfacet
  facet normal -0.0653848 0.99786 0
    outer loop
      vertex -36 -1.7 4
      vertex -35.7781 -1.68546 1.90735e-07
      vertex -36 -1.7 1.90735e-07
    endloop
  endfacet
  facet normal 0.659319 -0.751863 0
    outer loop
      vertex -37.2021 1.20208 1.90735e-07
      vertex -37.0349 1.3487 4
      vertex -37.2021 1.20208 4
    endloop
  endfacet
  facet normal 0.659319 -0.751863 0
    outer loop
      vertex -37.0349 1.3487 4
      vertex -37.2021 1.20208 1.90735e-07
      vertex -37.0349 1.3487 1.90735e-07
    endloop
  endfacet
  facet normal 0.831553 0.555445 0
    outer loop
      vertex -37.3487 -1.03489 4
      vertex -37.4722 -0.849999 1.90735e-07
      vertex -37.4722 -0.849999 4
    endloop
  endfacet
  facet normal 0.831553 0.555445 0
    outer loop
      vertex -37.4722 -0.849999 1.90735e-07
      vertex -37.3487 -1.03489 4
      vertex -37.3487 -1.03489 1.90735e-07
    endloop
  endfacet
  facet normal 0.195122 0.980779 -0
    outer loop
      vertex -36.2219 -1.68546 1.90735e-07
      vertex -36.44 -1.64207 4
      vertex -36.2219 -1.68546 4
    endloop
  endfacet
  facet normal 0.195122 0.980779 0
    outer loop
      vertex -36.44 -1.64207 4
      vertex -36.2219 -1.68546 1.90735e-07
      vertex -36.44 -1.64207 1.90735e-07
    endloop
  endfacet
  facet normal -0.659319 -0.751863 0
    outer loop
      vertex -34.9651 1.3487 1.90735e-07
      vertex -34.7979 1.20208 4
      vertex -34.9651 1.3487 4
    endloop
  endfacet
  facet normal -0.659319 -0.751863 -0
    outer loop
      vertex -34.7979 1.20208 4
      vertex -34.9651 1.3487 1.90735e-07
      vertex -34.7979 1.20208 1.90735e-07
    endloop
  endfacet
  facet normal -0.946901 0.321526 0
    outer loop
      vertex -34.4294 -0.650561 1.90735e-07
      vertex -34.3579 -0.439992 4
      vertex -34.3579 -0.439992 1.90735e-07
    endloop
  endfacet
  facet normal -0.946901 0.321526 0
    outer loop
      vertex -34.3579 -0.439992 4
      vertex -34.4294 -0.650561 1.90735e-07
      vertex -34.4294 -0.650561 4
    endloop
  endfacet
  facet normal -0.751888 0.659291 0
    outer loop
      vertex -34.7979 -1.20208 1.90735e-07
      vertex -34.6513 -1.03489 4
      vertex -34.6513 -1.03489 1.90735e-07
    endloop
  endfacet
  facet normal -0.751888 0.659291 0
    outer loop
      vertex -34.6513 -1.03489 4
      vertex -34.7979 -1.20208 1.90735e-07
      vertex -34.7979 -1.20208 4
    endloop
  endfacet
  facet normal -0.751888 -0.659291 0
    outer loop
      vertex -34.6513 1.03489 1.90735e-07
      vertex -34.7979 1.20208 4
      vertex -34.7979 1.20208 1.90735e-07
    endloop
  endfacet
  facet normal -0.751888 -0.659291 0
    outer loop
      vertex -34.7979 1.20208 4
      vertex -34.6513 1.03489 1.90735e-07
      vertex -34.6513 1.03489 4
    endloop
  endfacet
  facet normal 0.946901 0.321526 0
    outer loop
      vertex -37.5706 -0.650561 4
      vertex -37.6421 -0.439992 1.90735e-07
      vertex -37.6421 -0.439992 4
    endloop
  endfacet
  facet normal 0.946901 0.321526 0
    outer loop
      vertex -37.6421 -0.439992 1.90735e-07
      vertex -37.5706 -0.650561 4
      vertex -37.5706 -0.650561 1.90735e-07
    endloop
  endfacet
  facet normal -0.321403 0.946943 0
    outer loop
      vertex -35.3494 -1.57059 1.90735e-07
      vertex -35.56 -1.64207 4
      vertex -35.3494 -1.57059 4
    endloop
  endfacet
  facet normal -0.321403 0.946943 0
    outer loop
      vertex -35.56 -1.64207 4
      vertex -35.3494 -1.57059 1.90735e-07
      vertex -35.56 -1.64207 1.90735e-07
    endloop
  endfacet
  facet normal 0.0653848 0.99786 -0
    outer loop
      vertex -36 -1.7 1.90735e-07
      vertex -36.2219 -1.68546 4
      vertex -36 -1.7 4
    endloop
  endfacet
  facet normal 0.0653848 0.99786 0
    outer loop
      vertex -36.2219 -1.68546 4
      vertex -36 -1.7 1.90735e-07
      vertex -36.2219 -1.68546 1.90735e-07
    endloop
  endfacet
  facet normal 0.321403 -0.946943 0
    outer loop
      vertex -36.6506 1.57059 1.90735e-07
      vertex -36.44 1.64207 4
      vertex -36.6506 1.57059 4
    endloop
  endfacet
  facet normal 0.321403 -0.946943 0
    outer loop
      vertex -36.44 1.64207 4
      vertex -36.6506 1.57059 1.90735e-07
      vertex -36.44 1.64207 1.90735e-07
    endloop
  endfacet
  facet normal 0.751888 -0.659291 0
    outer loop
      vertex -37.3487 1.03489 4
      vertex -37.2021 1.20208 1.90735e-07
      vertex -37.2021 1.20208 4
    endloop
  endfacet
  facet normal 0.751888 -0.659291 0
    outer loop
      vertex -37.2021 1.20208 1.90735e-07
      vertex -37.3487 1.03489 4
      vertex -37.3487 1.03489 1.90735e-07
    endloop
  endfacet
  facet normal 0.442349 0.896843 -0
    outer loop
      vertex -36.6506 -1.57059 1.90735e-07
      vertex -36.85 -1.47224 4
      vertex -36.6506 -1.57059 4
    endloop
  endfacet
  facet normal 0.442349 0.896843 0
    outer loop
      vertex -36.85 -1.47224 4
      vertex -36.6506 -1.57059 1.90735e-07
      vertex -36.85 -1.47224 1.90735e-07
    endloop
  endfacet
  facet normal 0.0653848 -0.99786 0
    outer loop
      vertex -36.2219 1.68546 1.90735e-07
      vertex -36 1.7 4
      vertex -36.2219 1.68546 4
    endloop
  endfacet
  facet normal 0.0653848 -0.99786 0
    outer loop
      vertex -36 1.7 4
      vertex -36.2219 1.68546 1.90735e-07
      vertex -36 1.7 1.90735e-07
    endloop
  endfacet
  facet normal -0.896787 0.442463 0
    outer loop
      vertex -34.5278 -0.849999 1.90735e-07
      vertex -34.4294 -0.650561 4
      vertex -34.4294 -0.650561 1.90735e-07
    endloop
  endfacet
  facet normal -0.896787 0.442463 0
    outer loop
      vertex -34.4294 -0.650561 4
      vertex -34.5278 -0.849999 1.90735e-07
      vertex -34.5278 -0.849999 4
    endloop
  endfacet
  facet normal -0.555551 0.831483 0
    outer loop
      vertex -34.9651 -1.3487 1.90735e-07
      vertex -35.15 -1.47224 4
      vertex -34.9651 -1.3487 4
    endloop
  endfacet
  facet normal -0.555551 0.831483 0
    outer loop
      vertex -35.15 -1.47224 4
      vertex -34.9651 -1.3487 1.90735e-07
      vertex -35.15 -1.47224 1.90735e-07
    endloop
  endfacet
  facet normal 0.98077 0.195167 0
    outer loop
      vertex -37.6421 -0.439992 4
      vertex -37.6855 -0.221894 1.90735e-07
      vertex -37.6855 -0.221894 4
    endloop
  endfacet
  facet normal 0.98077 0.195167 0
    outer loop
      vertex -37.6855 -0.221894 1.90735e-07
      vertex -37.6421 -0.439992 4
      vertex -37.6421 -0.439992 1.90735e-07
    endloop
  endfacet
  facet normal 0.751888 0.659291 0
    outer loop
      vertex -37.2021 -1.20208 4
      vertex -37.3487 -1.03489 1.90735e-07
      vertex -37.3487 -1.03489 4
    endloop
  endfacet
  facet normal 0.751888 0.659291 0
    outer loop
      vertex -37.3487 -1.03489 1.90735e-07
      vertex -37.2021 -1.20208 4
      vertex -37.2021 -1.20208 1.90735e-07
    endloop
  endfacet
  facet normal -0.195122 -0.980779 0
    outer loop
      vertex -35.7781 1.68546 1.90735e-07
      vertex -35.56 1.64207 4
      vertex -35.7781 1.68546 4
    endloop
  endfacet
  facet normal -0.195122 -0.980779 -0
    outer loop
      vertex -35.56 1.64207 4
      vertex -35.7781 1.68546 1.90735e-07
      vertex -35.56 1.64207 1.90735e-07
    endloop
  endfacet
  facet normal -0.831553 -0.555445 0
    outer loop
      vertex -34.5278 0.849999 1.90735e-07
      vertex -34.6513 1.03489 4
      vertex -34.6513 1.03489 1.90735e-07
    endloop
  endfacet
  facet normal -0.831553 -0.555445 0
    outer loop
      vertex -34.6513 1.03489 4
      vertex -34.5278 0.849999 1.90735e-07
      vertex -34.5278 0.849999 4
    endloop
  endfacet
  facet normal -0.997872 0.0652074 0
    outer loop
      vertex -34.3145 -0.221894 1.90735e-07
      vertex -34.3 0 4
      vertex -34.3 0 1.90735e-07
    endloop
  endfacet
  facet normal -0.997872 0.0652074 0
    outer loop
      vertex -34.3 0 4
      vertex -34.3145 -0.221894 1.90735e-07
      vertex -34.3145 -0.221894 4
    endloop
  endfacet
  facet normal -0.321403 -0.946943 0
    outer loop
      vertex -35.56 1.64207 1.90735e-07
      vertex -35.3494 1.57059 4
      vertex -35.56 1.64207 4
    endloop
  endfacet
  facet normal -0.321403 -0.946943 -0
    outer loop
      vertex -35.3494 1.57059 4
      vertex -35.56 1.64207 1.90735e-07
      vertex -35.3494 1.57059 1.90735e-07
    endloop
  endfacet
  facet normal -0.555551 -0.831483 0
    outer loop
      vertex -35.15 1.47224 1.90735e-07
      vertex -34.9651 1.3487 4
      vertex -35.15 1.47224 4
    endloop
  endfacet
  facet normal -0.555551 -0.831483 -0
    outer loop
      vertex -34.9651 1.3487 4
      vertex -35.15 1.47224 1.90735e-07
      vertex -34.9651 1.3487 1.90735e-07
    endloop
  endfacet
  facet normal 0.195122 -0.980779 0
    outer loop
      vertex -36.44 1.64207 1.90735e-07
      vertex -36.2219 1.68546 4
      vertex -36.44 1.64207 4
    endloop
  endfacet
  facet normal 0.195122 -0.980779 0
    outer loop
      vertex -36.2219 1.68546 4
      vertex -36.44 1.64207 1.90735e-07
      vertex -36.2219 1.68546 1.90735e-07
    endloop
  endfacet
  facet normal -0.659319 0.751863 0
    outer loop
      vertex -34.7979 -1.20208 1.90735e-07
      vertex -34.9651 -1.3487 4
      vertex -34.7979 -1.20208 4
    endloop
  endfacet
  facet normal -0.659319 0.751863 0
    outer loop
      vertex -34.9651 -1.3487 4
      vertex -34.7979 -1.20208 1.90735e-07
      vertex -34.9651 -1.3487 1.90735e-07
    endloop
  endfacet
  facet normal 0.896787 -0.442463 0
    outer loop
      vertex -37.5706 0.650561 4
      vertex -37.4722 0.849999 1.90735e-07
      vertex -37.4722 0.849999 4
    endloop
  endfacet
  facet normal 0.896787 -0.442463 0
    outer loop
      vertex -37.4722 0.849999 1.90735e-07
      vertex -37.5706 0.650561 4
      vertex -37.5706 0.650561 1.90735e-07
    endloop
  endfacet
  facet normal -0.98077 0.195167 0
    outer loop
      vertex -34.3579 -0.439992 1.90735e-07
      vertex -34.3145 -0.221894 4
      vertex -34.3145 -0.221894 1.90735e-07
    endloop
  endfacet
  facet normal -0.98077 0.195167 0
    outer loop
      vertex -34.3145 -0.221894 4
      vertex -34.3579 -0.439992 1.90735e-07
      vertex -34.3579 -0.439992 4
    endloop
  endfacet
  facet normal -0.195122 0.980779 0
    outer loop
      vertex -35.56 -1.64207 1.90735e-07
      vertex -35.7781 -1.68546 4
      vertex -35.56 -1.64207 4
    endloop
  endfacet
  facet normal -0.195122 0.980779 0
    outer loop
      vertex -35.7781 -1.68546 4
      vertex -35.56 -1.64207 1.90735e-07
      vertex -35.7781 -1.68546 1.90735e-07
    endloop
  endfacet
  facet normal 0.659319 0.751863 -0
    outer loop
      vertex -37.0349 -1.3487 1.90735e-07
      vertex -37.2021 -1.20208 4
      vertex -37.0349 -1.3487 4
    endloop
  endfacet
  facet normal 0.659319 0.751863 0
    outer loop
      vertex -37.2021 -1.20208 4
      vertex -37.0349 -1.3487 1.90735e-07
      vertex -37.2021 -1.20208 1.90735e-07
    endloop
  endfacet
  facet normal -0.0653848 -0.99786 0
    outer loop
      vertex -36 1.7 1.90735e-07
      vertex -35.7781 1.68546 4
      vertex -36 1.7 4
    endloop
  endfacet
  facet normal -0.0653848 -0.99786 -0
    outer loop
      vertex -35.7781 1.68546 4
      vertex -36 1.7 1.90735e-07
      vertex -35.7781 1.68546 1.90735e-07
    endloop
  endfacet
  facet normal -0.442349 -0.896843 0
    outer loop
      vertex -35.3494 1.57059 1.90735e-07
      vertex -35.15 1.47224 4
      vertex -35.3494 1.57059 4
    endloop
  endfacet
  facet normal -0.442349 -0.896843 -0
    outer loop
      vertex -35.15 1.47224 4
      vertex -35.3494 1.57059 1.90735e-07
      vertex -35.15 1.47224 1.90735e-07
    endloop
  endfacet
  facet normal -0.831553 0.555445 0
    outer loop
      vertex -34.6513 -1.03489 1.90735e-07
      vertex -34.5278 -0.849999 4
      vertex -34.5278 -0.849999 1.90735e-07
    endloop
  endfacet
  facet normal -0.831553 0.555445 0
    outer loop
      vertex -34.5278 -0.849999 4
      vertex -34.6513 -1.03489 1.90735e-07
      vertex -34.6513 -1.03489 4
    endloop
  endfacet
  facet normal 0.997872 0.0652074 0
    outer loop
      vertex -37.6855 -0.221894 4
      vertex -37.7 0 1.90735e-07
      vertex -37.7 0 4
    endloop
  endfacet
  facet normal 0.997872 0.0652074 0
    outer loop
      vertex -37.7 0 1.90735e-07
      vertex -37.6855 -0.221894 4
      vertex -37.6855 -0.221894 1.90735e-07
    endloop
  endfacet
  facet normal -0.442349 0.896843 0
    outer loop
      vertex -35.15 -1.47224 1.90735e-07
      vertex -35.3494 -1.57059 4
      vertex -35.15 -1.47224 4
    endloop
  endfacet
  facet normal -0.442349 0.896843 0
    outer loop
      vertex -35.3494 -1.57059 4
      vertex -35.15 -1.47224 1.90735e-07
      vertex -35.3494 -1.57059 1.90735e-07
    endloop
  endfacet
  facet normal 0.98077 -0.195167 0
    outer loop
      vertex -37.6855 0.221894 4
      vertex -37.6421 0.439992 1.90735e-07
      vertex -37.6421 0.439992 4
    endloop
  endfacet
  facet normal 0.98077 -0.195167 0
    outer loop
      vertex -37.6421 0.439992 1.90735e-07
      vertex -37.6855 0.221894 4
      vertex -37.6855 0.221894 1.90735e-07
    endloop
  endfacet
  facet normal 0.896787 0.442463 0
    outer loop
      vertex -37.4722 -0.849999 4
      vertex -37.5706 -0.650561 1.90735e-07
      vertex -37.5706 -0.650561 4
    endloop
  endfacet
  facet normal 0.896787 0.442463 0
    outer loop
      vertex -37.5706 -0.650561 1.90735e-07
      vertex -37.4722 -0.849999 4
      vertex -37.4722 -0.849999 1.90735e-07
    endloop
  endfacet
  facet normal 0.946901 -0.321526 0
    outer loop
      vertex -37.6421 0.439992 4
      vertex -37.5706 0.650561 1.90735e-07
      vertex -37.5706 0.650561 4
    endloop
  endfacet
  facet normal 0.946901 -0.321526 0
    outer loop
      vertex -37.5706 0.650561 1.90735e-07
      vertex -37.6421 0.439992 4
      vertex -37.6421 0.439992 1.90735e-07
    endloop
  endfacet
  facet normal -0.896787 -0.442463 0
    outer loop
      vertex -34.4294 0.650561 1.90735e-07
      vertex -34.5278 0.849999 4
      vertex -34.5278 0.849999 1.90735e-07
    endloop
  endfacet
  facet normal -0.896787 -0.442463 0
    outer loop
      vertex -34.5278 0.849999 4
      vertex -34.4294 0.650561 1.90735e-07
      vertex -34.4294 0.650561 4
    endloop
  endfacet
  facet normal -0.946901 -0.321526 0
    outer loop
      vertex -34.3579 0.439992 1.90735e-07
      vertex -34.4294 0.650561 4
      vertex -34.4294 0.650561 1.90735e-07
    endloop
  endfacet
  facet normal -0.946901 -0.321526 0
    outer loop
      vertex -34.4294 0.650561 4
      vertex -34.3579 0.439992 1.90735e-07
      vertex -34.3579 0.439992 4
    endloop
  endfacet
  facet normal 0.997872 -0.0652074 0
    outer loop
      vertex -37.7 0 4
      vertex -37.6855 0.221894 1.90735e-07
      vertex -37.6855 0.221894 4
    endloop
  endfacet
  facet normal 0.997872 -0.0652074 0
    outer loop
      vertex -37.6855 0.221894 1.90735e-07
      vertex -37.7 0 4
      vertex -37.7 0 1.90735e-07
    endloop
  endfacet
  facet normal 0.321403 0.946943 -0
    outer loop
      vertex -36.44 -1.64207 1.90735e-07
      vertex -36.6506 -1.57059 4
      vertex -36.44 -1.64207 4
    endloop
  endfacet
  facet normal 0.321403 0.946943 0
    outer loop
      vertex -36.6506 -1.57059 4
      vertex -36.44 -1.64207 1.90735e-07
      vertex -36.6506 -1.57059 1.90735e-07
    endloop
  endfacet
  facet normal 0.442349 -0.896843 0
    outer loop
      vertex -36.85 1.47224 1.90735e-07
      vertex -36.6506 1.57059 4
      vertex -36.85 1.47224 4
    endloop
  endfacet
  facet normal 0.442349 -0.896843 0
    outer loop
      vertex -36.6506 1.57059 4
      vertex -36.85 1.47224 1.90735e-07
      vertex -36.6506 1.57059 1.90735e-07
    endloop
  endfacet
  facet normal 0.555551 -0.831483 0
    outer loop
      vertex -37.0349 1.3487 1.90735e-07
      vertex -36.85 1.47224 4
      vertex -37.0349 1.3487 4
    endloop
  endfacet
  facet normal 0.555551 -0.831483 0
    outer loop
      vertex -36.85 1.47224 4
      vertex -37.0349 1.3487 1.90735e-07
      vertex -36.85 1.47224 1.90735e-07
    endloop
  endfacet
  facet normal 0.831553 -0.555445 0
    outer loop
      vertex -37.4722 0.849999 4
      vertex -37.3487 1.03489 1.90735e-07
      vertex -37.3487 1.03489 4
    endloop
  endfacet
  facet normal 0.831553 -0.555445 0
    outer loop
      vertex -37.3487 1.03489 1.90735e-07
      vertex -37.4722 0.849999 4
      vertex -37.4722 0.849999 1.90735e-07
    endloop
  endfacet
  facet normal 0.555551 0.831483 -0
    outer loop
      vertex -36.85 -1.47224 1.90735e-07
      vertex -37.0349 -1.3487 4
      vertex -36.85 -1.47224 4
    endloop
  endfacet
  facet normal 0.555551 0.831483 0
    outer loop
      vertex -37.0349 -1.3487 4
      vertex -36.85 -1.47224 1.90735e-07
      vertex -37.0349 -1.3487 1.90735e-07
    endloop
  endfacet
  facet normal -0.195088 -0.980786 0
    outer loop
      vertex 0.208841 1.58631 1.90735e-07
      vertex 0.41411 1.54548 4
      vertex 0.208841 1.58631 4
    endloop
  endfacet
  facet normal -0.195088 -0.980786 -0
    outer loop
      vertex 0.41411 1.54548 4
      vertex 0.208841 1.58631 1.90735e-07
      vertex 0.41411 1.54548 1.90735e-07
    endloop
  endfacet
  facet normal -0.980786 -0.195088 0
    outer loop
      vertex 1.58631 0.208841 1.90735e-07
      vertex 1.54548 0.41411 4
      vertex 1.54548 0.41411 1.90735e-07
    endloop
  endfacet
  facet normal -0.980786 -0.195088 0
    outer loop
      vertex 1.54548 0.41411 4
      vertex 1.58631 0.208841 1.90735e-07
      vertex 1.58631 0.208841 4
    endloop
  endfacet
  facet normal -0.997858 -0.0654119 0
    outer loop
      vertex 1.6 0 1.90735e-07
      vertex 1.58631 0.208841 4
      vertex 1.58631 0.208841 1.90735e-07
    endloop
  endfacet
  facet normal -0.997858 -0.0654119 0
    outer loop
      vertex 1.58631 0.208841 4
      vertex 1.6 0 1.90735e-07
      vertex 1.6 0 4
    endloop
  endfacet
  facet normal -0.946936 -0.321422 0
    outer loop
      vertex 1.54548 0.41411 1.90735e-07
      vertex 1.47821 0.612293 4
      vertex 1.47821 0.612293 1.90735e-07
    endloop
  endfacet
  facet normal -0.946936 -0.321422 0
    outer loop
      vertex 1.47821 0.612293 4
      vertex 1.54548 0.41411 1.90735e-07
      vertex 1.54548 0.41411 4
    endloop
  endfacet
  facet normal -0.831482 -0.555551 0
    outer loop
      vertex 1.38564 0.799999 1.90735e-07
      vertex 1.26937 0.974018 4
      vertex 1.26937 0.974018 1.90735e-07
    endloop
  endfacet
  facet normal -0.831482 -0.555551 0
    outer loop
      vertex 1.26937 0.974018 4
      vertex 1.38564 0.799999 1.90735e-07
      vertex 1.38564 0.799999 4
    endloop
  endfacet
  facet normal -0.321422 -0.946936 0
    outer loop
      vertex 0.41411 1.54548 1.90735e-07
      vertex 0.612293 1.47821 4
      vertex 0.41411 1.54548 4
    endloop
  endfacet
  facet normal -0.321422 -0.946936 -0
    outer loop
      vertex 0.612293 1.47821 4
      vertex 0.41411 1.54548 1.90735e-07
      vertex 0.612293 1.47821 1.90735e-07
    endloop
  endfacet
  facet normal -0.997858 0.0654119 0
    outer loop
      vertex 1.58631 -0.208841 1.90735e-07
      vertex 1.6 0 4
      vertex 1.6 0 1.90735e-07
    endloop
  endfacet
  facet normal -0.997858 0.0654119 0
    outer loop
      vertex 1.6 0 4
      vertex 1.58631 -0.208841 1.90735e-07
      vertex 1.58631 -0.208841 4
    endloop
  endfacet
  facet normal 0.555551 0.831482 -0
    outer loop
      vertex -0.799999 -1.38564 1.90735e-07
      vertex -0.974018 -1.26937 4
      vertex -0.799999 -1.38564 4
    endloop
  endfacet
  facet normal 0.555551 0.831482 0
    outer loop
      vertex -0.974018 -1.26937 4
      vertex -0.799999 -1.38564 1.90735e-07
      vertex -0.974018 -1.26937 1.90735e-07
    endloop
  endfacet
  facet normal 0.321422 0.946936 -0
    outer loop
      vertex -0.41411 -1.54548 1.90735e-07
      vertex -0.612293 -1.47821 4
      vertex -0.41411 -1.54548 4
    endloop
  endfacet
  facet normal 0.321422 0.946936 0
    outer loop
      vertex -0.612293 -1.47821 4
      vertex -0.41411 -1.54548 1.90735e-07
      vertex -0.612293 -1.47821 1.90735e-07
    endloop
  endfacet
  facet normal -0.896866 -0.442303 0
    outer loop
      vertex 1.47821 0.612293 1.90735e-07
      vertex 1.38564 0.799999 4
      vertex 1.38564 0.799999 1.90735e-07
    endloop
  endfacet
  facet normal -0.896866 -0.442303 0
    outer loop
      vertex 1.38564 0.799999 4
      vertex 1.47821 0.612293 1.90735e-07
      vertex 1.47821 0.612293 4
    endloop
  endfacet
  facet normal 0.321422 -0.946936 0
    outer loop
      vertex -0.612293 1.47821 1.90735e-07
      vertex -0.41411 1.54548 4
      vertex -0.612293 1.47821 4
    endloop
  endfacet
  facet normal 0.321422 -0.946936 0
    outer loop
      vertex -0.41411 1.54548 4
      vertex -0.612293 1.47821 1.90735e-07
      vertex -0.41411 1.54548 1.90735e-07
    endloop
  endfacet
  facet normal -0.751826 -0.659362 0
    outer loop
      vertex 1.26937 0.974018 1.90735e-07
      vertex 1.13137 1.13137 4
      vertex 1.13137 1.13137 1.90735e-07
    endloop
  endfacet
  facet normal -0.751826 -0.659362 0
    outer loop
      vertex 1.13137 1.13137 4
      vertex 1.26937 0.974018 1.90735e-07
      vertex 1.26937 0.974018 4
    endloop
  endfacet
  facet normal -0.946936 0.321422 0
    outer loop
      vertex 1.47821 -0.612293 1.90735e-07
      vertex 1.54548 -0.41411 4
      vertex 1.54548 -0.41411 1.90735e-07
    endloop
  endfacet
  facet normal -0.946936 0.321422 0
    outer loop
      vertex 1.54548 -0.41411 4
      vertex 1.47821 -0.612293 1.90735e-07
      vertex 1.47821 -0.612293 4
    endloop
  endfacet
  facet normal 0.751826 0.659362 0
    outer loop
      vertex -1.13137 -1.13137 4
      vertex -1.26937 -0.974018 1.90735e-07
      vertex -1.26937 -0.974018 4
    endloop
  endfacet
  facet normal 0.751826 0.659362 0
    outer loop
      vertex -1.26937 -0.974018 1.90735e-07
      vertex -1.13137 -1.13137 4
      vertex -1.13137 -1.13137 1.90735e-07
    endloop
  endfacet
  facet normal -0.980786 0.195088 0
    outer loop
      vertex 1.54548 -0.41411 1.90735e-07
      vertex 1.58631 -0.208841 4
      vertex 1.58631 -0.208841 1.90735e-07
    endloop
  endfacet
  facet normal -0.980786 0.195088 0
    outer loop
      vertex 1.58631 -0.208841 4
      vertex 1.54548 -0.41411 1.90735e-07
      vertex 1.54548 -0.41411 4
    endloop
  endfacet
  facet normal 0.659362 -0.751826 0
    outer loop
      vertex -1.13137 1.13137 1.90735e-07
      vertex -0.974018 1.26937 4
      vertex -1.13137 1.13137 4
    endloop
  endfacet
  facet normal 0.659362 -0.751826 0
    outer loop
      vertex -0.974018 1.26937 4
      vertex -1.13137 1.13137 1.90735e-07
      vertex -0.974018 1.26937 1.90735e-07
    endloop
  endfacet
  facet normal 0.946936 0.321422 0
    outer loop
      vertex -1.47821 -0.612293 4
      vertex -1.54548 -0.41411 1.90735e-07
      vertex -1.54548 -0.41411 4
    endloop
  endfacet
  facet normal 0.946936 0.321422 0
    outer loop
      vertex -1.54548 -0.41411 1.90735e-07
      vertex -1.47821 -0.612293 4
      vertex -1.47821 -0.612293 1.90735e-07
    endloop
  endfacet
  facet normal -0.831482 0.555551 0
    outer loop
      vertex 1.26937 -0.974018 1.90735e-07
      vertex 1.38564 -0.799999 4
      vertex 1.38564 -0.799999 1.90735e-07
    endloop
  endfacet
  facet normal -0.831482 0.555551 0
    outer loop
      vertex 1.38564 -0.799999 4
      vertex 1.26937 -0.974018 1.90735e-07
      vertex 1.26937 -0.974018 4
    endloop
  endfacet
  facet normal -0.442303 -0.896866 0
    outer loop
      vertex 0.612293 1.47821 1.90735e-07
      vertex 0.799999 1.38564 4
      vertex 0.612293 1.47821 4
    endloop
  endfacet
  facet normal -0.442303 -0.896866 -0
    outer loop
      vertex 0.799999 1.38564 4
      vertex 0.612293 1.47821 1.90735e-07
      vertex 0.799999 1.38564 1.90735e-07
    endloop
  endfacet
  facet normal 0.442303 -0.896866 0
    outer loop
      vertex -0.799999 1.38564 1.90735e-07
      vertex -0.612293 1.47821 4
      vertex -0.799999 1.38564 4
    endloop
  endfacet
  facet normal 0.442303 -0.896866 0
    outer loop
      vertex -0.612293 1.47821 4
      vertex -0.799999 1.38564 1.90735e-07
      vertex -0.612293 1.47821 1.90735e-07
    endloop
  endfacet
  facet normal -0.442303 0.896866 0
    outer loop
      vertex 0.799999 -1.38564 1.90735e-07
      vertex 0.612293 -1.47821 4
      vertex 0.799999 -1.38564 4
    endloop
  endfacet
  facet normal -0.442303 0.896866 0
    outer loop
      vertex 0.612293 -1.47821 4
      vertex 0.799999 -1.38564 1.90735e-07
      vertex 0.612293 -1.47821 1.90735e-07
    endloop
  endfacet
  facet normal -0.321422 0.946936 0
    outer loop
      vertex 0.612293 -1.47821 1.90735e-07
      vertex 0.41411 -1.54548 4
      vertex 0.612293 -1.47821 4
    endloop
  endfacet
  facet normal -0.321422 0.946936 0
    outer loop
      vertex 0.41411 -1.54548 4
      vertex 0.612293 -1.47821 1.90735e-07
      vertex 0.41411 -1.54548 1.90735e-07
    endloop
  endfacet
  facet normal 0.980786 0.195088 0
    outer loop
      vertex -1.54548 -0.41411 4
      vertex -1.58631 -0.208841 1.90735e-07
      vertex -1.58631 -0.208841 4
    endloop
  endfacet
  facet normal 0.980786 0.195088 0
    outer loop
      vertex -1.58631 -0.208841 1.90735e-07
      vertex -1.54548 -0.41411 4
      vertex -1.54548 -0.41411 1.90735e-07
    endloop
  endfacet
  facet normal 0.555551 -0.831482 0
    outer loop
      vertex -0.974018 1.26937 1.90735e-07
      vertex -0.799999 1.38564 4
      vertex -0.974018 1.26937 4
    endloop
  endfacet
  facet normal 0.555551 -0.831482 0
    outer loop
      vertex -0.799999 1.38564 4
      vertex -0.974018 1.26937 1.90735e-07
      vertex -0.799999 1.38564 1.90735e-07
    endloop
  endfacet
  facet normal -0.555551 0.831482 0
    outer loop
      vertex 0.974018 -1.26937 1.90735e-07
      vertex 0.799999 -1.38564 4
      vertex 0.974018 -1.26937 4
    endloop
  endfacet
  facet normal -0.555551 0.831482 0
    outer loop
      vertex 0.799999 -1.38564 4
      vertex 0.974018 -1.26937 1.90735e-07
      vertex 0.799999 -1.38564 1.90735e-07
    endloop
  endfacet
  facet normal -0.195088 0.980786 0
    outer loop
      vertex 0.41411 -1.54548 1.90735e-07
      vertex 0.208841 -1.58631 4
      vertex 0.41411 -1.54548 4
    endloop
  endfacet
  facet normal -0.195088 0.980786 0
    outer loop
      vertex 0.208841 -1.58631 4
      vertex 0.41411 -1.54548 1.90735e-07
      vertex 0.208841 -1.58631 1.90735e-07
    endloop
  endfacet
  facet normal -0.659362 -0.751826 0
    outer loop
      vertex 0.974018 1.26937 1.90735e-07
      vertex 1.13137 1.13137 4
      vertex 0.974018 1.26937 4
    endloop
  endfacet
  facet normal -0.659362 -0.751826 -0
    outer loop
      vertex 1.13137 1.13137 4
      vertex 0.974018 1.26937 1.90735e-07
      vertex 1.13137 1.13137 1.90735e-07
    endloop
  endfacet
  facet normal 0.946936 -0.321422 0
    outer loop
      vertex -1.54548 0.41411 4
      vertex -1.47821 0.612293 1.90735e-07
      vertex -1.47821 0.612293 4
    endloop
  endfacet
  facet normal 0.946936 -0.321422 0
    outer loop
      vertex -1.47821 0.612293 1.90735e-07
      vertex -1.54548 0.41411 4
      vertex -1.54548 0.41411 1.90735e-07
    endloop
  endfacet
  facet normal 0.0654119 -0.997858 0
    outer loop
      vertex -0.208841 1.58631 1.90735e-07
      vertex 0 1.6 4
      vertex -0.208841 1.58631 4
    endloop
  endfacet
  facet normal 0.0654119 -0.997858 0
    outer loop
      vertex 0 1.6 4
      vertex -0.208841 1.58631 1.90735e-07
      vertex 0 1.6 1.90735e-07
    endloop
  endfacet
  facet normal -0.0654119 0.997858 0
    outer loop
      vertex 0.208841 -1.58631 1.90735e-07
      vertex 0 -1.6 4
      vertex 0.208841 -1.58631 4
    endloop
  endfacet
  facet normal -0.0654119 0.997858 0
    outer loop
      vertex 0 -1.6 4
      vertex 0.208841 -1.58631 1.90735e-07
      vertex 0 -1.6 1.90735e-07
    endloop
  endfacet
  facet normal 0.195088 -0.980786 0
    outer loop
      vertex -0.41411 1.54548 1.90735e-07
      vertex -0.208841 1.58631 4
      vertex -0.41411 1.54548 4
    endloop
  endfacet
  facet normal 0.195088 -0.980786 0
    outer loop
      vertex -0.208841 1.58631 4
      vertex -0.41411 1.54548 1.90735e-07
      vertex -0.208841 1.58631 1.90735e-07
    endloop
  endfacet
  facet normal 0.659362 0.751826 -0
    outer loop
      vertex -0.974018 -1.26937 1.90735e-07
      vertex -1.13137 -1.13137 4
      vertex -0.974018 -1.26937 4
    endloop
  endfacet
  facet normal 0.659362 0.751826 0
    outer loop
      vertex -1.13137 -1.13137 4
      vertex -0.974018 -1.26937 1.90735e-07
      vertex -1.13137 -1.13137 1.90735e-07
    endloop
  endfacet
  facet normal -0.659362 0.751826 0
    outer loop
      vertex 1.13137 -1.13137 1.90735e-07
      vertex 0.974018 -1.26937 4
      vertex 1.13137 -1.13137 4
    endloop
  endfacet
  facet normal -0.659362 0.751826 0
    outer loop
      vertex 0.974018 -1.26937 4
      vertex 1.13137 -1.13137 1.90735e-07
      vertex 0.974018 -1.26937 1.90735e-07
    endloop
  endfacet
  facet normal 0.896866 -0.442303 0
    outer loop
      vertex -1.47821 0.612293 4
      vertex -1.38564 0.799999 1.90735e-07
      vertex -1.38564 0.799999 4
    endloop
  endfacet
  facet normal 0.896866 -0.442303 0
    outer loop
      vertex -1.38564 0.799999 1.90735e-07
      vertex -1.47821 0.612293 4
      vertex -1.47821 0.612293 1.90735e-07
    endloop
  endfacet
  facet normal -0.896866 0.442303 0
    outer loop
      vertex 1.38564 -0.799999 1.90735e-07
      vertex 1.47821 -0.612293 4
      vertex 1.47821 -0.612293 1.90735e-07
    endloop
  endfacet
  facet normal -0.896866 0.442303 0
    outer loop
      vertex 1.47821 -0.612293 4
      vertex 1.38564 -0.799999 1.90735e-07
      vertex 1.38564 -0.799999 4
    endloop
  endfacet
  facet normal -0.751826 0.659362 0
    outer loop
      vertex 1.13137 -1.13137 1.90735e-07
      vertex 1.26937 -0.974018 4
      vertex 1.26937 -0.974018 1.90735e-07
    endloop
  endfacet
  facet normal -0.751826 0.659362 0
    outer loop
      vertex 1.26937 -0.974018 4
      vertex 1.13137 -1.13137 1.90735e-07
      vertex 1.13137 -1.13137 4
    endloop
  endfacet
  facet normal 0.0654119 0.997858 -0
    outer loop
      vertex 0 -1.6 1.90735e-07
      vertex -0.208841 -1.58631 4
      vertex 0 -1.6 4
    endloop
  endfacet
  facet normal 0.0654119 0.997858 0
    outer loop
      vertex -0.208841 -1.58631 4
      vertex 0 -1.6 1.90735e-07
      vertex -0.208841 -1.58631 1.90735e-07
    endloop
  endfacet
  facet normal -0.0654119 -0.997858 0
    outer loop
      vertex 0 1.6 1.90735e-07
      vertex 0.208841 1.58631 4
      vertex 0 1.6 4
    endloop
  endfacet
  facet normal -0.0654119 -0.997858 -0
    outer loop
      vertex 0.208841 1.58631 4
      vertex 0 1.6 1.90735e-07
      vertex 0.208841 1.58631 1.90735e-07
    endloop
  endfacet
  facet normal -0.555551 -0.831482 0
    outer loop
      vertex 0.799999 1.38564 1.90735e-07
      vertex 0.974018 1.26937 4
      vertex 0.799999 1.38564 4
    endloop
  endfacet
  facet normal -0.555551 -0.831482 -0
    outer loop
      vertex 0.974018 1.26937 4
      vertex 0.799999 1.38564 1.90735e-07
      vertex 0.974018 1.26937 1.90735e-07
    endloop
  endfacet
  facet normal 0.997858 0.0654119 0
    outer loop
      vertex -1.58631 -0.208841 4
      vertex -1.6 0 1.90735e-07
      vertex -1.6 0 4
    endloop
  endfacet
  facet normal 0.997858 0.0654119 0
    outer loop
      vertex -1.6 0 1.90735e-07
      vertex -1.58631 -0.208841 4
      vertex -1.58631 -0.208841 1.90735e-07
    endloop
  endfacet
  facet normal 0.751826 -0.659362 0
    outer loop
      vertex -1.26937 0.974018 4
      vertex -1.13137 1.13137 1.90735e-07
      vertex -1.13137 1.13137 4
    endloop
  endfacet
  facet normal 0.751826 -0.659362 0
    outer loop
      vertex -1.13137 1.13137 1.90735e-07
      vertex -1.26937 0.974018 4
      vertex -1.26937 0.974018 1.90735e-07
    endloop
  endfacet
  facet normal 0.195088 0.980786 -0
    outer loop
      vertex -0.208841 -1.58631 1.90735e-07
      vertex -0.41411 -1.54548 4
      vertex -0.208841 -1.58631 4
    endloop
  endfacet
  facet normal 0.195088 0.980786 0
    outer loop
      vertex -0.41411 -1.54548 4
      vertex -0.208841 -1.58631 1.90735e-07
      vertex -0.41411 -1.54548 1.90735e-07
    endloop
  endfacet
  facet normal 0.980786 -0.195088 0
    outer loop
      vertex -1.58631 0.208841 4
      vertex -1.54548 0.41411 1.90735e-07
      vertex -1.54548 0.41411 4
    endloop
  endfacet
  facet normal 0.980786 -0.195088 0
    outer loop
      vertex -1.54548 0.41411 1.90735e-07
      vertex -1.58631 0.208841 4
      vertex -1.58631 0.208841 1.90735e-07
    endloop
  endfacet
  facet normal 0.997858 -0.0654119 0
    outer loop
      vertex -1.6 0 4
      vertex -1.58631 0.208841 1.90735e-07
      vertex -1.58631 0.208841 4
    endloop
  endfacet
  facet normal 0.997858 -0.0654119 0
    outer loop
      vertex -1.58631 0.208841 1.90735e-07
      vertex -1.6 0 4
      vertex -1.6 0 1.90735e-07
    endloop
  endfacet
  facet normal 0.442303 0.896866 -0
    outer loop
      vertex -0.612293 -1.47821 1.90735e-07
      vertex -0.799999 -1.38564 4
      vertex -0.612293 -1.47821 4
    endloop
  endfacet
  facet normal 0.442303 0.896866 0
    outer loop
      vertex -0.799999 -1.38564 4
      vertex -0.612293 -1.47821 1.90735e-07
      vertex -0.799999 -1.38564 1.90735e-07
    endloop
  endfacet
  facet normal 0.831482 -0.555551 0
    outer loop
      vertex -1.38564 0.799999 4
      vertex -1.26937 0.974018 1.90735e-07
      vertex -1.26937 0.974018 4
    endloop
  endfacet
  facet normal 0.831482 -0.555551 0
    outer loop
      vertex -1.26937 0.974018 1.90735e-07
      vertex -1.38564 0.799999 4
      vertex -1.38564 0.799999 1.90735e-07
    endloop
  endfacet
  facet normal 0.831482 0.555551 0
    outer loop
      vertex -1.26937 -0.974018 4
      vertex -1.38564 -0.799999 1.90735e-07
      vertex -1.38564 -0.799999 4
    endloop
  endfacet
  facet normal 0.831482 0.555551 0
    outer loop
      vertex -1.38564 -0.799999 1.90735e-07
      vertex -1.26937 -0.974018 4
      vertex -1.26937 -0.974018 1.90735e-07
    endloop
  endfacet
  facet normal 0.896866 0.442303 0
    outer loop
      vertex -1.38564 -0.799999 4
      vertex -1.47821 -0.612293 1.90735e-07
      vertex -1.47821 -0.612293 4
    endloop
  endfacet
  facet normal 0.896866 0.442303 0
    outer loop
      vertex -1.47821 -0.612293 1.90735e-07
      vertex -1.38564 -0.799999 4
      vertex -1.38564 -0.799999 1.90735e-07
    endloop
  endfacet
  facet normal -0.98077 -0.195167 0
    outer loop
      vertex -46.3145 0.221894 1.90735e-07
      vertex -46.3579 0.439992 4
      vertex -46.3579 0.439992 1.90735e-07
    endloop
  endfacet
  facet normal -0.98077 -0.195167 0
    outer loop
      vertex -46.3579 0.439992 4
      vertex -46.3145 0.221894 1.90735e-07
      vertex -46.3145 0.221894 4
    endloop
  endfacet
  facet normal -0.997872 -0.0652074 0
    outer loop
      vertex -46.3 0 1.90735e-07
      vertex -46.3145 0.221894 4
      vertex -46.3145 0.221894 1.90735e-07
    endloop
  endfacet
  facet normal -0.997872 -0.0652074 0
    outer loop
      vertex -46.3145 0.221894 4
      vertex -46.3 0 1.90735e-07
      vertex -46.3 0 4
    endloop
  endfacet
  facet normal -0.0653848 0.99786 0
    outer loop
      vertex -47.7781 -1.68546 1.90735e-07
      vertex -48 -1.7 4
      vertex -47.7781 -1.68546 4
    endloop
  endfacet
  facet normal -0.0653848 0.99786 0
    outer loop
      vertex -48 -1.7 4
      vertex -47.7781 -1.68546 1.90735e-07
      vertex -48 -1.7 1.90735e-07
    endloop
  endfacet
  facet normal 0.659319 -0.751863 0
    outer loop
      vertex -49.2021 1.20208 1.90735e-07
      vertex -49.0349 1.3487 4
      vertex -49.2021 1.20208 4
    endloop
  endfacet
  facet normal 0.659319 -0.751863 0
    outer loop
      vertex -49.0349 1.3487 4
      vertex -49.2021 1.20208 1.90735e-07
      vertex -49.0349 1.3487 1.90735e-07
    endloop
  endfacet
  facet normal 0.831553 0.555445 0
    outer loop
      vertex -49.3487 -1.03489 4
      vertex -49.4722 -0.849999 1.90735e-07
      vertex -49.4722 -0.849999 4
    endloop
  endfacet
  facet normal 0.831553 0.555445 0
    outer loop
      vertex -49.4722 -0.849999 1.90735e-07
      vertex -49.3487 -1.03489 4
      vertex -49.3487 -1.03489 1.90735e-07
    endloop
  endfacet
  facet normal 0.195122 0.980779 -0
    outer loop
      vertex -48.2219 -1.68546 1.90735e-07
      vertex -48.44 -1.64207 4
      vertex -48.2219 -1.68546 4
    endloop
  endfacet
  facet normal 0.195122 0.980779 0
    outer loop
      vertex -48.44 -1.64207 4
      vertex -48.2219 -1.68546 1.90735e-07
      vertex -48.44 -1.64207 1.90735e-07
    endloop
  endfacet
  facet normal -0.659319 -0.751863 0
    outer loop
      vertex -46.9651 1.3487 1.90735e-07
      vertex -46.7979 1.20208 4
      vertex -46.9651 1.3487 4
    endloop
  endfacet
  facet normal -0.659319 -0.751863 -0
    outer loop
      vertex -46.7979 1.20208 4
      vertex -46.9651 1.3487 1.90735e-07
      vertex -46.7979 1.20208 1.90735e-07
    endloop
  endfacet
  facet normal -0.946901 0.321526 0
    outer loop
      vertex -46.4294 -0.650561 1.90735e-07
      vertex -46.3579 -0.439992 4
      vertex -46.3579 -0.439992 1.90735e-07
    endloop
  endfacet
  facet normal -0.946901 0.321526 0
    outer loop
      vertex -46.3579 -0.439992 4
      vertex -46.4294 -0.650561 1.90735e-07
      vertex -46.4294 -0.650561 4
    endloop
  endfacet
  facet normal -0.751888 0.659291 0
    outer loop
      vertex -46.7979 -1.20208 1.90735e-07
      vertex -46.6513 -1.03489 4
      vertex -46.6513 -1.03489 1.90735e-07
    endloop
  endfacet
  facet normal -0.751888 0.659291 0
    outer loop
      vertex -46.6513 -1.03489 4
      vertex -46.7979 -1.20208 1.90735e-07
      vertex -46.7979 -1.20208 4
    endloop
  endfacet
  facet normal -0.751888 -0.659291 0
    outer loop
      vertex -46.6513 1.03489 1.90735e-07
      vertex -46.7979 1.20208 4
      vertex -46.7979 1.20208 1.90735e-07
    endloop
  endfacet
  facet normal -0.751888 -0.659291 0
    outer loop
      vertex -46.7979 1.20208 4
      vertex -46.6513 1.03489 1.90735e-07
      vertex -46.6513 1.03489 4
    endloop
  endfacet
  facet normal 0.946901 0.321526 0
    outer loop
      vertex -49.5706 -0.650561 4
      vertex -49.6421 -0.439992 1.90735e-07
      vertex -49.6421 -0.439992 4
    endloop
  endfacet
  facet normal 0.946901 0.321526 0
    outer loop
      vertex -49.6421 -0.439992 1.90735e-07
      vertex -49.5706 -0.650561 4
      vertex -49.5706 -0.650561 1.90735e-07
    endloop
  endfacet
  facet normal -0.321403 0.946943 0
    outer loop
      vertex -47.3494 -1.57059 1.90735e-07
      vertex -47.56 -1.64207 4
      vertex -47.3494 -1.57059 4
    endloop
  endfacet
  facet normal -0.321403 0.946943 0
    outer loop
      vertex -47.56 -1.64207 4
      vertex -47.3494 -1.57059 1.90735e-07
      vertex -47.56 -1.64207 1.90735e-07
    endloop
  endfacet
  facet normal 0.0653848 0.99786 -0
    outer loop
      vertex -48 -1.7 1.90735e-07
      vertex -48.2219 -1.68546 4
      vertex -48 -1.7 4
    endloop
  endfacet
  facet normal 0.0653848 0.99786 0
    outer loop
      vertex -48.2219 -1.68546 4
      vertex -48 -1.7 1.90735e-07
      vertex -48.2219 -1.68546 1.90735e-07
    endloop
  endfacet
  facet normal 0.321403 -0.946943 0
    outer loop
      vertex -48.6506 1.57059 1.90735e-07
      vertex -48.44 1.64207 4
      vertex -48.6506 1.57059 4
    endloop
  endfacet
  facet normal 0.321403 -0.946943 0
    outer loop
      vertex -48.44 1.64207 4
      vertex -48.6506 1.57059 1.90735e-07
      vertex -48.44 1.64207 1.90735e-07
    endloop
  endfacet
  facet normal -0.946901 -0.321526 0
    outer loop
      vertex -46.3579 0.439992 1.90735e-07
      vertex -46.4294 0.650561 4
      vertex -46.4294 0.650561 1.90735e-07
    endloop
  endfacet
  facet normal -0.946901 -0.321526 0
    outer loop
      vertex -46.4294 0.650561 4
      vertex -46.3579 0.439992 1.90735e-07
      vertex -46.3579 0.439992 4
    endloop
  endfacet
  facet normal 0.751888 -0.659291 0
    outer loop
      vertex -49.3487 1.03489 4
      vertex -49.2021 1.20208 1.90735e-07
      vertex -49.2021 1.20208 4
    endloop
  endfacet
  facet normal 0.751888 -0.659291 0
    outer loop
      vertex -49.2021 1.20208 1.90735e-07
      vertex -49.3487 1.03489 4
      vertex -49.3487 1.03489 1.90735e-07
    endloop
  endfacet
  facet normal 0.442349 0.896843 -0
    outer loop
      vertex -48.6506 -1.57059 1.90735e-07
      vertex -48.85 -1.47224 4
      vertex -48.6506 -1.57059 4
    endloop
  endfacet
  facet normal 0.442349 0.896843 0
    outer loop
      vertex -48.85 -1.47224 4
      vertex -48.6506 -1.57059 1.90735e-07
      vertex -48.85 -1.47224 1.90735e-07
    endloop
  endfacet
  facet normal 0.0653848 -0.99786 0
    outer loop
      vertex -48.2219 1.68546 1.90735e-07
      vertex -48 1.7 4
      vertex -48.2219 1.68546 4
    endloop
  endfacet
  facet normal 0.0653848 -0.99786 0
    outer loop
      vertex -48 1.7 4
      vertex -48.2219 1.68546 1.90735e-07
      vertex -48 1.7 1.90735e-07
    endloop
  endfacet
  facet normal -0.896787 0.442463 0
    outer loop
      vertex -46.5278 -0.849999 1.90735e-07
      vertex -46.4294 -0.650561 4
      vertex -46.4294 -0.650561 1.90735e-07
    endloop
  endfacet
  facet normal -0.896787 0.442463 0
    outer loop
      vertex -46.4294 -0.650561 4
      vertex -46.5278 -0.849999 1.90735e-07
      vertex -46.5278 -0.849999 4
    endloop
  endfacet
  facet normal -0.555551 0.831483 0
    outer loop
      vertex -46.9651 -1.3487 1.90735e-07
      vertex -47.15 -1.47224 4
      vertex -46.9651 -1.3487 4
    endloop
  endfacet
  facet normal -0.555551 0.831483 0
    outer loop
      vertex -47.15 -1.47224 4
      vertex -46.9651 -1.3487 1.90735e-07
      vertex -47.15 -1.47224 1.90735e-07
    endloop
  endfacet
  facet normal 0.98077 0.195167 0
    outer loop
      vertex -49.6421 -0.439992 4
      vertex -49.6855 -0.221894 1.90735e-07
      vertex -49.6855 -0.221894 4
    endloop
  endfacet
  facet normal 0.98077 0.195167 0
    outer loop
      vertex -49.6855 -0.221894 1.90735e-07
      vertex -49.6421 -0.439992 4
      vertex -49.6421 -0.439992 1.90735e-07
    endloop
  endfacet
  facet normal -0.195122 -0.980779 0
    outer loop
      vertex -47.7781 1.68546 1.90735e-07
      vertex -47.56 1.64207 4
      vertex -47.7781 1.68546 4
    endloop
  endfacet
  facet normal -0.195122 -0.980779 -0
    outer loop
      vertex -47.56 1.64207 4
      vertex -47.7781 1.68546 1.90735e-07
      vertex -47.56 1.64207 1.90735e-07
    endloop
  endfacet
  facet normal -0.831553 -0.555445 0
    outer loop
      vertex -46.5278 0.849999 1.90735e-07
      vertex -46.6513 1.03489 4
      vertex -46.6513 1.03489 1.90735e-07
    endloop
  endfacet
  facet normal -0.831553 -0.555445 0
    outer loop
      vertex -46.6513 1.03489 4
      vertex -46.5278 0.849999 1.90735e-07
      vertex -46.5278 0.849999 4
    endloop
  endfacet
  facet normal -0.997872 0.0652074 0
    outer loop
      vertex -46.3145 -0.221894 1.90735e-07
      vertex -46.3 0 4
      vertex -46.3 0 1.90735e-07
    endloop
  endfacet
  facet normal -0.997872 0.0652074 0
    outer loop
      vertex -46.3 0 4
      vertex -46.3145 -0.221894 1.90735e-07
      vertex -46.3145 -0.221894 4
    endloop
  endfacet
  facet normal -0.321403 -0.946943 0
    outer loop
      vertex -47.56 1.64207 1.90735e-07
      vertex -47.3494 1.57059 4
      vertex -47.56 1.64207 4
    endloop
  endfacet
  facet normal -0.321403 -0.946943 -0
    outer loop
      vertex -47.3494 1.57059 4
      vertex -47.56 1.64207 1.90735e-07
      vertex -47.3494 1.57059 1.90735e-07
    endloop
  endfacet
  facet normal -0.555551 -0.831483 0
    outer loop
      vertex -47.15 1.47224 1.90735e-07
      vertex -46.9651 1.3487 4
      vertex -47.15 1.47224 4
    endloop
  endfacet
  facet normal -0.555551 -0.831483 -0
    outer loop
      vertex -46.9651 1.3487 4
      vertex -47.15 1.47224 1.90735e-07
      vertex -46.9651 1.3487 1.90735e-07
    endloop
  endfacet
  facet normal 0.195122 -0.980779 0
    outer loop
      vertex -48.44 1.64207 1.90735e-07
      vertex -48.2219 1.68546 4
      vertex -48.44 1.64207 4
    endloop
  endfacet
  facet normal 0.195122 -0.980779 0
    outer loop
      vertex -48.2219 1.68546 4
      vertex -48.44 1.64207 1.90735e-07
      vertex -48.2219 1.68546 1.90735e-07
    endloop
  endfacet
  facet normal -0.659319 0.751863 0
    outer loop
      vertex -46.7979 -1.20208 1.90735e-07
      vertex -46.9651 -1.3487 4
      vertex -46.7979 -1.20208 4
    endloop
  endfacet
  facet normal -0.659319 0.751863 0
    outer loop
      vertex -46.9651 -1.3487 4
      vertex -46.7979 -1.20208 1.90735e-07
      vertex -46.9651 -1.3487 1.90735e-07
    endloop
  endfacet
  facet normal 0.896787 -0.442463 0
    outer loop
      vertex -49.5706 0.650561 4
      vertex -49.4722 0.849999 1.90735e-07
      vertex -49.4722 0.849999 4
    endloop
  endfacet
  facet normal 0.896787 -0.442463 0
    outer loop
      vertex -49.4722 0.849999 1.90735e-07
      vertex -49.5706 0.650561 4
      vertex -49.5706 0.650561 1.90735e-07
    endloop
  endfacet
  facet normal -0.98077 0.195167 0
    outer loop
      vertex -46.3579 -0.439992 1.90735e-07
      vertex -46.3145 -0.221894 4
      vertex -46.3145 -0.221894 1.90735e-07
    endloop
  endfacet
  facet normal -0.98077 0.195167 0
    outer loop
      vertex -46.3145 -0.221894 4
      vertex -46.3579 -0.439992 1.90735e-07
      vertex -46.3579 -0.439992 4
    endloop
  endfacet
  facet normal -0.195122 0.980779 0
    outer loop
      vertex -47.56 -1.64207 1.90735e-07
      vertex -47.7781 -1.68546 4
      vertex -47.56 -1.64207 4
    endloop
  endfacet
  facet normal -0.195122 0.980779 0
    outer loop
      vertex -47.7781 -1.68546 4
      vertex -47.56 -1.64207 1.90735e-07
      vertex -47.7781 -1.68546 1.90735e-07
    endloop
  endfacet
  facet normal 0.659319 0.751863 -0
    outer loop
      vertex -49.0349 -1.3487 1.90735e-07
      vertex -49.2021 -1.20208 4
      vertex -49.0349 -1.3487 4
    endloop
  endfacet
  facet normal 0.659319 0.751863 0
    outer loop
      vertex -49.2021 -1.20208 4
      vertex -49.0349 -1.3487 1.90735e-07
      vertex -49.2021 -1.20208 1.90735e-07
    endloop
  endfacet
  facet normal 0.751888 0.659291 0
    outer loop
      vertex -49.2021 -1.20208 4
      vertex -49.3487 -1.03489 1.90735e-07
      vertex -49.3487 -1.03489 4
    endloop
  endfacet
  facet normal 0.751888 0.659291 0
    outer loop
      vertex -49.3487 -1.03489 1.90735e-07
      vertex -49.2021 -1.20208 4
      vertex -49.2021 -1.20208 1.90735e-07
    endloop
  endfacet
  facet normal -0.0653848 -0.99786 0
    outer loop
      vertex -48 1.7 1.90735e-07
      vertex -47.7781 1.68546 4
      vertex -48 1.7 4
    endloop
  endfacet
  facet normal -0.0653848 -0.99786 -0
    outer loop
      vertex -47.7781 1.68546 4
      vertex -48 1.7 1.90735e-07
      vertex -47.7781 1.68546 1.90735e-07
    endloop
  endfacet
  facet normal -0.442349 -0.896843 0
    outer loop
      vertex -47.3494 1.57059 1.90735e-07
      vertex -47.15 1.47224 4
      vertex -47.3494 1.57059 4
    endloop
  endfacet
  facet normal -0.442349 -0.896843 -0
    outer loop
      vertex -47.15 1.47224 4
      vertex -47.3494 1.57059 1.90735e-07
      vertex -47.15 1.47224 1.90735e-07
    endloop
  endfacet
  facet normal -0.831553 0.555445 0
    outer loop
      vertex -46.6513 -1.03489 1.90735e-07
      vertex -46.5278 -0.849999 4
      vertex -46.5278 -0.849999 1.90735e-07
    endloop
  endfacet
  facet normal -0.831553 0.555445 0
    outer loop
      vertex -46.5278 -0.849999 4
      vertex -46.6513 -1.03489 1.90735e-07
      vertex -46.6513 -1.03489 4
    endloop
  endfacet
  facet normal 0.997872 0.0652074 0
    outer loop
      vertex -49.6855 -0.221894 4
      vertex -49.7 0 1.90735e-07
      vertex -49.7 0 4
    endloop
  endfacet
  facet normal 0.997872 0.0652074 0
    outer loop
      vertex -49.7 0 1.90735e-07
      vertex -49.6855 -0.221894 4
      vertex -49.6855 -0.221894 1.90735e-07
    endloop
  endfacet
  facet normal -0.442349 0.896843 0
    outer loop
      vertex -47.15 -1.47224 1.90735e-07
      vertex -47.3494 -1.57059 4
      vertex -47.15 -1.47224 4
    endloop
  endfacet
  facet normal -0.442349 0.896843 0
    outer loop
      vertex -47.3494 -1.57059 4
      vertex -47.15 -1.47224 1.90735e-07
      vertex -47.3494 -1.57059 1.90735e-07
    endloop
  endfacet
  facet normal 0.98077 -0.195167 0
    outer loop
      vertex -49.6855 0.221894 4
      vertex -49.6421 0.439992 1.90735e-07
      vertex -49.6421 0.439992 4
    endloop
  endfacet
  facet normal 0.98077 -0.195167 0
    outer loop
      vertex -49.6421 0.439992 1.90735e-07
      vertex -49.6855 0.221894 4
      vertex -49.6855 0.221894 1.90735e-07
    endloop
  endfacet
  facet normal 0.896787 0.442463 0
    outer loop
      vertex -49.4722 -0.849999 4
      vertex -49.5706 -0.650561 1.90735e-07
      vertex -49.5706 -0.650561 4
    endloop
  endfacet
  facet normal 0.896787 0.442463 0
    outer loop
      vertex -49.5706 -0.650561 1.90735e-07
      vertex -49.4722 -0.849999 4
      vertex -49.4722 -0.849999 1.90735e-07
    endloop
  endfacet
  facet normal 0.946901 -0.321526 0
    outer loop
      vertex -49.6421 0.439992 4
      vertex -49.5706 0.650561 1.90735e-07
      vertex -49.5706 0.650561 4
    endloop
  endfacet
  facet normal 0.946901 -0.321526 0
    outer loop
      vertex -49.5706 0.650561 1.90735e-07
      vertex -49.6421 0.439992 4
      vertex -49.6421 0.439992 1.90735e-07
    endloop
  endfacet
  facet normal -0.896787 -0.442463 0
    outer loop
      vertex -46.4294 0.650561 1.90735e-07
      vertex -46.5278 0.849999 4
      vertex -46.5278 0.849999 1.90735e-07
    endloop
  endfacet
  facet normal -0.896787 -0.442463 0
    outer loop
      vertex -46.5278 0.849999 4
      vertex -46.4294 0.650561 1.90735e-07
      vertex -46.4294 0.650561 4
    endloop
  endfacet
  facet normal 0.997872 -0.0652074 0
    outer loop
      vertex -49.7 0 4
      vertex -49.6855 0.221894 1.90735e-07
      vertex -49.6855 0.221894 4
    endloop
  endfacet
  facet normal 0.997872 -0.0652074 0
    outer loop
      vertex -49.6855 0.221894 1.90735e-07
      vertex -49.7 0 4
      vertex -49.7 0 1.90735e-07
    endloop
  endfacet
  facet normal 0.321403 0.946943 -0
    outer loop
      vertex -48.44 -1.64207 1.90735e-07
      vertex -48.6506 -1.57059 4
      vertex -48.44 -1.64207 4
    endloop
  endfacet
  facet normal 0.321403 0.946943 0
    outer loop
      vertex -48.6506 -1.57059 4
      vertex -48.44 -1.64207 1.90735e-07
      vertex -48.6506 -1.57059 1.90735e-07
    endloop
  endfacet
  facet normal 0.442349 -0.896843 0
    outer loop
      vertex -48.85 1.47224 1.90735e-07
      vertex -48.6506 1.57059 4
      vertex -48.85 1.47224 4
    endloop
  endfacet
  facet normal 0.442349 -0.896843 0
    outer loop
      vertex -48.6506 1.57059 4
      vertex -48.85 1.47224 1.90735e-07
      vertex -48.6506 1.57059 1.90735e-07
    endloop
  endfacet
  facet normal 0.555551 -0.831483 0
    outer loop
      vertex -49.0349 1.3487 1.90735e-07
      vertex -48.85 1.47224 4
      vertex -49.0349 1.3487 4
    endloop
  endfacet
  facet normal 0.555551 -0.831483 0
    outer loop
      vertex -48.85 1.47224 4
      vertex -49.0349 1.3487 1.90735e-07
      vertex -48.85 1.47224 1.90735e-07
    endloop
  endfacet
  facet normal 0.831553 -0.555445 0
    outer loop
      vertex -49.4722 0.849999 4
      vertex -49.3487 1.03489 1.90735e-07
      vertex -49.3487 1.03489 4
    endloop
  endfacet
  facet normal 0.831553 -0.555445 0
    outer loop
      vertex -49.3487 1.03489 1.90735e-07
      vertex -49.4722 0.849999 4
      vertex -49.4722 0.849999 1.90735e-07
    endloop
  endfacet
  facet normal 0.555551 0.831483 -0
    outer loop
      vertex -48.85 -1.47224 1.90735e-07
      vertex -49.0349 -1.3487 4
      vertex -48.85 -1.47224 4
    endloop
  endfacet
  facet normal 0.555551 0.831483 0
    outer loop
      vertex -49.0349 -1.3487 4
      vertex -48.85 -1.47224 1.90735e-07
      vertex -49.0349 -1.3487 1.90735e-07
    endloop
  endfacet
endsolid OpenSCAD_Model
