solid OpenSCAD_Model
  facet normal 1 -0 0
    outer loop
      vertex 14.5 -16 7.1
      vertex 14.5 -8 0.1
      vertex 14.5 -8 7.1
    endloop
  endfacet
  facet normal 1 0 0
    outer loop
      vertex 14.5 -8 0.1
      vertex 14.5 -16 7.1
      vertex 14.5 -16 0.1
    endloop
  endfacet
  facet normal -1 0 0
    outer loop
      vertex -14.5 -16 0.1
      vertex -14.5 -8 7.1
      vertex -14.5 -8 0.1
    endloop
  endfacet
  facet normal -1 -0 0
    outer loop
      vertex -14.5 -8 7.1
      vertex -14.5 -16 0.1
      vertex -14.5 -16 7.1
    endloop
  endfacet
  facet normal -0.0653933 -0.99786 0
    outer loop
      vertex -0.84842 -26.4444 7.1
      vertex 0 -26.5 5.5
      vertex 0 -26.5 7.1
    endloop
  endfacet
  facet normal -0.0653933 -0.99786 0
    outer loop
      vertex -0.84842 -26.4444 0.1
      vertex 0 -26.5 5.5
      vertex -0.84842 -26.4444 7.1
    endloop
  endfacet
  facet normal -0.0653933 -0.99786 -0
    outer loop
      vertex 0 -26.5 5.5
      vertex -0.84842 -26.4444 0.1
      vertex 0 -26.5 0.1
    endloop
  endfacet
  facet normal 0 -1 0
    outer loop
      vertex -6.75 -8 23.9
      vertex 6.75 -8 24
      vertex -6.75 -8 24
    endloop
  endfacet
  facet normal 0 -1 -0
    outer loop
      vertex 6.75 -8 24
      vertex -6.75 -8 23.9
      vertex 6.75 -8 23.9
    endloop
  endfacet
  facet normal 0 -1 0
    outer loop
      vertex -6.75 -8 0
      vertex 6.75 -8 0.1
      vertex -6.75 -8 0.1
    endloop
  endfacet
  facet normal 0 -1 -0
    outer loop
      vertex 6.75 -8 0.1
      vertex -6.75 -8 0
      vertex 6.75 -8 0
    endloop
  endfacet
  facet normal 0 1 0
    outer loop
      vertex 14.5 -8 7.1
      vertex 7.75 -8 6.8
      vertex 7.75 -8 7.1
    endloop
  endfacet
  facet normal 0 1 -0
    outer loop
      vertex 14.5 -8 0.1
      vertex 7.75 -8 6.8
      vertex 14.5 -8 7.1
    endloop
  endfacet
  facet normal 0 1 0
    outer loop
      vertex 6.75 -8 0.1
      vertex 7.75 -8 6.8
      vertex 14.5 -8 0.1
    endloop
  endfacet
  facet normal 0 1 0
    outer loop
      vertex 7.75 -8 6.8
      vertex 6.75 -8 0.1
      vertex 6.75 -8 6.8
    endloop
  endfacet
  facet normal 0 1 0
    outer loop
      vertex -6.75 -8 6.8
      vertex -6.75 -8 0.1
      vertex -7.75 -8 6.8
    endloop
  endfacet
  facet normal 0 1 -0
    outer loop
      vertex -7.75 -8 6.8
      vertex -14.5 -8 7.1
      vertex -7.75 -8 7.1
    endloop
  endfacet
  facet normal 0 1 0
    outer loop
      vertex -14.5 -8 0.1
      vertex -7.75 -8 6.8
      vertex -6.75 -8 0.1
    endloop
  endfacet
  facet normal 0 1 0
    outer loop
      vertex -7.75 -8 6.8
      vertex -14.5 -8 0.1
      vertex -14.5 -8 7.1
    endloop
  endfacet
  facet normal 0 1 0
    outer loop
      vertex -10.5 -8 16.9
      vertex -6.75 -8 23.9
      vertex -6.75 -8 16.9
    endloop
  endfacet
  facet normal 0 1 0
    outer loop
      vertex -6.75 -8 23.9
      vertex -10.5 -8 16.9
      vertex -14.5 -8 23.9
    endloop
  endfacet
  facet normal 0 1 -0
    outer loop
      vertex -12.5 -8 16.9
      vertex -14.5 -8 23.9
      vertex -10.5 -8 16.9
    endloop
  endfacet
  facet normal 0 1 0
    outer loop
      vertex -14.5 -8 23.9
      vertex -12.5 -8 16.9
      vertex -14.5 -8 16.9
    endloop
  endfacet
  facet normal 0 1 0
    outer loop
      vertex 12.5 -8 16.9
      vertex 14.5 -8 23.9
      vertex 14.5 -8 16.9
    endloop
  endfacet
  facet normal 0 1 0
    outer loop
      vertex 10.5 -8 16.9
      vertex 14.5 -8 23.9
      vertex 12.5 -8 16.9
    endloop
  endfacet
  facet normal 0 1 0
    outer loop
      vertex 14.5 -8 23.9
      vertex 10.5 -8 16.9
      vertex 6.75 -8 23.9
    endloop
  endfacet
  facet normal 0 1 0
    outer loop
      vertex 6.75 -8 23.9
      vertex 10.5 -8 16.9
      vertex 6.75 -8 16.9
    endloop
  endfacet
  facet normal 0 -1 0
    outer loop
      vertex -6.75 -8 11.8
      vertex 6.75 -8 16.9
      vertex -6.75 -8 16.9
    endloop
  endfacet
  facet normal 0 -1 -0
    outer loop
      vertex 6.75 -8 16.9
      vertex -6.75 -8 11.8
      vertex 6.75 -8 11.8
    endloop
  endfacet
  facet normal -0.442239 -0.896897 0
    outer loop
      vertex -3.25 -25.6292 0.1
      vertex -2.48744 -26.0052 7.1
      vertex -3.25 -25.6292 7.1
    endloop
  endfacet
  facet normal -0.442239 -0.896897 -0
    outer loop
      vertex -2.48744 -26.0052 7.1
      vertex -3.25 -25.6292 0.1
      vertex -2.48744 -26.0052 0.1
    endloop
  endfacet
  facet normal 0.65574 -0.754987 0
    outer loop
      vertex 5.45175 -23.8585 5.5
      vertex 3.95695 -25.1568 7.1
      vertex 3.95695 -25.1568 5.5
    endloop
  endfacet
  facet normal 0.655727 -0.754998 -2.04617e-05
    outer loop
      vertex 3.95695 -25.1568 7.1
      vertex 5.45175 -23.8585 5.5
      vertex 14.5 -16 7.1
    endloop
  endfacet
  facet normal 0.655725 -0.755 0
    outer loop
      vertex 14.5 -16 0.1
      vertex 5.45175 -23.8585 5.5
      vertex 5.45175 -23.8585 0.1
    endloop
  endfacet
  facet normal 0.655725 -0.755 0
    outer loop
      vertex 5.45175 -23.8585 5.5
      vertex 14.5 -16 0.1
      vertex 14.5 -16 7.1
    endloop
  endfacet
  facet normal -0.321438 -0.946931 0
    outer loop
      vertex -2.48744 -26.0052 0.1
      vertex -1.68232 -26.2785 7.1
      vertex -2.48744 -26.0052 7.1
    endloop
  endfacet
  facet normal -0.321438 -0.946931 -0
    outer loop
      vertex -1.68232 -26.2785 7.1
      vertex -2.48744 -26.0052 0.1
      vertex -1.68232 -26.2785 0.1
    endloop
  endfacet
  facet normal 0.555596 -0.831453 0
    outer loop
      vertex 3.25 -25.6292 5.5
      vertex 3.95695 -25.1568 7.1
      vertex 3.25 -25.6292 7.1
    endloop
  endfacet
  facet normal 0.555596 -0.831453 0
    outer loop
      vertex 3.95695 -25.1568 7.1
      vertex 3.25 -25.6292 5.5
      vertex 3.95695 -25.1568 5.5
    endloop
  endfacet
  facet normal -0.195121 -0.980779 0
    outer loop
      vertex -1.68232 -26.2785 0.1
      vertex -0.84842 -26.4444 7.1
      vertex -1.68232 -26.2785 7.1
    endloop
  endfacet
  facet normal -0.195121 -0.980779 -0
    outer loop
      vertex -0.84842 -26.4444 7.1
      vertex -1.68232 -26.2785 0.1
      vertex -0.84842 -26.4444 0.1
    endloop
  endfacet
  facet normal 0.442239 -0.896897 0
    outer loop
      vertex 2.48744 -26.0052 5.5
      vertex 3.25 -25.6292 7.1
      vertex 2.48744 -26.0052 7.1
    endloop
  endfacet
  facet normal 0.442239 -0.896897 0
    outer loop
      vertex 3.25 -25.6292 7.1
      vertex 2.48744 -26.0052 5.5
      vertex 3.25 -25.6292 5.5
    endloop
  endfacet
  facet normal 0.321438 -0.946931 0
    outer loop
      vertex 1.68232 -26.2785 5.5
      vertex 2.48744 -26.0052 7.1
      vertex 1.68232 -26.2785 7.1
    endloop
  endfacet
  facet normal 0.321438 -0.946931 0
    outer loop
      vertex 2.48744 -26.0052 7.1
      vertex 1.68232 -26.2785 5.5
      vertex 2.48744 -26.0052 5.5
    endloop
  endfacet
  facet normal -0.555596 -0.831453 0
    outer loop
      vertex -3.95695 -25.1568 0.1
      vertex -3.25 -25.6292 7.1
      vertex -3.95695 -25.1568 7.1
    endloop
  endfacet
  facet normal -0.555596 -0.831453 -0
    outer loop
      vertex -3.25 -25.6292 7.1
      vertex -3.95695 -25.1568 0.1
      vertex -3.25 -25.6292 0.1
    endloop
  endfacet
  facet normal -0.655727 -0.754998 0
    outer loop
      vertex -14.5 -16 0.1
      vertex -3.95695 -25.1568 7.1
      vertex -14.5 -16 7.1
    endloop
  endfacet
  facet normal -0.655727 -0.754998 -0
    outer loop
      vertex -3.95695 -25.1568 7.1
      vertex -14.5 -16 0.1
      vertex -3.95695 -25.1568 0.1
    endloop
  endfacet
  facet normal 0.195121 -0.980779 0
    outer loop
      vertex 0.84842 -26.4444 5.5
      vertex 1.68232 -26.2785 7.1
      vertex 0.84842 -26.4444 7.1
    endloop
  endfacet
  facet normal 0.195121 -0.980779 0
    outer loop
      vertex 1.68232 -26.2785 7.1
      vertex 0.84842 -26.4444 5.5
      vertex 1.68232 -26.2785 5.5
    endloop
  endfacet
  facet normal 0 0 1
    outer loop
      vertex -7.75 -8 7.1
      vertex -14.5 -8 7.1
      vertex -7.75 -9 7.1
    endloop
  endfacet
  facet normal 0 0 1
    outer loop
      vertex 14.5 -16 7.1
      vertex 4.21364 -19.4453 7.1
      vertex 4.25 -20 7.1
    endloop
  endfacet
  facet normal 0 0 1
    outer loop
      vertex 14.5 -16 7.1
      vertex 4.10518 -18.9 7.1
      vertex 4.21364 -19.4453 7.1
    endloop
  endfacet
  facet normal 0 0 1
    outer loop
      vertex 14.5 -16 7.1
      vertex 3.92649 -18.3736 7.1
      vertex 4.10518 -18.9 7.1
    endloop
  endfacet
  facet normal 0 0 1
    outer loop
      vertex 14.5 -16 7.1
      vertex 3.68061 -17.875 7.1
      vertex 3.92649 -18.3736 7.1
    endloop
  endfacet
  facet normal 0 0 1
    outer loop
      vertex 7.75 -9 7.1
      vertex 3.37175 -17.4128 7.1
      vertex 3.68061 -17.875 7.1
    endloop
  endfacet
  facet normal 0 0 1
    outer loop
      vertex 7.75 -9 7.1
      vertex 3.0052 -16.9948 7.1
      vertex 3.37175 -17.4128 7.1
    endloop
  endfacet
  facet normal 0 0 1
    outer loop
      vertex 7.75 -9 7.1
      vertex 2.58724 -16.6282 7.1
      vertex 3.0052 -16.9948 7.1
    endloop
  endfacet
  facet normal 0 0 1
    outer loop
      vertex 7.75 -9 7.1
      vertex 2.125 -16.3194 7.1
      vertex 2.58724 -16.6282 7.1
    endloop
  endfacet
  facet normal 0 0 1
    outer loop
      vertex 7.75 -9 7.1
      vertex 1.6264 -16.0735 7.1
      vertex 2.125 -16.3194 7.1
    endloop
  endfacet
  facet normal 0 0 1
    outer loop
      vertex 7.75 -9 7.1
      vertex 1.09998 -15.8948 7.1
      vertex 1.6264 -16.0735 7.1
    endloop
  endfacet
  facet normal 0 0 1
    outer loop
      vertex 7.75 -9 7.1
      vertex 0.554736 -15.7864 7.1
      vertex 1.09998 -15.8948 7.1
    endloop
  endfacet
  facet normal 0 0 1
    outer loop
      vertex 7.75 -9 7.1
      vertex 0 -15.75 7.1
      vertex 0.554736 -15.7864 7.1
    endloop
  endfacet
  facet normal -0 0 1
    outer loop
      vertex -7.75 -9 7.1
      vertex 0 -15.75 7.1
      vertex 7.75 -9 7.1
    endloop
  endfacet
  facet normal 0 0 1
    outer loop
      vertex 0 -15.75 7.1
      vertex -7.75 -9 7.1
      vertex -0.554736 -15.7864 7.1
    endloop
  endfacet
  facet normal 0 0 1
    outer loop
      vertex -0.554736 -15.7864 7.1
      vertex -7.75 -9 7.1
      vertex -1.09998 -15.8948 7.1
    endloop
  endfacet
  facet normal 0 0 1
    outer loop
      vertex -1.09998 -15.8948 7.1
      vertex -7.75 -9 7.1
      vertex -1.6264 -16.0735 7.1
    endloop
  endfacet
  facet normal 0 0 1
    outer loop
      vertex -1.6264 -16.0735 7.1
      vertex -7.75 -9 7.1
      vertex -2.125 -16.3194 7.1
    endloop
  endfacet
  facet normal 0 0 1
    outer loop
      vertex -4.10518 -18.9 7.1
      vertex -14.5 -16 7.1
      vertex -4.21364 -19.4453 7.1
    endloop
  endfacet
  facet normal 0 0 1
    outer loop
      vertex -3.92649 -18.3736 7.1
      vertex -14.5 -16 7.1
      vertex -4.10518 -18.9 7.1
    endloop
  endfacet
  facet normal 0 0 1
    outer loop
      vertex -3.68061 -17.875 7.1
      vertex -14.5 -16 7.1
      vertex -3.92649 -18.3736 7.1
    endloop
  endfacet
  facet normal -0 0 1
    outer loop
      vertex -14.5 -16 7.1
      vertex -3.68061 -17.875 7.1
      vertex -7.75 -9 7.1
    endloop
  endfacet
  facet normal 0 0 1
    outer loop
      vertex -3.37175 -17.4128 7.1
      vertex -7.75 -9 7.1
      vertex -3.68061 -17.875 7.1
    endloop
  endfacet
  facet normal 0 0 1
    outer loop
      vertex -3.0052 -16.9948 7.1
      vertex -7.75 -9 7.1
      vertex -3.37175 -17.4128 7.1
    endloop
  endfacet
  facet normal 0 0 1
    outer loop
      vertex -2.58724 -16.6282 7.1
      vertex -7.75 -9 7.1
      vertex -3.0052 -16.9948 7.1
    endloop
  endfacet
  facet normal 0 0 1
    outer loop
      vertex -2.125 -16.3194 7.1
      vertex -7.75 -9 7.1
      vertex -2.58724 -16.6282 7.1
    endloop
  endfacet
  facet normal 0 0 1
    outer loop
      vertex 7.75 -9 7.1
      vertex 14.5 -8 7.1
      vertex 7.75 -8 7.1
    endloop
  endfacet
  facet normal 0 0 1
    outer loop
      vertex 14.5 -8 7.1
      vertex 7.75 -9 7.1
      vertex 14.5 -16 7.1
    endloop
  endfacet
  facet normal 0 0 1
    outer loop
      vertex 3.68061 -17.875 7.1
      vertex 14.5 -16 7.1
      vertex 7.75 -9 7.1
    endloop
  endfacet
  facet normal 0 0 1
    outer loop
      vertex 4.21364 -20.5547 7.1
      vertex 14.5 -16 7.1
      vertex 4.25 -20 7.1
    endloop
  endfacet
  facet normal 0 0 1
    outer loop
      vertex 4.10518 -21.1 7.1
      vertex 14.5 -16 7.1
      vertex 4.21364 -20.5547 7.1
    endloop
  endfacet
  facet normal -0 0 1
    outer loop
      vertex 4.10518 -21.1 7.1
      vertex 3.95695 -25.1568 7.1
      vertex 14.5 -16 7.1
    endloop
  endfacet
  facet normal -0 0 1
    outer loop
      vertex 3.92649 -21.6264 7.1
      vertex 3.95695 -25.1568 7.1
      vertex 4.10518 -21.1 7.1
    endloop
  endfacet
  facet normal -0 0 1
    outer loop
      vertex 3.68061 -22.125 7.1
      vertex 3.95695 -25.1568 7.1
      vertex 3.92649 -21.6264 7.1
    endloop
  endfacet
  facet normal -0 0 1
    outer loop
      vertex 3.37175 -22.5872 7.1
      vertex 3.95695 -25.1568 7.1
      vertex 3.68061 -22.125 7.1
    endloop
  endfacet
  facet normal -0 0 1
    outer loop
      vertex 3.0052 -23.0052 7.1
      vertex 3.95695 -25.1568 7.1
      vertex 3.37175 -22.5872 7.1
    endloop
  endfacet
  facet normal -0 0 1
    outer loop
      vertex 2.58724 -23.3717 7.1
      vertex 3.95695 -25.1568 7.1
      vertex 3.0052 -23.0052 7.1
    endloop
  endfacet
  facet normal 0 0 1
    outer loop
      vertex 3.95695 -25.1568 7.1
      vertex 2.58724 -23.3717 7.1
      vertex 3.25 -25.6292 7.1
    endloop
  endfacet
  facet normal -0 0 1
    outer loop
      vertex 2.125 -23.6806 7.1
      vertex 3.25 -25.6292 7.1
      vertex 2.58724 -23.3717 7.1
    endloop
  endfacet
  facet normal 0 0 1
    outer loop
      vertex 3.25 -25.6292 7.1
      vertex 2.125 -23.6806 7.1
      vertex 2.48744 -26.0052 7.1
    endloop
  endfacet
  facet normal -0 0 1
    outer loop
      vertex 1.6264 -23.9265 7.1
      vertex 2.48744 -26.0052 7.1
      vertex 2.125 -23.6806 7.1
    endloop
  endfacet
  facet normal 0 0 1
    outer loop
      vertex 2.48744 -26.0052 7.1
      vertex 1.6264 -23.9265 7.1
      vertex 1.68232 -26.2785 7.1
    endloop
  endfacet
  facet normal -0 0 1
    outer loop
      vertex 1.09998 -24.1052 7.1
      vertex 1.68232 -26.2785 7.1
      vertex 1.6264 -23.9265 7.1
    endloop
  endfacet
  facet normal 0 0 1
    outer loop
      vertex 1.09998 -24.1052 7.1
      vertex 0.84842 -26.4444 7.1
      vertex 1.68232 -26.2785 7.1
    endloop
  endfacet
  facet normal -0 0 1
    outer loop
      vertex 0.554736 -24.2136 7.1
      vertex 0.84842 -26.4444 7.1
      vertex 1.09998 -24.1052 7.1
    endloop
  endfacet
  facet normal -0 0 1
    outer loop
      vertex 0 -24.25 7.1
      vertex 0.84842 -26.4444 7.1
      vertex 0.554736 -24.2136 7.1
    endloop
  endfacet
  facet normal 0 0 1
    outer loop
      vertex 0 -24.25 7.1
      vertex 0 -26.5 7.1
      vertex 0.84842 -26.4444 7.1
    endloop
  endfacet
  facet normal 0 0 1
    outer loop
      vertex -0.554736 -24.2136 7.1
      vertex 0 -26.5 7.1
      vertex 0 -24.25 7.1
    endloop
  endfacet
  facet normal 0 0 1
    outer loop
      vertex -0.554736 -24.2136 7.1
      vertex -0.84842 -26.4444 7.1
      vertex 0 -26.5 7.1
    endloop
  endfacet
  facet normal 0 0 1
    outer loop
      vertex -1.09998 -24.1052 7.1
      vertex -0.84842 -26.4444 7.1
      vertex -0.554736 -24.2136 7.1
    endloop
  endfacet
  facet normal 0 0 1
    outer loop
      vertex -1.68232 -26.2785 7.1
      vertex -1.09998 -24.1052 7.1
      vertex -1.6264 -23.9265 7.1
    endloop
  endfacet
  facet normal 0 0 1
    outer loop
      vertex -1.09998 -24.1052 7.1
      vertex -1.68232 -26.2785 7.1
      vertex -0.84842 -26.4444 7.1
    endloop
  endfacet
  facet normal 0 0 1
    outer loop
      vertex -2.48744 -26.0052 7.1
      vertex -1.6264 -23.9265 7.1
      vertex -2.125 -23.6806 7.1
    endloop
  endfacet
  facet normal 0 0 1
    outer loop
      vertex -1.6264 -23.9265 7.1
      vertex -2.48744 -26.0052 7.1
      vertex -1.68232 -26.2785 7.1
    endloop
  endfacet
  facet normal 0 0 1
    outer loop
      vertex -3.25 -25.6292 7.1
      vertex -2.125 -23.6806 7.1
      vertex -2.58724 -23.3717 7.1
    endloop
  endfacet
  facet normal 0 0 1
    outer loop
      vertex -3.95695 -25.1568 7.1
      vertex -2.58724 -23.3717 7.1
      vertex -3.0052 -23.0052 7.1
    endloop
  endfacet
  facet normal 0 0 1
    outer loop
      vertex -2.125 -23.6806 7.1
      vertex -3.25 -25.6292 7.1
      vertex -2.48744 -26.0052 7.1
    endloop
  endfacet
  facet normal 0 0 1
    outer loop
      vertex -3.95695 -25.1568 7.1
      vertex -3.0052 -23.0052 7.1
      vertex -3.37175 -22.5872 7.1
    endloop
  endfacet
  facet normal 0 0 1
    outer loop
      vertex -3.95695 -25.1568 7.1
      vertex -3.37175 -22.5872 7.1
      vertex -3.68061 -22.125 7.1
    endloop
  endfacet
  facet normal 0 0 1
    outer loop
      vertex -3.95695 -25.1568 7.1
      vertex -3.68061 -22.125 7.1
      vertex -3.92649 -21.6264 7.1
    endloop
  endfacet
  facet normal 0 0 1
    outer loop
      vertex -2.58724 -23.3717 7.1
      vertex -3.95695 -25.1568 7.1
      vertex -3.25 -25.6292 7.1
    endloop
  endfacet
  facet normal 0 0 1
    outer loop
      vertex -4.10518 -21.1 7.1
      vertex -3.95695 -25.1568 7.1
      vertex -3.92649 -21.6264 7.1
    endloop
  endfacet
  facet normal 0 0 1
    outer loop
      vertex -14.5 -16 7.1
      vertex -4.10518 -21.1 7.1
      vertex -4.21364 -20.5547 7.1
    endloop
  endfacet
  facet normal 0 0 1
    outer loop
      vertex -14.5 -16 7.1
      vertex -4.21364 -20.5547 7.1
      vertex -4.25 -20 7.1
    endloop
  endfacet
  facet normal 0 0 1
    outer loop
      vertex -4.21364 -19.4453 7.1
      vertex -14.5 -16 7.1
      vertex -4.25 -20 7.1
    endloop
  endfacet
  facet normal 0 0 1
    outer loop
      vertex -14.5 -16 7.1
      vertex -7.75 -9 7.1
      vertex -14.5 -8 7.1
    endloop
  endfacet
  facet normal 0 0 1
    outer loop
      vertex -4.10518 -21.1 7.1
      vertex -14.5 -16 7.1
      vertex -3.95695 -25.1568 7.1
    endloop
  endfacet
  facet normal 0 0 -1
    outer loop
      vertex 0 -32 0.1
      vertex 39.7814 -42.5106 0.1
      vertex 39.8041 -42.8565 0.1
    endloop
  endfacet
  facet normal 0 0 -1
    outer loop
      vertex 0 -32 0.1
      vertex 39.8041 -42.8565 0.1
      vertex 39.8562 -43.1184 0.1
    endloop
  endfacet
  facet normal 0 0 -1
    outer loop
      vertex 5.45175 -23.8585 0.1
      vertex 1.58631 -20.2088 0.1
      vertex 1.6 -20 0.1
    endloop
  endfacet
  facet normal 0 0 -1
    outer loop
      vertex 5.45175 -23.8585 0.1
      vertex 1.54548 -20.4141 0.1
      vertex 1.58631 -20.2088 0.1
    endloop
  endfacet
  facet normal 0 0 -1
    outer loop
      vertex 5.45175 -23.8585 0.1
      vertex 1.47821 -20.6123 0.1
      vertex 1.54548 -20.4141 0.1
    endloop
  endfacet
  facet normal 0 0 -1
    outer loop
      vertex 5.45175 -23.8585 0.1
      vertex 1.38564 -20.8 0.1
      vertex 1.47821 -20.6123 0.1
    endloop
  endfacet
  facet normal 0 0 -1
    outer loop
      vertex 5.45175 -23.8585 0.1
      vertex 1.26937 -20.974 0.1
      vertex 1.38564 -20.8 0.1
    endloop
  endfacet
  facet normal 0 0 -1
    outer loop
      vertex 5.45175 -23.8585 0.1
      vertex 1.13137 -21.1314 0.1
      vertex 1.26937 -20.974 0.1
    endloop
  endfacet
  facet normal 0 0 -1
    outer loop
      vertex 5.45175 -23.8585 0.1
      vertex 0.974018 -21.2694 0.1
      vertex 1.13137 -21.1314 0.1
    endloop
  endfacet
  facet normal 0 0 -1
    outer loop
      vertex 5.45175 -23.8585 0.1
      vertex 0.799999 -21.3856 0.1
      vertex 0.974018 -21.2694 0.1
    endloop
  endfacet
  facet normal 0 0 -1
    outer loop
      vertex 39.7814 -42.5106 0.1
      vertex 0 -32 0.1
      vertex 5.45175 -23.8585 0.1
    endloop
  endfacet
  facet normal -0 0 -1
    outer loop
      vertex 5.45175 -23.8585 0.1
      vertex 0 -26.5 0.1
      vertex 0.799999 -21.3856 0.1
    endloop
  endfacet
  facet normal 0 0 -1
    outer loop
      vertex 0.799999 -21.3856 0.1
      vertex 0 -26.5 0.1
      vertex 0.612293 -21.4782 0.1
    endloop
  endfacet
  facet normal 0 0 -1
    outer loop
      vertex 0.612293 -21.4782 0.1
      vertex 0 -26.5 0.1
      vertex 0.41411 -21.5455 0.1
    endloop
  endfacet
  facet normal 0 0 -1
    outer loop
      vertex 5.45175 -23.8585 0.1
      vertex 0 -32 0.1
      vertex 0 -26.5 0.1
    endloop
  endfacet
  facet normal 0 0 -1
    outer loop
      vertex 0.41411 -21.5455 0.1
      vertex 0 -26.5 0.1
      vertex 0.208841 -21.5863 0.1
    endloop
  endfacet
  facet normal 0 0 -1
    outer loop
      vertex 0 -26.5 0.1
      vertex 0 -21.6 0.1
      vertex 0.208841 -21.5863 0.1
    endloop
  endfacet
  facet normal 0 0 -1
    outer loop
      vertex 0 -26.5 0.1
      vertex -0.208841 -21.5863 0.1
      vertex 0 -21.6 0.1
    endloop
  endfacet
  facet normal 0 0 -1
    outer loop
      vertex -0.84842 -26.4444 0.1
      vertex -0.208841 -21.5863 0.1
      vertex 0 -26.5 0.1
    endloop
  endfacet
  facet normal -0 0 -1
    outer loop
      vertex -0.208841 -21.5863 0.1
      vertex -0.84842 -26.4444 0.1
      vertex -0.41411 -21.5455 0.1
    endloop
  endfacet
  facet normal 0 0 -1
    outer loop
      vertex -1.68232 -26.2785 0.1
      vertex -0.41411 -21.5455 0.1
      vertex -0.84842 -26.4444 0.1
    endloop
  endfacet
  facet normal -0 0 -1
    outer loop
      vertex -0.41411 -21.5455 0.1
      vertex -1.68232 -26.2785 0.1
      vertex -0.612293 -21.4782 0.1
    endloop
  endfacet
  facet normal 0 0 -1
    outer loop
      vertex -2.48744 -26.0052 0.1
      vertex -0.612293 -21.4782 0.1
      vertex -1.68232 -26.2785 0.1
    endloop
  endfacet
  facet normal -0 0 -1
    outer loop
      vertex -0.612293 -21.4782 0.1
      vertex -2.48744 -26.0052 0.1
      vertex -0.799999 -21.3856 0.1
    endloop
  endfacet
  facet normal 0 0 -1
    outer loop
      vertex -3.25 -25.6292 0.1
      vertex -0.799999 -21.3856 0.1
      vertex -2.48744 -26.0052 0.1
    endloop
  endfacet
  facet normal -0 0 -1
    outer loop
      vertex -0.799999 -21.3856 0.1
      vertex -3.25 -25.6292 0.1
      vertex -0.974018 -21.2694 0.1
    endloop
  endfacet
  facet normal 0 0 -1
    outer loop
      vertex -3.95695 -25.1568 0.1
      vertex -0.974018 -21.2694 0.1
      vertex -3.25 -25.6292 0.1
    endloop
  endfacet
  facet normal -0 0 -1
    outer loop
      vertex -0.974018 -21.2694 0.1
      vertex -3.95695 -25.1568 0.1
      vertex -1.13137 -21.1314 0.1
    endloop
  endfacet
  facet normal -0 0 -1
    outer loop
      vertex -1.13137 -21.1314 0.1
      vertex -3.95695 -25.1568 0.1
      vertex -1.26937 -20.974 0.1
    endloop
  endfacet
  facet normal -0 0 -1
    outer loop
      vertex -1.38564 -20.8 0.1
      vertex -3.95695 -25.1568 0.1
      vertex -1.47821 -20.6123 0.1
    endloop
  endfacet
  facet normal -0 0 -1
    outer loop
      vertex -1.26937 -20.974 0.1
      vertex -3.95695 -25.1568 0.1
      vertex -1.38564 -20.8 0.1
    endloop
  endfacet
  facet normal 0 0 -1
    outer loop
      vertex 45.0587 -42.1647 0.1
      vertex 48.4314 -45.5106 0.1
      vertex 45.0814 -42.5106 0.1
    endloop
  endfacet
  facet normal 0 0 -1
    outer loop
      vertex 48.4314 -45.5106 0.1
      vertex 45.0587 -42.8565 0.1
      vertex 45.0814 -42.5106 0.1
    endloop
  endfacet
  facet normal 0 0 -1
    outer loop
      vertex 48.4314 -45.5106 0.1
      vertex 44.9911 -43.1964 0.1
      vertex 45.0587 -42.8565 0.1
    endloop
  endfacet
  facet normal 0 0 -1
    outer loop
      vertex 48.4314 -45.5106 0.1
      vertex 44.8797 -43.5247 0.1
      vertex 44.9911 -43.1964 0.1
    endloop
  endfacet
  facet normal 0 0 -1
    outer loop
      vertex 48.4314 -45.5106 0.1
      vertex 44.7264 -43.8356 0.1
      vertex 44.8797 -43.5247 0.1
    endloop
  endfacet
  facet normal 0 0 -1
    outer loop
      vertex 48.4314 -45.5106 0.1
      vertex 44.5338 -44.1238 0.1
      vertex 44.7264 -43.8356 0.1
    endloop
  endfacet
  facet normal 0 -0 -1
    outer loop
      vertex 44.5338 -44.1238 0.1
      vertex 48.4314 -45.5106 0.1
      vertex 44.3228 -44.3644 0.1
    endloop
  endfacet
  facet normal 0 0 -1
    outer loop
      vertex 48.4314 -45.5106 0.1
      vertex 45.0587 -42.1647 0.1
      vertex 48.4314 -38.5106 0.1
    endloop
  endfacet
  facet normal 0 0 -1
    outer loop
      vertex 44.9911 -41.8247 0.1
      vertex 48.4314 -38.5106 0.1
      vertex 45.0587 -42.1647 0.1
    endloop
  endfacet
  facet normal 0 0 -1
    outer loop
      vertex 44.8797 -41.4964 0.1
      vertex 48.4314 -38.5106 0.1
      vertex 44.9911 -41.8247 0.1
    endloop
  endfacet
  facet normal 0 0 -1
    outer loop
      vertex 44.7264 -41.1856 0.1
      vertex 48.4314 -38.5106 0.1
      vertex 44.8797 -41.4964 0.1
    endloop
  endfacet
  facet normal 0 0 -1
    outer loop
      vertex 44.5338 -40.8973 0.1
      vertex 48.4314 -38.5106 0.1
      vertex 44.7264 -41.1856 0.1
    endloop
  endfacet
  facet normal 0 0 -1
    outer loop
      vertex 44.3052 -40.6367 0.1
      vertex 48.4314 -38.5106 0.1
      vertex 44.5338 -40.8973 0.1
    endloop
  endfacet
  facet normal 0 0 -1
    outer loop
      vertex 44.0446 -40.4082 0.1
      vertex 48.4314 -38.5106 0.1
      vertex 44.3052 -40.6367 0.1
    endloop
  endfacet
  facet normal 0 0 -1
    outer loop
      vertex 43.7564 -40.2156 0.1
      vertex 48.4314 -38.5106 0.1
      vertex 44.0446 -40.4082 0.1
    endloop
  endfacet
  facet normal 0 0 -1
    outer loop
      vertex 43.4455 -40.0623 0.1
      vertex 48.4314 -38.5106 0.1
      vertex 43.7564 -40.2156 0.1
    endloop
  endfacet
  facet normal 0 0 -1
    outer loop
      vertex 43.1173 -39.9509 0.1
      vertex 48.4314 -38.5106 0.1
      vertex 43.4455 -40.0623 0.1
    endloop
  endfacet
  facet normal 0 0 -1
    outer loop
      vertex 42.7773 -39.8832 0.1
      vertex 48.4314 -38.5106 0.1
      vertex 43.1173 -39.9509 0.1
    endloop
  endfacet
  facet normal 0 0 -1
    outer loop
      vertex 42.4314 -39.8606 0.1
      vertex 48.4314 -38.5106 0.1
      vertex 42.7773 -39.8832 0.1
    endloop
  endfacet
  facet normal 0 0 -1
    outer loop
      vertex 42.0855 -39.8832 0.1
      vertex 48.4314 -38.5106 0.1
      vertex 42.4314 -39.8606 0.1
    endloop
  endfacet
  facet normal 0 0 -1
    outer loop
      vertex 5.45175 -23.8585 0.1
      vertex 42.0855 -39.8832 0.1
      vertex 41.7455 -39.9509 0.1
    endloop
  endfacet
  facet normal 0 0 -1
    outer loop
      vertex 42.0855 -39.8832 0.1
      vertex 5.45175 -23.8585 0.1
      vertex 48.4314 -38.5106 0.1
    endloop
  endfacet
  facet normal 0 0 -1
    outer loop
      vertex 41.4173 -40.0623 0.1
      vertex 5.45175 -23.8585 0.1
      vertex 41.7455 -39.9509 0.1
    endloop
  endfacet
  facet normal 0 0 -1
    outer loop
      vertex 41.1064 -40.2156 0.1
      vertex 5.45175 -23.8585 0.1
      vertex 41.4173 -40.0623 0.1
    endloop
  endfacet
  facet normal 0 0 -1
    outer loop
      vertex 40.8182 -40.4082 0.1
      vertex 5.45175 -23.8585 0.1
      vertex 41.1064 -40.2156 0.1
    endloop
  endfacet
  facet normal 0 0 -1
    outer loop
      vertex 40.5576 -40.6367 0.1
      vertex 5.45175 -23.8585 0.1
      vertex 40.8182 -40.4082 0.1
    endloop
  endfacet
  facet normal 0 0 -1
    outer loop
      vertex 40.329 -40.8973 0.1
      vertex 5.45175 -23.8585 0.1
      vertex 40.5576 -40.6367 0.1
    endloop
  endfacet
  facet normal 0 0 -1
    outer loop
      vertex 40.1364 -41.1856 0.1
      vertex 5.45175 -23.8585 0.1
      vertex 40.329 -40.8973 0.1
    endloop
  endfacet
  facet normal 0 0 -1
    outer loop
      vertex 39.9831 -41.4964 0.1
      vertex 5.45175 -23.8585 0.1
      vertex 40.1364 -41.1856 0.1
    endloop
  endfacet
  facet normal 0 0 -1
    outer loop
      vertex 39.8717 -41.8247 0.1
      vertex 5.45175 -23.8585 0.1
      vertex 39.9831 -41.4964 0.1
    endloop
  endfacet
  facet normal 0 0 -1
    outer loop
      vertex 39.8041 -42.1647 0.1
      vertex 5.45175 -23.8585 0.1
      vertex 39.8717 -41.8247 0.1
    endloop
  endfacet
  facet normal 0 0 -1
    outer loop
      vertex 5.45175 -23.8585 0.1
      vertex 39.8041 -42.1647 0.1
      vertex 39.7814 -42.5106 0.1
    endloop
  endfacet
  facet normal 0 0 -1
    outer loop
      vertex 14.5 -16 0.1
      vertex 6.75 -8 0.1
      vertex 14.5 -8 0.1
    endloop
  endfacet
  facet normal 0 0 -1
    outer loop
      vertex 1.54548 -19.5859 0.1
      vertex 14.5 -16 0.1
      vertex 5.45175 -23.8585 0.1
    endloop
  endfacet
  facet normal 0 0 -1
    outer loop
      vertex 1.58631 -19.7912 0.1
      vertex 5.45175 -23.8585 0.1
      vertex 1.6 -20 0.1
    endloop
  endfacet
  facet normal 0 0 -1
    outer loop
      vertex 1.54548 -19.5859 0.1
      vertex 5.45175 -23.8585 0.1
      vertex 1.58631 -19.7912 0.1
    endloop
  endfacet
  facet normal 0 0 -1
    outer loop
      vertex 14.5 -16 0.1
      vertex 1.54548 -19.5859 0.1
      vertex 1.47821 -19.3877 0.1
    endloop
  endfacet
  facet normal 0 0 -1
    outer loop
      vertex 1.38564 -19.2 0.1
      vertex 14.5 -16 0.1
      vertex 1.47821 -19.3877 0.1
    endloop
  endfacet
  facet normal -0 0 -1
    outer loop
      vertex 14.5 -16 0.1
      vertex 1.38564 -19.2 0.1
      vertex 6.75 -8 0.1
    endloop
  endfacet
  facet normal 0 0 -1
    outer loop
      vertex 1.26937 -19.026 0.1
      vertex 6.75 -8 0.1
      vertex 1.38564 -19.2 0.1
    endloop
  endfacet
  facet normal 0 0 -1
    outer loop
      vertex 1.13137 -18.8686 0.1
      vertex 6.75 -8 0.1
      vertex 1.26937 -19.026 0.1
    endloop
  endfacet
  facet normal 0 0 -1
    outer loop
      vertex 0.974018 -18.7306 0.1
      vertex 6.75 -8 0.1
      vertex 1.13137 -18.8686 0.1
    endloop
  endfacet
  facet normal 0 0 -1
    outer loop
      vertex 0.799999 -18.6144 0.1
      vertex 6.75 -8 0.1
      vertex 0.974018 -18.7306 0.1
    endloop
  endfacet
  facet normal 0 0 -1
    outer loop
      vertex 0.612293 -18.5218 0.1
      vertex 6.75 -8 0.1
      vertex 0.799999 -18.6144 0.1
    endloop
  endfacet
  facet normal 0 0 -1
    outer loop
      vertex 0.41411 -18.4545 0.1
      vertex 6.75 -8 0.1
      vertex 0.612293 -18.5218 0.1
    endloop
  endfacet
  facet normal 0 0 -1
    outer loop
      vertex 0.208841 -18.4137 0.1
      vertex 6.75 -8 0.1
      vertex 0.41411 -18.4545 0.1
    endloop
  endfacet
  facet normal 0 0 -1
    outer loop
      vertex 0 -18.4 0.1
      vertex 6.75 -8 0.1
      vertex 0.208841 -18.4137 0.1
    endloop
  endfacet
  facet normal 0 0 -1
    outer loop
      vertex -6.75 -8 0.1
      vertex 0 -18.4 0.1
      vertex -0.208841 -18.4137 0.1
    endloop
  endfacet
  facet normal 0 0 -1
    outer loop
      vertex -6.75 -8 0.1
      vertex -0.208841 -18.4137 0.1
      vertex -0.41411 -18.4545 0.1
    endloop
  endfacet
  facet normal 0 0 -1
    outer loop
      vertex -6.75 -8 0.1
      vertex -0.41411 -18.4545 0.1
      vertex -0.612293 -18.5218 0.1
    endloop
  endfacet
  facet normal 0 0 -1
    outer loop
      vertex -6.75 -8 0.1
      vertex -0.612293 -18.5218 0.1
      vertex -0.799999 -18.6144 0.1
    endloop
  endfacet
  facet normal 0 0 -1
    outer loop
      vertex -6.75 -8 0.1
      vertex -0.799999 -18.6144 0.1
      vertex -0.974018 -18.7306 0.1
    endloop
  endfacet
  facet normal 0 0 -1
    outer loop
      vertex -6.75 -8 0.1
      vertex -0.974018 -18.7306 0.1
      vertex -1.13137 -18.8686 0.1
    endloop
  endfacet
  facet normal 0 0 -1
    outer loop
      vertex -6.75 -8 0.1
      vertex -1.13137 -18.8686 0.1
      vertex -1.26937 -19.026 0.1
    endloop
  endfacet
  facet normal -0 0 -1
    outer loop
      vertex -1.47821 -20.6123 0.1
      vertex -3.95695 -25.1568 0.1
      vertex -1.54548 -20.4141 0.1
    endloop
  endfacet
  facet normal -0 0 -1
    outer loop
      vertex -1.54548 -20.4141 0.1
      vertex -3.95695 -25.1568 0.1
      vertex -1.58631 -20.2088 0.1
    endloop
  endfacet
  facet normal -0 0 -1
    outer loop
      vertex -1.58631 -20.2088 0.1
      vertex -3.95695 -25.1568 0.1
      vertex -1.6 -20 0.1
    endloop
  endfacet
  facet normal 0 0 -1
    outer loop
      vertex -14.5 -16 0.1
      vertex -1.6 -20 0.1
      vertex -3.95695 -25.1568 0.1
    endloop
  endfacet
  facet normal 0 0 -1
    outer loop
      vertex -1.6 -20 0.1
      vertex -14.5 -16 0.1
      vertex -1.58631 -19.7912 0.1
    endloop
  endfacet
  facet normal 0 0 -1
    outer loop
      vertex -1.58631 -19.7912 0.1
      vertex -14.5 -16 0.1
      vertex -1.54548 -19.5859 0.1
    endloop
  endfacet
  facet normal 0 0 -1
    outer loop
      vertex 0 -18.4 0.1
      vertex -6.75 -8 0.1
      vertex 6.75 -8 0.1
    endloop
  endfacet
  facet normal 0 0 -1
    outer loop
      vertex -1.38564 -19.2 0.1
      vertex -6.75 -8 0.1
      vertex -1.26937 -19.026 0.1
    endloop
  endfacet
  facet normal 0 0 -1
    outer loop
      vertex -14.5 -16 0.1
      vertex -1.38564 -19.2 0.1
      vertex -1.47821 -19.3877 0.1
    endloop
  endfacet
  facet normal 0 0 -1
    outer loop
      vertex -1.54548 -19.5859 0.1
      vertex -14.5 -16 0.1
      vertex -1.47821 -19.3877 0.1
    endloop
  endfacet
  facet normal 0 0 -1
    outer loop
      vertex -1.38564 -19.2 0.1
      vertex -14.5 -16 0.1
      vertex -6.75 -8 0.1
    endloop
  endfacet
  facet normal -0 0 -1
    outer loop
      vertex -6.75 -8 0.1
      vertex -14.5 -16 0.1
      vertex -14.5 -8 0.1
    endloop
  endfacet
  facet normal 0.0653933 -0.99786 0
    outer loop
      vertex 0 -26.5 5.5
      vertex 0.84842 -26.4444 7.1
      vertex 0 -26.5 7.1
    endloop
  endfacet
  facet normal 0.0653933 -0.99786 0
    outer loop
      vertex 0.84842 -26.4444 7.1
      vertex 0 -26.5 5.5
      vertex 0.84842 -26.4444 5.5
    endloop
  endfacet
  facet normal 0.65574 -0.754987 0
    outer loop
      vertex 3.95695 -25.1568 18.5
      vertex 3.95695 -25.1568 16.9
      vertex 5.45175 -23.8585 18.5
    endloop
  endfacet
  facet normal 0.655725 -0.755 0
    outer loop
      vertex 5.45175 -23.8585 18.5
      vertex 14.5 -16 23.9
      vertex 5.45175 -23.8585 23.9
    endloop
  endfacet
  facet normal 0.655727 -0.754998 2.04617e-05
    outer loop
      vertex 14.5 -16 16.9
      vertex 5.45175 -23.8585 18.5
      vertex 3.95695 -25.1568 16.9
    endloop
  endfacet
  facet normal 0.655725 -0.755 0
    outer loop
      vertex 5.45175 -23.8585 18.5
      vertex 14.5 -16 16.9
      vertex 14.5 -16 23.9
    endloop
  endfacet
  facet normal -1 0 0
    outer loop
      vertex -14.5 -16 16.9
      vertex -14.5 -8 23.9
      vertex -14.5 -8 16.9
    endloop
  endfacet
  facet normal -1 -0 0
    outer loop
      vertex -14.5 -8 23.9
      vertex -14.5 -16 16.9
      vertex -14.5 -16 23.9
    endloop
  endfacet
  facet normal 1 -0 0
    outer loop
      vertex 14.5 -16 23.9
      vertex 14.5 -8 16.9
      vertex 14.5 -8 23.9
    endloop
  endfacet
  facet normal 1 0 0
    outer loop
      vertex 14.5 -8 16.9
      vertex 14.5 -16 23.9
      vertex 14.5 -16 16.9
    endloop
  endfacet
  facet normal 0.321438 -0.946931 0
    outer loop
      vertex 1.68232 -26.2785 16.9
      vertex 2.48744 -26.0052 18.5
      vertex 1.68232 -26.2785 18.5
    endloop
  endfacet
  facet normal 0.321438 -0.946931 0
    outer loop
      vertex 2.48744 -26.0052 18.5
      vertex 1.68232 -26.2785 16.9
      vertex 2.48744 -26.0052 16.9
    endloop
  endfacet
  facet normal -0.195121 -0.980779 0
    outer loop
      vertex -1.68232 -26.2785 16.9
      vertex -0.84842 -26.4444 23.9
      vertex -1.68232 -26.2785 23.9
    endloop
  endfacet
  facet normal -0.195121 -0.980779 -0
    outer loop
      vertex -0.84842 -26.4444 23.9
      vertex -1.68232 -26.2785 16.9
      vertex -0.84842 -26.4444 16.9
    endloop
  endfacet
  facet normal -0.655727 -0.754998 0
    outer loop
      vertex -14.5 -16 16.9
      vertex -3.95695 -25.1568 23.9
      vertex -14.5 -16 23.9
    endloop
  endfacet
  facet normal -0.655727 -0.754998 -0
    outer loop
      vertex -3.95695 -25.1568 23.9
      vertex -14.5 -16 16.9
      vertex -3.95695 -25.1568 16.9
    endloop
  endfacet
  facet normal -0.555596 -0.831453 0
    outer loop
      vertex -3.95695 -25.1568 16.9
      vertex -3.25 -25.6292 23.9
      vertex -3.95695 -25.1568 23.9
    endloop
  endfacet
  facet normal -0.555596 -0.831453 -0
    outer loop
      vertex -3.25 -25.6292 23.9
      vertex -3.95695 -25.1568 16.9
      vertex -3.25 -25.6292 16.9
    endloop
  endfacet
  facet normal -0.321438 -0.946931 0
    outer loop
      vertex -2.48744 -26.0052 16.9
      vertex -1.68232 -26.2785 23.9
      vertex -2.48744 -26.0052 23.9
    endloop
  endfacet
  facet normal -0.321438 -0.946931 -0
    outer loop
      vertex -1.68232 -26.2785 23.9
      vertex -2.48744 -26.0052 16.9
      vertex -1.68232 -26.2785 16.9
    endloop
  endfacet
  facet normal 0 0 1
    outer loop
      vertex -0.208841 -21.5863 23.9
      vertex 0 -26.5 23.9
      vertex 0 -21.6 23.9
    endloop
  endfacet
  facet normal 0 0 1
    outer loop
      vertex -0.84842 -26.4444 23.9
      vertex -0.208841 -21.5863 23.9
      vertex -0.41411 -21.5455 23.9
    endloop
  endfacet
  facet normal 0 0 1
    outer loop
      vertex -1.68232 -26.2785 23.9
      vertex -0.41411 -21.5455 23.9
      vertex -0.612293 -21.4782 23.9
    endloop
  endfacet
  facet normal 0 0 1
    outer loop
      vertex -2.48744 -26.0052 23.9
      vertex -0.612293 -21.4782 23.9
      vertex -0.799999 -21.3856 23.9
    endloop
  endfacet
  facet normal 0 0 1
    outer loop
      vertex -0.208841 -21.5863 23.9
      vertex -0.84842 -26.4444 23.9
      vertex 0 -26.5 23.9
    endloop
  endfacet
  facet normal 0 0 1
    outer loop
      vertex -3.25 -25.6292 23.9
      vertex -0.799999 -21.3856 23.9
      vertex -0.974018 -21.2694 23.9
    endloop
  endfacet
  facet normal 0 0 1
    outer loop
      vertex -3.95695 -25.1568 23.9
      vertex -0.974018 -21.2694 23.9
      vertex -1.13137 -21.1314 23.9
    endloop
  endfacet
  facet normal 0 0 1
    outer loop
      vertex -3.95695 -25.1568 23.9
      vertex -1.13137 -21.1314 23.9
      vertex -1.26937 -20.974 23.9
    endloop
  endfacet
  facet normal 0 0 1
    outer loop
      vertex -3.95695 -25.1568 23.9
      vertex -1.26937 -20.974 23.9
      vertex -1.38564 -20.8 23.9
    endloop
  endfacet
  facet normal 0 0 1
    outer loop
      vertex -3.95695 -25.1568 23.9
      vertex -1.38564 -20.8 23.9
      vertex -1.47821 -20.6123 23.9
    endloop
  endfacet
  facet normal 0 0 1
    outer loop
      vertex -3.95695 -25.1568 23.9
      vertex -1.47821 -20.6123 23.9
      vertex -1.54548 -20.4141 23.9
    endloop
  endfacet
  facet normal 0 0 1
    outer loop
      vertex -3.95695 -25.1568 23.9
      vertex -1.54548 -20.4141 23.9
      vertex -1.58631 -20.2088 23.9
    endloop
  endfacet
  facet normal 0 0 1
    outer loop
      vertex -0.41411 -21.5455 23.9
      vertex -1.68232 -26.2785 23.9
      vertex -0.84842 -26.4444 23.9
    endloop
  endfacet
  facet normal 0 0 1
    outer loop
      vertex -3.95695 -25.1568 23.9
      vertex -1.58631 -20.2088 23.9
      vertex -1.6 -20 23.9
    endloop
  endfacet
  facet normal -0 0 1
    outer loop
      vertex 6.75 -8 23.9
      vertex 14.5 -16 23.9
      vertex 14.5 -8 23.9
    endloop
  endfacet
  facet normal 0 0 1
    outer loop
      vertex 1.38564 -19.2 23.9
      vertex 14.5 -16 23.9
      vertex 6.75 -8 23.9
    endloop
  endfacet
  facet normal 0 -0 1
    outer loop
      vertex 1.54548 -19.5859 23.9
      vertex 14.5 -16 23.9
      vertex 1.47821 -19.3877 23.9
    endloop
  endfacet
  facet normal 0 0 1
    outer loop
      vertex 5.45175 -23.8585 23.9
      vertex 1.58631 -19.7912 23.9
      vertex 1.6 -20 23.9
    endloop
  endfacet
  facet normal 0 0 1
    outer loop
      vertex 5.45175 -23.8585 23.9
      vertex 1.54548 -19.5859 23.9
      vertex 1.58631 -19.7912 23.9
    endloop
  endfacet
  facet normal 0 0 1
    outer loop
      vertex 14.5 -16 23.9
      vertex 1.54548 -19.5859 23.9
      vertex 5.45175 -23.8585 23.9
    endloop
  endfacet
  facet normal 0 0 1
    outer loop
      vertex 14.5 -16 23.9
      vertex 1.38564 -19.2 23.9
      vertex 1.47821 -19.3877 23.9
    endloop
  endfacet
  facet normal 0 0 1
    outer loop
      vertex 6.75 -8 23.9
      vertex 1.26937 -19.026 23.9
      vertex 1.38564 -19.2 23.9
    endloop
  endfacet
  facet normal 0 0 1
    outer loop
      vertex 6.75 -8 23.9
      vertex 1.13137 -18.8686 23.9
      vertex 1.26937 -19.026 23.9
    endloop
  endfacet
  facet normal 0 0 1
    outer loop
      vertex 6.75 -8 23.9
      vertex 0.974018 -18.7306 23.9
      vertex 1.13137 -18.8686 23.9
    endloop
  endfacet
  facet normal 0 0 1
    outer loop
      vertex 6.75 -8 23.9
      vertex 0.799999 -18.6144 23.9
      vertex 0.974018 -18.7306 23.9
    endloop
  endfacet
  facet normal 0 0 1
    outer loop
      vertex 6.75 -8 23.9
      vertex 0.612293 -18.5218 23.9
      vertex 0.799999 -18.6144 23.9
    endloop
  endfacet
  facet normal 0 0 1
    outer loop
      vertex 6.75 -8 23.9
      vertex 0.41411 -18.4545 23.9
      vertex 0.612293 -18.5218 23.9
    endloop
  endfacet
  facet normal 0 0 1
    outer loop
      vertex 6.75 -8 23.9
      vertex 0.208841 -18.4137 23.9
      vertex 0.41411 -18.4545 23.9
    endloop
  endfacet
  facet normal 0 0 1
    outer loop
      vertex 6.75 -8 23.9
      vertex 0 -18.4 23.9
      vertex 0.208841 -18.4137 23.9
    endloop
  endfacet
  facet normal -0 0 1
    outer loop
      vertex -6.75 -8 23.9
      vertex 0 -18.4 23.9
      vertex 6.75 -8 23.9
    endloop
  endfacet
  facet normal 0 0 1
    outer loop
      vertex 0 -18.4 23.9
      vertex -6.75 -8 23.9
      vertex -0.208841 -18.4137 23.9
    endloop
  endfacet
  facet normal 0 0 1
    outer loop
      vertex -0.208841 -18.4137 23.9
      vertex -6.75 -8 23.9
      vertex -0.41411 -18.4545 23.9
    endloop
  endfacet
  facet normal 0 0 1
    outer loop
      vertex -0.41411 -18.4545 23.9
      vertex -6.75 -8 23.9
      vertex -0.612293 -18.5218 23.9
    endloop
  endfacet
  facet normal 0 0 1
    outer loop
      vertex -0.612293 -18.5218 23.9
      vertex -6.75 -8 23.9
      vertex -0.799999 -18.6144 23.9
    endloop
  endfacet
  facet normal 0 0 1
    outer loop
      vertex -0.799999 -18.6144 23.9
      vertex -6.75 -8 23.9
      vertex -0.974018 -18.7306 23.9
    endloop
  endfacet
  facet normal 0 0 1
    outer loop
      vertex -0.974018 -18.7306 23.9
      vertex -6.75 -8 23.9
      vertex -1.13137 -18.8686 23.9
    endloop
  endfacet
  facet normal 0 0 1
    outer loop
      vertex -0.612293 -21.4782 23.9
      vertex -2.48744 -26.0052 23.9
      vertex -1.68232 -26.2785 23.9
    endloop
  endfacet
  facet normal 0 0 1
    outer loop
      vertex -14.5 -16 23.9
      vertex -1.6 -20 23.9
      vertex -1.58631 -19.7912 23.9
    endloop
  endfacet
  facet normal 0 0 1
    outer loop
      vertex -0.799999 -21.3856 23.9
      vertex -3.25 -25.6292 23.9
      vertex -2.48744 -26.0052 23.9
    endloop
  endfacet
  facet normal 0 0 1
    outer loop
      vertex -14.5 -16 23.9
      vertex -1.58631 -19.7912 23.9
      vertex -1.54548 -19.5859 23.9
    endloop
  endfacet
  facet normal 0 0 1
    outer loop
      vertex -0.974018 -21.2694 23.9
      vertex -3.95695 -25.1568 23.9
      vertex -3.25 -25.6292 23.9
    endloop
  endfacet
  facet normal 0 0 1
    outer loop
      vertex -14.5 -16 23.9
      vertex -1.54548 -19.5859 23.9
      vertex -1.47821 -19.3877 23.9
    endloop
  endfacet
  facet normal 0 0 1
    outer loop
      vertex -1.13137 -18.8686 23.9
      vertex -6.75 -8 23.9
      vertex -1.26937 -19.026 23.9
    endloop
  endfacet
  facet normal 0 0 1
    outer loop
      vertex -6.75 -8 23.9
      vertex -1.38564 -19.2 23.9
      vertex -1.26937 -19.026 23.9
    endloop
  endfacet
  facet normal -0 0 1
    outer loop
      vertex -14.5 -16 23.9
      vertex -1.38564 -19.2 23.9
      vertex -6.75 -8 23.9
    endloop
  endfacet
  facet normal 0 0 1
    outer loop
      vertex -1.38564 -19.2 23.9
      vertex -14.5 -16 23.9
      vertex -1.47821 -19.3877 23.9
    endloop
  endfacet
  facet normal 0 0 1
    outer loop
      vertex -14.5 -16 23.9
      vertex -6.75 -8 23.9
      vertex -14.5 -8 23.9
    endloop
  endfacet
  facet normal 0 0 1
    outer loop
      vertex -1.6 -20 23.9
      vertex -14.5 -16 23.9
      vertex -3.95695 -25.1568 23.9
    endloop
  endfacet
  facet normal -0 0 1
    outer loop
      vertex 45.0587 -42.1647 23.9
      vertex 48.4314 -45.5106 23.9
      vertex 48.4314 -38.5106 23.9
    endloop
  endfacet
  facet normal 0 0 1
    outer loop
      vertex 48.4314 -45.5106 23.9
      vertex 45.0587 -42.1647 23.9
      vertex 45.0814 -42.5106 23.9
    endloop
  endfacet
  facet normal 0 0 1
    outer loop
      vertex 48.4314 -38.5106 23.9
      vertex 44.9911 -41.8247 23.9
      vertex 45.0587 -42.1647 23.9
    endloop
  endfacet
  facet normal 0 0 1
    outer loop
      vertex 48.4314 -38.5106 23.9
      vertex 44.8797 -41.4964 23.9
      vertex 44.9911 -41.8247 23.9
    endloop
  endfacet
  facet normal 0 0 1
    outer loop
      vertex 48.4314 -38.5106 23.9
      vertex 44.7264 -41.1856 23.9
      vertex 44.8797 -41.4964 23.9
    endloop
  endfacet
  facet normal 0 0 1
    outer loop
      vertex 48.4314 -38.5106 23.9
      vertex 44.5338 -40.8973 23.9
      vertex 44.7264 -41.1856 23.9
    endloop
  endfacet
  facet normal 0 0 1
    outer loop
      vertex 48.4314 -38.5106 23.9
      vertex 44.3052 -40.6367 23.9
      vertex 44.5338 -40.8973 23.9
    endloop
  endfacet
  facet normal 0 0 1
    outer loop
      vertex 48.4314 -38.5106 23.9
      vertex 44.0446 -40.4082 23.9
      vertex 44.3052 -40.6367 23.9
    endloop
  endfacet
  facet normal 0 0 1
    outer loop
      vertex 48.4314 -38.5106 23.9
      vertex 43.7564 -40.2156 23.9
      vertex 44.0446 -40.4082 23.9
    endloop
  endfacet
  facet normal 0 0 1
    outer loop
      vertex 48.4314 -38.5106 23.9
      vertex 43.4455 -40.0623 23.9
      vertex 43.7564 -40.2156 23.9
    endloop
  endfacet
  facet normal 0 0 1
    outer loop
      vertex 48.4314 -38.5106 23.9
      vertex 43.1173 -39.9509 23.9
      vertex 43.4455 -40.0623 23.9
    endloop
  endfacet
  facet normal 0 0 1
    outer loop
      vertex 48.4314 -38.5106 23.9
      vertex 42.7773 -39.8832 23.9
      vertex 43.1173 -39.9509 23.9
    endloop
  endfacet
  facet normal 0 0 1
    outer loop
      vertex 48.4314 -38.5106 23.9
      vertex 42.4314 -39.8606 23.9
      vertex 42.7773 -39.8832 23.9
    endloop
  endfacet
  facet normal 0 0 1
    outer loop
      vertex 48.4314 -38.5106 23.9
      vertex 42.0855 -39.8832 23.9
      vertex 42.4314 -39.8606 23.9
    endloop
  endfacet
  facet normal 0 0 1
    outer loop
      vertex 5.45175 -23.8585 23.9
      vertex 42.0855 -39.8832 23.9
      vertex 48.4314 -38.5106 23.9
    endloop
  endfacet
  facet normal -0 0 1
    outer loop
      vertex 0 -32 23.9
      vertex 39.8041 -42.1647 23.9
      vertex 5.45175 -23.8585 23.9
    endloop
  endfacet
  facet normal 0 0 1
    outer loop
      vertex 39.8717 -41.8247 23.9
      vertex 5.45175 -23.8585 23.9
      vertex 39.8041 -42.1647 23.9
    endloop
  endfacet
  facet normal 0 0 1
    outer loop
      vertex 39.9831 -41.4964 23.9
      vertex 5.45175 -23.8585 23.9
      vertex 39.8717 -41.8247 23.9
    endloop
  endfacet
  facet normal 0 0 1
    outer loop
      vertex 40.1364 -41.1856 23.9
      vertex 5.45175 -23.8585 23.9
      vertex 39.9831 -41.4964 23.9
    endloop
  endfacet
  facet normal 0 0 1
    outer loop
      vertex 40.329 -40.8973 23.9
      vertex 5.45175 -23.8585 23.9
      vertex 40.1364 -41.1856 23.9
    endloop
  endfacet
  facet normal 0 0 1
    outer loop
      vertex 40.5576 -40.6367 23.9
      vertex 5.45175 -23.8585 23.9
      vertex 40.329 -40.8973 23.9
    endloop
  endfacet
  facet normal 0 0 1
    outer loop
      vertex 40.8182 -40.4082 23.9
      vertex 5.45175 -23.8585 23.9
      vertex 40.5576 -40.6367 23.9
    endloop
  endfacet
  facet normal 0 0 1
    outer loop
      vertex 41.1064 -40.2156 23.9
      vertex 5.45175 -23.8585 23.9
      vertex 40.8182 -40.4082 23.9
    endloop
  endfacet
  facet normal 0 0 1
    outer loop
      vertex 41.4173 -40.0623 23.9
      vertex 5.45175 -23.8585 23.9
      vertex 41.1064 -40.2156 23.9
    endloop
  endfacet
  facet normal 0 0 1
    outer loop
      vertex 41.7455 -39.9509 23.9
      vertex 5.45175 -23.8585 23.9
      vertex 41.4173 -40.0623 23.9
    endloop
  endfacet
  facet normal 0 0 1
    outer loop
      vertex 42.0855 -39.8832 23.9
      vertex 5.45175 -23.8585 23.9
      vertex 41.7455 -39.9509 23.9
    endloop
  endfacet
  facet normal -0 0 1
    outer loop
      vertex 45.0587 -42.8565 23.9
      vertex 48.4314 -45.5106 23.9
      vertex 45.0814 -42.5106 23.9
    endloop
  endfacet
  facet normal -0 0 1
    outer loop
      vertex 44.9911 -43.1964 23.9
      vertex 48.4314 -45.5106 23.9
      vertex 45.0587 -42.8565 23.9
    endloop
  endfacet
  facet normal -0 0 1
    outer loop
      vertex 44.8797 -43.5247 23.9
      vertex 48.4314 -45.5106 23.9
      vertex 44.9911 -43.1964 23.9
    endloop
  endfacet
  facet normal -0 0 1
    outer loop
      vertex 44.7264 -43.8356 23.9
      vertex 48.4314 -45.5106 23.9
      vertex 44.8797 -43.5247 23.9
    endloop
  endfacet
  facet normal -0 0 1
    outer loop
      vertex 44.5338 -44.1238 23.9
      vertex 48.4314 -45.5106 23.9
      vertex 44.7264 -43.8356 23.9
    endloop
  endfacet
  facet normal 0 0 1
    outer loop
      vertex 48.4314 -45.5106 23.9
      vertex 44.5338 -44.1238 23.9
      vertex 44.3228 -44.3644 23.9
    endloop
  endfacet
  facet normal 0 0 1
    outer loop
      vertex 39.8041 -42.1647 23.9
      vertex 0 -32 23.9
      vertex 39.7814 -42.5106 23.9
    endloop
  endfacet
  facet normal 0 0 1
    outer loop
      vertex 39.7814 -42.5106 23.9
      vertex 0 -32 23.9
      vertex 39.8041 -42.8565 23.9
    endloop
  endfacet
  facet normal -0 0 1
    outer loop
      vertex 1.58631 -20.2088 23.9
      vertex 5.45175 -23.8585 23.9
      vertex 1.6 -20 23.9
    endloop
  endfacet
  facet normal -0 0 1
    outer loop
      vertex 1.54548 -20.4141 23.9
      vertex 5.45175 -23.8585 23.9
      vertex 1.58631 -20.2088 23.9
    endloop
  endfacet
  facet normal -0 0 1
    outer loop
      vertex 1.47821 -20.6123 23.9
      vertex 5.45175 -23.8585 23.9
      vertex 1.54548 -20.4141 23.9
    endloop
  endfacet
  facet normal -0 0 1
    outer loop
      vertex 1.38564 -20.8 23.9
      vertex 5.45175 -23.8585 23.9
      vertex 1.47821 -20.6123 23.9
    endloop
  endfacet
  facet normal -0 0 1
    outer loop
      vertex 1.26937 -20.974 23.9
      vertex 5.45175 -23.8585 23.9
      vertex 1.38564 -20.8 23.9
    endloop
  endfacet
  facet normal -0 0 1
    outer loop
      vertex 1.13137 -21.1314 23.9
      vertex 5.45175 -23.8585 23.9
      vertex 1.26937 -20.974 23.9
    endloop
  endfacet
  facet normal -0 0 1
    outer loop
      vertex 0.974018 -21.2694 23.9
      vertex 5.45175 -23.8585 23.9
      vertex 1.13137 -21.1314 23.9
    endloop
  endfacet
  facet normal -0 0 1
    outer loop
      vertex 0.799999 -21.3856 23.9
      vertex 5.45175 -23.8585 23.9
      vertex 0.974018 -21.2694 23.9
    endloop
  endfacet
  facet normal 0 0 1
    outer loop
      vertex 0 -26.5 23.9
      vertex 5.45175 -23.8585 23.9
      vertex 0.799999 -21.3856 23.9
    endloop
  endfacet
  facet normal 0 0 1
    outer loop
      vertex 0 -26.5 23.9
      vertex 0.799999 -21.3856 23.9
      vertex 0.612293 -21.4782 23.9
    endloop
  endfacet
  facet normal 0 0 1
    outer loop
      vertex 0 -26.5 23.9
      vertex 0.612293 -21.4782 23.9
      vertex 0.41411 -21.5455 23.9
    endloop
  endfacet
  facet normal 0 0 1
    outer loop
      vertex 0 -26.5 23.9
      vertex 0.41411 -21.5455 23.9
      vertex 0.208841 -21.5863 23.9
    endloop
  endfacet
  facet normal 0 0 1
    outer loop
      vertex 0 -26.5 23.9
      vertex 0.208841 -21.5863 23.9
      vertex 0 -21.6 23.9
    endloop
  endfacet
  facet normal 0 0 1
    outer loop
      vertex 0 -32 23.9
      vertex 5.45175 -23.8585 23.9
      vertex 0 -26.5 23.9
    endloop
  endfacet
  facet normal 0 0 1
    outer loop
      vertex 39.8041 -42.8565 23.9
      vertex 0 -32 23.9
      vertex 39.8562 -43.1184 23.9
    endloop
  endfacet
  facet normal 0.195121 -0.980779 0
    outer loop
      vertex 0.84842 -26.4444 16.9
      vertex 1.68232 -26.2785 18.5
      vertex 0.84842 -26.4444 18.5
    endloop
  endfacet
  facet normal 0.195121 -0.980779 0
    outer loop
      vertex 1.68232 -26.2785 18.5
      vertex 0.84842 -26.4444 16.9
      vertex 1.68232 -26.2785 16.9
    endloop
  endfacet
  facet normal -0.0653933 -0.99786 0
    outer loop
      vertex -0.84842 -26.4444 23.9
      vertex 0 -26.5 18.5
      vertex 0 -26.5 23.9
    endloop
  endfacet
  facet normal -0.0653933 -0.99786 0
    outer loop
      vertex -0.84842 -26.4444 16.9
      vertex 0 -26.5 18.5
      vertex -0.84842 -26.4444 23.9
    endloop
  endfacet
  facet normal -0.0653933 -0.99786 -0
    outer loop
      vertex 0 -26.5 18.5
      vertex -0.84842 -26.4444 16.9
      vertex 0 -26.5 16.9
    endloop
  endfacet
  facet normal 0.555596 -0.831453 0
    outer loop
      vertex 3.25 -25.6292 16.9
      vertex 3.95695 -25.1568 18.5
      vertex 3.25 -25.6292 18.5
    endloop
  endfacet
  facet normal 0.555596 -0.831453 0
    outer loop
      vertex 3.95695 -25.1568 18.5
      vertex 3.25 -25.6292 16.9
      vertex 3.95695 -25.1568 16.9
    endloop
  endfacet
  facet normal -0.442239 -0.896897 0
    outer loop
      vertex -3.25 -25.6292 16.9
      vertex -2.48744 -26.0052 23.9
      vertex -3.25 -25.6292 23.9
    endloop
  endfacet
  facet normal -0.442239 -0.896897 -0
    outer loop
      vertex -2.48744 -26.0052 23.9
      vertex -3.25 -25.6292 16.9
      vertex -2.48744 -26.0052 16.9
    endloop
  endfacet
  facet normal 0.442239 -0.896897 0
    outer loop
      vertex 2.48744 -26.0052 16.9
      vertex 3.25 -25.6292 18.5
      vertex 2.48744 -26.0052 18.5
    endloop
  endfacet
  facet normal 0.442239 -0.896897 0
    outer loop
      vertex 3.25 -25.6292 18.5
      vertex 2.48744 -26.0052 16.9
      vertex 3.25 -25.6292 16.9
    endloop
  endfacet
  facet normal 0 0 -1
    outer loop
      vertex 14.5 -16 16.9
      vertex 12.5 -13.5448 16.9
      vertex 14.5 -8 16.9
    endloop
  endfacet
  facet normal 0 0 -1
    outer loop
      vertex 14.5 -16 16.9
      vertex 10.5 -13.5448 16.9
      vertex 12.5 -13.5448 16.9
    endloop
  endfacet
  facet normal 0 0 -1
    outer loop
      vertex 10.5 -13.5448 16.9
      vertex 6.75 -8 16.9
      vertex 10.5 -8 16.9
    endloop
  endfacet
  facet normal -0 0 -1
    outer loop
      vertex 14.5 -16 16.9
      vertex 4.21364 -19.4453 16.9
      vertex 10.5 -13.5448 16.9
    endloop
  endfacet
  facet normal 0 0 -1
    outer loop
      vertex 4.21364 -19.4453 16.9
      vertex 14.5 -16 16.9
      vertex 4.25 -20 16.9
    endloop
  endfacet
  facet normal 0 0 -1
    outer loop
      vertex 14.5 -16 16.9
      vertex 4.21364 -20.5547 16.9
      vertex 4.25 -20 16.9
    endloop
  endfacet
  facet normal 0 0 -1
    outer loop
      vertex 14.5 -16 16.9
      vertex 4.10518 -21.1 16.9
      vertex 4.21364 -20.5547 16.9
    endloop
  endfacet
  facet normal 0 0 -1
    outer loop
      vertex 3.95695 -25.1568 16.9
      vertex 4.10518 -21.1 16.9
      vertex 14.5 -16 16.9
    endloop
  endfacet
  facet normal 0 0 -1
    outer loop
      vertex 3.95695 -25.1568 16.9
      vertex 3.92649 -21.6264 16.9
      vertex 4.10518 -21.1 16.9
    endloop
  endfacet
  facet normal 0 0 -1
    outer loop
      vertex 3.95695 -25.1568 16.9
      vertex 3.68061 -22.125 16.9
      vertex 3.92649 -21.6264 16.9
    endloop
  endfacet
  facet normal 0 0 -1
    outer loop
      vertex 3.95695 -25.1568 16.9
      vertex 3.37175 -22.5872 16.9
      vertex 3.68061 -22.125 16.9
    endloop
  endfacet
  facet normal 0 0 -1
    outer loop
      vertex 2.58724 -23.3717 16.9
      vertex 3.95695 -25.1568 16.9
      vertex 3.25 -25.6292 16.9
    endloop
  endfacet
  facet normal 0 0 -1
    outer loop
      vertex 3.95695 -25.1568 16.9
      vertex 3.0052 -23.0052 16.9
      vertex 3.37175 -22.5872 16.9
    endloop
  endfacet
  facet normal 0 0 -1
    outer loop
      vertex 3.95695 -25.1568 16.9
      vertex 2.58724 -23.3717 16.9
      vertex 3.0052 -23.0052 16.9
    endloop
  endfacet
  facet normal 0 0 -1
    outer loop
      vertex 2.125 -23.6806 16.9
      vertex 3.25 -25.6292 16.9
      vertex 2.48744 -26.0052 16.9
    endloop
  endfacet
  facet normal 0 0 -1
    outer loop
      vertex 3.25 -25.6292 16.9
      vertex 2.125 -23.6806 16.9
      vertex 2.58724 -23.3717 16.9
    endloop
  endfacet
  facet normal 0 0 -1
    outer loop
      vertex 1.6264 -23.9265 16.9
      vertex 2.48744 -26.0052 16.9
      vertex 1.68232 -26.2785 16.9
    endloop
  endfacet
  facet normal 0 0 -1
    outer loop
      vertex 2.48744 -26.0052 16.9
      vertex 1.6264 -23.9265 16.9
      vertex 2.125 -23.6806 16.9
    endloop
  endfacet
  facet normal 0 0 -1
    outer loop
      vertex 1.68232 -26.2785 16.9
      vertex 1.09998 -24.1052 16.9
      vertex 1.6264 -23.9265 16.9
    endloop
  endfacet
  facet normal 0 0 -1
    outer loop
      vertex 0.84842 -26.4444 16.9
      vertex 1.09998 -24.1052 16.9
      vertex 1.68232 -26.2785 16.9
    endloop
  endfacet
  facet normal 0 0 -1
    outer loop
      vertex 0.84842 -26.4444 16.9
      vertex 0.554736 -24.2136 16.9
      vertex 1.09998 -24.1052 16.9
    endloop
  endfacet
  facet normal 0 0 -1
    outer loop
      vertex 0 -26.5 16.9
      vertex 0.554736 -24.2136 16.9
      vertex 0.84842 -26.4444 16.9
    endloop
  endfacet
  facet normal 0 0 -1
    outer loop
      vertex 0 -26.5 16.9
      vertex 0 -24.25 16.9
      vertex 0.554736 -24.2136 16.9
    endloop
  endfacet
  facet normal 0 0 -1
    outer loop
      vertex 0 -26.5 16.9
      vertex -0.554736 -24.2136 16.9
      vertex 0 -24.25 16.9
    endloop
  endfacet
  facet normal 0 0 -1
    outer loop
      vertex -0.84842 -26.4444 16.9
      vertex -0.554736 -24.2136 16.9
      vertex 0 -26.5 16.9
    endloop
  endfacet
  facet normal 0 0 -1
    outer loop
      vertex -0.84842 -26.4444 16.9
      vertex -1.09998 -24.1052 16.9
      vertex -0.554736 -24.2136 16.9
    endloop
  endfacet
  facet normal 0 0 -1
    outer loop
      vertex -1.68232 -26.2785 16.9
      vertex -1.09998 -24.1052 16.9
      vertex -0.84842 -26.4444 16.9
    endloop
  endfacet
  facet normal -0 0 -1
    outer loop
      vertex -1.09998 -24.1052 16.9
      vertex -1.68232 -26.2785 16.9
      vertex -1.6264 -23.9265 16.9
    endloop
  endfacet
  facet normal 0 0 -1
    outer loop
      vertex -2.48744 -26.0052 16.9
      vertex -1.6264 -23.9265 16.9
      vertex -1.68232 -26.2785 16.9
    endloop
  endfacet
  facet normal -0 0 -1
    outer loop
      vertex -1.6264 -23.9265 16.9
      vertex -2.48744 -26.0052 16.9
      vertex -2.125 -23.6806 16.9
    endloop
  endfacet
  facet normal 0 0 -1
    outer loop
      vertex -3.25 -25.6292 16.9
      vertex -2.125 -23.6806 16.9
      vertex -2.48744 -26.0052 16.9
    endloop
  endfacet
  facet normal -0 0 -1
    outer loop
      vertex -2.125 -23.6806 16.9
      vertex -3.25 -25.6292 16.9
      vertex -2.58724 -23.3717 16.9
    endloop
  endfacet
  facet normal 0 0 -1
    outer loop
      vertex -3.95695 -25.1568 16.9
      vertex -2.58724 -23.3717 16.9
      vertex -3.25 -25.6292 16.9
    endloop
  endfacet
  facet normal -0 0 -1
    outer loop
      vertex -2.58724 -23.3717 16.9
      vertex -3.95695 -25.1568 16.9
      vertex -3.0052 -23.0052 16.9
    endloop
  endfacet
  facet normal -0 0 -1
    outer loop
      vertex -3.0052 -23.0052 16.9
      vertex -3.95695 -25.1568 16.9
      vertex -3.37175 -22.5872 16.9
    endloop
  endfacet
  facet normal -0 0 -1
    outer loop
      vertex -3.37175 -22.5872 16.9
      vertex -3.95695 -25.1568 16.9
      vertex -3.68061 -22.125 16.9
    endloop
  endfacet
  facet normal -0 0 -1
    outer loop
      vertex -3.68061 -22.125 16.9
      vertex -3.95695 -25.1568 16.9
      vertex -3.92649 -21.6264 16.9
    endloop
  endfacet
  facet normal 0 0 -1
    outer loop
      vertex -3.95695 -25.1568 16.9
      vertex -4.10518 -21.1 16.9
      vertex -3.92649 -21.6264 16.9
    endloop
  endfacet
  facet normal 0 0 -1
    outer loop
      vertex -14.5 -16 16.9
      vertex -4.10518 -21.1 16.9
      vertex -3.95695 -25.1568 16.9
    endloop
  endfacet
  facet normal 0 0 -1
    outer loop
      vertex -4.10518 -21.1 16.9
      vertex -14.5 -16 16.9
      vertex -4.21364 -20.5547 16.9
    endloop
  endfacet
  facet normal 0 0 -1
    outer loop
      vertex -4.21364 -20.5547 16.9
      vertex -14.5 -16 16.9
      vertex -4.25 -20 16.9
    endloop
  endfacet
  facet normal 0 0 -1
    outer loop
      vertex -4.25 -20 16.9
      vertex -10.5 -13.5448 16.9
      vertex -6.75 -8 16.9
    endloop
  endfacet
  facet normal 0 0 -1
    outer loop
      vertex -4.25 -20 16.9
      vertex -14.5 -16 16.9
      vertex -10.5 -13.5448 16.9
    endloop
  endfacet
  facet normal -0 0 -1
    outer loop
      vertex -10.5 -13.5448 16.9
      vertex -14.5 -16 16.9
      vertex -12.5 -13.5448 16.9
    endloop
  endfacet
  facet normal 0 0 -1
    outer loop
      vertex -14.5 -8 16.9
      vertex -12.5 -13.5448 16.9
      vertex -14.5 -16 16.9
    endloop
  endfacet
  facet normal 0 0 -1
    outer loop
      vertex -12.5 -13.5448 16.9
      vertex -14.5 -8 16.9
      vertex -12.5 -8 16.9
    endloop
  endfacet
  facet normal -0 0 -1
    outer loop
      vertex 14.5 -8 16.9
      vertex 12.5 -13.5448 16.9
      vertex 12.5 -8 16.9
    endloop
  endfacet
  facet normal 0 0 -1
    outer loop
      vertex 4.10518 -18.9 16.9
      vertex 10.5 -13.5448 16.9
      vertex 4.21364 -19.4453 16.9
    endloop
  endfacet
  facet normal 0 0 -1
    outer loop
      vertex 3.92649 -18.3736 16.9
      vertex 10.5 -13.5448 16.9
      vertex 4.10518 -18.9 16.9
    endloop
  endfacet
  facet normal 0 0 -1
    outer loop
      vertex 3.68061 -17.875 16.9
      vertex 10.5 -13.5448 16.9
      vertex 3.92649 -18.3736 16.9
    endloop
  endfacet
  facet normal 0 0 -1
    outer loop
      vertex 3.37175 -17.4128 16.9
      vertex 10.5 -13.5448 16.9
      vertex 3.68061 -17.875 16.9
    endloop
  endfacet
  facet normal 0 0 -1
    outer loop
      vertex 3.0052 -16.9948 16.9
      vertex 10.5 -13.5448 16.9
      vertex 3.37175 -17.4128 16.9
    endloop
  endfacet
  facet normal 0 0 -1
    outer loop
      vertex 2.58724 -16.6282 16.9
      vertex 10.5 -13.5448 16.9
      vertex 3.0052 -16.9948 16.9
    endloop
  endfacet
  facet normal -0 0 -1
    outer loop
      vertex 10.5 -13.5448 16.9
      vertex 2.58724 -16.6282 16.9
      vertex 6.75 -8 16.9
    endloop
  endfacet
  facet normal 0 0 -1
    outer loop
      vertex 2.125 -16.3194 16.9
      vertex 6.75 -8 16.9
      vertex 2.58724 -16.6282 16.9
    endloop
  endfacet
  facet normal 0 0 -1
    outer loop
      vertex 1.6264 -16.0735 16.9
      vertex 6.75 -8 16.9
      vertex 2.125 -16.3194 16.9
    endloop
  endfacet
  facet normal 0 0 -1
    outer loop
      vertex 1.09998 -15.8948 16.9
      vertex 6.75 -8 16.9
      vertex 1.6264 -16.0735 16.9
    endloop
  endfacet
  facet normal 0 0 -1
    outer loop
      vertex 0.554736 -15.7864 16.9
      vertex 6.75 -8 16.9
      vertex 1.09998 -15.8948 16.9
    endloop
  endfacet
  facet normal 0 0 -1
    outer loop
      vertex 0 -15.75 16.9
      vertex 6.75 -8 16.9
      vertex 0.554736 -15.7864 16.9
    endloop
  endfacet
  facet normal 0 0 -1
    outer loop
      vertex -6.75 -8 16.9
      vertex 0 -15.75 16.9
      vertex -0.554736 -15.7864 16.9
    endloop
  endfacet
  facet normal 0 0 -1
    outer loop
      vertex -6.75 -8 16.9
      vertex -0.554736 -15.7864 16.9
      vertex -1.09998 -15.8948 16.9
    endloop
  endfacet
  facet normal 0 0 -1
    outer loop
      vertex -6.75 -8 16.9
      vertex -1.09998 -15.8948 16.9
      vertex -1.6264 -16.0735 16.9
    endloop
  endfacet
  facet normal 0 0 -1
    outer loop
      vertex -6.75 -8 16.9
      vertex -1.6264 -16.0735 16.9
      vertex -2.125 -16.3194 16.9
    endloop
  endfacet
  facet normal 0 0 -1
    outer loop
      vertex -6.75 -8 16.9
      vertex -2.125 -16.3194 16.9
      vertex -2.58724 -16.6282 16.9
    endloop
  endfacet
  facet normal 0 0 -1
    outer loop
      vertex -6.75 -8 16.9
      vertex -2.58724 -16.6282 16.9
      vertex -3.0052 -16.9948 16.9
    endloop
  endfacet
  facet normal 0 0 -1
    outer loop
      vertex 0 -15.75 16.9
      vertex -6.75 -8 16.9
      vertex 6.75 -8 16.9
    endloop
  endfacet
  facet normal 0 0 -1
    outer loop
      vertex -3.37175 -17.4128 16.9
      vertex -6.75 -8 16.9
      vertex -3.0052 -16.9948 16.9
    endloop
  endfacet
  facet normal 0 0 -1
    outer loop
      vertex -3.68061 -17.875 16.9
      vertex -6.75 -8 16.9
      vertex -3.37175 -17.4128 16.9
    endloop
  endfacet
  facet normal 0 0 -1
    outer loop
      vertex -3.92649 -18.3736 16.9
      vertex -6.75 -8 16.9
      vertex -3.68061 -17.875 16.9
    endloop
  endfacet
  facet normal 0 0 -1
    outer loop
      vertex -4.10518 -18.9 16.9
      vertex -6.75 -8 16.9
      vertex -3.92649 -18.3736 16.9
    endloop
  endfacet
  facet normal 0 0 -1
    outer loop
      vertex -4.21364 -19.4453 16.9
      vertex -6.75 -8 16.9
      vertex -4.10518 -18.9 16.9
    endloop
  endfacet
  facet normal 0 0 -1
    outer loop
      vertex -6.75 -8 16.9
      vertex -4.21364 -19.4453 16.9
      vertex -4.25 -20 16.9
    endloop
  endfacet
  facet normal -0 0 -1
    outer loop
      vertex -6.75 -8 16.9
      vertex -10.5 -13.5448 16.9
      vertex -10.5 -8 16.9
    endloop
  endfacet
  facet normal -0 0 1
    outer loop
      vertex -12.5 0 16.9
      vertex -10.5 -8 16.9
      vertex -10.5 0 16.9
    endloop
  endfacet
  facet normal 0 0 1
    outer loop
      vertex -10.5 -8 16.9
      vertex -12.5 0 16.9
      vertex -12.5 -8 16.9
    endloop
  endfacet
  facet normal -0 0 1
    outer loop
      vertex 10.5 0 16.9
      vertex 12.5 -8 16.9
      vertex 12.5 0 16.9
    endloop
  endfacet
  facet normal 0 0 1
    outer loop
      vertex 12.5 -8 16.9
      vertex 10.5 0 16.9
      vertex 10.5 -8 16.9
    endloop
  endfacet
  facet normal 0.0653933 -0.99786 0
    outer loop
      vertex 0 -26.5 16.9
      vertex 0.84842 -26.4444 18.5
      vertex 0 -26.5 18.5
    endloop
  endfacet
  facet normal 0.0653933 -0.99786 0
    outer loop
      vertex 0.84842 -26.4444 18.5
      vertex 0 -26.5 16.9
      vertex 0.84842 -26.4444 16.9
    endloop
  endfacet
  facet normal 1 -0 0
    outer loop
      vertex -10.5 -8 16.9
      vertex -10.5 0 12.7
      vertex -10.5 0 16.9
    endloop
  endfacet
  facet normal 1 0 0
    outer loop
      vertex -10.5 -13.5448 12.7
      vertex -10.5 -8 16.9
      vertex -10.5 -13.5448 16.9
    endloop
  endfacet
  facet normal 1 0 0
    outer loop
      vertex -10.5 -8 16.9
      vertex -10.5 -13.5448 12.7
      vertex -10.5 0 12.7
    endloop
  endfacet
  facet normal 0 -1 0
    outer loop
      vertex -12.5 -13.5448 12.7
      vertex -10.5 -13.5448 16.9
      vertex -12.5 -13.5448 16.9
    endloop
  endfacet
  facet normal 0 -1 -0
    outer loop
      vertex -10.5 -13.5448 16.9
      vertex -12.5 -13.5448 12.7
      vertex -10.5 -13.5448 12.7
    endloop
  endfacet
  facet normal 0 1 -0
    outer loop
      vertex -10.5 0 12.7
      vertex -12.5 0 16.9
      vertex -10.5 0 16.9
    endloop
  endfacet
  facet normal 0 1 0
    outer loop
      vertex -12.5 0 16.9
      vertex -10.5 0 12.7
      vertex -12.5 0 12.7
    endloop
  endfacet
  facet normal -1 0 0
    outer loop
      vertex -12.5 0 12.7
      vertex -12.5 -8 16.9
      vertex -12.5 0 16.9
    endloop
  endfacet
  facet normal -1 0 0
    outer loop
      vertex -12.5 -13.5448 12.7
      vertex -12.5 -8 16.9
      vertex -12.5 0 12.7
    endloop
  endfacet
  facet normal -1 -0 0
    outer loop
      vertex -12.5 -8 16.9
      vertex -12.5 -13.5448 12.7
      vertex -12.5 -13.5448 16.9
    endloop
  endfacet
  facet normal 0 0 -1
    outer loop
      vertex -12.5 -13.5448 12.7
      vertex -10.5 0 12.7
      vertex -10.5 -13.5448 12.7
    endloop
  endfacet
  facet normal -0 0 -1
    outer loop
      vertex -10.5 0 12.7
      vertex -12.5 -13.5448 12.7
      vertex -12.5 0 12.7
    endloop
  endfacet
  facet normal 1 -0 0
    outer loop
      vertex 12.5 -8 16.9
      vertex 12.5 0 12.7
      vertex 12.5 0 16.9
    endloop
  endfacet
  facet normal 1 0 0
    outer loop
      vertex 12.5 -13.5448 12.7
      vertex 12.5 -8 16.9
      vertex 12.5 -13.5448 16.9
    endloop
  endfacet
  facet normal 1 0 0
    outer loop
      vertex 12.5 -8 16.9
      vertex 12.5 -13.5448 12.7
      vertex 12.5 0 12.7
    endloop
  endfacet
  facet normal 0 -1 0
    outer loop
      vertex 10.5 -13.5448 12.7
      vertex 12.5 -13.5448 16.9
      vertex 10.5 -13.5448 16.9
    endloop
  endfacet
  facet normal 0 -1 -0
    outer loop
      vertex 12.5 -13.5448 16.9
      vertex 10.5 -13.5448 12.7
      vertex 12.5 -13.5448 12.7
    endloop
  endfacet
  facet normal 0 1 -0
    outer loop
      vertex 12.5 0 12.7
      vertex 10.5 0 16.9
      vertex 12.5 0 16.9
    endloop
  endfacet
  facet normal 0 1 0
    outer loop
      vertex 10.5 0 16.9
      vertex 12.5 0 12.7
      vertex 10.5 0 12.7
    endloop
  endfacet
  facet normal -1 0 0
    outer loop
      vertex 10.5 0 12.7
      vertex 10.5 -8 16.9
      vertex 10.5 0 16.9
    endloop
  endfacet
  facet normal -1 0 0
    outer loop
      vertex 10.5 -13.5448 12.7
      vertex 10.5 -8 16.9
      vertex 10.5 0 12.7
    endloop
  endfacet
  facet normal -1 -0 0
    outer loop
      vertex 10.5 -8 16.9
      vertex 10.5 -13.5448 12.7
      vertex 10.5 -13.5448 16.9
    endloop
  endfacet
  facet normal 0 0 -1
    outer loop
      vertex 10.5 -13.5448 12.7
      vertex 12.5 0 12.7
      vertex 12.5 -13.5448 12.7
    endloop
  endfacet
  facet normal -0 0 -1
    outer loop
      vertex 12.5 0 12.7
      vertex 10.5 -13.5448 12.7
      vertex 10.5 0 12.7
    endloop
  endfacet
  facet normal 0.322673 0.946511 -0
    outer loop
      vertex 48.4314 -38.5106 0.1
      vertex 5.45175 -23.8585 5.5
      vertex 48.4314 -38.5106 5.5
    endloop
  endfacet
  facet normal 0.322673 0.946511 0
    outer loop
      vertex 5.45175 -23.8585 5.5
      vertex 48.4314 -38.5106 0.1
      vertex 5.45175 -23.8585 0.1
    endloop
  endfacet
  facet normal -0.268703 -0.963223 0
    outer loop
      vertex 0 -32 0.1
      vertex 39.8562 -43.1184 5.5
      vertex 0 -32 5.5
    endloop
  endfacet
  facet normal -0.268703 -0.963223 -0
    outer loop
      vertex 39.8562 -43.1184 5.5
      vertex 0 -32 0.1
      vertex 39.8562 -43.1184 0.1
    endloop
  endfacet
  facet normal -0.268715 -0.96322 0
    outer loop
      vertex 44.3228 -44.3644 0.1
      vertex 48.4314 -45.5106 5.5
      vertex 44.3228 -44.3644 5.5
    endloop
  endfacet
  facet normal -0.268715 -0.96322 -0
    outer loop
      vertex 48.4314 -45.5106 5.5
      vertex 44.3228 -44.3644 0.1
      vertex 48.4314 -45.5106 0.1
    endloop
  endfacet
  facet normal -1 0 0
    outer loop
      vertex 0 -32 0.1
      vertex 0 -26.5 5.5
      vertex 0 -26.5 0.1
    endloop
  endfacet
  facet normal -1 -0 0
    outer loop
      vertex 0 -26.5 5.5
      vertex 0 -32 0.1
      vertex 0 -32 5.5
    endloop
  endfacet
  facet normal -0 0 1
    outer loop
      vertex 45.0587 -42.1647 5.5
      vertex 48.4314 -45.5106 5.5
      vertex 48.4314 -38.5106 5.5
    endloop
  endfacet
  facet normal 0 0 1
    outer loop
      vertex 48.4314 -45.5106 5.5
      vertex 45.0587 -42.1647 5.5
      vertex 45.0814 -42.5106 5.5
    endloop
  endfacet
  facet normal 0 0 1
    outer loop
      vertex 48.4314 -38.5106 5.5
      vertex 44.9911 -41.8247 5.5
      vertex 45.0587 -42.1647 5.5
    endloop
  endfacet
  facet normal 0 0 1
    outer loop
      vertex 48.4314 -38.5106 5.5
      vertex 44.8797 -41.4964 5.5
      vertex 44.9911 -41.8247 5.5
    endloop
  endfacet
  facet normal 0 0 1
    outer loop
      vertex 48.4314 -38.5106 5.5
      vertex 44.7264 -41.1856 5.5
      vertex 44.8797 -41.4964 5.5
    endloop
  endfacet
  facet normal 0 0 1
    outer loop
      vertex 48.4314 -38.5106 5.5
      vertex 44.5338 -40.8973 5.5
      vertex 44.7264 -41.1856 5.5
    endloop
  endfacet
  facet normal 0 0 1
    outer loop
      vertex 48.4314 -38.5106 5.5
      vertex 44.3052 -40.6367 5.5
      vertex 44.5338 -40.8973 5.5
    endloop
  endfacet
  facet normal 0 0 1
    outer loop
      vertex 48.4314 -38.5106 5.5
      vertex 44.0446 -40.4082 5.5
      vertex 44.3052 -40.6367 5.5
    endloop
  endfacet
  facet normal 0 0 1
    outer loop
      vertex 48.4314 -38.5106 5.5
      vertex 43.7564 -40.2156 5.5
      vertex 44.0446 -40.4082 5.5
    endloop
  endfacet
  facet normal 0 0 1
    outer loop
      vertex 48.4314 -38.5106 5.5
      vertex 43.4455 -40.0623 5.5
      vertex 43.7564 -40.2156 5.5
    endloop
  endfacet
  facet normal 0 0 1
    outer loop
      vertex 48.4314 -38.5106 5.5
      vertex 43.1173 -39.9509 5.5
      vertex 43.4455 -40.0623 5.5
    endloop
  endfacet
  facet normal 0 0 1
    outer loop
      vertex 48.4314 -38.5106 5.5
      vertex 42.7773 -39.8832 5.5
      vertex 43.1173 -39.9509 5.5
    endloop
  endfacet
  facet normal 0 0 1
    outer loop
      vertex 48.4314 -38.5106 5.5
      vertex 42.4314 -39.8606 5.5
      vertex 42.7773 -39.8832 5.5
    endloop
  endfacet
  facet normal 0 0 1
    outer loop
      vertex 48.4314 -38.5106 5.5
      vertex 42.0855 -39.8832 5.5
      vertex 42.4314 -39.8606 5.5
    endloop
  endfacet
  facet normal 0 0 1
    outer loop
      vertex 5.45175 -23.8585 5.5
      vertex 42.0855 -39.8832 5.5
      vertex 48.4314 -38.5106 5.5
    endloop
  endfacet
  facet normal -0 0 1
    outer loop
      vertex 0 -32 5.5
      vertex 39.8041 -42.1647 5.5
      vertex 5.45175 -23.8585 5.5
    endloop
  endfacet
  facet normal 0 0 1
    outer loop
      vertex 39.8717 -41.8247 5.5
      vertex 5.45175 -23.8585 5.5
      vertex 39.8041 -42.1647 5.5
    endloop
  endfacet
  facet normal 0 0 1
    outer loop
      vertex 39.9831 -41.4964 5.5
      vertex 5.45175 -23.8585 5.5
      vertex 39.8717 -41.8247 5.5
    endloop
  endfacet
  facet normal 0 0 1
    outer loop
      vertex 40.1364 -41.1856 5.5
      vertex 5.45175 -23.8585 5.5
      vertex 39.9831 -41.4964 5.5
    endloop
  endfacet
  facet normal 0 0 1
    outer loop
      vertex 40.329 -40.8973 5.5
      vertex 5.45175 -23.8585 5.5
      vertex 40.1364 -41.1856 5.5
    endloop
  endfacet
  facet normal 0 0 1
    outer loop
      vertex 40.5576 -40.6367 5.5
      vertex 5.45175 -23.8585 5.5
      vertex 40.329 -40.8973 5.5
    endloop
  endfacet
  facet normal 0 0 1
    outer loop
      vertex 40.8182 -40.4082 5.5
      vertex 5.45175 -23.8585 5.5
      vertex 40.5576 -40.6367 5.5
    endloop
  endfacet
  facet normal 0 0 1
    outer loop
      vertex 41.1064 -40.2156 5.5
      vertex 5.45175 -23.8585 5.5
      vertex 40.8182 -40.4082 5.5
    endloop
  endfacet
  facet normal 0 0 1
    outer loop
      vertex 41.4173 -40.0623 5.5
      vertex 5.45175 -23.8585 5.5
      vertex 41.1064 -40.2156 5.5
    endloop
  endfacet
  facet normal 0 0 1
    outer loop
      vertex 41.7455 -39.9509 5.5
      vertex 5.45175 -23.8585 5.5
      vertex 41.4173 -40.0623 5.5
    endloop
  endfacet
  facet normal 0 0 1
    outer loop
      vertex 42.0855 -39.8832 5.5
      vertex 5.45175 -23.8585 5.5
      vertex 41.7455 -39.9509 5.5
    endloop
  endfacet
  facet normal -0 0 1
    outer loop
      vertex 45.0587 -42.8565 5.5
      vertex 48.4314 -45.5106 5.5
      vertex 45.0814 -42.5106 5.5
    endloop
  endfacet
  facet normal -0 0 1
    outer loop
      vertex 44.9911 -43.1964 5.5
      vertex 48.4314 -45.5106 5.5
      vertex 45.0587 -42.8565 5.5
    endloop
  endfacet
  facet normal -0 0 1
    outer loop
      vertex 44.8797 -43.5247 5.5
      vertex 48.4314 -45.5106 5.5
      vertex 44.9911 -43.1964 5.5
    endloop
  endfacet
  facet normal -0 0 1
    outer loop
      vertex 44.7264 -43.8356 5.5
      vertex 48.4314 -45.5106 5.5
      vertex 44.8797 -43.5247 5.5
    endloop
  endfacet
  facet normal -0 0 1
    outer loop
      vertex 44.5338 -44.1238 5.5
      vertex 48.4314 -45.5106 5.5
      vertex 44.7264 -43.8356 5.5
    endloop
  endfacet
  facet normal 0 0 1
    outer loop
      vertex 48.4314 -45.5106 5.5
      vertex 44.5338 -44.1238 5.5
      vertex 44.3228 -44.3644 5.5
    endloop
  endfacet
  facet normal 0 0 1
    outer loop
      vertex 39.8041 -42.1647 5.5
      vertex 0 -32 5.5
      vertex 39.7814 -42.5106 5.5
    endloop
  endfacet
  facet normal 0 0 1
    outer loop
      vertex 39.7814 -42.5106 5.5
      vertex 0 -32 5.5
      vertex 39.8041 -42.8565 5.5
    endloop
  endfacet
  facet normal 0 0 1
    outer loop
      vertex 0 -32 5.5
      vertex 5.45175 -23.8585 5.5
      vertex 3.95695 -25.1568 5.5
    endloop
  endfacet
  facet normal 0 0 1
    outer loop
      vertex 0 -32 5.5
      vertex 3.95695 -25.1568 5.5
      vertex 3.25 -25.6292 5.5
    endloop
  endfacet
  facet normal 0 0 1
    outer loop
      vertex 0 -32 5.5
      vertex 3.25 -25.6292 5.5
      vertex 2.48744 -26.0052 5.5
    endloop
  endfacet
  facet normal 0 0 1
    outer loop
      vertex 0 -32 5.5
      vertex 2.48744 -26.0052 5.5
      vertex 1.68232 -26.2785 5.5
    endloop
  endfacet
  facet normal 0 0 1
    outer loop
      vertex 0 -32 5.5
      vertex 1.68232 -26.2785 5.5
      vertex 0.84842 -26.4444 5.5
    endloop
  endfacet
  facet normal 0 0 1
    outer loop
      vertex 0 -32 5.5
      vertex 0.84842 -26.4444 5.5
      vertex 0 -26.5 5.5
    endloop
  endfacet
  facet normal 0 0 1
    outer loop
      vertex 39.8041 -42.8565 5.5
      vertex 0 -32 5.5
      vertex 39.8562 -43.1184 5.5
    endloop
  endfacet
  facet normal 1 -0 0
    outer loop
      vertex 48.4314 -45.5106 5.5
      vertex 48.4314 -38.5106 0.1
      vertex 48.4314 -38.5106 5.5
    endloop
  endfacet
  facet normal 1 0 0
    outer loop
      vertex 48.4314 -38.5106 0.1
      vertex 48.4314 -45.5106 5.5
      vertex 48.4314 -45.5106 0.1
    endloop
  endfacet
  facet normal 0.322673 0.946511 -0
    outer loop
      vertex 48.4314 -38.5106 18.5
      vertex 5.45175 -23.8585 23.9
      vertex 48.4314 -38.5106 23.9
    endloop
  endfacet
  facet normal 0.322673 0.946511 0
    outer loop
      vertex 5.45175 -23.8585 23.9
      vertex 48.4314 -38.5106 18.5
      vertex 5.45175 -23.8585 18.5
    endloop
  endfacet
  facet normal 0 0 -1
    outer loop
      vertex 0 -32 18.5
      vertex 39.7814 -42.5106 18.5
      vertex 39.8041 -42.8565 18.5
    endloop
  endfacet
  facet normal 0 0 -1
    outer loop
      vertex 0 -32 18.5
      vertex 39.8041 -42.8565 18.5
      vertex 39.8562 -43.1184 18.5
    endloop
  endfacet
  facet normal 0 0 -1
    outer loop
      vertex 39.7814 -42.5106 18.5
      vertex 0 -32 18.5
      vertex 5.45175 -23.8585 18.5
    endloop
  endfacet
  facet normal 0 0 -1
    outer loop
      vertex 5.45175 -23.8585 18.5
      vertex 0 -32 18.5
      vertex 3.95695 -25.1568 18.5
    endloop
  endfacet
  facet normal 0 0 -1
    outer loop
      vertex 3.95695 -25.1568 18.5
      vertex 0 -32 18.5
      vertex 3.25 -25.6292 18.5
    endloop
  endfacet
  facet normal 0 0 -1
    outer loop
      vertex 3.25 -25.6292 18.5
      vertex 0 -32 18.5
      vertex 2.48744 -26.0052 18.5
    endloop
  endfacet
  facet normal 0 0 -1
    outer loop
      vertex 2.48744 -26.0052 18.5
      vertex 0 -32 18.5
      vertex 1.68232 -26.2785 18.5
    endloop
  endfacet
  facet normal 0 0 -1
    outer loop
      vertex 1.68232 -26.2785 18.5
      vertex 0 -32 18.5
      vertex 0.84842 -26.4444 18.5
    endloop
  endfacet
  facet normal 0 0 -1
    outer loop
      vertex 0.84842 -26.4444 18.5
      vertex 0 -32 18.5
      vertex 0 -26.5 18.5
    endloop
  endfacet
  facet normal 0 0 -1
    outer loop
      vertex 45.0587 -42.1647 18.5
      vertex 48.4314 -45.5106 18.5
      vertex 45.0814 -42.5106 18.5
    endloop
  endfacet
  facet normal 0 0 -1
    outer loop
      vertex 48.4314 -45.5106 18.5
      vertex 45.0587 -42.8565 18.5
      vertex 45.0814 -42.5106 18.5
    endloop
  endfacet
  facet normal 0 0 -1
    outer loop
      vertex 48.4314 -45.5106 18.5
      vertex 44.9911 -43.1964 18.5
      vertex 45.0587 -42.8565 18.5
    endloop
  endfacet
  facet normal 0 0 -1
    outer loop
      vertex 48.4314 -45.5106 18.5
      vertex 44.8797 -43.5247 18.5
      vertex 44.9911 -43.1964 18.5
    endloop
  endfacet
  facet normal 0 0 -1
    outer loop
      vertex 48.4314 -45.5106 18.5
      vertex 44.7264 -43.8356 18.5
      vertex 44.8797 -43.5247 18.5
    endloop
  endfacet
  facet normal 0 0 -1
    outer loop
      vertex 48.4314 -45.5106 18.5
      vertex 44.5338 -44.1238 18.5
      vertex 44.7264 -43.8356 18.5
    endloop
  endfacet
  facet normal 0 -0 -1
    outer loop
      vertex 44.5338 -44.1238 18.5
      vertex 48.4314 -45.5106 18.5
      vertex 44.3228 -44.3644 18.5
    endloop
  endfacet
  facet normal 0 0 -1
    outer loop
      vertex 48.4314 -45.5106 18.5
      vertex 45.0587 -42.1647 18.5
      vertex 48.4314 -38.5106 18.5
    endloop
  endfacet
  facet normal 0 0 -1
    outer loop
      vertex 44.9911 -41.8247 18.5
      vertex 48.4314 -38.5106 18.5
      vertex 45.0587 -42.1647 18.5
    endloop
  endfacet
  facet normal 0 0 -1
    outer loop
      vertex 44.8797 -41.4964 18.5
      vertex 48.4314 -38.5106 18.5
      vertex 44.9911 -41.8247 18.5
    endloop
  endfacet
  facet normal 0 0 -1
    outer loop
      vertex 44.7264 -41.1856 18.5
      vertex 48.4314 -38.5106 18.5
      vertex 44.8797 -41.4964 18.5
    endloop
  endfacet
  facet normal 0 0 -1
    outer loop
      vertex 44.5338 -40.8973 18.5
      vertex 48.4314 -38.5106 18.5
      vertex 44.7264 -41.1856 18.5
    endloop
  endfacet
  facet normal 0 0 -1
    outer loop
      vertex 44.3052 -40.6367 18.5
      vertex 48.4314 -38.5106 18.5
      vertex 44.5338 -40.8973 18.5
    endloop
  endfacet
  facet normal 0 0 -1
    outer loop
      vertex 44.0446 -40.4082 18.5
      vertex 48.4314 -38.5106 18.5
      vertex 44.3052 -40.6367 18.5
    endloop
  endfacet
  facet normal 0 0 -1
    outer loop
      vertex 43.7564 -40.2156 18.5
      vertex 48.4314 -38.5106 18.5
      vertex 44.0446 -40.4082 18.5
    endloop
  endfacet
  facet normal 0 0 -1
    outer loop
      vertex 43.4455 -40.0623 18.5
      vertex 48.4314 -38.5106 18.5
      vertex 43.7564 -40.2156 18.5
    endloop
  endfacet
  facet normal 0 0 -1
    outer loop
      vertex 43.1173 -39.9509 18.5
      vertex 48.4314 -38.5106 18.5
      vertex 43.4455 -40.0623 18.5
    endloop
  endfacet
  facet normal 0 0 -1
    outer loop
      vertex 42.7773 -39.8832 18.5
      vertex 48.4314 -38.5106 18.5
      vertex 43.1173 -39.9509 18.5
    endloop
  endfacet
  facet normal 0 0 -1
    outer loop
      vertex 42.4314 -39.8606 18.5
      vertex 48.4314 -38.5106 18.5
      vertex 42.7773 -39.8832 18.5
    endloop
  endfacet
  facet normal 0 0 -1
    outer loop
      vertex 42.0855 -39.8832 18.5
      vertex 48.4314 -38.5106 18.5
      vertex 42.4314 -39.8606 18.5
    endloop
  endfacet
  facet normal 0 0 -1
    outer loop
      vertex 5.45175 -23.8585 18.5
      vertex 42.0855 -39.8832 18.5
      vertex 41.7455 -39.9509 18.5
    endloop
  endfacet
  facet normal 0 0 -1
    outer loop
      vertex 42.0855 -39.8832 18.5
      vertex 5.45175 -23.8585 18.5
      vertex 48.4314 -38.5106 18.5
    endloop
  endfacet
  facet normal 0 0 -1
    outer loop
      vertex 41.4173 -40.0623 18.5
      vertex 5.45175 -23.8585 18.5
      vertex 41.7455 -39.9509 18.5
    endloop
  endfacet
  facet normal 0 0 -1
    outer loop
      vertex 41.1064 -40.2156 18.5
      vertex 5.45175 -23.8585 18.5
      vertex 41.4173 -40.0623 18.5
    endloop
  endfacet
  facet normal 0 0 -1
    outer loop
      vertex 40.8182 -40.4082 18.5
      vertex 5.45175 -23.8585 18.5
      vertex 41.1064 -40.2156 18.5
    endloop
  endfacet
  facet normal 0 0 -1
    outer loop
      vertex 40.5576 -40.6367 18.5
      vertex 5.45175 -23.8585 18.5
      vertex 40.8182 -40.4082 18.5
    endloop
  endfacet
  facet normal 0 0 -1
    outer loop
      vertex 40.329 -40.8973 18.5
      vertex 5.45175 -23.8585 18.5
      vertex 40.5576 -40.6367 18.5
    endloop
  endfacet
  facet normal 0 0 -1
    outer loop
      vertex 40.1364 -41.1856 18.5
      vertex 5.45175 -23.8585 18.5
      vertex 40.329 -40.8973 18.5
    endloop
  endfacet
  facet normal 0 0 -1
    outer loop
      vertex 39.9831 -41.4964 18.5
      vertex 5.45175 -23.8585 18.5
      vertex 40.1364 -41.1856 18.5
    endloop
  endfacet
  facet normal 0 0 -1
    outer loop
      vertex 39.8717 -41.8247 18.5
      vertex 5.45175 -23.8585 18.5
      vertex 39.9831 -41.4964 18.5
    endloop
  endfacet
  facet normal 0 0 -1
    outer loop
      vertex 39.8041 -42.1647 18.5
      vertex 5.45175 -23.8585 18.5
      vertex 39.8717 -41.8247 18.5
    endloop
  endfacet
  facet normal 0 0 -1
    outer loop
      vertex 5.45175 -23.8585 18.5
      vertex 39.8041 -42.1647 18.5
      vertex 39.7814 -42.5106 18.5
    endloop
  endfacet
  facet normal -0.268715 -0.96322 0
    outer loop
      vertex 44.3228 -44.3644 18.5
      vertex 48.4314 -45.5106 23.9
      vertex 44.3228 -44.3644 23.9
    endloop
  endfacet
  facet normal -0.268715 -0.96322 -0
    outer loop
      vertex 48.4314 -45.5106 23.9
      vertex 44.3228 -44.3644 18.5
      vertex 48.4314 -45.5106 18.5
    endloop
  endfacet
  facet normal -0.268703 -0.963223 0
    outer loop
      vertex 0 -32 18.5
      vertex 39.8562 -43.1184 23.9
      vertex 0 -32 23.9
    endloop
  endfacet
  facet normal -0.268703 -0.963223 -0
    outer loop
      vertex 39.8562 -43.1184 23.9
      vertex 0 -32 18.5
      vertex 39.8562 -43.1184 18.5
    endloop
  endfacet
  facet normal 1 -0 0
    outer loop
      vertex 48.4314 -45.5106 23.9
      vertex 48.4314 -38.5106 18.5
      vertex 48.4314 -38.5106 23.9
    endloop
  endfacet
  facet normal 1 0 0
    outer loop
      vertex 48.4314 -38.5106 18.5
      vertex 48.4314 -45.5106 23.9
      vertex 48.4314 -45.5106 18.5
    endloop
  endfacet
  facet normal -1 0 0
    outer loop
      vertex 0 -32 18.5
      vertex 0 -26.5 23.9
      vertex 0 -26.5 18.5
    endloop
  endfacet
  facet normal -1 -0 0
    outer loop
      vertex 0 -26.5 23.9
      vertex 0 -32 18.5
      vertex 0 -32 23.9
    endloop
  endfacet
  facet normal 1 0 0
    outer loop
      vertex 6.75 30 24
      vertex 6.75 15 11.8
      vertex 6.75 30 0
    endloop
  endfacet
  facet normal 1 -0 0
    outer loop
      vertex 6.75 -8 24
      vertex 6.75 15 11.8
      vertex 6.75 30 24
    endloop
  endfacet
  facet normal 1 -0 0
    outer loop
      vertex 6.75 -8 23.9
      vertex 6.75 15 11.8
      vertex 6.75 -8 24
    endloop
  endfacet
  facet normal 1 -0 0
    outer loop
      vertex 6.75 -8 16.9
      vertex 6.75 15 11.8
      vertex 6.75 -8 23.9
    endloop
  endfacet
  facet normal 1 0 0
    outer loop
      vertex 6.75 15 11.8
      vertex 6.75 -8 16.9
      vertex 6.75 -8 11.8
    endloop
  endfacet
  facet normal 1 -0 0
    outer loop
      vertex 6.75 15 6.8
      vertex 6.75 30 0
      vertex 6.75 15 11.8
    endloop
  endfacet
  facet normal 1 0 0
    outer loop
      vertex 6.75 -8 0.1
      vertex 6.75 15 6.8
      vertex 6.75 -8 6.8
    endloop
  endfacet
  facet normal 1 0 0
    outer loop
      vertex 6.75 -8 0
      vertex 6.75 15 6.8
      vertex 6.75 -8 0.1
    endloop
  endfacet
  facet normal 1 0 0
    outer loop
      vertex 6.75 15 6.8
      vertex 6.75 -8 0
      vertex 6.75 30 0
    endloop
  endfacet
  facet normal 0 1 -0
    outer loop
      vertex 6.75 30 0
      vertex 4.75 30 24
      vertex 6.75 30 24
    endloop
  endfacet
  facet normal 0 1 0
    outer loop
      vertex 4.75 30 24
      vertex 6.75 30 0
      vertex 4.75 30 0
    endloop
  endfacet
  facet normal 0 1 -0
    outer loop
      vertex 4.75 30 0
      vertex 2.75 30 24
      vertex 4.75 30 24
    endloop
  endfacet
  facet normal 0 1 0
    outer loop
      vertex 2.75 30 24
      vertex 4.75 30 0
      vertex 2.75 30 0
    endloop
  endfacet
  facet normal -1 0 0
    outer loop
      vertex -6.75 -8 16.9
      vertex -6.75 14 11.8
      vertex -6.75 -8 11.8
    endloop
  endfacet
  facet normal -1 0 0
    outer loop
      vertex -6.75 14 11.8
      vertex -6.75 -8 16.9
      vertex -6.75 14 24
    endloop
  endfacet
  facet normal -1 0 0
    outer loop
      vertex -6.75 -8 23.9
      vertex -6.75 14 24
      vertex -6.75 -8 16.9
    endloop
  endfacet
  facet normal -1 -0 0
    outer loop
      vertex -6.75 14 24
      vertex -6.75 -8 23.9
      vertex -6.75 -8 24
    endloop
  endfacet
  facet normal -1 0 0
    outer loop
      vertex -6.75 -8 0.1
      vertex -6.75 14 0
      vertex -6.75 -8 0
    endloop
  endfacet
  facet normal -1 0 0
    outer loop
      vertex -6.75 14 0
      vertex -6.75 -8 0.1
      vertex -6.75 14 6.8
    endloop
  endfacet
  facet normal -1 -0 0
    outer loop
      vertex -6.75 14 6.8
      vertex -6.75 -8 0.1
      vertex -6.75 -8 6.8
    endloop
  endfacet
  facet normal 0 0 1
    outer loop
      vertex -2.75 14 24
      vertex -6.75 14 24
      vertex -2.75 0 24
    endloop
  endfacet
  facet normal 0 0 1
    outer loop
      vertex 2.75 0 24
      vertex 6.75 30 24
      vertex 4.75 30 24
    endloop
  endfacet
  facet normal 0 0 1
    outer loop
      vertex 2.75 0 24
      vertex 4.75 30 24
      vertex 2.75 30 24
    endloop
  endfacet
  facet normal 0 0 1
    outer loop
      vertex 6.75 30 24
      vertex 2.75 0 24
      vertex 6.75 -8 24
    endloop
  endfacet
  facet normal -0 0 1
    outer loop
      vertex -2.75 0 24
      vertex 6.75 -8 24
      vertex 2.75 0 24
    endloop
  endfacet
  facet normal 0 0 1
    outer loop
      vertex -2.75 0 24
      vertex -6.75 -8 24
      vertex 6.75 -8 24
    endloop
  endfacet
  facet normal 0 0 1
    outer loop
      vertex -6.75 -8 24
      vertex -2.75 0 24
      vertex -6.75 14 24
    endloop
  endfacet
  facet normal 0 0 -1
    outer loop
      vertex 2.75 0 0
      vertex 6.75 30 0
      vertex 6.75 -8 0
    endloop
  endfacet
  facet normal -0 0 -1
    outer loop
      vertex 6.75 30 0
      vertex 2.75 0 0
      vertex 4.75 30 0
    endloop
  endfacet
  facet normal 0 0 -1
    outer loop
      vertex 6.75 -8 0
      vertex -2.75 0 0
      vertex 2.75 0 0
    endloop
  endfacet
  facet normal 0 0 -1
    outer loop
      vertex -6.75 -8 0
      vertex -2.75 0 0
      vertex 6.75 -8 0
    endloop
  endfacet
  facet normal 0 0 -1
    outer loop
      vertex -6.75 14 0
      vertex -2.75 0 0
      vertex -6.75 -8 0
    endloop
  endfacet
  facet normal 0 0 -1
    outer loop
      vertex -2.75 0 0
      vertex -6.75 14 0
      vertex -2.75 14 0
    endloop
  endfacet
  facet normal -0 0 -1
    outer loop
      vertex 4.75 30 0
      vertex 2.75 0 0
      vertex 2.75 30 0
    endloop
  endfacet
  facet normal -0.831446 0.555605 0
    outer loop
      vertex 3.37175 -22.5872 3.71
      vertex 3.68061 -22.125 7.1
      vertex 3.68061 -22.125 3.71
    endloop
  endfacet
  facet normal -0.831446 0.555605 0
    outer loop
      vertex 3.68061 -22.125 7.1
      vertex 3.37175 -22.5872 3.71
      vertex 3.37175 -22.5872 7.1
    endloop
  endfacet
  facet normal 0.442314 0.89686 -0
    outer loop
      vertex -1.6264 -23.9265 3.71
      vertex -2.125 -23.6806 7.1
      vertex -1.6264 -23.9265 7.1
    endloop
  endfacet
  facet normal 0.442314 0.89686 0
    outer loop
      vertex -2.125 -23.6806 7.1
      vertex -1.6264 -23.9265 3.71
      vertex -2.125 -23.6806 3.71
    endloop
  endfacet
  facet normal -0.980788 0.195078 0
    outer loop
      vertex 4.10518 -21.1 3.71
      vertex 4.21364 -20.5547 7.1
      vertex 4.21364 -20.5547 3.71
    endloop
  endfacet
  facet normal -0.980788 0.195078 0
    outer loop
      vertex 4.21364 -20.5547 7.1
      vertex 4.10518 -21.1 3.71
      vertex 4.10518 -21.1 7.1
    endloop
  endfacet
  facet normal 0.194994 -0.980804 0
    outer loop
      vertex -1.09998 -15.8948 3.71
      vertex -0.554736 -15.7864 7.1
      vertex -1.09998 -15.8948 7.1
    endloop
  endfacet
  facet normal 0.194994 -0.980804 0
    outer loop
      vertex -0.554736 -15.7864 7.1
      vertex -1.09998 -15.8948 3.71
      vertex -0.554736 -15.7864 3.71
    endloop
  endfacet
  facet normal -0.997859 -0.0654086 0
    outer loop
      vertex 4.25 -20 3.71
      vertex 4.21364 -19.4453 7.1
      vertex 4.21364 -19.4453 3.71
    endloop
  endfacet
  facet normal -0.997859 -0.0654086 0
    outer loop
      vertex 4.21364 -19.4453 7.1
      vertex 4.25 -20 3.71
      vertex 4.25 -20 7.1
    endloop
  endfacet
  facet normal -0.659304 0.751876 0
    outer loop
      vertex 3.0052 -23.0052 3.71
      vertex 2.58724 -23.3717 7.1
      vertex 3.0052 -23.0052 7.1
    endloop
  endfacet
  facet normal -0.659304 0.751876 0
    outer loop
      vertex 2.58724 -23.3717 7.1
      vertex 3.0052 -23.0052 3.71
      vertex 2.58724 -23.3717 3.71
    endloop
  endfacet
  facet normal -0.194994 -0.980804 0
    outer loop
      vertex 0.554736 -15.7864 3.71
      vertex 1.09998 -15.8948 7.1
      vertex 0.554736 -15.7864 7.1
    endloop
  endfacet
  facet normal -0.194994 -0.980804 -0
    outer loop
      vertex 1.09998 -15.8948 7.1
      vertex 0.554736 -15.7864 3.71
      vertex 1.09998 -15.8948 3.71
    endloop
  endfacet
  facet normal -0.896874 -0.442285 0
    outer loop
      vertex 3.92649 -18.3736 3.71
      vertex 3.68061 -17.875 7.1
      vertex 3.68061 -17.875 3.71
    endloop
  endfacet
  facet normal -0.896874 -0.442285 0
    outer loop
      vertex 3.68061 -17.875 7.1
      vertex 3.92649 -18.3736 3.71
      vertex 3.92649 -18.3736 7.1
    endloop
  endfacet
  facet normal 0.946929 -0.321442 0
    outer loop
      vertex -4.10518 -18.9 7.1
      vertex -3.92649 -18.3736 3.71
      vertex -3.92649 -18.3736 7.1
    endloop
  endfacet
  facet normal 0.946929 -0.321442 0
    outer loop
      vertex -3.92649 -18.3736 3.71
      vertex -4.10518 -18.9 7.1
      vertex -4.10518 -18.9 3.71
    endloop
  endfacet
  facet normal -0.997859 0.0654086 0
    outer loop
      vertex 4.21364 -20.5547 3.71
      vertex 4.25 -20 7.1
      vertex 4.25 -20 3.71
    endloop
  endfacet
  facet normal -0.997859 0.0654086 0
    outer loop
      vertex 4.25 -20 7.1
      vertex 4.21364 -20.5547 3.71
      vertex 4.21364 -20.5547 7.1
    endloop
  endfacet
  facet normal -0.065476 0.997854 0
    outer loop
      vertex 0.554736 -24.2136 3.71
      vertex 0 -24.25 7.1
      vertex 0.554736 -24.2136 7.1
    endloop
  endfacet
  facet normal -0.065476 0.997854 0
    outer loop
      vertex 0 -24.25 7.1
      vertex 0.554736 -24.2136 3.71
      vertex 0 -24.25 3.71
    endloop
  endfacet
  facet normal -0.751863 0.659319 0
    outer loop
      vertex 3.0052 -23.0052 3.71
      vertex 3.37175 -22.5872 7.1
      vertex 3.37175 -22.5872 3.71
    endloop
  endfacet
  facet normal -0.751863 0.659319 0
    outer loop
      vertex 3.37175 -22.5872 7.1
      vertex 3.0052 -23.0052 3.71
      vertex 3.0052 -23.0052 7.1
    endloop
  endfacet
  facet normal -0.946929 0.321442 0
    outer loop
      vertex 3.92649 -21.6264 3.71
      vertex 4.10518 -21.1 7.1
      vertex 4.10518 -21.1 3.71
    endloop
  endfacet
  facet normal -0.946929 0.321442 0
    outer loop
      vertex 4.10518 -21.1 7.1
      vertex 3.92649 -21.6264 3.71
      vertex 3.92649 -21.6264 7.1
    endloop
  endfacet
  facet normal -0.751863 -0.659319 0
    outer loop
      vertex 3.37175 -17.4128 3.71
      vertex 3.0052 -16.9948 7.1
      vertex 3.0052 -16.9948 3.71
    endloop
  endfacet
  facet normal -0.751863 -0.659319 0
    outer loop
      vertex 3.0052 -16.9948 7.1
      vertex 3.37175 -17.4128 3.71
      vertex 3.37175 -17.4128 7.1
    endloop
  endfacet
  facet normal 0.065476 -0.997854 0
    outer loop
      vertex -0.554736 -15.7864 3.71
      vertex 0 -15.75 7.1
      vertex -0.554736 -15.7864 7.1
    endloop
  endfacet
  facet normal 0.065476 -0.997854 0
    outer loop
      vertex 0 -15.75 7.1
      vertex -0.554736 -15.7864 3.71
      vertex 0 -15.75 3.71
    endloop
  endfacet
  facet normal 0.321447 -0.946928 0
    outer loop
      vertex -1.6264 -16.0735 3.71
      vertex -1.09998 -15.8948 7.1
      vertex -1.6264 -16.0735 7.1
    endloop
  endfacet
  facet normal 0.321447 -0.946928 0
    outer loop
      vertex -1.09998 -15.8948 7.1
      vertex -1.6264 -16.0735 3.71
      vertex -1.09998 -15.8948 3.71
    endloop
  endfacet
  facet normal 0.980788 -0.195078 0
    outer loop
      vertex -4.21364 -19.4453 7.1
      vertex -4.10518 -18.9 3.71
      vertex -4.10518 -18.9 7.1
    endloop
  endfacet
  facet normal 0.980788 -0.195078 0
    outer loop
      vertex -4.10518 -18.9 3.71
      vertex -4.21364 -19.4453 7.1
      vertex -4.21364 -19.4453 3.71
    endloop
  endfacet
  facet normal 0.194994 0.980804 -0
    outer loop
      vertex -0.554736 -24.2136 3.71
      vertex -1.09998 -24.1052 7.1
      vertex -0.554736 -24.2136 7.1
    endloop
  endfacet
  facet normal 0.194994 0.980804 0
    outer loop
      vertex -1.09998 -24.1052 7.1
      vertex -0.554736 -24.2136 3.71
      vertex -1.09998 -24.1052 3.71
    endloop
  endfacet
  facet normal 0.321447 0.946928 -0
    outer loop
      vertex -1.09998 -24.1052 3.71
      vertex -1.6264 -23.9265 7.1
      vertex -1.09998 -24.1052 7.1
    endloop
  endfacet
  facet normal 0.321447 0.946928 0
    outer loop
      vertex -1.6264 -23.9265 7.1
      vertex -1.09998 -24.1052 3.71
      vertex -1.6264 -23.9265 3.71
    endloop
  endfacet
  facet normal 0.980788 0.195078 0
    outer loop
      vertex -4.10518 -21.1 7.1
      vertex -4.21364 -20.5547 3.71
      vertex -4.21364 -20.5547 7.1
    endloop
  endfacet
  facet normal 0.980788 0.195078 0
    outer loop
      vertex -4.21364 -20.5547 3.71
      vertex -4.10518 -21.1 7.1
      vertex -4.10518 -21.1 3.71
    endloop
  endfacet
  facet normal 0.555621 0.831435 -0
    outer loop
      vertex -2.125 -23.6806 3.71
      vertex -2.58724 -23.3717 7.1
      vertex -2.125 -23.6806 7.1
    endloop
  endfacet
  facet normal 0.555621 0.831435 0
    outer loop
      vertex -2.58724 -23.3717 7.1
      vertex -2.125 -23.6806 3.71
      vertex -2.58724 -23.3717 3.71
    endloop
  endfacet
  facet normal 0.896874 0.442285 0
    outer loop
      vertex -3.68061 -22.125 7.1
      vertex -3.92649 -21.6264 3.71
      vertex -3.92649 -21.6264 7.1
    endloop
  endfacet
  facet normal 0.896874 0.442285 0
    outer loop
      vertex -3.92649 -21.6264 3.71
      vertex -3.68061 -22.125 7.1
      vertex -3.68061 -22.125 3.71
    endloop
  endfacet
  facet normal 0.997859 -0.0654086 0
    outer loop
      vertex -4.25 -20 7.1
      vertex -4.21364 -19.4453 3.71
      vertex -4.21364 -19.4453 7.1
    endloop
  endfacet
  facet normal 0.997859 -0.0654086 0
    outer loop
      vertex -4.21364 -19.4453 3.71
      vertex -4.25 -20 7.1
      vertex -4.25 -20 3.71
    endloop
  endfacet
  facet normal 0.555497 -0.831519 0
    outer loop
      vertex -2.58724 -16.6282 3.71
      vertex -2.125 -16.3194 7.1
      vertex -2.58724 -16.6282 7.1
    endloop
  endfacet
  facet normal 0.555497 -0.831519 0
    outer loop
      vertex -2.125 -16.3194 7.1
      vertex -2.58724 -16.6282 3.71
      vertex -2.125 -16.3194 3.71
    endloop
  endfacet
  facet normal 0.751863 0.659319 0
    outer loop
      vertex -3.0052 -23.0052 7.1
      vertex -3.37175 -22.5872 3.71
      vertex -3.37175 -22.5872 7.1
    endloop
  endfacet
  facet normal 0.751863 0.659319 0
    outer loop
      vertex -3.37175 -22.5872 3.71
      vertex -3.0052 -23.0052 7.1
      vertex -3.0052 -23.0052 3.71
    endloop
  endfacet
  facet normal -0.321447 0.946928 0
    outer loop
      vertex 1.6264 -23.9265 3.71
      vertex 1.09998 -24.1052 7.1
      vertex 1.6264 -23.9265 7.1
    endloop
  endfacet
  facet normal -0.321447 0.946928 0
    outer loop
      vertex 1.09998 -24.1052 7.1
      vertex 1.6264 -23.9265 3.71
      vertex 1.09998 -24.1052 3.71
    endloop
  endfacet
  facet normal -0.555621 0.831435 0
    outer loop
      vertex 2.58724 -23.3717 3.71
      vertex 2.125 -23.6806 7.1
      vertex 2.58724 -23.3717 7.1
    endloop
  endfacet
  facet normal -0.555621 0.831435 0
    outer loop
      vertex 2.125 -23.6806 7.1
      vertex 2.58724 -23.3717 3.71
      vertex 2.125 -23.6806 3.71
    endloop
  endfacet
  facet normal 0.896874 -0.442285 0
    outer loop
      vertex -3.92649 -18.3736 7.1
      vertex -3.68061 -17.875 3.71
      vertex -3.68061 -17.875 7.1
    endloop
  endfacet
  facet normal 0.896874 -0.442285 0
    outer loop
      vertex -3.68061 -17.875 3.71
      vertex -3.92649 -18.3736 7.1
      vertex -3.92649 -18.3736 3.71
    endloop
  endfacet
  facet normal -0.831446 -0.555605 0
    outer loop
      vertex 3.68061 -17.875 3.71
      vertex 3.37175 -17.4128 7.1
      vertex 3.37175 -17.4128 3.71
    endloop
  endfacet
  facet normal -0.831446 -0.555605 0
    outer loop
      vertex 3.37175 -17.4128 7.1
      vertex 3.68061 -17.875 3.71
      vertex 3.68061 -17.875 7.1
    endloop
  endfacet
  facet normal -0.946929 -0.321442 0
    outer loop
      vertex 4.10518 -18.9 3.71
      vertex 3.92649 -18.3736 7.1
      vertex 3.92649 -18.3736 3.71
    endloop
  endfacet
  facet normal -0.946929 -0.321442 0
    outer loop
      vertex 3.92649 -18.3736 7.1
      vertex 4.10518 -18.9 3.71
      vertex 4.10518 -18.9 7.1
    endloop
  endfacet
  facet normal -0.065476 -0.997854 0
    outer loop
      vertex 0 -15.75 3.71
      vertex 0.554736 -15.7864 7.1
      vertex 0 -15.75 7.1
    endloop
  endfacet
  facet normal -0.065476 -0.997854 -0
    outer loop
      vertex 0.554736 -15.7864 7.1
      vertex 0 -15.75 3.71
      vertex 0.554736 -15.7864 3.71
    endloop
  endfacet
  facet normal -0.555497 -0.831519 0
    outer loop
      vertex 2.125 -16.3194 3.71
      vertex 2.58724 -16.6282 7.1
      vertex 2.125 -16.3194 7.1
    endloop
  endfacet
  facet normal -0.555497 -0.831519 -0
    outer loop
      vertex 2.58724 -16.6282 7.1
      vertex 2.125 -16.3194 3.71
      vertex 2.58724 -16.6282 3.71
    endloop
  endfacet
  facet normal -0.442314 0.89686 0
    outer loop
      vertex 2.125 -23.6806 3.71
      vertex 1.6264 -23.9265 7.1
      vertex 2.125 -23.6806 7.1
    endloop
  endfacet
  facet normal -0.442314 0.89686 0
    outer loop
      vertex 1.6264 -23.9265 7.1
      vertex 2.125 -23.6806 3.71
      vertex 1.6264 -23.9265 3.71
    endloop
  endfacet
  facet normal 0.831446 0.555605 0
    outer loop
      vertex -3.37175 -22.5872 7.1
      vertex -3.68061 -22.125 3.71
      vertex -3.68061 -22.125 7.1
    endloop
  endfacet
  facet normal 0.831446 0.555605 0
    outer loop
      vertex -3.68061 -22.125 3.71
      vertex -3.37175 -22.5872 7.1
      vertex -3.37175 -22.5872 3.71
    endloop
  endfacet
  facet normal -0.896874 0.442285 0
    outer loop
      vertex 3.68061 -22.125 3.71
      vertex 3.92649 -21.6264 7.1
      vertex 3.92649 -21.6264 3.71
    endloop
  endfacet
  facet normal -0.896874 0.442285 0
    outer loop
      vertex 3.92649 -21.6264 7.1
      vertex 3.68061 -22.125 3.71
      vertex 3.68061 -22.125 7.1
    endloop
  endfacet
  facet normal -0.659406 -0.751787 0
    outer loop
      vertex 2.58724 -16.6282 3.71
      vertex 3.0052 -16.9948 7.1
      vertex 2.58724 -16.6282 7.1
    endloop
  endfacet
  facet normal -0.659406 -0.751787 -0
    outer loop
      vertex 3.0052 -16.9948 7.1
      vertex 2.58724 -16.6282 3.71
      vertex 3.0052 -16.9948 3.71
    endloop
  endfacet
  facet normal 0.946929 0.321442 0
    outer loop
      vertex -3.92649 -21.6264 7.1
      vertex -4.10518 -21.1 3.71
      vertex -4.10518 -21.1 7.1
    endloop
  endfacet
  facet normal 0.946929 0.321442 0
    outer loop
      vertex -4.10518 -21.1 3.71
      vertex -3.92649 -21.6264 7.1
      vertex -3.92649 -21.6264 3.71
    endloop
  endfacet
  facet normal -0.194994 0.980804 0
    outer loop
      vertex 1.09998 -24.1052 3.71
      vertex 0.554736 -24.2136 7.1
      vertex 1.09998 -24.1052 7.1
    endloop
  endfacet
  facet normal -0.194994 0.980804 0
    outer loop
      vertex 0.554736 -24.2136 7.1
      vertex 1.09998 -24.1052 3.71
      vertex 0.554736 -24.2136 3.71
    endloop
  endfacet
  facet normal 0.659406 -0.751787 0
    outer loop
      vertex -3.0052 -16.9948 3.71
      vertex -2.58724 -16.6282 7.1
      vertex -3.0052 -16.9948 7.1
    endloop
  endfacet
  facet normal 0.659406 -0.751787 0
    outer loop
      vertex -2.58724 -16.6282 7.1
      vertex -3.0052 -16.9948 3.71
      vertex -2.58724 -16.6282 3.71
    endloop
  endfacet
  facet normal 0.997859 0.0654086 0
    outer loop
      vertex -4.21364 -20.5547 7.1
      vertex -4.25 -20 3.71
      vertex -4.25 -20 7.1
    endloop
  endfacet
  facet normal 0.997859 0.0654086 0
    outer loop
      vertex -4.25 -20 3.71
      vertex -4.21364 -20.5547 7.1
      vertex -4.21364 -20.5547 3.71
    endloop
  endfacet
  facet normal -0.980788 -0.195078 0
    outer loop
      vertex 4.21364 -19.4453 3.71
      vertex 4.10518 -18.9 7.1
      vertex 4.10518 -18.9 3.71
    endloop
  endfacet
  facet normal -0.980788 -0.195078 0
    outer loop
      vertex 4.10518 -18.9 7.1
      vertex 4.21364 -19.4453 3.71
      vertex 4.21364 -19.4453 7.1
    endloop
  endfacet
  facet normal 0.065476 0.997854 -0
    outer loop
      vertex 0 -24.25 3.71
      vertex -0.554736 -24.2136 7.1
      vertex 0 -24.25 7.1
    endloop
  endfacet
  facet normal 0.065476 0.997854 0
    outer loop
      vertex -0.554736 -24.2136 7.1
      vertex 0 -24.25 3.71
      vertex -0.554736 -24.2136 3.71
    endloop
  endfacet
  facet normal 0.659304 0.751876 -0
    outer loop
      vertex -2.58724 -23.3717 3.71
      vertex -3.0052 -23.0052 7.1
      vertex -2.58724 -23.3717 7.1
    endloop
  endfacet
  facet normal 0.659304 0.751876 0
    outer loop
      vertex -3.0052 -23.0052 7.1
      vertex -2.58724 -23.3717 3.71
      vertex -3.0052 -23.0052 3.71
    endloop
  endfacet
  facet normal -0.442314 -0.89686 0
    outer loop
      vertex 1.6264 -16.0735 3.71
      vertex 2.125 -16.3194 7.1
      vertex 1.6264 -16.0735 7.1
    endloop
  endfacet
  facet normal -0.442314 -0.89686 -0
    outer loop
      vertex 2.125 -16.3194 7.1
      vertex 1.6264 -16.0735 3.71
      vertex 2.125 -16.3194 3.71
    endloop
  endfacet
  facet normal 0.831446 -0.555605 0
    outer loop
      vertex -3.68061 -17.875 7.1
      vertex -3.37175 -17.4128 3.71
      vertex -3.37175 -17.4128 7.1
    endloop
  endfacet
  facet normal 0.831446 -0.555605 0
    outer loop
      vertex -3.37175 -17.4128 3.71
      vertex -3.68061 -17.875 7.1
      vertex -3.68061 -17.875 3.71
    endloop
  endfacet
  facet normal -0.321447 -0.946928 0
    outer loop
      vertex 1.09998 -15.8948 3.71
      vertex 1.6264 -16.0735 7.1
      vertex 1.09998 -15.8948 7.1
    endloop
  endfacet
  facet normal -0.321447 -0.946928 -0
    outer loop
      vertex 1.6264 -16.0735 7.1
      vertex 1.09998 -15.8948 3.71
      vertex 1.6264 -16.0735 3.71
    endloop
  endfacet
  facet normal 0 0 1
    outer loop
      vertex 1.6 -20 3.71
      vertex 4.25 -20 3.71
      vertex 4.21364 -19.4453 3.71
    endloop
  endfacet
  facet normal 0 0 1
    outer loop
      vertex 1.58631 -19.7912 3.71
      vertex 4.21364 -19.4453 3.71
      vertex 4.10518 -18.9 3.71
    endloop
  endfacet
  facet normal 0 0 1
    outer loop
      vertex 4.25 -20 3.71
      vertex 1.6 -20 3.71
      vertex 4.21364 -20.5547 3.71
    endloop
  endfacet
  facet normal 0 0 1
    outer loop
      vertex 1.54548 -19.5859 3.71
      vertex 4.10518 -18.9 3.71
      vertex 3.92649 -18.3736 3.71
    endloop
  endfacet
  facet normal -0 0 1
    outer loop
      vertex 1.58631 -20.2088 3.71
      vertex 4.21364 -20.5547 3.71
      vertex 1.6 -20 3.71
    endloop
  endfacet
  facet normal 0 0 1
    outer loop
      vertex 1.47821 -19.3877 3.71
      vertex 3.92649 -18.3736 3.71
      vertex 3.68061 -17.875 3.71
    endloop
  endfacet
  facet normal 0 0 1
    outer loop
      vertex 4.21364 -20.5547 3.71
      vertex 1.58631 -20.2088 3.71
      vertex 4.10518 -21.1 3.71
    endloop
  endfacet
  facet normal 0 0 1
    outer loop
      vertex 1.38564 -19.2 3.71
      vertex 3.68061 -17.875 3.71
      vertex 3.37175 -17.4128 3.71
    endloop
  endfacet
  facet normal -0 0 1
    outer loop
      vertex 1.54548 -20.4141 3.71
      vertex 4.10518 -21.1 3.71
      vertex 1.58631 -20.2088 3.71
    endloop
  endfacet
  facet normal 0 0 1
    outer loop
      vertex 1.26937 -19.026 3.71
      vertex 3.37175 -17.4128 3.71
      vertex 3.0052 -16.9948 3.71
    endloop
  endfacet
  facet normal 0 0 1
    outer loop
      vertex 4.10518 -21.1 3.71
      vertex 1.54548 -20.4141 3.71
      vertex 3.92649 -21.6264 3.71
    endloop
  endfacet
  facet normal 0 0 1
    outer loop
      vertex 1.13137 -18.8686 3.71
      vertex 3.0052 -16.9948 3.71
      vertex 2.58724 -16.6282 3.71
    endloop
  endfacet
  facet normal -0 0 1
    outer loop
      vertex 1.47821 -20.6123 3.71
      vertex 3.92649 -21.6264 3.71
      vertex 1.54548 -20.4141 3.71
    endloop
  endfacet
  facet normal 0 0 1
    outer loop
      vertex 0.974018 -18.7306 3.71
      vertex 2.58724 -16.6282 3.71
      vertex 2.125 -16.3194 3.71
    endloop
  endfacet
  facet normal 0 0 1
    outer loop
      vertex 3.92649 -21.6264 3.71
      vertex 1.47821 -20.6123 3.71
      vertex 3.68061 -22.125 3.71
    endloop
  endfacet
  facet normal 0 0 1
    outer loop
      vertex 0.799999 -18.6144 3.71
      vertex 2.125 -16.3194 3.71
      vertex 1.6264 -16.0735 3.71
    endloop
  endfacet
  facet normal -0 0 1
    outer loop
      vertex 1.38564 -20.8 3.71
      vertex 3.68061 -22.125 3.71
      vertex 1.47821 -20.6123 3.71
    endloop
  endfacet
  facet normal 0 0 1
    outer loop
      vertex 3.68061 -22.125 3.71
      vertex 1.38564 -20.8 3.71
      vertex 3.37175 -22.5872 3.71
    endloop
  endfacet
  facet normal 0 0 1
    outer loop
      vertex 4.21364 -19.4453 3.71
      vertex 1.58631 -19.7912 3.71
      vertex 1.6 -20 3.71
    endloop
  endfacet
  facet normal 0 0 1
    outer loop
      vertex 4.10518 -18.9 3.71
      vertex 1.54548 -19.5859 3.71
      vertex 1.58631 -19.7912 3.71
    endloop
  endfacet
  facet normal 0 0 1
    outer loop
      vertex 3.92649 -18.3736 3.71
      vertex 1.47821 -19.3877 3.71
      vertex 1.54548 -19.5859 3.71
    endloop
  endfacet
  facet normal 0 0 1
    outer loop
      vertex 3.68061 -17.875 3.71
      vertex 1.38564 -19.2 3.71
      vertex 1.47821 -19.3877 3.71
    endloop
  endfacet
  facet normal 0 0 1
    outer loop
      vertex 3.37175 -17.4128 3.71
      vertex 1.26937 -19.026 3.71
      vertex 1.38564 -19.2 3.71
    endloop
  endfacet
  facet normal 0 0 1
    outer loop
      vertex 3.0052 -16.9948 3.71
      vertex 1.13137 -18.8686 3.71
      vertex 1.26937 -19.026 3.71
    endloop
  endfacet
  facet normal 0 0 1
    outer loop
      vertex 0.612293 -18.5218 3.71
      vertex 1.6264 -16.0735 3.71
      vertex 1.09998 -15.8948 3.71
    endloop
  endfacet
  facet normal 0 0 1
    outer loop
      vertex 2.58724 -16.6282 3.71
      vertex 0.974018 -18.7306 3.71
      vertex 1.13137 -18.8686 3.71
    endloop
  endfacet
  facet normal 0 0 1
    outer loop
      vertex 2.125 -16.3194 3.71
      vertex 0.799999 -18.6144 3.71
      vertex 0.974018 -18.7306 3.71
    endloop
  endfacet
  facet normal 0 0 1
    outer loop
      vertex 1.6264 -16.0735 3.71
      vertex 0.612293 -18.5218 3.71
      vertex 0.799999 -18.6144 3.71
    endloop
  endfacet
  facet normal 0 0 1
    outer loop
      vertex 0.41411 -18.4545 3.71
      vertex 1.09998 -15.8948 3.71
      vertex 0.554736 -15.7864 3.71
    endloop
  endfacet
  facet normal 0 0 1
    outer loop
      vertex 1.09998 -15.8948 3.71
      vertex 0.41411 -18.4545 3.71
      vertex 0.612293 -18.5218 3.71
    endloop
  endfacet
  facet normal 0 0 1
    outer loop
      vertex 0.554736 -15.7864 3.71
      vertex 0.208841 -18.4137 3.71
      vertex 0.41411 -18.4545 3.71
    endloop
  endfacet
  facet normal 0 0 1
    outer loop
      vertex 0 -15.75 3.71
      vertex 0.208841 -18.4137 3.71
      vertex 0.554736 -15.7864 3.71
    endloop
  endfacet
  facet normal 0 0 1
    outer loop
      vertex 0 -15.75 3.71
      vertex 0 -18.4 3.71
      vertex 0.208841 -18.4137 3.71
    endloop
  endfacet
  facet normal 0 0 1
    outer loop
      vertex 0 -15.75 3.71
      vertex -0.208841 -18.4137 3.71
      vertex 0 -18.4 3.71
    endloop
  endfacet
  facet normal -0 0 1
    outer loop
      vertex -0.554736 -15.7864 3.71
      vertex -0.208841 -18.4137 3.71
      vertex 0 -15.75 3.71
    endloop
  endfacet
  facet normal 0 0 1
    outer loop
      vertex -0.208841 -18.4137 3.71
      vertex -0.554736 -15.7864 3.71
      vertex -0.41411 -18.4545 3.71
    endloop
  endfacet
  facet normal -0 0 1
    outer loop
      vertex -1.09998 -15.8948 3.71
      vertex -0.41411 -18.4545 3.71
      vertex -0.554736 -15.7864 3.71
    endloop
  endfacet
  facet normal 0 0 1
    outer loop
      vertex -0.41411 -18.4545 3.71
      vertex -1.09998 -15.8948 3.71
      vertex -0.612293 -18.5218 3.71
    endloop
  endfacet
  facet normal -0 0 1
    outer loop
      vertex -1.6264 -16.0735 3.71
      vertex -0.612293 -18.5218 3.71
      vertex -1.09998 -15.8948 3.71
    endloop
  endfacet
  facet normal 0 0 1
    outer loop
      vertex -0.612293 -18.5218 3.71
      vertex -1.6264 -16.0735 3.71
      vertex -0.799999 -18.6144 3.71
    endloop
  endfacet
  facet normal -0 0 1
    outer loop
      vertex -2.125 -16.3194 3.71
      vertex -0.799999 -18.6144 3.71
      vertex -1.6264 -16.0735 3.71
    endloop
  endfacet
  facet normal 0 0 1
    outer loop
      vertex -0.799999 -18.6144 3.71
      vertex -2.125 -16.3194 3.71
      vertex -0.974018 -18.7306 3.71
    endloop
  endfacet
  facet normal -0 0 1
    outer loop
      vertex -2.58724 -16.6282 3.71
      vertex -0.974018 -18.7306 3.71
      vertex -2.125 -16.3194 3.71
    endloop
  endfacet
  facet normal 0 0 1
    outer loop
      vertex -0.974018 -18.7306 3.71
      vertex -2.58724 -16.6282 3.71
      vertex -1.13137 -18.8686 3.71
    endloop
  endfacet
  facet normal -0 0 1
    outer loop
      vertex -3.0052 -16.9948 3.71
      vertex -1.13137 -18.8686 3.71
      vertex -2.58724 -16.6282 3.71
    endloop
  endfacet
  facet normal 0 0 1
    outer loop
      vertex -1.13137 -18.8686 3.71
      vertex -3.0052 -16.9948 3.71
      vertex -1.26937 -19.026 3.71
    endloop
  endfacet
  facet normal 0 0 1
    outer loop
      vertex -1.26937 -19.026 3.71
      vertex -3.37175 -17.4128 3.71
      vertex -1.38564 -19.2 3.71
    endloop
  endfacet
  facet normal -0 0 1
    outer loop
      vertex -3.37175 -17.4128 3.71
      vertex -1.26937 -19.026 3.71
      vertex -3.0052 -16.9948 3.71
    endloop
  endfacet
  facet normal -0 0 1
    outer loop
      vertex 1.26937 -20.974 3.71
      vertex 3.37175 -22.5872 3.71
      vertex 1.38564 -20.8 3.71
    endloop
  endfacet
  facet normal 0 0 1
    outer loop
      vertex 3.37175 -22.5872 3.71
      vertex 1.26937 -20.974 3.71
      vertex 3.0052 -23.0052 3.71
    endloop
  endfacet
  facet normal -0 0 1
    outer loop
      vertex 1.13137 -21.1314 3.71
      vertex 3.0052 -23.0052 3.71
      vertex 1.26937 -20.974 3.71
    endloop
  endfacet
  facet normal 0 0 1
    outer loop
      vertex 3.0052 -23.0052 3.71
      vertex 1.13137 -21.1314 3.71
      vertex 2.58724 -23.3717 3.71
    endloop
  endfacet
  facet normal -0 0 1
    outer loop
      vertex 0.974018 -21.2694 3.71
      vertex 2.58724 -23.3717 3.71
      vertex 1.13137 -21.1314 3.71
    endloop
  endfacet
  facet normal 0 0 1
    outer loop
      vertex 2.58724 -23.3717 3.71
      vertex 0.974018 -21.2694 3.71
      vertex 2.125 -23.6806 3.71
    endloop
  endfacet
  facet normal -0 0 1
    outer loop
      vertex 0.799999 -21.3856 3.71
      vertex 2.125 -23.6806 3.71
      vertex 0.974018 -21.2694 3.71
    endloop
  endfacet
  facet normal 0 0 1
    outer loop
      vertex 2.125 -23.6806 3.71
      vertex 0.799999 -21.3856 3.71
      vertex 1.6264 -23.9265 3.71
    endloop
  endfacet
  facet normal -0 0 1
    outer loop
      vertex 0.612293 -21.4782 3.71
      vertex 1.6264 -23.9265 3.71
      vertex 0.799999 -21.3856 3.71
    endloop
  endfacet
  facet normal 0 0 1
    outer loop
      vertex 1.6264 -23.9265 3.71
      vertex 0.612293 -21.4782 3.71
      vertex 1.09998 -24.1052 3.71
    endloop
  endfacet
  facet normal -0 0 1
    outer loop
      vertex 0.41411 -21.5455 3.71
      vertex 1.09998 -24.1052 3.71
      vertex 0.612293 -21.4782 3.71
    endloop
  endfacet
  facet normal 0 0 1
    outer loop
      vertex 1.09998 -24.1052 3.71
      vertex 0.41411 -21.5455 3.71
      vertex 0.554736 -24.2136 3.71
    endloop
  endfacet
  facet normal -0 0 1
    outer loop
      vertex 0.208841 -21.5863 3.71
      vertex 0.554736 -24.2136 3.71
      vertex 0.41411 -21.5455 3.71
    endloop
  endfacet
  facet normal -0 0 1
    outer loop
      vertex 0 -21.6 3.71
      vertex 0.554736 -24.2136 3.71
      vertex 0.208841 -21.5863 3.71
    endloop
  endfacet
  facet normal 0 0 1
    outer loop
      vertex 0 -21.6 3.71
      vertex 0 -24.25 3.71
      vertex 0.554736 -24.2136 3.71
    endloop
  endfacet
  facet normal 0 0 1
    outer loop
      vertex -0.208841 -21.5863 3.71
      vertex 0 -24.25 3.71
      vertex 0 -21.6 3.71
    endloop
  endfacet
  facet normal 0 0 1
    outer loop
      vertex -0.554736 -24.2136 3.71
      vertex -0.208841 -21.5863 3.71
      vertex -0.41411 -21.5455 3.71
    endloop
  endfacet
  facet normal 0 0 1
    outer loop
      vertex -0.208841 -21.5863 3.71
      vertex -0.554736 -24.2136 3.71
      vertex 0 -24.25 3.71
    endloop
  endfacet
  facet normal 0 0 1
    outer loop
      vertex -1.09998 -24.1052 3.71
      vertex -0.41411 -21.5455 3.71
      vertex -0.612293 -21.4782 3.71
    endloop
  endfacet
  facet normal 0 0 1
    outer loop
      vertex -1.6264 -23.9265 3.71
      vertex -0.612293 -21.4782 3.71
      vertex -0.799999 -21.3856 3.71
    endloop
  endfacet
  facet normal 0 0 1
    outer loop
      vertex -2.125 -23.6806 3.71
      vertex -0.799999 -21.3856 3.71
      vertex -0.974018 -21.2694 3.71
    endloop
  endfacet
  facet normal 0 0 1
    outer loop
      vertex -0.41411 -21.5455 3.71
      vertex -1.09998 -24.1052 3.71
      vertex -0.554736 -24.2136 3.71
    endloop
  endfacet
  facet normal 0 0 1
    outer loop
      vertex -2.58724 -23.3717 3.71
      vertex -0.974018 -21.2694 3.71
      vertex -1.13137 -21.1314 3.71
    endloop
  endfacet
  facet normal 0 0 1
    outer loop
      vertex -3.0052 -23.0052 3.71
      vertex -1.13137 -21.1314 3.71
      vertex -1.26937 -20.974 3.71
    endloop
  endfacet
  facet normal 0 0 1
    outer loop
      vertex -3.37175 -22.5872 3.71
      vertex -1.26937 -20.974 3.71
      vertex -1.38564 -20.8 3.71
    endloop
  endfacet
  facet normal 0 0 1
    outer loop
      vertex -3.68061 -22.125 3.71
      vertex -1.38564 -20.8 3.71
      vertex -1.47821 -20.6123 3.71
    endloop
  endfacet
  facet normal 0 0 1
    outer loop
      vertex -3.92649 -21.6264 3.71
      vertex -1.47821 -20.6123 3.71
      vertex -1.54548 -20.4141 3.71
    endloop
  endfacet
  facet normal 0 0 1
    outer loop
      vertex -4.10518 -21.1 3.71
      vertex -1.54548 -20.4141 3.71
      vertex -1.58631 -20.2088 3.71
    endloop
  endfacet
  facet normal 0 0 1
    outer loop
      vertex -0.612293 -21.4782 3.71
      vertex -1.6264 -23.9265 3.71
      vertex -1.09998 -24.1052 3.71
    endloop
  endfacet
  facet normal 0 0 1
    outer loop
      vertex -4.21364 -20.5547 3.71
      vertex -1.58631 -20.2088 3.71
      vertex -1.6 -20 3.71
    endloop
  endfacet
  facet normal -0 0 1
    outer loop
      vertex -3.68061 -17.875 3.71
      vertex -1.38564 -19.2 3.71
      vertex -3.37175 -17.4128 3.71
    endloop
  endfacet
  facet normal 0 0 1
    outer loop
      vertex -1.38564 -19.2 3.71
      vertex -3.68061 -17.875 3.71
      vertex -1.47821 -19.3877 3.71
    endloop
  endfacet
  facet normal 0 0 1
    outer loop
      vertex -0.799999 -21.3856 3.71
      vertex -2.125 -23.6806 3.71
      vertex -1.6264 -23.9265 3.71
    endloop
  endfacet
  facet normal -0 0 1
    outer loop
      vertex -3.92649 -18.3736 3.71
      vertex -1.47821 -19.3877 3.71
      vertex -3.68061 -17.875 3.71
    endloop
  endfacet
  facet normal 0 0 1
    outer loop
      vertex -0.974018 -21.2694 3.71
      vertex -2.58724 -23.3717 3.71
      vertex -2.125 -23.6806 3.71
    endloop
  endfacet
  facet normal 0 0 1
    outer loop
      vertex -1.47821 -19.3877 3.71
      vertex -3.92649 -18.3736 3.71
      vertex -1.54548 -19.5859 3.71
    endloop
  endfacet
  facet normal 0 0 1
    outer loop
      vertex -1.13137 -21.1314 3.71
      vertex -3.0052 -23.0052 3.71
      vertex -2.58724 -23.3717 3.71
    endloop
  endfacet
  facet normal -0 0 1
    outer loop
      vertex -4.10518 -18.9 3.71
      vertex -1.54548 -19.5859 3.71
      vertex -3.92649 -18.3736 3.71
    endloop
  endfacet
  facet normal 0 0 1
    outer loop
      vertex -1.26937 -20.974 3.71
      vertex -3.37175 -22.5872 3.71
      vertex -3.0052 -23.0052 3.71
    endloop
  endfacet
  facet normal 0 0 1
    outer loop
      vertex -1.54548 -19.5859 3.71
      vertex -4.10518 -18.9 3.71
      vertex -1.58631 -19.7912 3.71
    endloop
  endfacet
  facet normal 0 0 1
    outer loop
      vertex -1.38564 -20.8 3.71
      vertex -3.68061 -22.125 3.71
      vertex -3.37175 -22.5872 3.71
    endloop
  endfacet
  facet normal -0 0 1
    outer loop
      vertex -4.21364 -19.4453 3.71
      vertex -1.58631 -19.7912 3.71
      vertex -4.10518 -18.9 3.71
    endloop
  endfacet
  facet normal 0 0 1
    outer loop
      vertex -1.47821 -20.6123 3.71
      vertex -3.92649 -21.6264 3.71
      vertex -3.68061 -22.125 3.71
    endloop
  endfacet
  facet normal 0 0 1
    outer loop
      vertex -1.58631 -19.7912 3.71
      vertex -4.21364 -19.4453 3.71
      vertex -1.6 -20 3.71
    endloop
  endfacet
  facet normal 0 0 1
    outer loop
      vertex -1.54548 -20.4141 3.71
      vertex -4.10518 -21.1 3.71
      vertex -3.92649 -21.6264 3.71
    endloop
  endfacet
  facet normal 0 0 1
    outer loop
      vertex -4.25 -20 3.71
      vertex -1.6 -20 3.71
      vertex -4.21364 -19.4453 3.71
    endloop
  endfacet
  facet normal 0 0 1
    outer loop
      vertex -1.58631 -20.2088 3.71
      vertex -4.21364 -20.5547 3.71
      vertex -4.10518 -21.1 3.71
    endloop
  endfacet
  facet normal 0 0 1
    outer loop
      vertex -1.6 -20 3.71
      vertex -4.25 -20 3.71
      vertex -4.21364 -20.5547 3.71
    endloop
  endfacet
  facet normal 0.442314 -0.89686 0
    outer loop
      vertex -2.125 -16.3194 3.71
      vertex -1.6264 -16.0735 7.1
      vertex -2.125 -16.3194 7.1
    endloop
  endfacet
  facet normal 0.442314 -0.89686 0
    outer loop
      vertex -1.6264 -16.0735 7.1
      vertex -2.125 -16.3194 3.71
      vertex -1.6264 -16.0735 3.71
    endloop
  endfacet
  facet normal 0.751863 -0.659319 0
    outer loop
      vertex -3.37175 -17.4128 7.1
      vertex -3.0052 -16.9948 3.71
      vertex -3.0052 -16.9948 7.1
    endloop
  endfacet
  facet normal 0.751863 -0.659319 0
    outer loop
      vertex -3.0052 -16.9948 3.71
      vertex -3.37175 -17.4128 7.1
      vertex -3.37175 -17.4128 3.71
    endloop
  endfacet
  facet normal -0.980788 -0.195078 0
    outer loop
      vertex 4.21364 -19.4453 16.9
      vertex 4.10518 -18.9 20.29
      vertex 4.10518 -18.9 16.9
    endloop
  endfacet
  facet normal -0.980788 -0.195078 0
    outer loop
      vertex 4.10518 -18.9 20.29
      vertex 4.21364 -19.4453 16.9
      vertex 4.21364 -19.4453 20.29
    endloop
  endfacet
  facet normal -0.997859 -0.0654086 0
    outer loop
      vertex 4.25 -20 16.9
      vertex 4.21364 -19.4453 20.29
      vertex 4.21364 -19.4453 16.9
    endloop
  endfacet
  facet normal -0.997859 -0.0654086 0
    outer loop
      vertex 4.21364 -19.4453 20.29
      vertex 4.25 -20 16.9
      vertex 4.25 -20 20.29
    endloop
  endfacet
  facet normal -0.946929 -0.321442 0
    outer loop
      vertex 4.10518 -18.9 16.9
      vertex 3.92649 -18.3736 20.29
      vertex 3.92649 -18.3736 16.9
    endloop
  endfacet
  facet normal -0.946929 -0.321442 0
    outer loop
      vertex 3.92649 -18.3736 20.29
      vertex 4.10518 -18.9 16.9
      vertex 4.10518 -18.9 20.29
    endloop
  endfacet
  facet normal 0.751863 0.659319 0
    outer loop
      vertex -3.0052 -23.0052 20.29
      vertex -3.37175 -22.5872 16.9
      vertex -3.37175 -22.5872 20.29
    endloop
  endfacet
  facet normal 0.751863 0.659319 0
    outer loop
      vertex -3.37175 -22.5872 16.9
      vertex -3.0052 -23.0052 20.29
      vertex -3.0052 -23.0052 16.9
    endloop
  endfacet
  facet normal -0.831446 -0.555605 0
    outer loop
      vertex 3.68061 -17.875 16.9
      vertex 3.37175 -17.4128 20.29
      vertex 3.37175 -17.4128 16.9
    endloop
  endfacet
  facet normal -0.831446 -0.555605 0
    outer loop
      vertex 3.37175 -17.4128 20.29
      vertex 3.68061 -17.875 16.9
      vertex 3.68061 -17.875 20.29
    endloop
  endfacet
  facet normal -0.194994 -0.980804 0
    outer loop
      vertex 0.554736 -15.7864 16.9
      vertex 1.09998 -15.8948 20.29
      vertex 0.554736 -15.7864 20.29
    endloop
  endfacet
  facet normal -0.194994 -0.980804 -0
    outer loop
      vertex 1.09998 -15.8948 20.29
      vertex 0.554736 -15.7864 16.9
      vertex 1.09998 -15.8948 16.9
    endloop
  endfacet
  facet normal 0.555497 -0.831519 0
    outer loop
      vertex -2.58724 -16.6282 16.9
      vertex -2.125 -16.3194 20.29
      vertex -2.58724 -16.6282 20.29
    endloop
  endfacet
  facet normal 0.555497 -0.831519 0
    outer loop
      vertex -2.125 -16.3194 20.29
      vertex -2.58724 -16.6282 16.9
      vertex -2.125 -16.3194 16.9
    endloop
  endfacet
  facet normal -0.896874 0.442285 0
    outer loop
      vertex 3.68061 -22.125 16.9
      vertex 3.92649 -21.6264 20.29
      vertex 3.92649 -21.6264 16.9
    endloop
  endfacet
  facet normal -0.896874 0.442285 0
    outer loop
      vertex 3.92649 -21.6264 20.29
      vertex 3.68061 -22.125 16.9
      vertex 3.68061 -22.125 20.29
    endloop
  endfacet
  facet normal -0.321447 0.946928 0
    outer loop
      vertex 1.6264 -23.9265 16.9
      vertex 1.09998 -24.1052 20.29
      vertex 1.6264 -23.9265 20.29
    endloop
  endfacet
  facet normal -0.321447 0.946928 0
    outer loop
      vertex 1.09998 -24.1052 20.29
      vertex 1.6264 -23.9265 16.9
      vertex 1.09998 -24.1052 16.9
    endloop
  endfacet
  facet normal 0.946929 -0.321442 0
    outer loop
      vertex -4.10518 -18.9 20.29
      vertex -3.92649 -18.3736 16.9
      vertex -3.92649 -18.3736 20.29
    endloop
  endfacet
  facet normal 0.946929 -0.321442 0
    outer loop
      vertex -3.92649 -18.3736 16.9
      vertex -4.10518 -18.9 20.29
      vertex -4.10518 -18.9 16.9
    endloop
  endfacet
  facet normal -0.896874 -0.442285 0
    outer loop
      vertex 3.92649 -18.3736 16.9
      vertex 3.68061 -17.875 20.29
      vertex 3.68061 -17.875 16.9
    endloop
  endfacet
  facet normal -0.896874 -0.442285 0
    outer loop
      vertex 3.68061 -17.875 20.29
      vertex 3.92649 -18.3736 16.9
      vertex 3.92649 -18.3736 20.29
    endloop
  endfacet
  facet normal 0.896874 -0.442285 0
    outer loop
      vertex -3.92649 -18.3736 20.29
      vertex -3.68061 -17.875 16.9
      vertex -3.68061 -17.875 20.29
    endloop
  endfacet
  facet normal 0.896874 -0.442285 0
    outer loop
      vertex -3.68061 -17.875 16.9
      vertex -3.92649 -18.3736 20.29
      vertex -3.92649 -18.3736 16.9
    endloop
  endfacet
  facet normal -0.659406 -0.751787 0
    outer loop
      vertex 2.58724 -16.6282 16.9
      vertex 3.0052 -16.9948 20.29
      vertex 2.58724 -16.6282 20.29
    endloop
  endfacet
  facet normal -0.659406 -0.751787 -0
    outer loop
      vertex 3.0052 -16.9948 20.29
      vertex 2.58724 -16.6282 16.9
      vertex 3.0052 -16.9948 16.9
    endloop
  endfacet
  facet normal 0.980788 -0.195078 0
    outer loop
      vertex -4.21364 -19.4453 20.29
      vertex -4.10518 -18.9 16.9
      vertex -4.10518 -18.9 20.29
    endloop
  endfacet
  facet normal 0.980788 -0.195078 0
    outer loop
      vertex -4.10518 -18.9 16.9
      vertex -4.21364 -19.4453 20.29
      vertex -4.21364 -19.4453 16.9
    endloop
  endfacet
  facet normal 0.946929 0.321442 0
    outer loop
      vertex -3.92649 -21.6264 20.29
      vertex -4.10518 -21.1 16.9
      vertex -4.10518 -21.1 20.29
    endloop
  endfacet
  facet normal 0.946929 0.321442 0
    outer loop
      vertex -4.10518 -21.1 16.9
      vertex -3.92649 -21.6264 20.29
      vertex -3.92649 -21.6264 16.9
    endloop
  endfacet
  facet normal -0.194994 0.980804 0
    outer loop
      vertex 1.09998 -24.1052 16.9
      vertex 0.554736 -24.2136 20.29
      vertex 1.09998 -24.1052 20.29
    endloop
  endfacet
  facet normal -0.194994 0.980804 0
    outer loop
      vertex 0.554736 -24.2136 20.29
      vertex 1.09998 -24.1052 16.9
      vertex 0.554736 -24.2136 16.9
    endloop
  endfacet
  facet normal 0.659406 -0.751787 0
    outer loop
      vertex -3.0052 -16.9948 16.9
      vertex -2.58724 -16.6282 20.29
      vertex -3.0052 -16.9948 20.29
    endloop
  endfacet
  facet normal 0.659406 -0.751787 0
    outer loop
      vertex -2.58724 -16.6282 20.29
      vertex -3.0052 -16.9948 16.9
      vertex -2.58724 -16.6282 16.9
    endloop
  endfacet
  facet normal 0.751863 -0.659319 0
    outer loop
      vertex -3.37175 -17.4128 20.29
      vertex -3.0052 -16.9948 16.9
      vertex -3.0052 -16.9948 20.29
    endloop
  endfacet
  facet normal 0.751863 -0.659319 0
    outer loop
      vertex -3.0052 -16.9948 16.9
      vertex -3.37175 -17.4128 20.29
      vertex -3.37175 -17.4128 16.9
    endloop
  endfacet
  facet normal 0.659304 0.751876 -0
    outer loop
      vertex -2.58724 -23.3717 16.9
      vertex -3.0052 -23.0052 20.29
      vertex -2.58724 -23.3717 20.29
    endloop
  endfacet
  facet normal 0.659304 0.751876 0
    outer loop
      vertex -3.0052 -23.0052 20.29
      vertex -2.58724 -23.3717 16.9
      vertex -3.0052 -23.0052 16.9
    endloop
  endfacet
  facet normal 0.831446 -0.555605 0
    outer loop
      vertex -3.68061 -17.875 20.29
      vertex -3.37175 -17.4128 16.9
      vertex -3.37175 -17.4128 20.29
    endloop
  endfacet
  facet normal 0.831446 -0.555605 0
    outer loop
      vertex -3.37175 -17.4128 16.9
      vertex -3.68061 -17.875 20.29
      vertex -3.68061 -17.875 16.9
    endloop
  endfacet
  facet normal 0.997859 -0.0654086 0
    outer loop
      vertex -4.25 -20 20.29
      vertex -4.21364 -19.4453 16.9
      vertex -4.21364 -19.4453 20.29
    endloop
  endfacet
  facet normal 0.997859 -0.0654086 0
    outer loop
      vertex -4.21364 -19.4453 16.9
      vertex -4.25 -20 20.29
      vertex -4.25 -20 16.9
    endloop
  endfacet
  facet normal -0.065476 0.997854 0
    outer loop
      vertex 0.554736 -24.2136 16.9
      vertex 0 -24.25 20.29
      vertex 0.554736 -24.2136 20.29
    endloop
  endfacet
  facet normal -0.065476 0.997854 0
    outer loop
      vertex 0 -24.25 20.29
      vertex 0.554736 -24.2136 16.9
      vertex 0 -24.25 16.9
    endloop
  endfacet
  facet normal -0.980788 0.195078 0
    outer loop
      vertex 4.10518 -21.1 16.9
      vertex 4.21364 -20.5547 20.29
      vertex 4.21364 -20.5547 16.9
    endloop
  endfacet
  facet normal -0.980788 0.195078 0
    outer loop
      vertex 4.21364 -20.5547 20.29
      vertex 4.10518 -21.1 16.9
      vertex 4.10518 -21.1 20.29
    endloop
  endfacet
  facet normal 0.321447 -0.946928 0
    outer loop
      vertex -1.6264 -16.0735 16.9
      vertex -1.09998 -15.8948 20.29
      vertex -1.6264 -16.0735 20.29
    endloop
  endfacet
  facet normal 0.321447 -0.946928 0
    outer loop
      vertex -1.09998 -15.8948 20.29
      vertex -1.6264 -16.0735 16.9
      vertex -1.09998 -15.8948 16.9
    endloop
  endfacet
  facet normal -0.946929 0.321442 0
    outer loop
      vertex 3.92649 -21.6264 16.9
      vertex 4.10518 -21.1 20.29
      vertex 4.10518 -21.1 16.9
    endloop
  endfacet
  facet normal -0.946929 0.321442 0
    outer loop
      vertex 4.10518 -21.1 20.29
      vertex 3.92649 -21.6264 16.9
      vertex 3.92649 -21.6264 20.29
    endloop
  endfacet
  facet normal -0.442314 -0.89686 0
    outer loop
      vertex 1.6264 -16.0735 16.9
      vertex 2.125 -16.3194 20.29
      vertex 1.6264 -16.0735 20.29
    endloop
  endfacet
  facet normal -0.442314 -0.89686 -0
    outer loop
      vertex 2.125 -16.3194 20.29
      vertex 1.6264 -16.0735 16.9
      vertex 2.125 -16.3194 16.9
    endloop
  endfacet
  facet normal 0.194994 0.980804 -0
    outer loop
      vertex -0.554736 -24.2136 16.9
      vertex -1.09998 -24.1052 20.29
      vertex -0.554736 -24.2136 20.29
    endloop
  endfacet
  facet normal 0.194994 0.980804 0
    outer loop
      vertex -1.09998 -24.1052 20.29
      vertex -0.554736 -24.2136 16.9
      vertex -1.09998 -24.1052 16.9
    endloop
  endfacet
  facet normal -0.555497 -0.831519 0
    outer loop
      vertex 2.125 -16.3194 16.9
      vertex 2.58724 -16.6282 20.29
      vertex 2.125 -16.3194 20.29
    endloop
  endfacet
  facet normal -0.555497 -0.831519 -0
    outer loop
      vertex 2.58724 -16.6282 20.29
      vertex 2.125 -16.3194 16.9
      vertex 2.58724 -16.6282 16.9
    endloop
  endfacet
  facet normal -0.751863 0.659319 0
    outer loop
      vertex 3.0052 -23.0052 16.9
      vertex 3.37175 -22.5872 20.29
      vertex 3.37175 -22.5872 16.9
    endloop
  endfacet
  facet normal -0.751863 0.659319 0
    outer loop
      vertex 3.37175 -22.5872 20.29
      vertex 3.0052 -23.0052 16.9
      vertex 3.0052 -23.0052 20.29
    endloop
  endfacet
  facet normal -0.997859 0.0654086 0
    outer loop
      vertex 4.21364 -20.5547 16.9
      vertex 4.25 -20 20.29
      vertex 4.25 -20 16.9
    endloop
  endfacet
  facet normal -0.997859 0.0654086 0
    outer loop
      vertex 4.25 -20 20.29
      vertex 4.21364 -20.5547 16.9
      vertex 4.21364 -20.5547 20.29
    endloop
  endfacet
  facet normal 0.442314 -0.89686 0
    outer loop
      vertex -2.125 -16.3194 16.9
      vertex -1.6264 -16.0735 20.29
      vertex -2.125 -16.3194 20.29
    endloop
  endfacet
  facet normal 0.442314 -0.89686 0
    outer loop
      vertex -1.6264 -16.0735 20.29
      vertex -2.125 -16.3194 16.9
      vertex -1.6264 -16.0735 16.9
    endloop
  endfacet
  facet normal 0.194994 -0.980804 0
    outer loop
      vertex -1.09998 -15.8948 16.9
      vertex -0.554736 -15.7864 20.29
      vertex -1.09998 -15.8948 20.29
    endloop
  endfacet
  facet normal 0.194994 -0.980804 0
    outer loop
      vertex -0.554736 -15.7864 20.29
      vertex -1.09998 -15.8948 16.9
      vertex -0.554736 -15.7864 16.9
    endloop
  endfacet
  facet normal 0.896874 0.442285 0
    outer loop
      vertex -3.68061 -22.125 20.29
      vertex -3.92649 -21.6264 16.9
      vertex -3.92649 -21.6264 20.29
    endloop
  endfacet
  facet normal 0.896874 0.442285 0
    outer loop
      vertex -3.92649 -21.6264 16.9
      vertex -3.68061 -22.125 20.29
      vertex -3.68061 -22.125 16.9
    endloop
  endfacet
  facet normal -0.065476 -0.997854 0
    outer loop
      vertex 0 -15.75 16.9
      vertex 0.554736 -15.7864 20.29
      vertex 0 -15.75 20.29
    endloop
  endfacet
  facet normal -0.065476 -0.997854 -0
    outer loop
      vertex 0.554736 -15.7864 20.29
      vertex 0 -15.75 16.9
      vertex 0.554736 -15.7864 16.9
    endloop
  endfacet
  facet normal 0.997859 0.0654086 0
    outer loop
      vertex -4.21364 -20.5547 20.29
      vertex -4.25 -20 16.9
      vertex -4.25 -20 20.29
    endloop
  endfacet
  facet normal 0.997859 0.0654086 0
    outer loop
      vertex -4.25 -20 16.9
      vertex -4.21364 -20.5547 20.29
      vertex -4.21364 -20.5547 16.9
    endloop
  endfacet
  facet normal -0.442314 0.89686 0
    outer loop
      vertex 2.125 -23.6806 16.9
      vertex 1.6264 -23.9265 20.29
      vertex 2.125 -23.6806 20.29
    endloop
  endfacet
  facet normal -0.442314 0.89686 0
    outer loop
      vertex 1.6264 -23.9265 20.29
      vertex 2.125 -23.6806 16.9
      vertex 1.6264 -23.9265 16.9
    endloop
  endfacet
  facet normal -0.831446 0.555605 0
    outer loop
      vertex 3.37175 -22.5872 16.9
      vertex 3.68061 -22.125 20.29
      vertex 3.68061 -22.125 16.9
    endloop
  endfacet
  facet normal -0.831446 0.555605 0
    outer loop
      vertex 3.68061 -22.125 20.29
      vertex 3.37175 -22.5872 16.9
      vertex 3.37175 -22.5872 20.29
    endloop
  endfacet
  facet normal 0.831446 0.555605 0
    outer loop
      vertex -3.37175 -22.5872 20.29
      vertex -3.68061 -22.125 16.9
      vertex -3.68061 -22.125 20.29
    endloop
  endfacet
  facet normal 0.831446 0.555605 0
    outer loop
      vertex -3.68061 -22.125 16.9
      vertex -3.37175 -22.5872 20.29
      vertex -3.37175 -22.5872 16.9
    endloop
  endfacet
  facet normal -0.321447 -0.946928 0
    outer loop
      vertex 1.09998 -15.8948 16.9
      vertex 1.6264 -16.0735 20.29
      vertex 1.09998 -15.8948 20.29
    endloop
  endfacet
  facet normal -0.321447 -0.946928 -0
    outer loop
      vertex 1.6264 -16.0735 20.29
      vertex 1.09998 -15.8948 16.9
      vertex 1.6264 -16.0735 16.9
    endloop
  endfacet
  facet normal -0.751863 -0.659319 0
    outer loop
      vertex 3.37175 -17.4128 16.9
      vertex 3.0052 -16.9948 20.29
      vertex 3.0052 -16.9948 16.9
    endloop
  endfacet
  facet normal -0.751863 -0.659319 0
    outer loop
      vertex 3.0052 -16.9948 20.29
      vertex 3.37175 -17.4128 16.9
      vertex 3.37175 -17.4128 20.29
    endloop
  endfacet
  facet normal -0.555621 0.831435 0
    outer loop
      vertex 2.58724 -23.3717 16.9
      vertex 2.125 -23.6806 20.29
      vertex 2.58724 -23.3717 20.29
    endloop
  endfacet
  facet normal -0.555621 0.831435 0
    outer loop
      vertex 2.125 -23.6806 20.29
      vertex 2.58724 -23.3717 16.9
      vertex 2.125 -23.6806 16.9
    endloop
  endfacet
  facet normal 0.980788 0.195078 0
    outer loop
      vertex -4.10518 -21.1 20.29
      vertex -4.21364 -20.5547 16.9
      vertex -4.21364 -20.5547 20.29
    endloop
  endfacet
  facet normal 0.980788 0.195078 0
    outer loop
      vertex -4.21364 -20.5547 16.9
      vertex -4.10518 -21.1 20.29
      vertex -4.10518 -21.1 16.9
    endloop
  endfacet
  facet normal 0.321447 0.946928 -0
    outer loop
      vertex -1.09998 -24.1052 16.9
      vertex -1.6264 -23.9265 20.29
      vertex -1.09998 -24.1052 20.29
    endloop
  endfacet
  facet normal 0.321447 0.946928 0
    outer loop
      vertex -1.6264 -23.9265 20.29
      vertex -1.09998 -24.1052 16.9
      vertex -1.6264 -23.9265 16.9
    endloop
  endfacet
  facet normal 0.065476 0.997854 -0
    outer loop
      vertex 0 -24.25 16.9
      vertex -0.554736 -24.2136 20.29
      vertex 0 -24.25 20.29
    endloop
  endfacet
  facet normal 0.065476 0.997854 0
    outer loop
      vertex -0.554736 -24.2136 20.29
      vertex 0 -24.25 16.9
      vertex -0.554736 -24.2136 16.9
    endloop
  endfacet
  facet normal -0.659304 0.751876 0
    outer loop
      vertex 3.0052 -23.0052 16.9
      vertex 2.58724 -23.3717 20.29
      vertex 3.0052 -23.0052 20.29
    endloop
  endfacet
  facet normal -0.659304 0.751876 0
    outer loop
      vertex 2.58724 -23.3717 20.29
      vertex 3.0052 -23.0052 16.9
      vertex 2.58724 -23.3717 16.9
    endloop
  endfacet
  facet normal 0.065476 -0.997854 0
    outer loop
      vertex -0.554736 -15.7864 16.9
      vertex 0 -15.75 20.29
      vertex -0.554736 -15.7864 20.29
    endloop
  endfacet
  facet normal 0.065476 -0.997854 0
    outer loop
      vertex 0 -15.75 20.29
      vertex -0.554736 -15.7864 16.9
      vertex 0 -15.75 16.9
    endloop
  endfacet
  facet normal 0.442314 0.89686 -0
    outer loop
      vertex -1.6264 -23.9265 16.9
      vertex -2.125 -23.6806 20.29
      vertex -1.6264 -23.9265 20.29
    endloop
  endfacet
  facet normal 0.442314 0.89686 0
    outer loop
      vertex -2.125 -23.6806 20.29
      vertex -1.6264 -23.9265 16.9
      vertex -2.125 -23.6806 16.9
    endloop
  endfacet
  facet normal 0 0 -1
    outer loop
      vertex 1.6 -20 20.29
      vertex 4.25 -20 20.29
      vertex 4.21364 -20.5547 20.29
    endloop
  endfacet
  facet normal 0 0 -1
    outer loop
      vertex 1.58631 -20.2088 20.29
      vertex 4.21364 -20.5547 20.29
      vertex 4.10518 -21.1 20.29
    endloop
  endfacet
  facet normal 0 0 -1
    outer loop
      vertex 4.25 -20 20.29
      vertex 1.6 -20 20.29
      vertex 4.21364 -19.4453 20.29
    endloop
  endfacet
  facet normal 0 0 -1
    outer loop
      vertex 1.54548 -20.4141 20.29
      vertex 4.10518 -21.1 20.29
      vertex 3.92649 -21.6264 20.29
    endloop
  endfacet
  facet normal 0 0 -1
    outer loop
      vertex 1.58631 -19.7912 20.29
      vertex 4.21364 -19.4453 20.29
      vertex 1.6 -20 20.29
    endloop
  endfacet
  facet normal 0 0 -1
    outer loop
      vertex 1.47821 -20.6123 20.29
      vertex 3.92649 -21.6264 20.29
      vertex 3.68061 -22.125 20.29
    endloop
  endfacet
  facet normal -0 0 -1
    outer loop
      vertex 4.21364 -19.4453 20.29
      vertex 1.58631 -19.7912 20.29
      vertex 4.10518 -18.9 20.29
    endloop
  endfacet
  facet normal 0 0 -1
    outer loop
      vertex 1.38564 -20.8 20.29
      vertex 3.68061 -22.125 20.29
      vertex 3.37175 -22.5872 20.29
    endloop
  endfacet
  facet normal 0 0 -1
    outer loop
      vertex 1.54548 -19.5859 20.29
      vertex 4.10518 -18.9 20.29
      vertex 1.58631 -19.7912 20.29
    endloop
  endfacet
  facet normal 0 0 -1
    outer loop
      vertex 1.26937 -20.974 20.29
      vertex 3.37175 -22.5872 20.29
      vertex 3.0052 -23.0052 20.29
    endloop
  endfacet
  facet normal -0 0 -1
    outer loop
      vertex 4.10518 -18.9 20.29
      vertex 1.54548 -19.5859 20.29
      vertex 3.92649 -18.3736 20.29
    endloop
  endfacet
  facet normal 0 0 -1
    outer loop
      vertex 1.13137 -21.1314 20.29
      vertex 3.0052 -23.0052 20.29
      vertex 2.58724 -23.3717 20.29
    endloop
  endfacet
  facet normal 0 0 -1
    outer loop
      vertex 1.47821 -19.3877 20.29
      vertex 3.92649 -18.3736 20.29
      vertex 1.54548 -19.5859 20.29
    endloop
  endfacet
  facet normal 0 0 -1
    outer loop
      vertex 0.974018 -21.2694 20.29
      vertex 2.58724 -23.3717 20.29
      vertex 2.125 -23.6806 20.29
    endloop
  endfacet
  facet normal -0 0 -1
    outer loop
      vertex 3.92649 -18.3736 20.29
      vertex 1.47821 -19.3877 20.29
      vertex 3.68061 -17.875 20.29
    endloop
  endfacet
  facet normal 0 0 -1
    outer loop
      vertex 0.799999 -21.3856 20.29
      vertex 2.125 -23.6806 20.29
      vertex 1.6264 -23.9265 20.29
    endloop
  endfacet
  facet normal 0 0 -1
    outer loop
      vertex 1.38564 -19.2 20.29
      vertex 3.68061 -17.875 20.29
      vertex 1.47821 -19.3877 20.29
    endloop
  endfacet
  facet normal -0 0 -1
    outer loop
      vertex 3.68061 -17.875 20.29
      vertex 1.38564 -19.2 20.29
      vertex 3.37175 -17.4128 20.29
    endloop
  endfacet
  facet normal 0 0 -1
    outer loop
      vertex 4.21364 -20.5547 20.29
      vertex 1.58631 -20.2088 20.29
      vertex 1.6 -20 20.29
    endloop
  endfacet
  facet normal 0 0 -1
    outer loop
      vertex 4.10518 -21.1 20.29
      vertex 1.54548 -20.4141 20.29
      vertex 1.58631 -20.2088 20.29
    endloop
  endfacet
  facet normal 0 0 -1
    outer loop
      vertex 3.92649 -21.6264 20.29
      vertex 1.47821 -20.6123 20.29
      vertex 1.54548 -20.4141 20.29
    endloop
  endfacet
  facet normal 0 0 -1
    outer loop
      vertex 3.68061 -22.125 20.29
      vertex 1.38564 -20.8 20.29
      vertex 1.47821 -20.6123 20.29
    endloop
  endfacet
  facet normal 0 0 -1
    outer loop
      vertex 3.37175 -22.5872 20.29
      vertex 1.26937 -20.974 20.29
      vertex 1.38564 -20.8 20.29
    endloop
  endfacet
  facet normal 0 0 -1
    outer loop
      vertex 3.0052 -23.0052 20.29
      vertex 1.13137 -21.1314 20.29
      vertex 1.26937 -20.974 20.29
    endloop
  endfacet
  facet normal 0 0 -1
    outer loop
      vertex 0.612293 -21.4782 20.29
      vertex 1.6264 -23.9265 20.29
      vertex 1.09998 -24.1052 20.29
    endloop
  endfacet
  facet normal 0 0 -1
    outer loop
      vertex 2.58724 -23.3717 20.29
      vertex 0.974018 -21.2694 20.29
      vertex 1.13137 -21.1314 20.29
    endloop
  endfacet
  facet normal 0 0 -1
    outer loop
      vertex 2.125 -23.6806 20.29
      vertex 0.799999 -21.3856 20.29
      vertex 0.974018 -21.2694 20.29
    endloop
  endfacet
  facet normal 0 0 -1
    outer loop
      vertex 1.6264 -23.9265 20.29
      vertex 0.612293 -21.4782 20.29
      vertex 0.799999 -21.3856 20.29
    endloop
  endfacet
  facet normal 0 0 -1
    outer loop
      vertex 0.41411 -21.5455 20.29
      vertex 1.09998 -24.1052 20.29
      vertex 0.554736 -24.2136 20.29
    endloop
  endfacet
  facet normal 0 0 -1
    outer loop
      vertex 1.09998 -24.1052 20.29
      vertex 0.41411 -21.5455 20.29
      vertex 0.612293 -21.4782 20.29
    endloop
  endfacet
  facet normal 0 0 -1
    outer loop
      vertex 0.554736 -24.2136 20.29
      vertex 0.208841 -21.5863 20.29
      vertex 0.41411 -21.5455 20.29
    endloop
  endfacet
  facet normal 0 0 -1
    outer loop
      vertex 0 -24.25 20.29
      vertex 0.208841 -21.5863 20.29
      vertex 0.554736 -24.2136 20.29
    endloop
  endfacet
  facet normal 0 0 -1
    outer loop
      vertex 0 -24.25 20.29
      vertex 0 -21.6 20.29
      vertex 0.208841 -21.5863 20.29
    endloop
  endfacet
  facet normal 0 0 -1
    outer loop
      vertex 0 -24.25 20.29
      vertex -0.208841 -21.5863 20.29
      vertex 0 -21.6 20.29
    endloop
  endfacet
  facet normal 0 0 -1
    outer loop
      vertex -0.554736 -24.2136 20.29
      vertex -0.208841 -21.5863 20.29
      vertex 0 -24.25 20.29
    endloop
  endfacet
  facet normal -0 0 -1
    outer loop
      vertex -0.208841 -21.5863 20.29
      vertex -0.554736 -24.2136 20.29
      vertex -0.41411 -21.5455 20.29
    endloop
  endfacet
  facet normal 0 0 -1
    outer loop
      vertex -1.09998 -24.1052 20.29
      vertex -0.41411 -21.5455 20.29
      vertex -0.554736 -24.2136 20.29
    endloop
  endfacet
  facet normal -0 0 -1
    outer loop
      vertex -0.41411 -21.5455 20.29
      vertex -1.09998 -24.1052 20.29
      vertex -0.612293 -21.4782 20.29
    endloop
  endfacet
  facet normal 0 0 -1
    outer loop
      vertex -1.6264 -23.9265 20.29
      vertex -0.612293 -21.4782 20.29
      vertex -1.09998 -24.1052 20.29
    endloop
  endfacet
  facet normal -0 0 -1
    outer loop
      vertex -0.612293 -21.4782 20.29
      vertex -1.6264 -23.9265 20.29
      vertex -0.799999 -21.3856 20.29
    endloop
  endfacet
  facet normal 0 0 -1
    outer loop
      vertex -2.125 -23.6806 20.29
      vertex -0.799999 -21.3856 20.29
      vertex -1.6264 -23.9265 20.29
    endloop
  endfacet
  facet normal -0 0 -1
    outer loop
      vertex -0.799999 -21.3856 20.29
      vertex -2.125 -23.6806 20.29
      vertex -0.974018 -21.2694 20.29
    endloop
  endfacet
  facet normal 0 0 -1
    outer loop
      vertex -2.58724 -23.3717 20.29
      vertex -0.974018 -21.2694 20.29
      vertex -2.125 -23.6806 20.29
    endloop
  endfacet
  facet normal -0 0 -1
    outer loop
      vertex -0.974018 -21.2694 20.29
      vertex -2.58724 -23.3717 20.29
      vertex -1.13137 -21.1314 20.29
    endloop
  endfacet
  facet normal 0 0 -1
    outer loop
      vertex -3.0052 -23.0052 20.29
      vertex -1.13137 -21.1314 20.29
      vertex -2.58724 -23.3717 20.29
    endloop
  endfacet
  facet normal -0 0 -1
    outer loop
      vertex -1.13137 -21.1314 20.29
      vertex -3.0052 -23.0052 20.29
      vertex -1.26937 -20.974 20.29
    endloop
  endfacet
  facet normal -0 0 -1
    outer loop
      vertex -1.26937 -20.974 20.29
      vertex -3.37175 -22.5872 20.29
      vertex -1.38564 -20.8 20.29
    endloop
  endfacet
  facet normal 0 0 -1
    outer loop
      vertex -3.37175 -22.5872 20.29
      vertex -1.26937 -20.974 20.29
      vertex -3.0052 -23.0052 20.29
    endloop
  endfacet
  facet normal 0 0 -1
    outer loop
      vertex 1.26937 -19.026 20.29
      vertex 3.37175 -17.4128 20.29
      vertex 1.38564 -19.2 20.29
    endloop
  endfacet
  facet normal -0 0 -1
    outer loop
      vertex 3.37175 -17.4128 20.29
      vertex 1.26937 -19.026 20.29
      vertex 3.0052 -16.9948 20.29
    endloop
  endfacet
  facet normal 0 0 -1
    outer loop
      vertex 1.13137 -18.8686 20.29
      vertex 3.0052 -16.9948 20.29
      vertex 1.26937 -19.026 20.29
    endloop
  endfacet
  facet normal -0 0 -1
    outer loop
      vertex 3.0052 -16.9948 20.29
      vertex 1.13137 -18.8686 20.29
      vertex 2.58724 -16.6282 20.29
    endloop
  endfacet
  facet normal 0 0 -1
    outer loop
      vertex 0.974018 -18.7306 20.29
      vertex 2.58724 -16.6282 20.29
      vertex 1.13137 -18.8686 20.29
    endloop
  endfacet
  facet normal -0 0 -1
    outer loop
      vertex 2.58724 -16.6282 20.29
      vertex 0.974018 -18.7306 20.29
      vertex 2.125 -16.3194 20.29
    endloop
  endfacet
  facet normal 0 0 -1
    outer loop
      vertex 0.799999 -18.6144 20.29
      vertex 2.125 -16.3194 20.29
      vertex 0.974018 -18.7306 20.29
    endloop
  endfacet
  facet normal -0 0 -1
    outer loop
      vertex 2.125 -16.3194 20.29
      vertex 0.799999 -18.6144 20.29
      vertex 1.6264 -16.0735 20.29
    endloop
  endfacet
  facet normal 0 0 -1
    outer loop
      vertex 0.612293 -18.5218 20.29
      vertex 1.6264 -16.0735 20.29
      vertex 0.799999 -18.6144 20.29
    endloop
  endfacet
  facet normal -0 0 -1
    outer loop
      vertex 1.6264 -16.0735 20.29
      vertex 0.612293 -18.5218 20.29
      vertex 1.09998 -15.8948 20.29
    endloop
  endfacet
  facet normal 0 0 -1
    outer loop
      vertex 0.41411 -18.4545 20.29
      vertex 1.09998 -15.8948 20.29
      vertex 0.612293 -18.5218 20.29
    endloop
  endfacet
  facet normal -0 0 -1
    outer loop
      vertex 1.09998 -15.8948 20.29
      vertex 0.41411 -18.4545 20.29
      vertex 0.554736 -15.7864 20.29
    endloop
  endfacet
  facet normal 0 0 -1
    outer loop
      vertex 0.208841 -18.4137 20.29
      vertex 0.554736 -15.7864 20.29
      vertex 0.41411 -18.4545 20.29
    endloop
  endfacet
  facet normal 0 0 -1
    outer loop
      vertex 0 -18.4 20.29
      vertex 0.554736 -15.7864 20.29
      vertex 0.208841 -18.4137 20.29
    endloop
  endfacet
  facet normal 0 0 -1
    outer loop
      vertex 0 -18.4 20.29
      vertex 0 -15.75 20.29
      vertex 0.554736 -15.7864 20.29
    endloop
  endfacet
  facet normal 0 0 -1
    outer loop
      vertex -0.208841 -18.4137 20.29
      vertex 0 -15.75 20.29
      vertex 0 -18.4 20.29
    endloop
  endfacet
  facet normal 0 0 -1
    outer loop
      vertex -0.554736 -15.7864 20.29
      vertex -0.208841 -18.4137 20.29
      vertex -0.41411 -18.4545 20.29
    endloop
  endfacet
  facet normal 0 0 -1
    outer loop
      vertex -0.208841 -18.4137 20.29
      vertex -0.554736 -15.7864 20.29
      vertex 0 -15.75 20.29
    endloop
  endfacet
  facet normal 0 0 -1
    outer loop
      vertex -1.09998 -15.8948 20.29
      vertex -0.41411 -18.4545 20.29
      vertex -0.612293 -18.5218 20.29
    endloop
  endfacet
  facet normal 0 0 -1
    outer loop
      vertex -1.6264 -16.0735 20.29
      vertex -0.612293 -18.5218 20.29
      vertex -0.799999 -18.6144 20.29
    endloop
  endfacet
  facet normal 0 0 -1
    outer loop
      vertex -2.125 -16.3194 20.29
      vertex -0.799999 -18.6144 20.29
      vertex -0.974018 -18.7306 20.29
    endloop
  endfacet
  facet normal 0 0 -1
    outer loop
      vertex -0.41411 -18.4545 20.29
      vertex -1.09998 -15.8948 20.29
      vertex -0.554736 -15.7864 20.29
    endloop
  endfacet
  facet normal 0 0 -1
    outer loop
      vertex -2.58724 -16.6282 20.29
      vertex -0.974018 -18.7306 20.29
      vertex -1.13137 -18.8686 20.29
    endloop
  endfacet
  facet normal 0 0 -1
    outer loop
      vertex -3.0052 -16.9948 20.29
      vertex -1.13137 -18.8686 20.29
      vertex -1.26937 -19.026 20.29
    endloop
  endfacet
  facet normal 0 0 -1
    outer loop
      vertex -3.37175 -17.4128 20.29
      vertex -1.26937 -19.026 20.29
      vertex -1.38564 -19.2 20.29
    endloop
  endfacet
  facet normal 0 0 -1
    outer loop
      vertex -3.68061 -17.875 20.29
      vertex -1.38564 -19.2 20.29
      vertex -1.47821 -19.3877 20.29
    endloop
  endfacet
  facet normal 0 0 -1
    outer loop
      vertex -3.92649 -18.3736 20.29
      vertex -1.47821 -19.3877 20.29
      vertex -1.54548 -19.5859 20.29
    endloop
  endfacet
  facet normal 0 0 -1
    outer loop
      vertex -4.10518 -18.9 20.29
      vertex -1.54548 -19.5859 20.29
      vertex -1.58631 -19.7912 20.29
    endloop
  endfacet
  facet normal 0 0 -1
    outer loop
      vertex -0.612293 -18.5218 20.29
      vertex -1.6264 -16.0735 20.29
      vertex -1.09998 -15.8948 20.29
    endloop
  endfacet
  facet normal 0 0 -1
    outer loop
      vertex -4.21364 -19.4453 20.29
      vertex -1.58631 -19.7912 20.29
      vertex -1.6 -20 20.29
    endloop
  endfacet
  facet normal 0 0 -1
    outer loop
      vertex -3.68061 -22.125 20.29
      vertex -1.38564 -20.8 20.29
      vertex -3.37175 -22.5872 20.29
    endloop
  endfacet
  facet normal -0 0 -1
    outer loop
      vertex -1.38564 -20.8 20.29
      vertex -3.68061 -22.125 20.29
      vertex -1.47821 -20.6123 20.29
    endloop
  endfacet
  facet normal 0 0 -1
    outer loop
      vertex -0.799999 -18.6144 20.29
      vertex -2.125 -16.3194 20.29
      vertex -1.6264 -16.0735 20.29
    endloop
  endfacet
  facet normal 0 0 -1
    outer loop
      vertex -3.92649 -21.6264 20.29
      vertex -1.47821 -20.6123 20.29
      vertex -3.68061 -22.125 20.29
    endloop
  endfacet
  facet normal 0 0 -1
    outer loop
      vertex -0.974018 -18.7306 20.29
      vertex -2.58724 -16.6282 20.29
      vertex -2.125 -16.3194 20.29
    endloop
  endfacet
  facet normal -0 0 -1
    outer loop
      vertex -1.47821 -20.6123 20.29
      vertex -3.92649 -21.6264 20.29
      vertex -1.54548 -20.4141 20.29
    endloop
  endfacet
  facet normal 0 0 -1
    outer loop
      vertex -1.13137 -18.8686 20.29
      vertex -3.0052 -16.9948 20.29
      vertex -2.58724 -16.6282 20.29
    endloop
  endfacet
  facet normal 0 0 -1
    outer loop
      vertex -4.10518 -21.1 20.29
      vertex -1.54548 -20.4141 20.29
      vertex -3.92649 -21.6264 20.29
    endloop
  endfacet
  facet normal 0 0 -1
    outer loop
      vertex -1.26937 -19.026 20.29
      vertex -3.37175 -17.4128 20.29
      vertex -3.0052 -16.9948 20.29
    endloop
  endfacet
  facet normal -0 0 -1
    outer loop
      vertex -1.54548 -20.4141 20.29
      vertex -4.10518 -21.1 20.29
      vertex -1.58631 -20.2088 20.29
    endloop
  endfacet
  facet normal 0 0 -1
    outer loop
      vertex -1.38564 -19.2 20.29
      vertex -3.68061 -17.875 20.29
      vertex -3.37175 -17.4128 20.29
    endloop
  endfacet
  facet normal 0 0 -1
    outer loop
      vertex -4.21364 -20.5547 20.29
      vertex -1.58631 -20.2088 20.29
      vertex -4.10518 -21.1 20.29
    endloop
  endfacet
  facet normal 0 0 -1
    outer loop
      vertex -1.47821 -19.3877 20.29
      vertex -3.92649 -18.3736 20.29
      vertex -3.68061 -17.875 20.29
    endloop
  endfacet
  facet normal -0 0 -1
    outer loop
      vertex -1.58631 -20.2088 20.29
      vertex -4.21364 -20.5547 20.29
      vertex -1.6 -20 20.29
    endloop
  endfacet
  facet normal 0 0 -1
    outer loop
      vertex -1.54548 -19.5859 20.29
      vertex -4.10518 -18.9 20.29
      vertex -3.92649 -18.3736 20.29
    endloop
  endfacet
  facet normal 0 0 -1
    outer loop
      vertex -4.25 -20 20.29
      vertex -1.6 -20 20.29
      vertex -4.21364 -20.5547 20.29
    endloop
  endfacet
  facet normal 0 0 -1
    outer loop
      vertex -1.58631 -19.7912 20.29
      vertex -4.21364 -19.4453 20.29
      vertex -4.10518 -18.9 20.29
    endloop
  endfacet
  facet normal 0 0 -1
    outer loop
      vertex -1.6 -20 20.29
      vertex -4.25 -20 20.29
      vertex -4.21364 -19.4453 20.29
    endloop
  endfacet
  facet normal 0.555621 0.831435 -0
    outer loop
      vertex -2.125 -23.6806 16.9
      vertex -2.58724 -23.3717 20.29
      vertex -2.125 -23.6806 20.29
    endloop
  endfacet
  facet normal 0.555621 0.831435 0
    outer loop
      vertex -2.58724 -23.3717 20.29
      vertex -2.125 -23.6806 16.9
      vertex -2.58724 -23.3717 16.9
    endloop
  endfacet
  facet normal -1 0 0
    outer loop
      vertex 7.75 -9 6.8
      vertex 7.75 -8 7.1
      vertex 7.75 -8 6.8
    endloop
  endfacet
  facet normal -1 -0 0
    outer loop
      vertex 7.75 -8 7.1
      vertex 7.75 -9 6.8
      vertex 7.75 -9 7.1
    endloop
  endfacet
  facet normal 0 1 -0
    outer loop
      vertex 7.75 -9 6.8
      vertex -7.75 -9 7.1
      vertex 7.75 -9 7.1
    endloop
  endfacet
  facet normal 0 1 0
    outer loop
      vertex -7.75 -9 7.1
      vertex 7.75 -9 6.8
      vertex -7.75 -9 6.8
    endloop
  endfacet
  facet normal 0 -1 0
    outer loop
      vertex 2.75 15 6.8
      vertex 6.75 15 11.8
      vertex 2.75 15 11.8
    endloop
  endfacet
  facet normal 0 -1 -0
    outer loop
      vertex 6.75 15 11.8
      vertex 2.75 15 6.8
      vertex 6.75 15 6.8
    endloop
  endfacet
  facet normal 1 -0 0
    outer loop
      vertex -7.75 -9 7.1
      vertex -7.75 -8 6.8
      vertex -7.75 -8 7.1
    endloop
  endfacet
  facet normal 1 0 0
    outer loop
      vertex -7.75 -8 6.8
      vertex -7.75 -9 7.1
      vertex -7.75 -9 6.8
    endloop
  endfacet
  facet normal 0 0 -1
    outer loop
      vertex 6.75 -8 11.8
      vertex 2.75 0 11.8
      vertex 6.75 15 11.8
    endloop
  endfacet
  facet normal 0 0 -1
    outer loop
      vertex 6.75 -8 11.8
      vertex -2.75 0 11.8
      vertex 2.75 0 11.8
    endloop
  endfacet
  facet normal 0 0 -1
    outer loop
      vertex -6.75 -8 11.8
      vertex -2.75 0 11.8
      vertex 6.75 -8 11.8
    endloop
  endfacet
  facet normal 0 0 -1
    outer loop
      vertex -6.75 14 11.8
      vertex -2.75 0 11.8
      vertex -6.75 -8 11.8
    endloop
  endfacet
  facet normal 0 0 -1
    outer loop
      vertex -2.75 0 11.8
      vertex -6.75 14 11.8
      vertex -2.75 14 11.8
    endloop
  endfacet
  facet normal -0 0 -1
    outer loop
      vertex 6.75 15 11.8
      vertex 2.75 0 11.8
      vertex 2.75 15 11.8
    endloop
  endfacet
  facet normal 0 0 1
    outer loop
      vertex -2.75 14 6.8
      vertex -6.75 14 6.8
      vertex -2.75 0 6.8
    endloop
  endfacet
  facet normal 0 0 1
    outer loop
      vertex 2.75 0 6.8
      vertex 6.75 15 6.8
      vertex 2.75 15 6.8
    endloop
  endfacet
  facet normal -0 0 1
    outer loop
      vertex 6.75 -8 6.8
      vertex 7.75 -9 6.8
      vertex 7.75 -8 6.8
    endloop
  endfacet
  facet normal 0 0 1
    outer loop
      vertex 6.75 15 6.8
      vertex 2.75 0 6.8
      vertex 6.75 -8 6.8
    endloop
  endfacet
  facet normal -0 0 1
    outer loop
      vertex -2.75 0 6.8
      vertex 6.75 -8 6.8
      vertex 2.75 0 6.8
    endloop
  endfacet
  facet normal 0 0 1
    outer loop
      vertex -6.75 -8 6.8
      vertex 6.75 -8 6.8
      vertex -2.75 0 6.8
    endloop
  endfacet
  facet normal 0 0 1
    outer loop
      vertex -6.75 -8 6.8
      vertex -2.75 0 6.8
      vertex -6.75 14 6.8
    endloop
  endfacet
  facet normal 0 0 1
    outer loop
      vertex 6.75 -8 6.8
      vertex -6.75 -8 6.8
      vertex 7.75 -9 6.8
    endloop
  endfacet
  facet normal 0 0 1
    outer loop
      vertex -7.75 -9 6.8
      vertex -6.75 -8 6.8
      vertex -7.75 -8 6.8
    endloop
  endfacet
  facet normal 0 0 1
    outer loop
      vertex -6.75 -8 6.8
      vertex -7.75 -9 6.8
      vertex 7.75 -9 6.8
    endloop
  endfacet
  facet normal 1 -0 0
    outer loop
      vertex -2.75 0 6.8
      vertex -2.75 14 0
      vertex -2.75 14 6.8
    endloop
  endfacet
  facet normal 1 0 0
    outer loop
      vertex -2.75 14 0
      vertex -2.75 0 6.8
      vertex -2.75 0 0
    endloop
  endfacet
  facet normal 1 -0 0
    outer loop
      vertex -2.75 0 24
      vertex -2.75 14 11.8
      vertex -2.75 14 24
    endloop
  endfacet
  facet normal 1 0 0
    outer loop
      vertex -2.75 14 11.8
      vertex -2.75 0 24
      vertex -2.75 0 11.8
    endloop
  endfacet
  facet normal 0 1 -0
    outer loop
      vertex -2.75 14 11.8
      vertex -6.75 14 24
      vertex -2.75 14 24
    endloop
  endfacet
  facet normal 0 1 0
    outer loop
      vertex -6.75 14 24
      vertex -2.75 14 11.8
      vertex -6.75 14 11.8
    endloop
  endfacet
  facet normal 0 1 -0
    outer loop
      vertex -2.75 14 0
      vertex -6.75 14 6.8
      vertex -2.75 14 6.8
    endloop
  endfacet
  facet normal 0 1 0
    outer loop
      vertex -6.75 14 6.8
      vertex -2.75 14 0
      vertex -6.75 14 0
    endloop
  endfacet
  facet normal -1 0 0
    outer loop
      vertex 2.75 15 11.8
      vertex 2.75 30 0
      vertex 2.75 15 6.8
    endloop
  endfacet
  facet normal -1 0 0
    outer loop
      vertex 2.75 0 0
      vertex 2.75 15 6.8
      vertex 2.75 30 0
    endloop
  endfacet
  facet normal -1 -0 0
    outer loop
      vertex 2.75 15 6.8
      vertex 2.75 0 0
      vertex 2.75 0 6.8
    endloop
  endfacet
  facet normal -1 0 0
    outer loop
      vertex 2.75 30 0
      vertex 2.75 15 11.8
      vertex 2.75 30 24
    endloop
  endfacet
  facet normal -1 0 0
    outer loop
      vertex 2.75 0 24
      vertex 2.75 15 11.8
      vertex 2.75 0 11.8
    endloop
  endfacet
  facet normal -1 0 0
    outer loop
      vertex 2.75 15 11.8
      vertex 2.75 0 24
      vertex 2.75 30 24
    endloop
  endfacet
  facet normal 0 1 -0
    outer loop
      vertex 2.75 0 0
      vertex -2.75 0 6.8
      vertex 2.75 0 6.8
    endloop
  endfacet
  facet normal 0 1 0
    outer loop
      vertex -2.75 0 6.8
      vertex 2.75 0 0
      vertex -2.75 0 0
    endloop
  endfacet
  facet normal 0 1 -0
    outer loop
      vertex 2.75 0 11.8
      vertex -2.75 0 24
      vertex 2.75 0 24
    endloop
  endfacet
  facet normal 0 1 0
    outer loop
      vertex -2.75 0 24
      vertex 2.75 0 11.8
      vertex -2.75 0 11.8
    endloop
  endfacet
  facet normal -0.19495 -0.980813 0
    outer loop
      vertex 0.208841 -18.4137 0.1
      vertex 0.41411 -18.4545 3.71
      vertex 0.208841 -18.4137 3.71
    endloop
  endfacet
  facet normal -0.19495 -0.980813 -0
    outer loop
      vertex 0.41411 -18.4545 3.71
      vertex 0.208841 -18.4137 0.1
      vertex 0.41411 -18.4545 0.1
    endloop
  endfacet
  facet normal -0.19495 -0.980813 0
    outer loop
      vertex 0.208841 -18.4137 20.29
      vertex 0.41411 -18.4545 23.9
      vertex 0.208841 -18.4137 23.9
    endloop
  endfacet
  facet normal -0.19495 -0.980813 -0
    outer loop
      vertex 0.41411 -18.4545 23.9
      vertex 0.208841 -18.4137 20.29
      vertex 0.41411 -18.4545 20.29
    endloop
  endfacet
  facet normal -0.980791 -0.195059 0
    outer loop
      vertex 1.58631 -19.7912 0.1
      vertex 1.54548 -19.5859 3.71
      vertex 1.54548 -19.5859 0.1
    endloop
  endfacet
  facet normal -0.980791 -0.195059 0
    outer loop
      vertex 1.54548 -19.5859 3.71
      vertex 1.58631 -19.7912 0.1
      vertex 1.58631 -19.7912 3.71
    endloop
  endfacet
  facet normal -0.980791 -0.195059 0
    outer loop
      vertex 1.58631 -19.7912 20.29
      vertex 1.54548 -19.5859 23.9
      vertex 1.54548 -19.5859 20.29
    endloop
  endfacet
  facet normal -0.980791 -0.195059 0
    outer loop
      vertex 1.54548 -19.5859 23.9
      vertex 1.58631 -19.7912 20.29
      vertex 1.58631 -19.7912 23.9
    endloop
  endfacet
  facet normal -0.997858 -0.0654247 0
    outer loop
      vertex 1.6 -20 0.1
      vertex 1.58631 -19.7912 3.71
      vertex 1.58631 -19.7912 0.1
    endloop
  endfacet
  facet normal -0.997858 -0.0654247 0
    outer loop
      vertex 1.58631 -19.7912 3.71
      vertex 1.6 -20 0.1
      vertex 1.6 -20 3.71
    endloop
  endfacet
  facet normal -0.997858 -0.0654247 0
    outer loop
      vertex 1.6 -20 20.29
      vertex 1.58631 -19.7912 23.9
      vertex 1.58631 -19.7912 20.29
    endloop
  endfacet
  facet normal -0.997858 -0.0654247 0
    outer loop
      vertex 1.58631 -19.7912 23.9
      vertex 1.6 -20 20.29
      vertex 1.6 -20 23.9
    endloop
  endfacet
  facet normal -0.946944 -0.321397 0
    outer loop
      vertex 1.54548 -19.5859 0.1
      vertex 1.47821 -19.3877 3.71
      vertex 1.47821 -19.3877 0.1
    endloop
  endfacet
  facet normal -0.946944 -0.321397 0
    outer loop
      vertex 1.47821 -19.3877 3.71
      vertex 1.54548 -19.5859 0.1
      vertex 1.54548 -19.5859 3.71
    endloop
  endfacet
  facet normal -0.946944 -0.321397 0
    outer loop
      vertex 1.54548 -19.5859 20.29
      vertex 1.47821 -19.3877 23.9
      vertex 1.47821 -19.3877 20.29
    endloop
  endfacet
  facet normal -0.946944 -0.321397 0
    outer loop
      vertex 1.47821 -19.3877 23.9
      vertex 1.54548 -19.5859 20.29
      vertex 1.54548 -19.5859 23.9
    endloop
  endfacet
  facet normal -0.831454 -0.555593 0
    outer loop
      vertex 1.38564 -19.2 0.1
      vertex 1.26937 -19.026 3.71
      vertex 1.26937 -19.026 0.1
    endloop
  endfacet
  facet normal -0.831454 -0.555593 0
    outer loop
      vertex 1.26937 -19.026 3.71
      vertex 1.38564 -19.2 0.1
      vertex 1.38564 -19.2 3.71
    endloop
  endfacet
  facet normal -0.831454 -0.555593 0
    outer loop
      vertex 1.38564 -19.2 20.29
      vertex 1.26937 -19.026 23.9
      vertex 1.26937 -19.026 20.29
    endloop
  endfacet
  facet normal -0.831454 -0.555593 0
    outer loop
      vertex 1.26937 -19.026 23.9
      vertex 1.38564 -19.2 20.29
      vertex 1.38564 -19.2 23.9
    endloop
  endfacet
  facet normal -0.321551 -0.946892 0
    outer loop
      vertex 0.41411 -18.4545 0.1
      vertex 0.612293 -18.5218 3.71
      vertex 0.41411 -18.4545 3.71
    endloop
  endfacet
  facet normal -0.321551 -0.946892 -0
    outer loop
      vertex 0.612293 -18.5218 3.71
      vertex 0.41411 -18.4545 0.1
      vertex 0.612293 -18.5218 0.1
    endloop
  endfacet
  facet normal -0.321551 -0.946892 0
    outer loop
      vertex 0.41411 -18.4545 20.29
      vertex 0.612293 -18.5218 23.9
      vertex 0.41411 -18.4545 23.9
    endloop
  endfacet
  facet normal -0.321551 -0.946892 -0
    outer loop
      vertex 0.612293 -18.5218 23.9
      vertex 0.41411 -18.4545 20.29
      vertex 0.612293 -18.5218 20.29
    endloop
  endfacet
  facet normal -0.997858 0.0654247 0
    outer loop
      vertex 1.58631 -20.2088 0.1
      vertex 1.6 -20 3.71
      vertex 1.6 -20 0.1
    endloop
  endfacet
  facet normal -0.997858 0.0654247 0
    outer loop
      vertex 1.6 -20 3.71
      vertex 1.58631 -20.2088 0.1
      vertex 1.58631 -20.2088 3.71
    endloop
  endfacet
  facet normal -0.997858 0.0654247 0
    outer loop
      vertex 1.58631 -20.2088 20.29
      vertex 1.6 -20 23.9
      vertex 1.6 -20 20.29
    endloop
  endfacet
  facet normal -0.997858 0.0654247 0
    outer loop
      vertex 1.6 -20 23.9
      vertex 1.58631 -20.2088 20.29
      vertex 1.58631 -20.2088 23.9
    endloop
  endfacet
  facet normal 0.55532 0.831637 -0
    outer loop
      vertex -0.799999 -21.3856 0.1
      vertex -0.974018 -21.2694 3.71
      vertex -0.799999 -21.3856 3.71
    endloop
  endfacet
  facet normal 0.55532 0.831637 0
    outer loop
      vertex -0.974018 -21.2694 3.71
      vertex -0.799999 -21.3856 0.1
      vertex -0.974018 -21.2694 0.1
    endloop
  endfacet
  facet normal 0.55532 0.831637 -0
    outer loop
      vertex -0.799999 -21.3856 20.29
      vertex -0.974018 -21.2694 23.9
      vertex -0.799999 -21.3856 23.9
    endloop
  endfacet
  facet normal 0.55532 0.831637 0
    outer loop
      vertex -0.974018 -21.2694 23.9
      vertex -0.799999 -21.3856 20.29
      vertex -0.974018 -21.2694 20.29
    endloop
  endfacet
  facet normal 0.321551 0.946892 -0
    outer loop
      vertex -0.41411 -21.5455 0.1
      vertex -0.612293 -21.4782 3.71
      vertex -0.41411 -21.5455 3.71
    endloop
  endfacet
  facet normal 0.321551 0.946892 0
    outer loop
      vertex -0.612293 -21.4782 3.71
      vertex -0.41411 -21.5455 0.1
      vertex -0.612293 -21.4782 0.1
    endloop
  endfacet
  facet normal 0.321551 0.946892 -0
    outer loop
      vertex -0.41411 -21.5455 20.29
      vertex -0.612293 -21.4782 23.9
      vertex -0.41411 -21.5455 23.9
    endloop
  endfacet
  facet normal 0.321551 0.946892 0
    outer loop
      vertex -0.612293 -21.4782 23.9
      vertex -0.41411 -21.5455 20.29
      vertex -0.612293 -21.4782 20.29
    endloop
  endfacet
  facet normal -0.89686 -0.442314 0
    outer loop
      vertex 1.47821 -19.3877 0.1
      vertex 1.38564 -19.2 3.71
      vertex 1.38564 -19.2 0.1
    endloop
  endfacet
  facet normal -0.89686 -0.442314 0
    outer loop
      vertex 1.38564 -19.2 3.71
      vertex 1.47821 -19.3877 0.1
      vertex 1.47821 -19.3877 3.71
    endloop
  endfacet
  facet normal -0.89686 -0.442314 0
    outer loop
      vertex 1.47821 -19.3877 20.29
      vertex 1.38564 -19.2 23.9
      vertex 1.38564 -19.2 20.29
    endloop
  endfacet
  facet normal -0.89686 -0.442314 0
    outer loop
      vertex 1.38564 -19.2 23.9
      vertex 1.47821 -19.3877 20.29
      vertex 1.47821 -19.3877 23.9
    endloop
  endfacet
  facet normal 0.321551 -0.946892 0
    outer loop
      vertex -0.612293 -18.5218 0.1
      vertex -0.41411 -18.4545 3.71
      vertex -0.612293 -18.5218 3.71
    endloop
  endfacet
  facet normal 0.321551 -0.946892 0
    outer loop
      vertex -0.41411 -18.4545 3.71
      vertex -0.612293 -18.5218 0.1
      vertex -0.41411 -18.4545 0.1
    endloop
  endfacet
  facet normal 0.321551 -0.946892 0
    outer loop
      vertex -0.612293 -18.5218 20.29
      vertex -0.41411 -18.4545 23.9
      vertex -0.612293 -18.5218 23.9
    endloop
  endfacet
  facet normal 0.321551 -0.946892 0
    outer loop
      vertex -0.41411 -18.4545 23.9
      vertex -0.612293 -18.5218 20.29
      vertex -0.41411 -18.4545 20.29
    endloop
  endfacet
  facet normal -0.751925 -0.659248 0
    outer loop
      vertex 1.26937 -19.026 0.1
      vertex 1.13137 -18.8686 3.71
      vertex 1.13137 -18.8686 0.1
    endloop
  endfacet
  facet normal -0.751925 -0.659248 0
    outer loop
      vertex 1.13137 -18.8686 3.71
      vertex 1.26937 -19.026 0.1
      vertex 1.26937 -19.026 3.71
    endloop
  endfacet
  facet normal -0.751925 -0.659248 0
    outer loop
      vertex 1.26937 -19.026 20.29
      vertex 1.13137 -18.8686 23.9
      vertex 1.13137 -18.8686 20.29
    endloop
  endfacet
  facet normal -0.751925 -0.659248 0
    outer loop
      vertex 1.13137 -18.8686 23.9
      vertex 1.26937 -19.026 20.29
      vertex 1.26937 -19.026 23.9
    endloop
  endfacet
  facet normal -0.946944 0.321397 0
    outer loop
      vertex 1.47821 -20.6123 0.1
      vertex 1.54548 -20.4141 3.71
      vertex 1.54548 -20.4141 0.1
    endloop
  endfacet
  facet normal -0.946944 0.321397 0
    outer loop
      vertex 1.54548 -20.4141 3.71
      vertex 1.47821 -20.6123 0.1
      vertex 1.47821 -20.6123 3.71
    endloop
  endfacet
  facet normal -0.946944 0.321397 0
    outer loop
      vertex 1.47821 -20.6123 20.29
      vertex 1.54548 -20.4141 23.9
      vertex 1.54548 -20.4141 20.29
    endloop
  endfacet
  facet normal -0.946944 0.321397 0
    outer loop
      vertex 1.54548 -20.4141 23.9
      vertex 1.47821 -20.6123 20.29
      vertex 1.47821 -20.6123 23.9
    endloop
  endfacet
  facet normal 0.751925 0.659248 0
    outer loop
      vertex -1.13137 -21.1314 3.71
      vertex -1.26937 -20.974 0.1
      vertex -1.26937 -20.974 3.71
    endloop
  endfacet
  facet normal 0.751925 0.659248 0
    outer loop
      vertex -1.26937 -20.974 0.1
      vertex -1.13137 -21.1314 3.71
      vertex -1.13137 -21.1314 0.1
    endloop
  endfacet
  facet normal 0.751925 0.659248 0
    outer loop
      vertex -1.13137 -21.1314 23.9
      vertex -1.26937 -20.974 20.29
      vertex -1.26937 -20.974 23.9
    endloop
  endfacet
  facet normal 0.751925 0.659248 0
    outer loop
      vertex -1.26937 -20.974 20.29
      vertex -1.13137 -21.1314 23.9
      vertex -1.13137 -21.1314 20.29
    endloop
  endfacet
  facet normal -0.980791 0.195059 0
    outer loop
      vertex 1.54548 -20.4141 0.1
      vertex 1.58631 -20.2088 3.71
      vertex 1.58631 -20.2088 0.1
    endloop
  endfacet
  facet normal -0.980791 0.195059 0
    outer loop
      vertex 1.58631 -20.2088 3.71
      vertex 1.54548 -20.4141 0.1
      vertex 1.54548 -20.4141 3.71
    endloop
  endfacet
  facet normal -0.980791 0.195059 0
    outer loop
      vertex 1.54548 -20.4141 20.29
      vertex 1.58631 -20.2088 23.9
      vertex 1.58631 -20.2088 20.29
    endloop
  endfacet
  facet normal -0.980791 0.195059 0
    outer loop
      vertex 1.58631 -20.2088 23.9
      vertex 1.54548 -20.4141 20.29
      vertex 1.54548 -20.4141 23.9
    endloop
  endfacet
  facet normal 0.659362 -0.751826 0
    outer loop
      vertex -1.13137 -18.8686 0.1
      vertex -0.974018 -18.7306 3.71
      vertex -1.13137 -18.8686 3.71
    endloop
  endfacet
  facet normal 0.659362 -0.751826 0
    outer loop
      vertex -0.974018 -18.7306 3.71
      vertex -1.13137 -18.8686 0.1
      vertex -0.974018 -18.7306 0.1
    endloop
  endfacet
  facet normal 0.659362 -0.751826 0
    outer loop
      vertex -1.13137 -18.8686 20.29
      vertex -0.974018 -18.7306 23.9
      vertex -1.13137 -18.8686 23.9
    endloop
  endfacet
  facet normal 0.659362 -0.751826 0
    outer loop
      vertex -0.974018 -18.7306 23.9
      vertex -1.13137 -18.8686 20.29
      vertex -0.974018 -18.7306 20.29
    endloop
  endfacet
  facet normal 0.946944 0.321397 0
    outer loop
      vertex -1.47821 -20.6123 3.71
      vertex -1.54548 -20.4141 0.1
      vertex -1.54548 -20.4141 3.71
    endloop
  endfacet
  facet normal 0.946944 0.321397 0
    outer loop
      vertex -1.54548 -20.4141 0.1
      vertex -1.47821 -20.6123 3.71
      vertex -1.47821 -20.6123 0.1
    endloop
  endfacet
  facet normal 0.946944 0.321397 0
    outer loop
      vertex -1.47821 -20.6123 23.9
      vertex -1.54548 -20.4141 20.29
      vertex -1.54548 -20.4141 23.9
    endloop
  endfacet
  facet normal 0.946944 0.321397 0
    outer loop
      vertex -1.54548 -20.4141 20.29
      vertex -1.47821 -20.6123 23.9
      vertex -1.47821 -20.6123 20.29
    endloop
  endfacet
  facet normal -0.831454 0.555593 0
    outer loop
      vertex 1.26937 -20.974 0.1
      vertex 1.38564 -20.8 3.71
      vertex 1.38564 -20.8 0.1
    endloop
  endfacet
  facet normal -0.831454 0.555593 0
    outer loop
      vertex 1.38564 -20.8 3.71
      vertex 1.26937 -20.974 0.1
      vertex 1.26937 -20.974 3.71
    endloop
  endfacet
  facet normal -0.831454 0.555593 0
    outer loop
      vertex 1.26937 -20.974 20.29
      vertex 1.38564 -20.8 23.9
      vertex 1.38564 -20.8 20.29
    endloop
  endfacet
  facet normal -0.831454 0.555593 0
    outer loop
      vertex 1.38564 -20.8 23.9
      vertex 1.26937 -20.974 20.29
      vertex 1.26937 -20.974 23.9
    endloop
  endfacet
  facet normal -0.442418 -0.896809 0
    outer loop
      vertex 0.612293 -18.5218 0.1
      vertex 0.799999 -18.6144 3.71
      vertex 0.612293 -18.5218 3.71
    endloop
  endfacet
  facet normal -0.442418 -0.896809 -0
    outer loop
      vertex 0.799999 -18.6144 3.71
      vertex 0.612293 -18.5218 0.1
      vertex 0.799999 -18.6144 0.1
    endloop
  endfacet
  facet normal -0.442418 -0.896809 0
    outer loop
      vertex 0.612293 -18.5218 20.29
      vertex 0.799999 -18.6144 23.9
      vertex 0.612293 -18.5218 23.9
    endloop
  endfacet
  facet normal -0.442418 -0.896809 -0
    outer loop
      vertex 0.799999 -18.6144 23.9
      vertex 0.612293 -18.5218 20.29
      vertex 0.799999 -18.6144 20.29
    endloop
  endfacet
  facet normal 0.442418 -0.896809 0
    outer loop
      vertex -0.799999 -18.6144 0.1
      vertex -0.612293 -18.5218 3.71
      vertex -0.799999 -18.6144 3.71
    endloop
  endfacet
  facet normal 0.442418 -0.896809 0
    outer loop
      vertex -0.612293 -18.5218 3.71
      vertex -0.799999 -18.6144 0.1
      vertex -0.612293 -18.5218 0.1
    endloop
  endfacet
  facet normal 0.442418 -0.896809 0
    outer loop
      vertex -0.799999 -18.6144 20.29
      vertex -0.612293 -18.5218 23.9
      vertex -0.799999 -18.6144 23.9
    endloop
  endfacet
  facet normal 0.442418 -0.896809 0
    outer loop
      vertex -0.612293 -18.5218 23.9
      vertex -0.799999 -18.6144 20.29
      vertex -0.612293 -18.5218 20.29
    endloop
  endfacet
  facet normal -0.442418 0.896809 0
    outer loop
      vertex 0.799999 -21.3856 0.1
      vertex 0.612293 -21.4782 3.71
      vertex 0.799999 -21.3856 3.71
    endloop
  endfacet
  facet normal -0.442418 0.896809 0
    outer loop
      vertex 0.612293 -21.4782 3.71
      vertex 0.799999 -21.3856 0.1
      vertex 0.612293 -21.4782 0.1
    endloop
  endfacet
  facet normal -0.442418 0.896809 0
    outer loop
      vertex 0.799999 -21.3856 20.29
      vertex 0.612293 -21.4782 23.9
      vertex 0.799999 -21.3856 23.9
    endloop
  endfacet
  facet normal -0.442418 0.896809 0
    outer loop
      vertex 0.612293 -21.4782 23.9
      vertex 0.799999 -21.3856 20.29
      vertex 0.612293 -21.4782 20.29
    endloop
  endfacet
  facet normal -0.321551 0.946892 0
    outer loop
      vertex 0.612293 -21.4782 0.1
      vertex 0.41411 -21.5455 3.71
      vertex 0.612293 -21.4782 3.71
    endloop
  endfacet
  facet normal -0.321551 0.946892 0
    outer loop
      vertex 0.41411 -21.5455 3.71
      vertex 0.612293 -21.4782 0.1
      vertex 0.41411 -21.5455 0.1
    endloop
  endfacet
  facet normal -0.321551 0.946892 0
    outer loop
      vertex 0.612293 -21.4782 20.29
      vertex 0.41411 -21.5455 23.9
      vertex 0.612293 -21.4782 23.9
    endloop
  endfacet
  facet normal -0.321551 0.946892 0
    outer loop
      vertex 0.41411 -21.5455 23.9
      vertex 0.612293 -21.4782 20.29
      vertex 0.41411 -21.5455 20.29
    endloop
  endfacet
  facet normal 0.89686 0.442314 0
    outer loop
      vertex -1.38564 -20.8 3.71
      vertex -1.47821 -20.6123 0.1
      vertex -1.47821 -20.6123 3.71
    endloop
  endfacet
  facet normal 0.89686 0.442314 0
    outer loop
      vertex -1.47821 -20.6123 0.1
      vertex -1.38564 -20.8 3.71
      vertex -1.38564 -20.8 0.1
    endloop
  endfacet
  facet normal 0.89686 0.442314 0
    outer loop
      vertex -1.38564 -20.8 23.9
      vertex -1.47821 -20.6123 20.29
      vertex -1.47821 -20.6123 23.9
    endloop
  endfacet
  facet normal 0.89686 0.442314 0
    outer loop
      vertex -1.47821 -20.6123 20.29
      vertex -1.38564 -20.8 23.9
      vertex -1.38564 -20.8 20.29
    endloop
  endfacet
  facet normal 0.980791 0.195059 0
    outer loop
      vertex -1.54548 -20.4141 3.71
      vertex -1.58631 -20.2088 0.1
      vertex -1.58631 -20.2088 3.71
    endloop
  endfacet
  facet normal 0.980791 0.195059 0
    outer loop
      vertex -1.58631 -20.2088 0.1
      vertex -1.54548 -20.4141 3.71
      vertex -1.54548 -20.4141 0.1
    endloop
  endfacet
  facet normal 0.980791 0.195059 0
    outer loop
      vertex -1.54548 -20.4141 23.9
      vertex -1.58631 -20.2088 20.29
      vertex -1.58631 -20.2088 23.9
    endloop
  endfacet
  facet normal 0.980791 0.195059 0
    outer loop
      vertex -1.58631 -20.2088 20.29
      vertex -1.54548 -20.4141 23.9
      vertex -1.54548 -20.4141 20.29
    endloop
  endfacet
  facet normal 0.55532 -0.831637 0
    outer loop
      vertex -0.974018 -18.7306 0.1
      vertex -0.799999 -18.6144 3.71
      vertex -0.974018 -18.7306 3.71
    endloop
  endfacet
  facet normal 0.55532 -0.831637 0
    outer loop
      vertex -0.799999 -18.6144 3.71
      vertex -0.974018 -18.7306 0.1
      vertex -0.799999 -18.6144 0.1
    endloop
  endfacet
  facet normal 0.55532 -0.831637 0
    outer loop
      vertex -0.974018 -18.7306 20.29
      vertex -0.799999 -18.6144 23.9
      vertex -0.974018 -18.7306 23.9
    endloop
  endfacet
  facet normal 0.55532 -0.831637 0
    outer loop
      vertex -0.799999 -18.6144 23.9
      vertex -0.974018 -18.7306 20.29
      vertex -0.799999 -18.6144 20.29
    endloop
  endfacet
  facet normal -0.55532 0.831637 0
    outer loop
      vertex 0.974018 -21.2694 0.1
      vertex 0.799999 -21.3856 3.71
      vertex 0.974018 -21.2694 3.71
    endloop
  endfacet
  facet normal -0.55532 0.831637 0
    outer loop
      vertex 0.799999 -21.3856 3.71
      vertex 0.974018 -21.2694 0.1
      vertex 0.799999 -21.3856 0.1
    endloop
  endfacet
  facet normal -0.55532 0.831637 0
    outer loop
      vertex 0.974018 -21.2694 20.29
      vertex 0.799999 -21.3856 23.9
      vertex 0.974018 -21.2694 23.9
    endloop
  endfacet
  facet normal -0.55532 0.831637 0
    outer loop
      vertex 0.799999 -21.3856 23.9
      vertex 0.974018 -21.2694 20.29
      vertex 0.799999 -21.3856 20.29
    endloop
  endfacet
  facet normal -0.19495 0.980813 0
    outer loop
      vertex 0.41411 -21.5455 0.1
      vertex 0.208841 -21.5863 3.71
      vertex 0.41411 -21.5455 3.71
    endloop
  endfacet
  facet normal -0.19495 0.980813 0
    outer loop
      vertex 0.208841 -21.5863 3.71
      vertex 0.41411 -21.5455 0.1
      vertex 0.208841 -21.5863 0.1
    endloop
  endfacet
  facet normal -0.19495 0.980813 0
    outer loop
      vertex 0.41411 -21.5455 20.29
      vertex 0.208841 -21.5863 23.9
      vertex 0.41411 -21.5455 23.9
    endloop
  endfacet
  facet normal -0.19495 0.980813 0
    outer loop
      vertex 0.208841 -21.5863 23.9
      vertex 0.41411 -21.5455 20.29
      vertex 0.208841 -21.5863 20.29
    endloop
  endfacet
  facet normal -0.659362 -0.751826 0
    outer loop
      vertex 0.974018 -18.7306 0.1
      vertex 1.13137 -18.8686 3.71
      vertex 0.974018 -18.7306 3.71
    endloop
  endfacet
  facet normal -0.659362 -0.751826 -0
    outer loop
      vertex 1.13137 -18.8686 3.71
      vertex 0.974018 -18.7306 0.1
      vertex 1.13137 -18.8686 0.1
    endloop
  endfacet
  facet normal -0.659362 -0.751826 0
    outer loop
      vertex 0.974018 -18.7306 20.29
      vertex 1.13137 -18.8686 23.9
      vertex 0.974018 -18.7306 23.9
    endloop
  endfacet
  facet normal -0.659362 -0.751826 -0
    outer loop
      vertex 1.13137 -18.8686 23.9
      vertex 0.974018 -18.7306 20.29
      vertex 1.13137 -18.8686 20.29
    endloop
  endfacet
  facet normal 0.946944 -0.321397 0
    outer loop
      vertex -1.54548 -19.5859 3.71
      vertex -1.47821 -19.3877 0.1
      vertex -1.47821 -19.3877 3.71
    endloop
  endfacet
  facet normal 0.946944 -0.321397 0
    outer loop
      vertex -1.47821 -19.3877 0.1
      vertex -1.54548 -19.5859 3.71
      vertex -1.54548 -19.5859 0.1
    endloop
  endfacet
  facet normal 0.946944 -0.321397 0
    outer loop
      vertex -1.54548 -19.5859 23.9
      vertex -1.47821 -19.3877 20.29
      vertex -1.47821 -19.3877 23.9
    endloop
  endfacet
  facet normal 0.946944 -0.321397 0
    outer loop
      vertex -1.47821 -19.3877 20.29
      vertex -1.54548 -19.5859 23.9
      vertex -1.54548 -19.5859 20.29
    endloop
  endfacet
  facet normal -0.0654594 0.997855 0
    outer loop
      vertex 0.208841 -21.5863 0.1
      vertex 0 -21.6 3.71
      vertex 0.208841 -21.5863 3.71
    endloop
  endfacet
  facet normal -0.0654594 0.997855 0
    outer loop
      vertex 0 -21.6 3.71
      vertex 0.208841 -21.5863 0.1
      vertex 0 -21.6 0.1
    endloop
  endfacet
  facet normal -0.0654594 0.997855 0
    outer loop
      vertex 0.208841 -21.5863 20.29
      vertex 0 -21.6 23.9
      vertex 0.208841 -21.5863 23.9
    endloop
  endfacet
  facet normal -0.0654594 0.997855 0
    outer loop
      vertex 0 -21.6 23.9
      vertex 0.208841 -21.5863 20.29
      vertex 0 -21.6 20.29
    endloop
  endfacet
  facet normal 0.19495 -0.980813 0
    outer loop
      vertex -0.41411 -18.4545 0.1
      vertex -0.208841 -18.4137 3.71
      vertex -0.41411 -18.4545 3.71
    endloop
  endfacet
  facet normal 0.19495 -0.980813 0
    outer loop
      vertex -0.208841 -18.4137 3.71
      vertex -0.41411 -18.4545 0.1
      vertex -0.208841 -18.4137 0.1
    endloop
  endfacet
  facet normal 0.19495 -0.980813 0
    outer loop
      vertex -0.41411 -18.4545 20.29
      vertex -0.208841 -18.4137 23.9
      vertex -0.41411 -18.4545 23.9
    endloop
  endfacet
  facet normal 0.19495 -0.980813 0
    outer loop
      vertex -0.208841 -18.4137 23.9
      vertex -0.41411 -18.4545 20.29
      vertex -0.208841 -18.4137 20.29
    endloop
  endfacet
  facet normal 0.659362 0.751826 -0
    outer loop
      vertex -0.974018 -21.2694 0.1
      vertex -1.13137 -21.1314 3.71
      vertex -0.974018 -21.2694 3.71
    endloop
  endfacet
  facet normal 0.659362 0.751826 0
    outer loop
      vertex -1.13137 -21.1314 3.71
      vertex -0.974018 -21.2694 0.1
      vertex -1.13137 -21.1314 0.1
    endloop
  endfacet
  facet normal 0.659362 0.751826 -0
    outer loop
      vertex -0.974018 -21.2694 20.29
      vertex -1.13137 -21.1314 23.9
      vertex -0.974018 -21.2694 23.9
    endloop
  endfacet
  facet normal 0.659362 0.751826 0
    outer loop
      vertex -1.13137 -21.1314 23.9
      vertex -0.974018 -21.2694 20.29
      vertex -1.13137 -21.1314 20.29
    endloop
  endfacet
  facet normal 0.89686 -0.442314 0
    outer loop
      vertex -1.47821 -19.3877 3.71
      vertex -1.38564 -19.2 0.1
      vertex -1.38564 -19.2 3.71
    endloop
  endfacet
  facet normal 0.89686 -0.442314 0
    outer loop
      vertex -1.38564 -19.2 0.1
      vertex -1.47821 -19.3877 3.71
      vertex -1.47821 -19.3877 0.1
    endloop
  endfacet
  facet normal 0.89686 -0.442314 0
    outer loop
      vertex -1.47821 -19.3877 23.9
      vertex -1.38564 -19.2 20.29
      vertex -1.38564 -19.2 23.9
    endloop
  endfacet
  facet normal 0.89686 -0.442314 0
    outer loop
      vertex -1.38564 -19.2 20.29
      vertex -1.47821 -19.3877 23.9
      vertex -1.47821 -19.3877 20.29
    endloop
  endfacet
  facet normal -0.89686 0.442314 0
    outer loop
      vertex 1.38564 -20.8 0.1
      vertex 1.47821 -20.6123 3.71
      vertex 1.47821 -20.6123 0.1
    endloop
  endfacet
  facet normal -0.89686 0.442314 0
    outer loop
      vertex 1.47821 -20.6123 3.71
      vertex 1.38564 -20.8 0.1
      vertex 1.38564 -20.8 3.71
    endloop
  endfacet
  facet normal -0.89686 0.442314 0
    outer loop
      vertex 1.38564 -20.8 20.29
      vertex 1.47821 -20.6123 23.9
      vertex 1.47821 -20.6123 20.29
    endloop
  endfacet
  facet normal -0.89686 0.442314 0
    outer loop
      vertex 1.47821 -20.6123 23.9
      vertex 1.38564 -20.8 20.29
      vertex 1.38564 -20.8 23.9
    endloop
  endfacet
  facet normal -0.751925 0.659248 0
    outer loop
      vertex 1.13137 -21.1314 0.1
      vertex 1.26937 -20.974 3.71
      vertex 1.26937 -20.974 0.1
    endloop
  endfacet
  facet normal -0.751925 0.659248 0
    outer loop
      vertex 1.26937 -20.974 3.71
      vertex 1.13137 -21.1314 0.1
      vertex 1.13137 -21.1314 3.71
    endloop
  endfacet
  facet normal -0.751925 0.659248 0
    outer loop
      vertex 1.13137 -21.1314 20.29
      vertex 1.26937 -20.974 23.9
      vertex 1.26937 -20.974 20.29
    endloop
  endfacet
  facet normal -0.751925 0.659248 0
    outer loop
      vertex 1.26937 -20.974 23.9
      vertex 1.13137 -21.1314 20.29
      vertex 1.13137 -21.1314 23.9
    endloop
  endfacet
  facet normal 0.0654594 0.997855 -0
    outer loop
      vertex 0 -21.6 0.1
      vertex -0.208841 -21.5863 3.71
      vertex 0 -21.6 3.71
    endloop
  endfacet
  facet normal 0.0654594 0.997855 0
    outer loop
      vertex -0.208841 -21.5863 3.71
      vertex 0 -21.6 0.1
      vertex -0.208841 -21.5863 0.1
    endloop
  endfacet
  facet normal 0.0654594 0.997855 -0
    outer loop
      vertex 0 -21.6 20.29
      vertex -0.208841 -21.5863 23.9
      vertex 0 -21.6 23.9
    endloop
  endfacet
  facet normal 0.0654594 0.997855 0
    outer loop
      vertex -0.208841 -21.5863 23.9
      vertex 0 -21.6 20.29
      vertex -0.208841 -21.5863 20.29
    endloop
  endfacet
  facet normal -0.0654594 -0.997855 0
    outer loop
      vertex 0 -18.4 0.1
      vertex 0.208841 -18.4137 3.71
      vertex 0 -18.4 3.71
    endloop
  endfacet
  facet normal -0.0654594 -0.997855 -0
    outer loop
      vertex 0.208841 -18.4137 3.71
      vertex 0 -18.4 0.1
      vertex 0.208841 -18.4137 0.1
    endloop
  endfacet
  facet normal -0.0654594 -0.997855 0
    outer loop
      vertex 0 -18.4 20.29
      vertex 0.208841 -18.4137 23.9
      vertex 0 -18.4 23.9
    endloop
  endfacet
  facet normal -0.0654594 -0.997855 -0
    outer loop
      vertex 0.208841 -18.4137 23.9
      vertex 0 -18.4 20.29
      vertex 0.208841 -18.4137 20.29
    endloop
  endfacet
  facet normal -0.55532 -0.831637 0
    outer loop
      vertex 0.799999 -18.6144 0.1
      vertex 0.974018 -18.7306 3.71
      vertex 0.799999 -18.6144 3.71
    endloop
  endfacet
  facet normal -0.55532 -0.831637 -0
    outer loop
      vertex 0.974018 -18.7306 3.71
      vertex 0.799999 -18.6144 0.1
      vertex 0.974018 -18.7306 0.1
    endloop
  endfacet
  facet normal -0.55532 -0.831637 0
    outer loop
      vertex 0.799999 -18.6144 20.29
      vertex 0.974018 -18.7306 23.9
      vertex 0.799999 -18.6144 23.9
    endloop
  endfacet
  facet normal -0.55532 -0.831637 -0
    outer loop
      vertex 0.974018 -18.7306 23.9
      vertex 0.799999 -18.6144 20.29
      vertex 0.974018 -18.7306 20.29
    endloop
  endfacet
  facet normal 0.997858 0.0654247 0
    outer loop
      vertex -1.58631 -20.2088 3.71
      vertex -1.6 -20 0.1
      vertex -1.6 -20 3.71
    endloop
  endfacet
  facet normal 0.997858 0.0654247 0
    outer loop
      vertex -1.6 -20 0.1
      vertex -1.58631 -20.2088 3.71
      vertex -1.58631 -20.2088 0.1
    endloop
  endfacet
  facet normal 0.997858 0.0654247 0
    outer loop
      vertex -1.58631 -20.2088 23.9
      vertex -1.6 -20 20.29
      vertex -1.6 -20 23.9
    endloop
  endfacet
  facet normal 0.997858 0.0654247 0
    outer loop
      vertex -1.6 -20 20.29
      vertex -1.58631 -20.2088 23.9
      vertex -1.58631 -20.2088 20.29
    endloop
  endfacet
  facet normal 0.751925 -0.659248 0
    outer loop
      vertex -1.26937 -19.026 3.71
      vertex -1.13137 -18.8686 0.1
      vertex -1.13137 -18.8686 3.71
    endloop
  endfacet
  facet normal 0.751925 -0.659248 0
    outer loop
      vertex -1.13137 -18.8686 0.1
      vertex -1.26937 -19.026 3.71
      vertex -1.26937 -19.026 0.1
    endloop
  endfacet
  facet normal 0.751925 -0.659248 0
    outer loop
      vertex -1.26937 -19.026 23.9
      vertex -1.13137 -18.8686 20.29
      vertex -1.13137 -18.8686 23.9
    endloop
  endfacet
  facet normal 0.751925 -0.659248 0
    outer loop
      vertex -1.13137 -18.8686 20.29
      vertex -1.26937 -19.026 23.9
      vertex -1.26937 -19.026 20.29
    endloop
  endfacet
  facet normal 0.0654594 -0.997855 0
    outer loop
      vertex -0.208841 -18.4137 0.1
      vertex 0 -18.4 3.71
      vertex -0.208841 -18.4137 3.71
    endloop
  endfacet
  facet normal 0.0654594 -0.997855 0
    outer loop
      vertex 0 -18.4 3.71
      vertex -0.208841 -18.4137 0.1
      vertex 0 -18.4 0.1
    endloop
  endfacet
  facet normal 0.0654594 -0.997855 0
    outer loop
      vertex -0.208841 -18.4137 20.29
      vertex 0 -18.4 23.9
      vertex -0.208841 -18.4137 23.9
    endloop
  endfacet
  facet normal 0.0654594 -0.997855 0
    outer loop
      vertex 0 -18.4 23.9
      vertex -0.208841 -18.4137 20.29
      vertex 0 -18.4 20.29
    endloop
  endfacet
  facet normal 0.19495 0.980813 -0
    outer loop
      vertex -0.208841 -21.5863 0.1
      vertex -0.41411 -21.5455 3.71
      vertex -0.208841 -21.5863 3.71
    endloop
  endfacet
  facet normal 0.19495 0.980813 0
    outer loop
      vertex -0.41411 -21.5455 3.71
      vertex -0.208841 -21.5863 0.1
      vertex -0.41411 -21.5455 0.1
    endloop
  endfacet
  facet normal 0.19495 0.980813 -0
    outer loop
      vertex -0.208841 -21.5863 20.29
      vertex -0.41411 -21.5455 23.9
      vertex -0.208841 -21.5863 23.9
    endloop
  endfacet
  facet normal 0.19495 0.980813 0
    outer loop
      vertex -0.41411 -21.5455 23.9
      vertex -0.208841 -21.5863 20.29
      vertex -0.41411 -21.5455 20.29
    endloop
  endfacet
  facet normal 0.980791 -0.195059 0
    outer loop
      vertex -1.58631 -19.7912 3.71
      vertex -1.54548 -19.5859 0.1
      vertex -1.54548 -19.5859 3.71
    endloop
  endfacet
  facet normal 0.980791 -0.195059 0
    outer loop
      vertex -1.54548 -19.5859 0.1
      vertex -1.58631 -19.7912 3.71
      vertex -1.58631 -19.7912 0.1
    endloop
  endfacet
  facet normal 0.980791 -0.195059 0
    outer loop
      vertex -1.58631 -19.7912 23.9
      vertex -1.54548 -19.5859 20.29
      vertex -1.54548 -19.5859 23.9
    endloop
  endfacet
  facet normal 0.980791 -0.195059 0
    outer loop
      vertex -1.54548 -19.5859 20.29
      vertex -1.58631 -19.7912 23.9
      vertex -1.58631 -19.7912 20.29
    endloop
  endfacet
  facet normal 0.997858 -0.0654247 0
    outer loop
      vertex -1.6 -20 3.71
      vertex -1.58631 -19.7912 0.1
      vertex -1.58631 -19.7912 3.71
    endloop
  endfacet
  facet normal 0.997858 -0.0654247 0
    outer loop
      vertex -1.58631 -19.7912 0.1
      vertex -1.6 -20 3.71
      vertex -1.6 -20 0.1
    endloop
  endfacet
  facet normal 0.997858 -0.0654247 0
    outer loop
      vertex -1.6 -20 23.9
      vertex -1.58631 -19.7912 20.29
      vertex -1.58631 -19.7912 23.9
    endloop
  endfacet
  facet normal 0.997858 -0.0654247 0
    outer loop
      vertex -1.58631 -19.7912 20.29
      vertex -1.6 -20 23.9
      vertex -1.6 -20 20.29
    endloop
  endfacet
  facet normal 0.442418 0.896809 -0
    outer loop
      vertex -0.612293 -21.4782 0.1
      vertex -0.799999 -21.3856 3.71
      vertex -0.612293 -21.4782 3.71
    endloop
  endfacet
  facet normal 0.442418 0.896809 0
    outer loop
      vertex -0.799999 -21.3856 3.71
      vertex -0.612293 -21.4782 0.1
      vertex -0.799999 -21.3856 0.1
    endloop
  endfacet
  facet normal 0.442418 0.896809 -0
    outer loop
      vertex -0.612293 -21.4782 20.29
      vertex -0.799999 -21.3856 23.9
      vertex -0.612293 -21.4782 23.9
    endloop
  endfacet
  facet normal 0.442418 0.896809 0
    outer loop
      vertex -0.799999 -21.3856 23.9
      vertex -0.612293 -21.4782 20.29
      vertex -0.799999 -21.3856 20.29
    endloop
  endfacet
  facet normal -0.659362 0.751826 0
    outer loop
      vertex 1.13137 -21.1314 0.1
      vertex 0.974018 -21.2694 3.71
      vertex 1.13137 -21.1314 3.71
    endloop
  endfacet
  facet normal -0.659362 0.751826 0
    outer loop
      vertex 0.974018 -21.2694 3.71
      vertex 1.13137 -21.1314 0.1
      vertex 0.974018 -21.2694 0.1
    endloop
  endfacet
  facet normal -0.659362 0.751826 0
    outer loop
      vertex 1.13137 -21.1314 20.29
      vertex 0.974018 -21.2694 23.9
      vertex 1.13137 -21.1314 23.9
    endloop
  endfacet
  facet normal -0.659362 0.751826 0
    outer loop
      vertex 0.974018 -21.2694 23.9
      vertex 1.13137 -21.1314 20.29
      vertex 0.974018 -21.2694 20.29
    endloop
  endfacet
  facet normal 0.831454 -0.555593 0
    outer loop
      vertex -1.38564 -19.2 3.71
      vertex -1.26937 -19.026 0.1
      vertex -1.26937 -19.026 3.71
    endloop
  endfacet
  facet normal 0.831454 -0.555593 0
    outer loop
      vertex -1.26937 -19.026 0.1
      vertex -1.38564 -19.2 3.71
      vertex -1.38564 -19.2 0.1
    endloop
  endfacet
  facet normal 0.831454 -0.555593 0
    outer loop
      vertex -1.38564 -19.2 23.9
      vertex -1.26937 -19.026 20.29
      vertex -1.26937 -19.026 23.9
    endloop
  endfacet
  facet normal 0.831454 -0.555593 0
    outer loop
      vertex -1.26937 -19.026 20.29
      vertex -1.38564 -19.2 23.9
      vertex -1.38564 -19.2 20.29
    endloop
  endfacet
  facet normal 0.831454 0.555593 0
    outer loop
      vertex -1.26937 -20.974 3.71
      vertex -1.38564 -20.8 0.1
      vertex -1.38564 -20.8 3.71
    endloop
  endfacet
  facet normal 0.831454 0.555593 0
    outer loop
      vertex -1.38564 -20.8 0.1
      vertex -1.26937 -20.974 3.71
      vertex -1.26937 -20.974 0.1
    endloop
  endfacet
  facet normal 0.831454 0.555593 0
    outer loop
      vertex -1.26937 -20.974 23.9
      vertex -1.38564 -20.8 20.29
      vertex -1.38564 -20.8 23.9
    endloop
  endfacet
  facet normal 0.831454 0.555593 0
    outer loop
      vertex -1.38564 -20.8 20.29
      vertex -1.26937 -20.974 23.9
      vertex -1.26937 -20.974 20.29
    endloop
  endfacet
  facet normal -0.831517 -0.555499 0
    outer loop
      vertex 44.7264 -41.1856 0.1
      vertex 44.5338 -40.8973 5.5
      vertex 44.5338 -40.8973 0.1
    endloop
  endfacet
  facet normal -0.831517 -0.555499 0
    outer loop
      vertex 44.5338 -40.8973 5.5
      vertex 44.7264 -41.1856 0.1
      vertex 44.7264 -41.1856 5.5
    endloop
  endfacet
  facet normal -0.831517 -0.555499 0
    outer loop
      vertex 44.7264 -41.1856 18.5
      vertex 44.5338 -40.8973 23.9
      vertex 44.5338 -40.8973 18.5
    endloop
  endfacet
  facet normal -0.831517 -0.555499 0
    outer loop
      vertex 44.5338 -40.8973 23.9
      vertex 44.7264 -41.1856 18.5
      vertex 44.7264 -41.1856 23.9
    endloop
  endfacet
  facet normal -0.555632 -0.831428 0
    outer loop
      vertex 43.7564 -40.2156 0.1
      vertex 44.0446 -40.4082 5.5
      vertex 43.7564 -40.2156 5.5
    endloop
  endfacet
  facet normal -0.555632 -0.831428 -0
    outer loop
      vertex 44.0446 -40.4082 5.5
      vertex 43.7564 -40.2156 0.1
      vertex 44.0446 -40.4082 0.1
    endloop
  endfacet
  facet normal -0.555632 -0.831428 0
    outer loop
      vertex 43.7564 -40.2156 18.5
      vertex 44.0446 -40.4082 23.9
      vertex 43.7564 -40.2156 23.9
    endloop
  endfacet
  facet normal -0.555632 -0.831428 -0
    outer loop
      vertex 44.0446 -40.4082 23.9
      vertex 43.7564 -40.2156 18.5
      vertex 44.0446 -40.4082 18.5
    endloop
  endfacet
  facet normal -0.896838 -0.442359 0
    outer loop
      vertex 44.8797 -41.4964 0.1
      vertex 44.7264 -41.1856 5.5
      vertex 44.7264 -41.1856 0.1
    endloop
  endfacet
  facet normal -0.896838 -0.442359 0
    outer loop
      vertex 44.7264 -41.1856 5.5
      vertex 44.8797 -41.4964 0.1
      vertex 44.8797 -41.4964 5.5
    endloop
  endfacet
  facet normal -0.896838 -0.442359 0
    outer loop
      vertex 44.8797 -41.4964 18.5
      vertex 44.7264 -41.1856 23.9
      vertex 44.7264 -41.1856 18.5
    endloop
  endfacet
  facet normal -0.896838 -0.442359 0
    outer loop
      vertex 44.7264 -41.1856 23.9
      vertex 44.8797 -41.4964 18.5
      vertex 44.8797 -41.4964 23.9
    endloop
  endfacet
  facet normal 0.997854 -0.065485 0
    outer loop
      vertex 39.7814 -42.5106 5.5
      vertex 39.8041 -42.1647 0.1
      vertex 39.8041 -42.1647 5.5
    endloop
  endfacet
  facet normal 0.997854 -0.065485 0
    outer loop
      vertex 39.8041 -42.1647 0.1
      vertex 39.7814 -42.5106 5.5
      vertex 39.7814 -42.5106 0.1
    endloop
  endfacet
  facet normal 0.997854 -0.065485 0
    outer loop
      vertex 39.7814 -42.5106 23.9
      vertex 39.8041 -42.1647 18.5
      vertex 39.8041 -42.1647 23.9
    endloop
  endfacet
  facet normal 0.997854 -0.065485 0
    outer loop
      vertex 39.8041 -42.1647 18.5
      vertex 39.7814 -42.5106 23.9
      vertex 39.7814 -42.5106 18.5
    endloop
  endfacet
  facet normal 0.896838 -0.442359 0
    outer loop
      vertex 39.9831 -41.4964 5.5
      vertex 40.1364 -41.1856 0.1
      vertex 40.1364 -41.1856 5.5
    endloop
  endfacet
  facet normal 0.896838 -0.442359 0
    outer loop
      vertex 40.1364 -41.1856 0.1
      vertex 39.9831 -41.4964 5.5
      vertex 39.9831 -41.4964 0.1
    endloop
  endfacet
  facet normal 0.896838 -0.442359 0
    outer loop
      vertex 39.9831 -41.4964 23.9
      vertex 40.1364 -41.1856 18.5
      vertex 40.1364 -41.1856 23.9
    endloop
  endfacet
  facet normal 0.896838 -0.442359 0
    outer loop
      vertex 40.1364 -41.1856 18.5
      vertex 39.9831 -41.4964 23.9
      vertex 39.9831 -41.4964 18.5
    endloop
  endfacet
  facet normal -0.751754 -0.659444 0
    outer loop
      vertex 44.5338 -40.8973 0.1
      vertex 44.3052 -40.6367 5.5
      vertex 44.3052 -40.6367 0.1
    endloop
  endfacet
  facet normal -0.751754 -0.659444 0
    outer loop
      vertex 44.3052 -40.6367 5.5
      vertex 44.5338 -40.8973 0.1
      vertex 44.5338 -40.8973 5.5
    endloop
  endfacet
  facet normal -0.751754 -0.659444 0
    outer loop
      vertex 44.5338 -40.8973 18.5
      vertex 44.3052 -40.6367 23.9
      vertex 44.3052 -40.6367 18.5
    endloop
  endfacet
  facet normal -0.751754 -0.659444 0
    outer loop
      vertex 44.3052 -40.6367 23.9
      vertex 44.5338 -40.8973 18.5
      vertex 44.5338 -40.8973 23.9
    endloop
  endfacet
  facet normal -0.896894 0.442245 0
    outer loop
      vertex 44.7264 -43.8356 0.1
      vertex 44.8797 -43.5247 5.5
      vertex 44.8797 -43.5247 0.1
    endloop
  endfacet
  facet normal -0.896894 0.442245 0
    outer loop
      vertex 44.8797 -43.5247 5.5
      vertex 44.7264 -43.8356 0.1
      vertex 44.7264 -43.8356 5.5
    endloop
  endfacet
  facet normal -0.896894 0.442245 0
    outer loop
      vertex 44.7264 -43.8356 18.5
      vertex 44.8797 -43.5247 23.9
      vertex 44.8797 -43.5247 18.5
    endloop
  endfacet
  facet normal -0.896894 0.442245 0
    outer loop
      vertex 44.8797 -43.5247 23.9
      vertex 44.7264 -43.8356 18.5
      vertex 44.7264 -43.8356 23.9
    endloop
  endfacet
  facet normal -0.0651978 -0.997872 0
    outer loop
      vertex 42.4314 -39.8606 0.1
      vertex 42.7773 -39.8832 5.5
      vertex 42.4314 -39.8606 5.5
    endloop
  endfacet
  facet normal -0.0651978 -0.997872 -0
    outer loop
      vertex 42.7773 -39.8832 5.5
      vertex 42.4314 -39.8606 0.1
      vertex 42.7773 -39.8832 0.1
    endloop
  endfacet
  facet normal -0.0651978 -0.997872 0
    outer loop
      vertex 42.4314 -39.8606 18.5
      vertex 42.7773 -39.8832 23.9
      vertex 42.4314 -39.8606 23.9
    endloop
  endfacet
  facet normal -0.0651978 -0.997872 -0
    outer loop
      vertex 42.7773 -39.8832 23.9
      vertex 42.4314 -39.8606 18.5
      vertex 42.7773 -39.8832 18.5
    endloop
  endfacet
  facet normal 0.442245 -0.896894 0
    outer loop
      vertex 41.1064 -40.2156 0.1
      vertex 41.4173 -40.0623 5.5
      vertex 41.1064 -40.2156 5.5
    endloop
  endfacet
  facet normal 0.442245 -0.896894 0
    outer loop
      vertex 41.4173 -40.0623 5.5
      vertex 41.1064 -40.2156 0.1
      vertex 41.4173 -40.0623 0.1
    endloop
  endfacet
  facet normal 0.442245 -0.896894 0
    outer loop
      vertex 41.1064 -40.2156 18.5
      vertex 41.4173 -40.0623 23.9
      vertex 41.1064 -40.2156 23.9
    endloop
  endfacet
  facet normal 0.442245 -0.896894 0
    outer loop
      vertex 41.4173 -40.0623 23.9
      vertex 41.1064 -40.2156 18.5
      vertex 41.4173 -40.0623 18.5
    endloop
  endfacet
  facet normal -0.980802 -0.195007 0
    outer loop
      vertex 45.0587 -42.1647 0.1
      vertex 44.9911 -41.8247 5.5
      vertex 44.9911 -41.8247 0.1
    endloop
  endfacet
  facet normal -0.980802 -0.195007 0
    outer loop
      vertex 44.9911 -41.8247 5.5
      vertex 45.0587 -42.1647 0.1
      vertex 45.0587 -42.1647 5.5
    endloop
  endfacet
  facet normal -0.980802 -0.195007 0
    outer loop
      vertex 45.0587 -42.1647 18.5
      vertex 44.9911 -41.8247 23.9
      vertex 44.9911 -41.8247 18.5
    endloop
  endfacet
  facet normal -0.980802 -0.195007 0
    outer loop
      vertex 44.9911 -41.8247 23.9
      vertex 45.0587 -42.1647 18.5
      vertex 45.0587 -42.1647 23.9
    endloop
  endfacet
  facet normal -0.997854 -0.065485 0
    outer loop
      vertex 45.0814 -42.5106 0.1
      vertex 45.0587 -42.1647 5.5
      vertex 45.0587 -42.1647 0.1
    endloop
  endfacet
  facet normal -0.997854 -0.065485 0
    outer loop
      vertex 45.0587 -42.1647 5.5
      vertex 45.0814 -42.5106 0.1
      vertex 45.0814 -42.5106 5.5
    endloop
  endfacet
  facet normal -0.997854 -0.065485 0
    outer loop
      vertex 45.0814 -42.5106 18.5
      vertex 45.0587 -42.1647 23.9
      vertex 45.0587 -42.1647 18.5
    endloop
  endfacet
  facet normal -0.997854 -0.065485 0
    outer loop
      vertex 45.0587 -42.1647 23.9
      vertex 45.0814 -42.5106 18.5
      vertex 45.0814 -42.5106 23.9
    endloop
  endfacet
  facet normal 0.65928 -0.751897 0
    outer loop
      vertex 40.5576 -40.6367 0.1
      vertex 40.8182 -40.4082 5.5
      vertex 40.5576 -40.6367 5.5
    endloop
  endfacet
  facet normal 0.65928 -0.751897 0
    outer loop
      vertex 40.8182 -40.4082 5.5
      vertex 40.5576 -40.6367 0.1
      vertex 40.8182 -40.4082 0.1
    endloop
  endfacet
  facet normal 0.65928 -0.751897 0
    outer loop
      vertex 40.5576 -40.6367 18.5
      vertex 40.8182 -40.4082 23.9
      vertex 40.5576 -40.6367 23.9
    endloop
  endfacet
  facet normal 0.65928 -0.751897 0
    outer loop
      vertex 40.8182 -40.4082 23.9
      vertex 40.5576 -40.6367 18.5
      vertex 40.8182 -40.4082 18.5
    endloop
  endfacet
  facet normal -0.997854 0.065485 0
    outer loop
      vertex 45.0587 -42.8565 0.1
      vertex 45.0814 -42.5106 5.5
      vertex 45.0814 -42.5106 0.1
    endloop
  endfacet
  facet normal -0.997854 0.065485 0
    outer loop
      vertex 45.0814 -42.5106 5.5
      vertex 45.0587 -42.8565 0.1
      vertex 45.0587 -42.8565 5.5
    endloop
  endfacet
  facet normal -0.997854 0.065485 0
    outer loop
      vertex 45.0587 -42.8565 18.5
      vertex 45.0814 -42.5106 23.9
      vertex 45.0814 -42.5106 18.5
    endloop
  endfacet
  facet normal -0.997854 0.065485 0
    outer loop
      vertex 45.0814 -42.5106 23.9
      vertex 45.0587 -42.8565 18.5
      vertex 45.0587 -42.8565 23.9
    endloop
  endfacet
  facet normal -0.980791 0.195062 0
    outer loop
      vertex 44.9911 -43.1964 0.1
      vertex 45.0587 -42.8565 5.5
      vertex 45.0587 -42.8565 0.1
    endloop
  endfacet
  facet normal -0.980791 0.195062 0
    outer loop
      vertex 45.0587 -42.8565 5.5
      vertex 44.9911 -43.1964 0.1
      vertex 44.9911 -43.1964 5.5
    endloop
  endfacet
  facet normal -0.980791 0.195062 0
    outer loop
      vertex 44.9911 -43.1964 18.5
      vertex 45.0587 -42.8565 23.9
      vertex 45.0587 -42.8565 18.5
    endloop
  endfacet
  facet normal -0.980791 0.195062 0
    outer loop
      vertex 45.0587 -42.8565 23.9
      vertex 44.9911 -43.1964 18.5
      vertex 44.9911 -43.1964 23.9
    endloop
  endfacet
  facet normal -0.65928 -0.751897 0
    outer loop
      vertex 44.0446 -40.4082 0.1
      vertex 44.3052 -40.6367 5.5
      vertex 44.0446 -40.4082 5.5
    endloop
  endfacet
  facet normal -0.65928 -0.751897 -0
    outer loop
      vertex 44.3052 -40.6367 5.5
      vertex 44.0446 -40.4082 0.1
      vertex 44.3052 -40.6367 0.1
    endloop
  endfacet
  facet normal -0.65928 -0.751897 0
    outer loop
      vertex 44.0446 -40.4082 18.5
      vertex 44.3052 -40.6367 23.9
      vertex 44.0446 -40.4082 23.9
    endloop
  endfacet
  facet normal -0.65928 -0.751897 -0
    outer loop
      vertex 44.3052 -40.6367 23.9
      vertex 44.0446 -40.4082 18.5
      vertex 44.3052 -40.6367 18.5
    endloop
  endfacet
  facet normal -0.946968 -0.321329 0
    outer loop
      vertex 44.9911 -41.8247 0.1
      vertex 44.8797 -41.4964 5.5
      vertex 44.8797 -41.4964 0.1
    endloop
  endfacet
  facet normal -0.946968 -0.321329 0
    outer loop
      vertex 44.8797 -41.4964 5.5
      vertex 44.9911 -41.8247 0.1
      vertex 44.9911 -41.8247 5.5
    endloop
  endfacet
  facet normal -0.946968 -0.321329 0
    outer loop
      vertex 44.9911 -41.8247 18.5
      vertex 44.8797 -41.4964 23.9
      vertex 44.8797 -41.4964 18.5
    endloop
  endfacet
  facet normal -0.946968 -0.321329 0
    outer loop
      vertex 44.8797 -41.4964 23.9
      vertex 44.9911 -41.8247 18.5
      vertex 44.9911 -41.8247 23.9
    endloop
  endfacet
  facet normal 0.195284 -0.980747 0
    outer loop
      vertex 41.7455 -39.9509 0.1
      vertex 42.0855 -39.8832 5.5
      vertex 41.7455 -39.9509 5.5
    endloop
  endfacet
  facet normal 0.195284 -0.980747 0
    outer loop
      vertex 42.0855 -39.8832 5.5
      vertex 41.7455 -39.9509 0.1
      vertex 42.0855 -39.8832 0.1
    endloop
  endfacet
  facet normal 0.195284 -0.980747 0
    outer loop
      vertex 41.7455 -39.9509 18.5
      vertex 42.0855 -39.8832 23.9
      vertex 41.7455 -39.9509 23.9
    endloop
  endfacet
  facet normal 0.195284 -0.980747 0
    outer loop
      vertex 42.0855 -39.8832 23.9
      vertex 41.7455 -39.9509 18.5
      vertex 42.0855 -39.8832 18.5
    endloop
  endfacet
  facet normal -0.442245 -0.896894 0
    outer loop
      vertex 43.4455 -40.0623 0.1
      vertex 43.7564 -40.2156 5.5
      vertex 43.4455 -40.0623 5.5
    endloop
  endfacet
  facet normal -0.442245 -0.896894 -0
    outer loop
      vertex 43.7564 -40.2156 5.5
      vertex 43.4455 -40.0623 0.1
      vertex 43.7564 -40.2156 0.1
    endloop
  endfacet
  facet normal -0.442245 -0.896894 0
    outer loop
      vertex 43.4455 -40.0623 18.5
      vertex 43.7564 -40.2156 23.9
      vertex 43.4455 -40.0623 23.9
    endloop
  endfacet
  facet normal -0.442245 -0.896894 -0
    outer loop
      vertex 43.7564 -40.2156 23.9
      vertex 43.4455 -40.0623 18.5
      vertex 43.7564 -40.2156 18.5
    endloop
  endfacet
  facet normal 0.997854 0.065485 0
    outer loop
      vertex 39.8041 -42.8565 5.5
      vertex 39.7814 -42.5106 0.1
      vertex 39.7814 -42.5106 5.5
    endloop
  endfacet
  facet normal 0.997854 0.065485 0
    outer loop
      vertex 39.7814 -42.5106 0.1
      vertex 39.8041 -42.8565 5.5
      vertex 39.8041 -42.8565 0.1
    endloop
  endfacet
  facet normal 0.997854 0.065485 0
    outer loop
      vertex 39.8041 -42.8565 23.9
      vertex 39.7814 -42.5106 18.5
      vertex 39.7814 -42.5106 23.9
    endloop
  endfacet
  facet normal 0.997854 0.065485 0
    outer loop
      vertex 39.7814 -42.5106 18.5
      vertex 39.8041 -42.8565 23.9
      vertex 39.8041 -42.8565 18.5
    endloop
  endfacet
  facet normal -0.831428 0.555632 0
    outer loop
      vertex 44.5338 -44.1238 0.1
      vertex 44.7264 -43.8356 5.5
      vertex 44.7264 -43.8356 0.1
    endloop
  endfacet
  facet normal -0.831428 0.555632 0
    outer loop
      vertex 44.7264 -43.8356 5.5
      vertex 44.5338 -44.1238 0.1
      vertex 44.5338 -44.1238 5.5
    endloop
  endfacet
  facet normal -0.831428 0.555632 0
    outer loop
      vertex 44.5338 -44.1238 18.5
      vertex 44.7264 -43.8356 23.9
      vertex 44.7264 -43.8356 18.5
    endloop
  endfacet
  facet normal -0.831428 0.555632 0
    outer loop
      vertex 44.7264 -43.8356 23.9
      vertex 44.5338 -44.1238 18.5
      vertex 44.5338 -44.1238 23.9
    endloop
  endfacet
  facet normal 0.555632 -0.831428 0
    outer loop
      vertex 40.8182 -40.4082 0.1
      vertex 41.1064 -40.2156 5.5
      vertex 40.8182 -40.4082 5.5
    endloop
  endfacet
  facet normal 0.555632 -0.831428 0
    outer loop
      vertex 41.1064 -40.2156 5.5
      vertex 40.8182 -40.4082 0.1
      vertex 41.1064 -40.2156 0.1
    endloop
  endfacet
  facet normal 0.555632 -0.831428 0
    outer loop
      vertex 40.8182 -40.4082 18.5
      vertex 41.1064 -40.2156 23.9
      vertex 40.8182 -40.4082 23.9
    endloop
  endfacet
  facet normal 0.555632 -0.831428 0
    outer loop
      vertex 41.1064 -40.2156 23.9
      vertex 40.8182 -40.4082 18.5
      vertex 41.1064 -40.2156 18.5
    endloop
  endfacet
  facet normal -0.751841 0.659345 0
    outer loop
      vertex 44.3228 -44.3644 0.1
      vertex 44.5338 -44.1238 5.5
      vertex 44.5338 -44.1238 0.1
    endloop
  endfacet
  facet normal -0.751841 0.659345 0
    outer loop
      vertex 44.5338 -44.1238 5.5
      vertex 44.3228 -44.3644 0.1
      vertex 44.3228 -44.3644 5.5
    endloop
  endfacet
  facet normal -0.751841 0.659345 0
    outer loop
      vertex 44.3228 -44.3644 18.5
      vertex 44.5338 -44.1238 23.9
      vertex 44.5338 -44.1238 18.5
    endloop
  endfacet
  facet normal -0.751841 0.659345 0
    outer loop
      vertex 44.5338 -44.1238 23.9
      vertex 44.3228 -44.3644 18.5
      vertex 44.3228 -44.3644 23.9
    endloop
  endfacet
  facet normal 0.321416 -0.946938 0
    outer loop
      vertex 41.4173 -40.0623 0.1
      vertex 41.7455 -39.9509 5.5
      vertex 41.4173 -40.0623 5.5
    endloop
  endfacet
  facet normal 0.321416 -0.946938 0
    outer loop
      vertex 41.7455 -39.9509 5.5
      vertex 41.4173 -40.0623 0.1
      vertex 41.7455 -39.9509 0.1
    endloop
  endfacet
  facet normal 0.321416 -0.946938 0
    outer loop
      vertex 41.4173 -40.0623 18.5
      vertex 41.7455 -39.9509 23.9
      vertex 41.4173 -40.0623 23.9
    endloop
  endfacet
  facet normal 0.321416 -0.946938 0
    outer loop
      vertex 41.7455 -39.9509 23.9
      vertex 41.4173 -40.0623 18.5
      vertex 41.7455 -39.9509 18.5
    endloop
  endfacet
  facet normal -0.946968 0.321329 0
    outer loop
      vertex 44.8797 -43.5247 0.1
      vertex 44.9911 -43.1964 5.5
      vertex 44.9911 -43.1964 0.1
    endloop
  endfacet
  facet normal -0.946968 0.321329 0
    outer loop
      vertex 44.9911 -43.1964 5.5
      vertex 44.8797 -43.5247 0.1
      vertex 44.8797 -43.5247 5.5
    endloop
  endfacet
  facet normal -0.946968 0.321329 0
    outer loop
      vertex 44.8797 -43.5247 18.5
      vertex 44.9911 -43.1964 23.9
      vertex 44.9911 -43.1964 18.5
    endloop
  endfacet
  facet normal -0.946968 0.321329 0
    outer loop
      vertex 44.9911 -43.1964 23.9
      vertex 44.8797 -43.5247 18.5
      vertex 44.8797 -43.5247 23.9
    endloop
  endfacet
  facet normal -0.321416 -0.946938 0
    outer loop
      vertex 43.1173 -39.9509 0.1
      vertex 43.4455 -40.0623 5.5
      vertex 43.1173 -39.9509 5.5
    endloop
  endfacet
  facet normal -0.321416 -0.946938 -0
    outer loop
      vertex 43.4455 -40.0623 5.5
      vertex 43.1173 -39.9509 0.1
      vertex 43.4455 -40.0623 0.1
    endloop
  endfacet
  facet normal -0.321416 -0.946938 0
    outer loop
      vertex 43.1173 -39.9509 18.5
      vertex 43.4455 -40.0623 23.9
      vertex 43.1173 -39.9509 23.9
    endloop
  endfacet
  facet normal -0.321416 -0.946938 -0
    outer loop
      vertex 43.4455 -40.0623 23.9
      vertex 43.1173 -39.9509 18.5
      vertex 43.4455 -40.0623 18.5
    endloop
  endfacet
  facet normal 0.0651978 -0.997872 0
    outer loop
      vertex 42.0855 -39.8832 0.1
      vertex 42.4314 -39.8606 5.5
      vertex 42.0855 -39.8832 5.5
    endloop
  endfacet
  facet normal 0.0651978 -0.997872 0
    outer loop
      vertex 42.4314 -39.8606 5.5
      vertex 42.0855 -39.8832 0.1
      vertex 42.4314 -39.8606 0.1
    endloop
  endfacet
  facet normal 0.0651978 -0.997872 0
    outer loop
      vertex 42.0855 -39.8832 18.5
      vertex 42.4314 -39.8606 23.9
      vertex 42.0855 -39.8832 23.9
    endloop
  endfacet
  facet normal 0.0651978 -0.997872 0
    outer loop
      vertex 42.4314 -39.8606 23.9
      vertex 42.0855 -39.8832 18.5
      vertex 42.4314 -39.8606 18.5
    endloop
  endfacet
  facet normal 0.980782 0.195108 0
    outer loop
      vertex 39.8562 -43.1184 5.5
      vertex 39.8041 -42.8565 0.1
      vertex 39.8041 -42.8565 5.5
    endloop
  endfacet
  facet normal 0.980782 0.195108 0
    outer loop
      vertex 39.8041 -42.8565 0.1
      vertex 39.8562 -43.1184 5.5
      vertex 39.8562 -43.1184 0.1
    endloop
  endfacet
  facet normal 0.980782 0.195108 0
    outer loop
      vertex 39.8562 -43.1184 23.9
      vertex 39.8041 -42.8565 18.5
      vertex 39.8041 -42.8565 23.9
    endloop
  endfacet
  facet normal 0.980782 0.195108 0
    outer loop
      vertex 39.8041 -42.8565 18.5
      vertex 39.8562 -43.1184 23.9
      vertex 39.8562 -43.1184 18.5
    endloop
  endfacet
  facet normal -0.195284 -0.980747 0
    outer loop
      vertex 42.7773 -39.8832 0.1
      vertex 43.1173 -39.9509 5.5
      vertex 42.7773 -39.8832 5.5
    endloop
  endfacet
  facet normal -0.195284 -0.980747 -0
    outer loop
      vertex 43.1173 -39.9509 5.5
      vertex 42.7773 -39.8832 0.1
      vertex 43.1173 -39.9509 0.1
    endloop
  endfacet
  facet normal -0.195284 -0.980747 0
    outer loop
      vertex 42.7773 -39.8832 18.5
      vertex 43.1173 -39.9509 23.9
      vertex 42.7773 -39.8832 23.9
    endloop
  endfacet
  facet normal -0.195284 -0.980747 -0
    outer loop
      vertex 43.1173 -39.9509 23.9
      vertex 42.7773 -39.8832 18.5
      vertex 43.1173 -39.9509 18.5
    endloop
  endfacet
  facet normal 0.831517 -0.555499 0
    outer loop
      vertex 40.1364 -41.1856 5.5
      vertex 40.329 -40.8973 0.1
      vertex 40.329 -40.8973 5.5
    endloop
  endfacet
  facet normal 0.831517 -0.555499 0
    outer loop
      vertex 40.329 -40.8973 0.1
      vertex 40.1364 -41.1856 5.5
      vertex 40.1364 -41.1856 0.1
    endloop
  endfacet
  facet normal 0.831517 -0.555499 0
    outer loop
      vertex 40.1364 -41.1856 23.9
      vertex 40.329 -40.8973 18.5
      vertex 40.329 -40.8973 23.9
    endloop
  endfacet
  facet normal 0.831517 -0.555499 0
    outer loop
      vertex 40.329 -40.8973 18.5
      vertex 40.1364 -41.1856 23.9
      vertex 40.1364 -41.1856 18.5
    endloop
  endfacet
  facet normal 0.980802 -0.195007 0
    outer loop
      vertex 39.8041 -42.1647 5.5
      vertex 39.8717 -41.8247 0.1
      vertex 39.8717 -41.8247 5.5
    endloop
  endfacet
  facet normal 0.980802 -0.195007 0
    outer loop
      vertex 39.8717 -41.8247 0.1
      vertex 39.8041 -42.1647 5.5
      vertex 39.8041 -42.1647 0.1
    endloop
  endfacet
  facet normal 0.980802 -0.195007 0
    outer loop
      vertex 39.8041 -42.1647 23.9
      vertex 39.8717 -41.8247 18.5
      vertex 39.8717 -41.8247 23.9
    endloop
  endfacet
  facet normal 0.980802 -0.195007 0
    outer loop
      vertex 39.8717 -41.8247 18.5
      vertex 39.8041 -42.1647 23.9
      vertex 39.8041 -42.1647 18.5
    endloop
  endfacet
  facet normal 0.946968 -0.321329 0
    outer loop
      vertex 39.8717 -41.8247 5.5
      vertex 39.9831 -41.4964 0.1
      vertex 39.9831 -41.4964 5.5
    endloop
  endfacet
  facet normal 0.946968 -0.321329 0
    outer loop
      vertex 39.9831 -41.4964 0.1
      vertex 39.8717 -41.8247 5.5
      vertex 39.8717 -41.8247 0.1
    endloop
  endfacet
  facet normal 0.946968 -0.321329 0
    outer loop
      vertex 39.8717 -41.8247 23.9
      vertex 39.9831 -41.4964 18.5
      vertex 39.9831 -41.4964 23.9
    endloop
  endfacet
  facet normal 0.946968 -0.321329 0
    outer loop
      vertex 39.9831 -41.4964 18.5
      vertex 39.8717 -41.8247 23.9
      vertex 39.8717 -41.8247 18.5
    endloop
  endfacet
  facet normal 0.751754 -0.659444 0
    outer loop
      vertex 40.329 -40.8973 5.5
      vertex 40.5576 -40.6367 0.1
      vertex 40.5576 -40.6367 5.5
    endloop
  endfacet
  facet normal 0.751754 -0.659444 0
    outer loop
      vertex 40.5576 -40.6367 0.1
      vertex 40.329 -40.8973 5.5
      vertex 40.329 -40.8973 0.1
    endloop
  endfacet
  facet normal 0.751754 -0.659444 0
    outer loop
      vertex 40.329 -40.8973 23.9
      vertex 40.5576 -40.6367 18.5
      vertex 40.5576 -40.6367 23.9
    endloop
  endfacet
  facet normal 0.751754 -0.659444 0
    outer loop
      vertex 40.5576 -40.6367 18.5
      vertex 40.329 -40.8973 23.9
      vertex 40.329 -40.8973 18.5
    endloop
  endfacet
endsolid OpenSCAD_Model
