solid OpenSCAD_Model
  facet normal 1 -0 0
    outer loop
      vertex 14.5 -16 7.1
      vertex 14.5 -8 0.1
      vertex 14.5 -8 7.1
    endloop
  endfacet
  facet normal 1 0 0
    outer loop
      vertex 14.5 -8 0.1
      vertex 14.5 -16 7.1
      vertex 14.5 -16 0.1
    endloop
  endfacet
  facet normal -1 0 0
    outer loop
      vertex -14.5 -16 0.1
      vertex -14.5 -8 7.1
      vertex -14.5 -8 0.1
    endloop
  endfacet
  facet normal -1 -0 0
    outer loop
      vertex -14.5 -8 7.1
      vertex -14.5 -16 0.1
      vertex -14.5 -16 7.1
    endloop
  endfacet
  facet normal -0.0653933 -0.99786 0
    outer loop
      vertex -0.84842 -26.4444 7.1
      vertex 0 -26.5 5.5
      vertex 0 -26.5 7.1
    endloop
  endfacet
  facet normal -0.0653933 -0.99786 0
    outer loop
      vertex -0.84842 -26.4444 0.1
      vertex 0 -26.5 5.5
      vertex -0.84842 -26.4444 7.1
    endloop
  endfacet
  facet normal -0.0653933 -0.99786 -0
    outer loop
      vertex 0 -26.5 5.5
      vertex -0.84842 -26.4444 0.1
      vertex 0 -26.5 0.1
    endloop
  endfacet
  facet normal 0 -1 0
    outer loop
      vertex -6.75 -8 23.9
      vertex 6.75 -8 24
      vertex -6.75 -8 24
    endloop
  endfacet
  facet normal 0 -1 -0
    outer loop
      vertex 6.75 -8 24
      vertex -6.75 -8 23.9
      vertex 6.75 -8 23.9
    endloop
  endfacet
  facet normal 0 -1 0
    outer loop
      vertex -6.75 -8 0
      vertex 6.75 -8 0.1
      vertex -6.75 -8 0.1
    endloop
  endfacet
  facet normal 0 -1 -0
    outer loop
      vertex 6.75 -8 0.1
      vertex -6.75 -8 0
      vertex 6.75 -8 0
    endloop
  endfacet
  facet normal 0 1 0
    outer loop
      vertex 14.5 -8 7.1
      vertex 7.75 -8 6.8
      vertex 7.75 -8 7.1
    endloop
  endfacet
  facet normal 0 1 -0
    outer loop
      vertex 14.5 -8 0.1
      vertex 7.75 -8 6.8
      vertex 14.5 -8 7.1
    endloop
  endfacet
  facet normal 0 1 0
    outer loop
      vertex 6.75 -8 0.1
      vertex 7.75 -8 6.8
      vertex 14.5 -8 0.1
    endloop
  endfacet
  facet normal 0 1 0
    outer loop
      vertex 7.75 -8 6.8
      vertex 6.75 -8 0.1
      vertex 6.75 -8 6.8
    endloop
  endfacet
  facet normal 0 1 0
    outer loop
      vertex -6.75 -8 6.8
      vertex -6.75 -8 0.1
      vertex -7.75 -8 6.8
    endloop
  endfacet
  facet normal 0 1 -0
    outer loop
      vertex -7.75 -8 6.8
      vertex -14.5 -8 7.1
      vertex -7.75 -8 7.1
    endloop
  endfacet
  facet normal 0 1 0
    outer loop
      vertex -14.5 -8 0.1
      vertex -7.75 -8 6.8
      vertex -6.75 -8 0.1
    endloop
  endfacet
  facet normal 0 1 0
    outer loop
      vertex -7.75 -8 6.8
      vertex -14.5 -8 0.1
      vertex -14.5 -8 7.1
    endloop
  endfacet
  facet normal 0 1 0
    outer loop
      vertex -10.5 -8 16.9
      vertex -6.75 -8 23.9
      vertex -6.75 -8 16.9
    endloop
  endfacet
  facet normal 0 1 0
    outer loop
      vertex -6.75 -8 23.9
      vertex -10.5 -8 16.9
      vertex -14.5 -8 23.9
    endloop
  endfacet
  facet normal 0 1 -0
    outer loop
      vertex -12.5 -8 16.9
      vertex -14.5 -8 23.9
      vertex -10.5 -8 16.9
    endloop
  endfacet
  facet normal 0 1 0
    outer loop
      vertex -14.5 -8 23.9
      vertex -12.5 -8 16.9
      vertex -14.5 -8 16.9
    endloop
  endfacet
  facet normal 0 1 0
    outer loop
      vertex 12.5 -8 16.9
      vertex 14.5 -8 23.9
      vertex 14.5 -8 16.9
    endloop
  endfacet
  facet normal 0 1 0
    outer loop
      vertex 10.5 -8 16.9
      vertex 14.5 -8 23.9
      vertex 12.5 -8 16.9
    endloop
  endfacet
  facet normal 0 1 0
    outer loop
      vertex 14.5 -8 23.9
      vertex 10.5 -8 16.9
      vertex 6.75 -8 23.9
    endloop
  endfacet
  facet normal 0 1 0
    outer loop
      vertex 6.75 -8 23.9
      vertex 10.5 -8 16.9
      vertex 6.75 -8 16.9
    endloop
  endfacet
  facet normal 0 -1 0
    outer loop
      vertex -6.75 -8 11.8
      vertex 6.75 -8 16.9
      vertex -6.75 -8 16.9
    endloop
  endfacet
  facet normal 0 -1 -0
    outer loop
      vertex 6.75 -8 16.9
      vertex -6.75 -8 11.8
      vertex 6.75 -8 11.8
    endloop
  endfacet
  facet normal -0.442239 -0.896897 0
    outer loop
      vertex -3.25 -25.6292 0.1
      vertex -2.48744 -26.0052 7.1
      vertex -3.25 -25.6292 7.1
    endloop
  endfacet
  facet normal -0.442239 -0.896897 -0
    outer loop
      vertex -2.48744 -26.0052 7.1
      vertex -3.25 -25.6292 0.1
      vertex -2.48744 -26.0052 0.1
    endloop
  endfacet
  facet normal 0.65574 -0.754987 0
    outer loop
      vertex 5.45175 -23.8585 5.5
      vertex 3.95695 -25.1568 7.1
      vertex 3.95695 -25.1568 5.5
    endloop
  endfacet
  facet normal 0.655727 -0.754998 -2.04617e-05
    outer loop
      vertex 3.95695 -25.1568 7.1
      vertex 5.45175 -23.8585 5.5
      vertex 14.5 -16 7.1
    endloop
  endfacet
  facet normal 0.655725 -0.755 0
    outer loop
      vertex 14.5 -16 0.1
      vertex 5.45175 -23.8585 5.5
      vertex 5.45175 -23.8585 0.1
    endloop
  endfacet
  facet normal 0.655725 -0.755 0
    outer loop
      vertex 5.45175 -23.8585 5.5
      vertex 14.5 -16 0.1
      vertex 14.5 -16 7.1
    endloop
  endfacet
  facet normal -0.321438 -0.946931 0
    outer loop
      vertex -2.48744 -26.0052 0.1
      vertex -1.68232 -26.2785 7.1
      vertex -2.48744 -26.0052 7.1
    endloop
  endfacet
  facet normal -0.321438 -0.946931 -0
    outer loop
      vertex -1.68232 -26.2785 7.1
      vertex -2.48744 -26.0052 0.1
      vertex -1.68232 -26.2785 0.1
    endloop
  endfacet
  facet normal 0.555596 -0.831453 0
    outer loop
      vertex 3.25 -25.6292 5.5
      vertex 3.95695 -25.1568 7.1
      vertex 3.25 -25.6292 7.1
    endloop
  endfacet
  facet normal 0.555596 -0.831453 0
    outer loop
      vertex 3.95695 -25.1568 7.1
      vertex 3.25 -25.6292 5.5
      vertex 3.95695 -25.1568 5.5
    endloop
  endfacet
  facet normal -0.195121 -0.980779 0
    outer loop
      vertex -1.68232 -26.2785 0.1
      vertex -0.84842 -26.4444 7.1
      vertex -1.68232 -26.2785 7.1
    endloop
  endfacet
  facet normal -0.195121 -0.980779 -0
    outer loop
      vertex -0.84842 -26.4444 7.1
      vertex -1.68232 -26.2785 0.1
      vertex -0.84842 -26.4444 0.1
    endloop
  endfacet
  facet normal 0.442239 -0.896897 0
    outer loop
      vertex 2.48744 -26.0052 5.5
      vertex 3.25 -25.6292 7.1
      vertex 2.48744 -26.0052 7.1
    endloop
  endfacet
  facet normal 0.442239 -0.896897 0
    outer loop
      vertex 3.25 -25.6292 7.1
      vertex 2.48744 -26.0052 5.5
      vertex 3.25 -25.6292 5.5
    endloop
  endfacet
  facet normal 0.321438 -0.946931 0
    outer loop
      vertex 1.68232 -26.2785 5.5
      vertex 2.48744 -26.0052 7.1
      vertex 1.68232 -26.2785 7.1
    endloop
  endfacet
  facet normal 0.321438 -0.946931 0
    outer loop
      vertex 2.48744 -26.0052 7.1
      vertex 1.68232 -26.2785 5.5
      vertex 2.48744 -26.0052 5.5
    endloop
  endfacet
  facet normal -0.555596 -0.831453 0
    outer loop
      vertex -3.95695 -25.1568 0.1
      vertex -3.25 -25.6292 7.1
      vertex -3.95695 -25.1568 7.1
    endloop
  endfacet
  facet normal -0.555596 -0.831453 -0
    outer loop
      vertex -3.25 -25.6292 7.1
      vertex -3.95695 -25.1568 0.1
      vertex -3.25 -25.6292 0.1
    endloop
  endfacet
  facet normal -0.655727 -0.754998 0
    outer loop
      vertex -14.5 -16 0.1
      vertex -3.95695 -25.1568 7.1
      vertex -14.5 -16 7.1
    endloop
  endfacet
  facet normal -0.655727 -0.754998 -0
    outer loop
      vertex -3.95695 -25.1568 7.1
      vertex -14.5 -16 0.1
      vertex -3.95695 -25.1568 0.1
    endloop
  endfacet
  facet normal 0.195121 -0.980779 0
    outer loop
      vertex 0.84842 -26.4444 5.5
      vertex 1.68232 -26.2785 7.1
      vertex 0.84842 -26.4444 7.1
    endloop
  endfacet
  facet normal 0.195121 -0.980779 0
    outer loop
      vertex 1.68232 -26.2785 7.1
      vertex 0.84842 -26.4444 5.5
      vertex 1.68232 -26.2785 5.5
    endloop
  endfacet
  facet normal 0 0 1
    outer loop
      vertex -7.75 -8 7.1
      vertex -14.5 -8 7.1
      vertex -7.75 -9 7.1
    endloop
  endfacet
  facet normal 0 0 1
    outer loop
      vertex 14.5 -16 7.1
      vertex 4.21364 -19.4453 7.1
      vertex 4.25 -20 7.1
    endloop
  endfacet
  facet normal 0 0 1
    outer loop
      vertex 14.5 -16 7.1
      vertex 4.10518 -18.9 7.1
      vertex 4.21364 -19.4453 7.1
    endloop
  endfacet
  facet normal 0 0 1
    outer loop
      vertex 14.5 -16 7.1
      vertex 3.92649 -18.3736 7.1
      vertex 4.10518 -18.9 7.1
    endloop
  endfacet
  facet normal 0 0 1
    outer loop
      vertex 14.5 -16 7.1
      vertex 3.68061 -17.875 7.1
      vertex 3.92649 -18.3736 7.1
    endloop
  endfacet
  facet normal 0 0 1
    outer loop
      vertex 7.75 -9 7.1
      vertex 3.37175 -17.4128 7.1
      vertex 3.68061 -17.875 7.1
    endloop
  endfacet
  facet normal 0 0 1
    outer loop
      vertex 7.75 -9 7.1
      vertex 3.0052 -16.9948 7.1
      vertex 3.37175 -17.4128 7.1
    endloop
  endfacet
  facet normal 0 0 1
    outer loop
      vertex 7.75 -9 7.1
      vertex 2.58724 -16.6282 7.1
      vertex 3.0052 -16.9948 7.1
    endloop
  endfacet
  facet normal 0 0 1
    outer loop
      vertex 7.75 -9 7.1
      vertex 2.125 -16.3194 7.1
      vertex 2.58724 -16.6282 7.1
    endloop
  endfacet
  facet normal 0 0 1
    outer loop
      vertex 7.75 -9 7.1
      vertex 1.6264 -16.0735 7.1
      vertex 2.125 -16.3194 7.1
    endloop
  endfacet
  facet normal 0 0 1
    outer loop
      vertex 7.75 -9 7.1
      vertex 1.09998 -15.8948 7.1
      vertex 1.6264 -16.0735 7.1
    endloop
  endfacet
  facet normal 0 0 1
    outer loop
      vertex 7.75 -9 7.1
      vertex 0.554736 -15.7864 7.1
      vertex 1.09998 -15.8948 7.1
    endloop
  endfacet
  facet normal 0 0 1
    outer loop
      vertex 7.75 -9 7.1
      vertex 0 -15.75 7.1
      vertex 0.554736 -15.7864 7.1
    endloop
  endfacet
  facet normal -0 0 1
    outer loop
      vertex -7.75 -9 7.1
      vertex 0 -15.75 7.1
      vertex 7.75 -9 7.1
    endloop
  endfacet
  facet normal 0 0 1
    outer loop
      vertex 0 -15.75 7.1
      vertex -7.75 -9 7.1
      vertex -0.554736 -15.7864 7.1
    endloop
  endfacet
  facet normal 0 0 1
    outer loop
      vertex -0.554736 -15.7864 7.1
      vertex -7.75 -9 7.1
      vertex -1.09998 -15.8948 7.1
    endloop
  endfacet
  facet normal 0 0 1
    outer loop
      vertex -1.09998 -15.8948 7.1
      vertex -7.75 -9 7.1
      vertex -1.6264 -16.0735 7.1
    endloop
  endfacet
  facet normal 0 0 1
    outer loop
      vertex -1.6264 -16.0735 7.1
      vertex -7.75 -9 7.1
      vertex -2.125 -16.3194 7.1
    endloop
  endfacet
  facet normal 0 0 1
    outer loop
      vertex -4.10518 -18.9 7.1
      vertex -14.5 -16 7.1
      vertex -4.21364 -19.4453 7.1
    endloop
  endfacet
  facet normal 0 0 1
    outer loop
      vertex -3.92649 -18.3736 7.1
      vertex -14.5 -16 7.1
      vertex -4.10518 -18.9 7.1
    endloop
  endfacet
  facet normal 0 0 1
    outer loop
      vertex -3.68061 -17.875 7.1
      vertex -14.5 -16 7.1
      vertex -3.92649 -18.3736 7.1
    endloop
  endfacet
  facet normal -0 0 1
    outer loop
      vertex -14.5 -16 7.1
      vertex -3.68061 -17.875 7.1
      vertex -7.75 -9 7.1
    endloop
  endfacet
  facet normal 0 0 1
    outer loop
      vertex -3.37175 -17.4128 7.1
      vertex -7.75 -9 7.1
      vertex -3.68061 -17.875 7.1
    endloop
  endfacet
  facet normal 0 0 1
    outer loop
      vertex -3.0052 -16.9948 7.1
      vertex -7.75 -9 7.1
      vertex -3.37175 -17.4128 7.1
    endloop
  endfacet
  facet normal 0 0 1
    outer loop
      vertex -2.58724 -16.6282 7.1
      vertex -7.75 -9 7.1
      vertex -3.0052 -16.9948 7.1
    endloop
  endfacet
  facet normal 0 0 1
    outer loop
      vertex -2.125 -16.3194 7.1
      vertex -7.75 -9 7.1
      vertex -2.58724 -16.6282 7.1
    endloop
  endfacet
  facet normal 0 0 1
    outer loop
      vertex 7.75 -9 7.1
      vertex 14.5 -8 7.1
      vertex 7.75 -8 7.1
    endloop
  endfacet
  facet normal 0 0 1
    outer loop
      vertex 14.5 -8 7.1
      vertex 7.75 -9 7.1
      vertex 14.5 -16 7.1
    endloop
  endfacet
  facet normal 0 0 1
    outer loop
      vertex 3.68061 -17.875 7.1
      vertex 14.5 -16 7.1
      vertex 7.75 -9 7.1
    endloop
  endfacet
  facet normal 0 0 1
    outer loop
      vertex 4.21364 -20.5547 7.1
      vertex 14.5 -16 7.1
      vertex 4.25 -20 7.1
    endloop
  endfacet
  facet normal 0 0 1
    outer loop
      vertex 4.10518 -21.1 7.1
      vertex 14.5 -16 7.1
      vertex 4.21364 -20.5547 7.1
    endloop
  endfacet
  facet normal -0 0 1
    outer loop
      vertex 4.10518 -21.1 7.1
      vertex 3.95695 -25.1568 7.1
      vertex 14.5 -16 7.1
    endloop
  endfacet
  facet normal -0 0 1
    outer loop
      vertex 3.92649 -21.6264 7.1
      vertex 3.95695 -25.1568 7.1
      vertex 4.10518 -21.1 7.1
    endloop
  endfacet
  facet normal -0 0 1
    outer loop
      vertex 3.68061 -22.125 7.1
      vertex 3.95695 -25.1568 7.1
      vertex 3.92649 -21.6264 7.1
    endloop
  endfacet
  facet normal -0 0 1
    outer loop
      vertex 3.37175 -22.5872 7.1
      vertex 3.95695 -25.1568 7.1
      vertex 3.68061 -22.125 7.1
    endloop
  endfacet
  facet normal -0 0 1
    outer loop
      vertex 3.0052 -23.0052 7.1
      vertex 3.95695 -25.1568 7.1
      vertex 3.37175 -22.5872 7.1
    endloop
  endfacet
  facet normal -0 0 1
    outer loop
      vertex 2.58724 -23.3717 7.1
      vertex 3.95695 -25.1568 7.1
      vertex 3.0052 -23.0052 7.1
    endloop
  endfacet
  facet normal 0 0 1
    outer loop
      vertex 3.95695 -25.1568 7.1
      vertex 2.58724 -23.3717 7.1
      vertex 3.25 -25.6292 7.1
    endloop
  endfacet
  facet normal -0 0 1
    outer loop
      vertex 2.125 -23.6806 7.1
      vertex 3.25 -25.6292 7.1
      vertex 2.58724 -23.3717 7.1
    endloop
  endfacet
  facet normal 0 0 1
    outer loop
      vertex 3.25 -25.6292 7.1
      vertex 2.125 -23.6806 7.1
      vertex 2.48744 -26.0052 7.1
    endloop
  endfacet
  facet normal -0 0 1
    outer loop
      vertex 1.6264 -23.9265 7.1
      vertex 2.48744 -26.0052 7.1
      vertex 2.125 -23.6806 7.1
    endloop
  endfacet
  facet normal 0 0 1
    outer loop
      vertex 2.48744 -26.0052 7.1
      vertex 1.6264 -23.9265 7.1
      vertex 1.68232 -26.2785 7.1
    endloop
  endfacet
  facet normal -0 0 1
    outer loop
      vertex 1.09998 -24.1052 7.1
      vertex 1.68232 -26.2785 7.1
      vertex 1.6264 -23.9265 7.1
    endloop
  endfacet
  facet normal 0 0 1
    outer loop
      vertex 1.09998 -24.1052 7.1
      vertex 0.84842 -26.4444 7.1
      vertex 1.68232 -26.2785 7.1
    endloop
  endfacet
  facet normal -0 0 1
    outer loop
      vertex 0.554736 -24.2136 7.1
      vertex 0.84842 -26.4444 7.1
      vertex 1.09998 -24.1052 7.1
    endloop
  endfacet
  facet normal -0 0 1
    outer loop
      vertex 0 -24.25 7.1
      vertex 0.84842 -26.4444 7.1
      vertex 0.554736 -24.2136 7.1
    endloop
  endfacet
  facet normal 0 0 1
    outer loop
      vertex 0 -24.25 7.1
      vertex 0 -26.5 7.1
      vertex 0.84842 -26.4444 7.1
    endloop
  endfacet
  facet normal 0 0 1
    outer loop
      vertex -0.554736 -24.2136 7.1
      vertex 0 -26.5 7.1
      vertex 0 -24.25 7.1
    endloop
  endfacet
  facet normal 0 0 1
    outer loop
      vertex -0.554736 -24.2136 7.1
      vertex -0.84842 -26.4444 7.1
      vertex 0 -26.5 7.1
    endloop
  endfacet
  facet normal 0 0 1
    outer loop
      vertex -1.09998 -24.1052 7.1
      vertex -0.84842 -26.4444 7.1
      vertex -0.554736 -24.2136 7.1
    endloop
  endfacet
  facet normal 0 0 1
    outer loop
      vertex -1.68232 -26.2785 7.1
      vertex -1.09998 -24.1052 7.1
      vertex -1.6264 -23.9265 7.1
    endloop
  endfacet
  facet normal 0 0 1
    outer loop
      vertex -1.09998 -24.1052 7.1
      vertex -1.68232 -26.2785 7.1
      vertex -0.84842 -26.4444 7.1
    endloop
  endfacet
  facet normal 0 0 1
    outer loop
      vertex -2.48744 -26.0052 7.1
      vertex -1.6264 -23.9265 7.1
      vertex -2.125 -23.6806 7.1
    endloop
  endfacet
  facet normal 0 0 1
    outer loop
      vertex -1.6264 -23.9265 7.1
      vertex -2.48744 -26.0052 7.1
      vertex -1.68232 -26.2785 7.1
    endloop
  endfacet
  facet normal 0 0 1
    outer loop
      vertex -3.25 -25.6292 7.1
      vertex -2.125 -23.6806 7.1
      vertex -2.58724 -23.3717 7.1
    endloop
  endfacet
  facet normal 0 0 1
    outer loop
      vertex -3.95695 -25.1568 7.1
      vertex -2.58724 -23.3717 7.1
      vertex -3.0052 -23.0052 7.1
    endloop
  endfacet
  facet normal 0 0 1
    outer loop
      vertex -2.125 -23.6806 7.1
      vertex -3.25 -25.6292 7.1
      vertex -2.48744 -26.0052 7.1
    endloop
  endfacet
  facet normal 0 0 1
    outer loop
      vertex -3.95695 -25.1568 7.1
      vertex -3.0052 -23.0052 7.1
      vertex -3.37175 -22.5872 7.1
    endloop
  endfacet
  facet normal 0 0 1
    outer loop
      vertex -3.95695 -25.1568 7.1
      vertex -3.37175 -22.5872 7.1
      vertex -3.68061 -22.125 7.1
    endloop
  endfacet
  facet normal 0 0 1
    outer loop
      vertex -3.95695 -25.1568 7.1
      vertex -3.68061 -22.125 7.1
      vertex -3.92649 -21.6264 7.1
    endloop
  endfacet
  facet normal 0 0 1
    outer loop
      vertex -2.58724 -23.3717 7.1
      vertex -3.95695 -25.1568 7.1
      vertex -3.25 -25.6292 7.1
    endloop
  endfacet
  facet normal 0 0 1
    outer loop
      vertex -4.10518 -21.1 7.1
      vertex -3.95695 -25.1568 7.1
      vertex -3.92649 -21.6264 7.1
    endloop
  endfacet
  facet normal 0 0 1
    outer loop
      vertex -14.5 -16 7.1
      vertex -4.10518 -21.1 7.1
      vertex -4.21364 -20.5547 7.1
    endloop
  endfacet
  facet normal 0 0 1
    outer loop
      vertex -14.5 -16 7.1
      vertex -4.21364 -20.5547 7.1
      vertex -4.25 -20 7.1
    endloop
  endfacet
  facet normal 0 0 1
    outer loop
      vertex -4.21364 -19.4453 7.1
      vertex -14.5 -16 7.1
      vertex -4.25 -20 7.1
    endloop
  endfacet
  facet normal 0 0 1
    outer loop
      vertex -14.5 -16 7.1
      vertex -7.75 -9 7.1
      vertex -14.5 -8 7.1
    endloop
  endfacet
  facet normal 0 0 1
    outer loop
      vertex -4.10518 -21.1 7.1
      vertex -14.5 -16 7.1
      vertex -3.95695 -25.1568 7.1
    endloop
  endfacet
  facet normal 0 0 -1
    outer loop
      vertex 0 -32 0.1
      vertex 39.7814 -42.5106 0.1
      vertex 39.8041 -42.8565 0.1
    endloop
  endfacet
  facet normal 0 0 -1
    outer loop
      vertex 0 -32 0.1
      vertex 39.8041 -42.8565 0.1
      vertex 39.8562 -43.1184 0.1
    endloop
  endfacet
  facet normal 0 0 -1
    outer loop
      vertex 5.45175 -23.8585 0.1
      vertex 1.58631 -20.2088 0.1
      vertex 1.6 -20 0.1
    endloop
  endfacet
  facet normal 0 0 -1
    outer loop
      vertex 5.45175 -23.8585 0.1
      vertex 1.54548 -20.4141 0.1
      vertex 1.58631 -20.2088 0.1
    endloop
  endfacet
  facet normal 0 0 -1
    outer loop
      vertex 5.45175 -23.8585 0.1
      vertex 1.47821 -20.6123 0.1
      vertex 1.54548 -20.4141 0.1
    endloop
  endfacet
  facet normal 0 0 -1
    outer loop
      vertex 5.45175 -23.8585 0.1
      vertex 1.38564 -20.8 0.1
      vertex 1.47821 -20.6123 0.1
    endloop
  endfacet
  facet normal 0 0 -1
    outer loop
      vertex 5.45175 -23.8585 0.1
      vertex 1.26937 -20.974 0.1
      vertex 1.38564 -20.8 0.1
    endloop
  endfacet
  facet normal 0 0 -1
    outer loop
      vertex 5.45175 -23.8585 0.1
      vertex 1.13137 -21.1314 0.1
      vertex 1.26937 -20.974 0.1
    endloop
  endfacet
  facet normal 0 0 -1
    outer loop
      vertex 5.45175 -23.8585 0.1
      vertex 0.974018 -21.2694 0.1
      vertex 1.13137 -21.1314 0.1
    endloop
  endfacet
  facet normal 0 0 -1
    outer loop
      vertex 5.45175 -23.8585 0.1
      vertex 0.799999 -21.3856 0.1
      vertex 0.974018 -21.2694 0.1
    endloop
  endfacet
  facet normal 0 0 -1
    outer loop
      vertex 39.7814 -42.5106 0.1
      vertex 0 -32 0.1
      vertex 5.45175 -23.8585 0.1
    endloop
  endfacet
  facet normal -0 0 -1
    outer loop
      vertex 5.45175 -23.8585 0.1
      vertex 0 -26.5 0.1
      vertex 0.799999 -21.3856 0.1
    endloop
  endfacet
  facet normal 0 0 -1
    outer loop
      vertex 0.799999 -21.3856 0.1
      vertex 0 -26.5 0.1
      vertex 0.612293 -21.4782 0.1
    endloop
  endfacet
  facet normal 0 0 -1
    outer loop
      vertex 0.612293 -21.4782 0.1
      vertex 0 -26.5 0.1
      vertex 0.41411 -21.5455 0.1
    endloop
  endfacet
  facet normal 0 0 -1
    outer loop
      vertex 5.45175 -23.8585 0.1
      vertex 0 -32 0.1
      vertex 0 -26.5 0.1
    endloop
  endfacet
  facet normal 0 0 -1
    outer loop
      vertex 0.41411 -21.5455 0.1
      vertex 0 -26.5 0.1
      vertex 0.208841 -21.5863 0.1
    endloop
  endfacet
  facet normal 0 0 -1
    outer loop
      vertex 0 -26.5 0.1
      vertex 0 -21.6 0.1
      vertex 0.208841 -21.5863 0.1
    endloop
  endfacet
  facet normal 0 0 -1
    outer loop
      vertex 0 -26.5 0.1
      vertex -0.208841 -21.5863 0.1
      vertex 0 -21.6 0.1
    endloop
  endfacet
  facet normal 0 0 -1
    outer loop
      vertex -0.84842 -26.4444 0.1
      vertex -0.208841 -21.5863 0.1
      vertex 0 -26.5 0.1
    endloop
  endfacet
  facet normal -0 0 -1
    outer loop
      vertex -0.208841 -21.5863 0.1
      vertex -0.84842 -26.4444 0.1
      vertex -0.41411 -21.5455 0.1
    endloop
  endfacet
  facet normal 0 0 -1
    outer loop
      vertex -1.68232 -26.2785 0.1
      vertex -0.41411 -21.5455 0.1
      vertex -0.84842 -26.4444 0.1
    endloop
  endfacet
  facet normal -0 0 -1
    outer loop
      vertex -0.41411 -21.5455 0.1
      vertex -1.68232 -26.2785 0.1
      vertex -0.612293 -21.4782 0.1
    endloop
  endfacet
  facet normal 0 0 -1
    outer loop
      vertex -2.48744 -26.0052 0.1
      vertex -0.612293 -21.4782 0.1
      vertex -1.68232 -26.2785 0.1
    endloop
  endfacet
  facet normal -0 0 -1
    outer loop
      vertex -0.612293 -21.4782 0.1
      vertex -2.48744 -26.0052 0.1
      vertex -0.799999 -21.3856 0.1
    endloop
  endfacet
  facet normal 0 0 -1
    outer loop
      vertex -3.25 -25.6292 0.1
      vertex -0.799999 -21.3856 0.1
      vertex -2.48744 -26.0052 0.1
    endloop
  endfacet
  facet normal -0 0 -1
    outer loop
      vertex -0.799999 -21.3856 0.1
      vertex -3.25 -25.6292 0.1
      vertex -0.974018 -21.2694 0.1
    endloop
  endfacet
  facet normal 0 0 -1
    outer loop
      vertex -3.95695 -25.1568 0.1
      vertex -0.974018 -21.2694 0.1
      vertex -3.25 -25.6292 0.1
    endloop
  endfacet
  facet normal -0 0 -1
    outer loop
      vertex -0.974018 -21.2694 0.1
      vertex -3.95695 -25.1568 0.1
      vertex -1.13137 -21.1314 0.1
    endloop
  endfacet
  facet normal -0 0 -1
    outer loop
      vertex -1.13137 -21.1314 0.1
      vertex -3.95695 -25.1568 0.1
      vertex -1.26937 -20.974 0.1
    endloop
  endfacet
  facet normal -0 0 -1
    outer loop
      vertex -1.38564 -20.8 0.1
      vertex -3.95695 -25.1568 0.1
      vertex -1.47821 -20.6123 0.1
    endloop
  endfacet
  facet normal -0 0 -1
    outer loop
      vertex -1.26937 -20.974 0.1
      vertex -3.95695 -25.1568 0.1
      vertex -1.38564 -20.8 0.1
    endloop
  endfacet
  facet normal 0 0 -1
    outer loop
      vertex 45.0587 -42.1647 0.1
      vertex 48.4314 -45.5106 0.1
      vertex 45.0814 -42.5106 0.1
    endloop
  endfacet
  facet normal 0 0 -1
    outer loop
      vertex 48.4314 -45.5106 0.1
      vertex 45.0587 -42.8565 0.1
      vertex 45.0814 -42.5106 0.1
    endloop
  endfacet
  facet normal 0 0 -1
    outer loop
      vertex 48.4314 -45.5106 0.1
      vertex 44.9911 -43.1964 0.1
      vertex 45.0587 -42.8565 0.1
    endloop
  endfacet
  facet normal 0 0 -1
    outer loop
      vertex 48.4314 -45.5106 0.1
      vertex 44.8797 -43.5247 0.1
      vertex 44.9911 -43.1964 0.1
    endloop
  endfacet
  facet normal 0 0 -1
    outer loop
      vertex 48.4314 -45.5106 0.1
      vertex 44.7264 -43.8356 0.1
      vertex 44.8797 -43.5247 0.1
    endloop
  endfacet
  facet normal 0 0 -1
    outer loop
      vertex 48.4314 -45.5106 0.1
      vertex 44.5338 -44.1238 0.1
      vertex 44.7264 -43.8356 0.1
    endloop
  endfacet
  facet normal 0 -0 -1
    outer loop
      vertex 44.5338 -44.1238 0.1
      vertex 48.4314 -45.5106 0.1
      vertex 44.3228 -44.3644 0.1
    endloop
  endfacet
  facet normal 0 0 -1
    outer loop
      vertex 48.4314 -45.5106 0.1
      vertex 45.0587 -42.1647 0.1
      vertex 48.4314 -38.5106 0.1
    endloop
  endfacet
  facet normal 0 0 -1
    outer loop
      vertex 44.9911 -41.8247 0.1
      vertex 48.4314 -38.5106 0.1
      vertex 45.0587 -42.1647 0.1
    endloop
  endfacet
  facet normal 0 0 -1
    outer loop
      vertex 44.8797 -41.4964 0.1
      vertex 48.4314 -38.5106 0.1
      vertex 44.9911 -41.8247 0.1
    endloop
  endfacet
  facet normal 0 0 -1
    outer loop
      vertex 44.7264 -41.1856 0.1
      vertex 48.4314 -38.5106 0.1
      vertex 44.8797 -41.4964 0.1
    endloop
  endfacet
  facet normal 0 0 -1
    outer loop
      vertex 44.5338 -40.8973 0.1
      vertex 48.4314 -38.5106 0.1
      vertex 44.7264 -41.1856 0.1
    endloop
  endfacet
  facet normal 0 0 -1
    outer loop
      vertex 44.3052 -40.6367 0.1
      vertex 48.4314 -38.5106 0.1
      vertex 44.5338 -40.8973 0.1
    endloop
  endfacet
  facet normal 0 0 -1
    outer loop
      vertex 44.0446 -40.4082 0.1
      vertex 48.4314 -38.5106 0.1
      vertex 44.3052 -40.6367 0.1
    endloop
  endfacet
  facet normal 0 0 -1
    outer loop
      vertex 43.7564 -40.2156 0.1
      vertex 48.4314 -38.5106 0.1
      vertex 44.0446 -40.4082 0.1
    endloop
  endfacet
  facet normal 0 0 -1
    outer loop
      vertex 43.4455 -40.0623 0.1
      vertex 48.4314 -38.5106 0.1
      vertex 43.7564 -40.2156 0.1
    endloop
  endfacet
  facet normal 0 0 -1
    outer loop
      vertex 43.1173 -39.9509 0.1
      vertex 48.4314 -38.5106 0.1
      vertex 43.4455 -40.0623 0.1
    endloop
  endfacet
  facet normal 0 0 -1
    outer loop
      vertex 42.7773 -39.8832 0.1
      vertex 48.4314 -38.5106 0.1
      vertex 43.1173 -39.9509 0.1
    endloop
  endfacet
  facet normal 0 0 -1
    outer loop
      vertex 42.4314 -39.8606 0.1
      vertex 48.4314 -38.5106 0.1
      vertex 42.7773 -39.8832 0.1
    endloop
  endfacet
  facet normal 0 0 -1
    outer loop
      vertex 42.0855 -39.8832 0.1
      vertex 48.4314 -38.5106 0.1
      vertex 42.4314 -39.8606 0.1
    endloop
  endfacet
  facet normal 0 0 -1
    outer loop
      vertex 5.45175 -23.8585 0.1
      vertex 42.0855 -39.8832 0.1
      vertex 41.7455 -39.9509 0.1
    endloop
  endfacet
  facet normal 0 0 -1
    outer loop
      vertex 42.0855 -39.8832 0.1
      vertex 5.45175 -23.8585 0.1
      vertex 48.4314 -38.5106 0.1
    endloop
  endfacet
  facet normal 0 0 -1
    outer loop
      vertex 41.4173 -40.0623 0.1
      vertex 5.45175 -23.8585 0.1
      vertex 41.7455 -39.9509 0.1
    endloop
  endfacet
  facet normal 0 0 -1
    outer loop
      vertex 41.1064 -40.2156 0.1
      vertex 5.45175 -23.8585 0.1
      vertex 41.4173 -40.0623 0.1
    endloop
  endfacet
  facet normal 0 0 -1
    outer loop
      vertex 40.8182 -40.4082 0.1
      vertex 5.45175 -23.8585 0.1
      vertex 41.1064 -40.2156 0.1
    endloop
  endfacet
  facet normal 0 0 -1
    outer loop
      vertex 40.5576 -40.6367 0.1
      vertex 5.45175 -23.8585 0.1
      vertex 40.8182 -40.4082 0.1
    endloop
  endfacet
  facet normal 0 0 -1
    outer loop
      vertex 40.329 -40.8973 0.1
      vertex 5.45175 -23.8585 0.1
      vertex 40.5576 -40.6367 0.1
    endloop
  endfacet
  facet normal 0 0 -1
    outer loop
      vertex 40.1364 -41.1856 0.1
      vertex 5.45175 -23.8585 0.1
      vertex 40.329 -40.8973 0.1
    endloop
  endfacet
  facet normal 0 0 -1
    outer loop
      vertex 39.9831 -41.4964 0.1
      vertex 5.45175 -23.8585 0.1
      vertex 40.1364 -41.1856 0.1
    endloop
  endfacet
  facet normal 0 0 -1
    outer loop
      vertex 39.8717 -41.8247 0.1
      vertex 5.45175 -23.8585 0.1
      vertex 39.9831 -41.4964 0.1
    endloop
  endfacet
  facet normal 0 0 -1
    outer loop
      vertex 39.8041 -42.1647 0.1
      vertex 5.45175 -23.8585 0.1
      vertex 39.8717 -41.8247 0.1
    endloop
  endfacet
  facet normal 0 0 -1
    outer loop
      vertex 5.45175 -23.8585 0.1
      vertex 39.8041 -42.1647 0.1
      vertex 39.7814 -42.5106 0.1
    endloop
  endfacet
  facet normal 0 0 -1
    outer loop
      vertex 14.5 -16 0.1
      vertex 6.75 -8 0.1
      vertex 14.5 -8 0.1
    endloop
  endfacet
  facet normal 0 0 -1
    outer loop
      vertex 1.54548 -19.5859 0.1
      vertex 14.5 -16 0.1
      vertex 5.45175 -23.8585 0.1
    endloop
  endfacet
  facet normal 0 0 -1
    outer loop
      vertex 1.58631 -19.7912 0.1
      vertex 5.45175 -23.8585 0.1
      vertex 1.6 -20 0.1
    endloop
  endfacet
  facet normal 0 0 -1
    outer loop
      vertex 1.54548 -19.5859 0.1
      vertex 5.45175 -23.8585 0.1
      vertex 1.58631 -19.7912 0.1
    endloop
  endfacet
  facet normal 0 0 -1
    outer loop
      vertex 14.5 -16 0.1
      vertex 1.54548 -19.5859 0.1
      vertex 1.47821 -19.3877 0.1
    endloop
  endfacet
  facet normal 0 0 -1
    outer loop
      vertex 1.38564 -19.2 0.1
      vertex 14.5 -16 0.1
      vertex 1.47821 -19.3877 0.1
    endloop
  endfacet
  facet normal -0 0 -1
    outer loop
      vertex 14.5 -16 0.1
      vertex 1.38564 -19.2 0.1
      vertex 6.75 -8 0.1
    endloop
  endfacet
  facet normal 0 0 -1
    outer loop
      vertex 1.26937 -19.026 0.1
      vertex 6.75 -8 0.1
      vertex 1.38564 -19.2 0.1
    endloop
  endfacet
  facet normal 0 0 -1
    outer loop
      vertex 1.13137 -18.8686 0.1
      vertex 6.75 -8 0.1
      vertex 1.26937 -19.026 0.1
    endloop
  endfacet
  facet normal 0 0 -1
    outer loop
      vertex 0.974018 -18.7306 0.1
      vertex 6.75 -8 0.1
      vertex 1.13137 -18.8686 0.1
    endloop
  endfacet
  facet normal 0 0 -1
    outer loop
      vertex 0.799999 -18.6144 0.1
      vertex 6.75 -8 0.1
      vertex 0.974018 -18.7306 0.1
    endloop
  endfacet
  facet normal 0 0 -1
    outer loop
      vertex 0.612293 -18.5218 0.1
      vertex 6.75 -8 0.1
      vertex 0.799999 -18.6144 0.1
    endloop
  endfacet
  facet normal 0 0 -1
    outer loop
      vertex 0.41411 -18.4545 0.1
      vertex 6.75 -8 0.1
      vertex 0.612293 -18.5218 0.1
    endloop
  endfacet
  facet normal 0 0 -1
    outer loop
      vertex 0.208841 -18.4137 0.1
      vertex 6.75 -8 0.1
      vertex 0.41411 -18.4545 0.1
    endloop
  endfacet
  facet normal 0 0 -1
    outer loop
      vertex 0 -18.4 0.1
      vertex 6.75 -8 0.1
      vertex 0.208841 -18.4137 0.1
    endloop
  endfacet
  facet normal 0 0 -1
    outer loop
      vertex -6.75 -8 0.1
      vertex 0 -18.4 0.1
      vertex -0.208841 -18.4137 0.1
    endloop
  endfacet
  facet normal 0 0 -1
    outer loop
      vertex -6.75 -8 0.1
      vertex -0.208841 -18.4137 0.1
      vertex -0.41411 -18.4545 0.1
    endloop
  endfacet
  facet normal 0 0 -1
    outer loop
      vertex -6.75 -8 0.1
      vertex -0.41411 -18.4545 0.1
      vertex -0.612293 -18.5218 0.1
    endloop
  endfacet
  facet normal 0 0 -1
    outer loop
      vertex -6.75 -8 0.1
      vertex -0.612293 -18.5218 0.1
      vertex -0.799999 -18.6144 0.1
    endloop
  endfacet
  facet normal 0 0 -1
    outer loop
      vertex -6.75 -8 0.1
      vertex -0.799999 -18.6144 0.1
      vertex -0.974018 -18.7306 0.1
    endloop
  endfacet
  facet normal 0 0 -1
    outer loop
      vertex -6.75 -8 0.1
      vertex -0.974018 -18.7306 0.1
      vertex -1.13137 -18.8686 0.1
    endloop
  endfacet
  facet normal 0 0 -1
    outer loop
      vertex -6.75 -8 0.1
      vertex -1.13137 -18.8686 0.1
      vertex -1.26937 -19.026 0.1
    endloop
  endfacet
  facet normal -0 0 -1
    outer loop
      vertex -1.47821 -20.6123 0.1
      vertex -3.95695 -25.1568 0.1
      vertex -1.54548 -20.4141 0.1
    endloop
  endfacet
  facet normal -0 0 -1
    outer loop
      vertex -1.54548 -20.4141 0.1
      vertex -3.95695 -25.1568 0.1
      vertex -1.58631 -20.2088 0.1
    endloop
  endfacet
  facet normal -0 0 -1
    outer loop
      vertex -1.58631 -20.2088 0.1
      vertex -3.95695 -25.1568 0.1
      vertex -1.6 -20 0.1
    endloop
  endfacet
  facet normal 0 0 -1
    outer loop
      vertex -14.5 -16 0.1
      vertex -1.6 -20 0.1
      vertex -3.95695 -25.1568 0.1
    endloop
  endfacet
  facet normal 0 0 -1
    outer loop
      vertex -1.6 -20 0.1
      vertex -14.5 -16 0.1
      vertex -1.58631 -19.7912 0.1
    endloop
  endfacet
  facet normal 0 0 -1
    outer loop
      vertex -1.58631 -19.7912 0.1
      vertex -14.5 -16 0.1
      vertex -1.54548 -19.5859 0.1
    endloop
  endfacet
  facet normal 0 0 -1
    outer loop
      vertex 0 -18.4 0.1
      vertex -6.75 -8 0.1
      vertex 6.75 -8 0.1
    endloop
  endfacet
  facet normal 0 0 -1
    outer loop
      vertex -1.38564 -19.2 0.1
      vertex -6.75 -8 0.1
      vertex -1.26937 -19.026 0.1
    endloop
  endfacet
  facet normal 0 0 -1
    outer loop
      vertex -14.5 -16 0.1
      vertex -1.38564 -19.2 0.1
      vertex -1.47821 -19.3877 0.1
    endloop
  endfacet
  facet normal 0 0 -1
    outer loop
      vertex -1.54548 -19.5859 0.1
      vertex -14.5 -16 0.1
      vertex -1.47821 -19.3877 0.1
    endloop
  endfacet
  facet normal 0 0 -1
    outer loop
      vertex -1.38564 -19.2 0.1
      vertex -14.5 -16 0.1
      vertex -6.75 -8 0.1
    endloop
  endfacet
  facet normal -0 0 -1
    outer loop
      vertex -6.75 -8 0.1
      vertex -14.5 -16 0.1
      vertex -14.5 -8 0.1
    endloop
  endfacet
  facet normal 0.0653933 -0.99786 0
    outer loop
      vertex 0 -26.5 5.5
      vertex 0.84842 -26.4444 7.1
      vertex 0 -26.5 7.1
    endloop
  endfacet
  facet normal 0.0653933 -0.99786 0
    outer loop
      vertex 0.84842 -26.4444 7.1
      vertex 0 -26.5 5.5
      vertex 0.84842 -26.4444 5.5
    endloop
  endfacet
  facet normal 0.65574 -0.754987 0
    outer loop
      vertex 3.95695 -25.1568 18.5
      vertex 3.95695 -25.1568 16.9
      vertex 5.45175 -23.8585 18.5
    endloop
  endfacet
  facet normal 0.655725 -0.755 0
    outer loop
      vertex 5.45175 -23.8585 18.5
      vertex 14.5 -16 23.9
      vertex 5.45175 -23.8585 23.9
    endloop
  endfacet
  facet normal 0.655727 -0.754998 2.04617e-05
    outer loop
      vertex 14.5 -16 16.9
      vertex 5.45175 -23.8585 18.5
      vertex 3.95695 -25.1568 16.9
    endloop
  endfacet
  facet normal 0.655725 -0.755 0
    outer loop
      vertex 5.45175 -23.8585 18.5
      vertex 14.5 -16 16.9
      vertex 14.5 -16 23.9
    endloop
  endfacet
  facet normal -1 0 0
    outer loop
      vertex -14.5 -16 16.9
      vertex -14.5 -8 23.9
      vertex -14.5 -8 16.9
    endloop
  endfacet
  facet normal -1 -0 0
    outer loop
      vertex -14.5 -8 23.9
      vertex -14.5 -16 16.9
      vertex -14.5 -16 23.9
    endloop
  endfacet
  facet normal 1 -0 0
    outer loop
      vertex 14.5 -16 23.9
      vertex 14.5 -8 16.9
      vertex 14.5 -8 23.9
    endloop
  endfacet
  facet normal 1 0 0
    outer loop
      vertex 14.5 -8 16.9
      vertex 14.5 -16 23.9
      vertex 14.5 -16 16.9
    endloop
  endfacet
  facet normal 0.321438 -0.946931 0
    outer loop
      vertex 1.68232 -26.2785 16.9
      vertex 2.48744 -26.0052 18.5
      vertex 1.68232 -26.2785 18.5
    endloop
  endfacet
  facet normal 0.321438 -0.946931 0
    outer loop
      vertex 2.48744 -26.0052 18.5
      vertex 1.68232 -26.2785 16.9
      vertex 2.48744 -26.0052 16.9
    endloop
  endfacet
  facet normal -0.195121 -0.980779 0
    outer loop
      vertex -1.68232 -26.2785 16.9
      vertex -0.84842 -26.4444 23.9
      vertex -1.68232 -26.2785 23.9
    endloop
  endfacet
  facet normal -0.195121 -0.980779 -0
    outer loop
      vertex -0.84842 -26.4444 23.9
      vertex -1.68232 -26.2785 16.9
      vertex -0.84842 -26.4444 16.9
    endloop
  endfacet
  facet normal -0.655727 -0.754998 0
    outer loop
      vertex -14.5 -16 16.9
      vertex -3.95695 -25.1568 23.9
      vertex -14.5 -16 23.9
    endloop
  endfacet
  facet normal -0.655727 -0.754998 -0
    outer loop
      vertex -3.95695 -25.1568 23.9
      vertex -14.5 -16 16.9
      vertex -3.95695 -25.1568 16.9
    endloop
  endfacet
  facet normal -0.555596 -0.831453 0
    outer loop
      vertex -3.95695 -25.1568 16.9
      vertex -3.25 -25.6292 23.9
      vertex -3.95695 -25.1568 23.9
    endloop
  endfacet
  facet normal -0.555596 -0.831453 -0
    outer loop
      vertex -3.25 -25.6292 23.9
      vertex -3.95695 -25.1568 16.9
      vertex -3.25 -25.6292 16.9
    endloop
  endfacet
  facet normal -0.321438 -0.946931 0
    outer loop
      vertex -2.48744 -26.0052 16.9
      vertex -1.68232 -26.2785 23.9
      vertex -2.48744 -26.0052 23.9
    endloop
  endfacet
  facet normal -0.321438 -0.946931 -0
    outer loop
      vertex -1.68232 -26.2785 23.9
      vertex -2.48744 -26.0052 16.9
      vertex -1.68232 -26.2785 16.9
    endloop
  endfacet
  facet normal 0 0 1
    outer loop
      vertex -0.208841 -21.5863 23.9
      vertex 0 -26.5 23.9
      vertex 0 -21.6 23.9
    endloop
  endfacet
  facet normal 0 0 1
    outer loop
      vertex -0.84842 -26.4444 23.9
      vertex -0.208841 -21.5863 23.9
      vertex -0.41411 -21.5455 23.9
    endloop
  endfacet
  facet normal 0 0 1
    outer loop
      vertex -1.68232 -26.2785 23.9
      vertex -0.41411 -21.5455 23.9
      vertex -0.612293 -21.4782 23.9
    endloop
  endfacet
  facet normal 0 0 1
    outer loop
      vertex -2.48744 -26.0052 23.9
      vertex -0.612293 -21.4782 23.9
      vertex -0.799999 -21.3856 23.9
    endloop
  endfacet
  facet normal 0 0 1
    outer loop
      vertex -0.208841 -21.5863 23.9
      vertex -0.84842 -26.4444 23.9
      vertex 0 -26.5 23.9
    endloop
  endfacet
  facet normal 0 0 1
    outer loop
      vertex -3.25 -25.6292 23.9
      vertex -0.799999 -21.3856 23.9
      vertex -0.974018 -21.2694 23.9
    endloop
  endfacet
  facet normal 0 0 1
    outer loop
      vertex -3.95695 -25.1568 23.9
      vertex -0.974018 -21.2694 23.9
      vertex -1.13137 -21.1314 23.9
    endloop
  endfacet
  facet normal 0 0 1
    outer loop
      vertex -3.95695 -25.1568 23.9
      vertex -1.13137 -21.1314 23.9
      vertex -1.26937 -20.974 23.9
    endloop
  endfacet
  facet normal 0 0 1
    outer loop
      vertex -3.95695 -25.1568 23.9
      vertex -1.26937 -20.974 23.9
      vertex -1.38564 -20.8 23.9
    endloop
  endfacet
  facet normal 0 0 1
    outer loop
      vertex -3.95695 -25.1568 23.9
      vertex -1.38564 -20.8 23.9
      vertex -1.47821 -20.6123 23.9
    endloop
  endfacet
  facet normal 0 0 1
    outer loop
      vertex -3.95695 -25.1568 23.9
      vertex -1.47821 -20.6123 23.9
      vertex -1.54548 -20.4141 23.9
    endloop
  endfacet
  facet normal 0 0 1
    outer loop
      vertex -3.95695 -25.1568 23.9
      vertex -1.54548 -20.4141 23.9
      vertex -1.58631 -20.2088 23.9
    endloop
  endfacet
  facet normal 0 0 1
    outer loop
      vertex -0.41411 -21.5455 23.9
      vertex -1.68232 -26.2785 23.9
      vertex -0.84842 -26.4444 23.9
    endloop
  endfacet
  facet normal 0 0 1
    outer loop
      vertex -3.95695 -25.1568 23.9
      vertex -1.58631 -20.2088 23.9
      vertex -1.6 -20 23.9
    endloop
  endfacet
  facet normal -0 0 1
    outer loop
      vertex 6.75 -8 23.9
      vertex 14.5 -16 23.9
      vertex 14.5 -8 23.9
    endloop
  endfacet
  facet normal 0 0 1
    outer loop
      vertex 1.38564 -19.2 23.9
      vertex 14.5 -16 23.9
      vertex 6.75 -8 23.9
    endloop
  endfacet
  facet normal 0 -0 1
    outer loop
      vertex 1.54548 -19.5859 23.9
      vertex 14.5 -16 23.9
      vertex 1.47821 -19.3877 23.9
    endloop
  endfacet
  facet normal 0 0 1
    outer loop
      vertex 5.45175 -23.8585 23.9
      vertex 1.58631 -19.7912 23.9
      vertex 1.6 -20 23.9
    endloop
  endfacet
  facet normal 0 0 1
    outer loop
      vertex 5.45175 -23.8585 23.9
      vertex 1.54548 -19.5859 23.9
      vertex 1.58631 -19.7912 23.9
    endloop
  endfacet
  facet normal 0 0 1
    outer loop
      vertex 14.5 -16 23.9
      vertex 1.54548 -19.5859 23.9
      vertex 5.45175 -23.8585 23.9
    endloop
  endfacet
  facet normal 0 0 1
    outer loop
      vertex 14.5 -16 23.9
      vertex 1.38564 -19.2 23.9
      vertex 1.47821 -19.3877 23.9
    endloop
  endfacet
  facet normal 0 0 1
    outer loop
      vertex 6.75 -8 23.9
      vertex 1.26937 -19.026 23.9
      vertex 1.38564 -19.2 23.9
    endloop
  endfacet
  facet normal 0 0 1
    outer loop
      vertex 6.75 -8 23.9
      vertex 1.13137 -18.8686 23.9
      vertex 1.26937 -19.026 23.9
    endloop
  endfacet
  facet normal 0 0 1
    outer loop
      vertex 6.75 -8 23.9
      vertex 0.974018 -18.7306 23.9
      vertex 1.13137 -18.8686 23.9
    endloop
  endfacet
  facet normal 0 0 1
    outer loop
      vertex 6.75 -8 23.9
      vertex 0.799999 -18.6144 23.9
      vertex 0.974018 -18.7306 23.9
    endloop
  endfacet
  facet normal 0 0 1
    outer loop
      vertex 6.75 -8 23.9
      vertex 0.612293 -18.5218 23.9
      vertex 0.799999 -18.6144 23.9
    endloop
  endfacet
  facet normal 0 0 1
    outer loop
      vertex 6.75 -8 23.9
      vertex 0.41411 -18.4545 23.9
      vertex 0.612293 -18.5218 23.9
    endloop
  endfacet
  facet normal 0 0 1
    outer loop
      vertex 6.75 -8 23.9
      vertex 0.208841 -18.4137 23.9
      vertex 0.41411 -18.4545 23.9
    endloop
  endfacet
  facet normal 0 0 1
    outer loop
      vertex 6.75 -8 23.9
      vertex 0 -18.4 23.9
      vertex 0.208841 -18.4137 23.9
    endloop
  endfacet
  facet normal -0 0 1
    outer loop
      vertex -6.75 -8 23.9
      vertex 0 -18.4 23.9
      vertex 6.75 -8 23.9
    endloop
  endfacet
  facet normal 0 0 1
    outer loop
      vertex 0 -18.4 23.9
      vertex -6.75 -8 23.9
      vertex -0.208841 -18.4137 23.9
    endloop
  endfacet
  facet normal 0 0 1
    outer loop
      vertex -0.208841 -18.4137 23.9
      vertex -6.75 -8 23.9
      vertex -0.41411 -18.4545 23.9
    endloop
  endfacet
  facet normal 0 0 1
    outer loop
      vertex -0.41411 -18.4545 23.9
      vertex -6.75 -8 23.9
      vertex -0.612293 -18.5218 23.9
    endloop
  endfacet
  facet normal 0 0 1
    outer loop
      vertex -0.612293 -18.5218 23.9
      vertex -6.75 -8 23.9
      vertex -0.799999 -18.6144 23.9
    endloop
  endfacet
  facet normal 0 0 1
    outer loop
      vertex -0.799999 -18.6144 23.9
      vertex -6.75 -8 23.9
      vertex -0.974018 -18.7306 23.9
    endloop
  endfacet
  facet normal 0 0 1
    outer loop
      vertex -0.974018 -18.7306 23.9
      vertex -6.75 -8 23.9
      vertex -1.13137 -18.8686 23.9
    endloop
  endfacet
  facet normal 0 0 1
    outer loop
      vertex -0.612293 -21.4782 23.9
      vertex -2.48744 -26.0052 23.9
      vertex -1.68232 -26.2785 23.9
    endloop
  endfacet
  facet normal 0 0 1
    outer loop
      vertex -14.5 -16 23.9
      vertex -1.6 -20 23.9
      vertex -1.58631 -19.7912 23.9
    endloop
  endfacet
  facet normal 0 0 1
    outer loop
      vertex -0.799999 -21.3856 23.9
      vertex -3.25 -25.6292 23.9
      vertex -2.48744 -26.0052 23.9
    endloop
  endfacet
  facet normal 0 0 1
    outer loop
      vertex -14.5 -16 23.9
      vertex -1.58631 -19.7912 23.9
      vertex -1.54548 -19.5859 23.9
    endloop
  endfacet
  facet normal 0 0 1
    outer loop
      vertex -0.974018 -21.2694 23.9
      vertex -3.95695 -25.1568 23.9
      vertex -3.25 -25.6292 23.9
    endloop
  endfacet
  facet normal 0 0 1
    outer loop
      vertex -14.5 -16 23.9
      vertex -1.54548 -19.5859 23.9
      vertex -1.47821 -19.3877 23.9
    endloop
  endfacet
  facet normal 0 0 1
    outer loop
      vertex -1.13137 -18.8686 23.9
      vertex -6.75 -8 23.9
      vertex -1.26937 -19.026 23.9
    endloop
  endfacet
  facet normal 0 0 1
    outer loop
      vertex -6.75 -8 23.9
      vertex -1.38564 -19.2 23.9
      vertex -1.26937 -19.026 23.9
    endloop
  endfacet
  facet normal -0 0 1
    outer loop
      vertex -14.5 -16 23.9
      vertex -1.38564 -19.2 23.9
      vertex -6.75 -8 23.9
    endloop
  endfacet
  facet normal 0 0 1
    outer loop
      vertex -1.38564 -19.2 23.9
      vertex -14.5 -16 23.9
      vertex -1.47821 -19.3877 23.9
    endloop
  endfacet
  facet normal 0 0 1
    outer loop
      vertex -14.5 -16 23.9
      vertex -6.75 -8 23.9
      vertex -14.5 -8 23.9
    endloop
  endfacet
  facet normal 0 0 1
    outer loop
      vertex -1.6 -20 23.9
      vertex -14.5 -16 23.9
      vertex -3.95695 -25.1568 23.9
    endloop
  endfacet
  facet normal -0 0 1
    outer loop
      vertex 45.0587 -42.1647 23.9
      vertex 48.4314 -45.5106 23.9
      vertex 48.4314 -38.5106 23.9
    endloop
  endfacet
  facet normal 0 0 1
    outer loop
      vertex 48.4314 -45.5106 23.9
      vertex 45.0587 -42.1647 23.9
      vertex 45.0814 -42.5106 23.9
    endloop
  endfacet
  facet normal 0 0 1
    outer loop
      vertex 48.4314 -38.5106 23.9
      vertex 44.9911 -41.8247 23.9
      vertex 45.0587 -42.1647 23.9
    endloop
  endfacet
  facet normal 0 0 1
    outer loop
      vertex 48.4314 -38.5106 23.9
      vertex 44.8797 -41.4964 23.9
      vertex 44.9911 -41.8247 23.9
    endloop
  endfacet
  facet normal 0 0 1
    outer loop
      vertex 48.4314 -38.5106 23.9
      vertex 44.7264 -41.1856 23.9
      vertex 44.8797 -41.4964 23.9
    endloop
  endfacet
  facet normal 0 0 1
    outer loop
      vertex 48.4314 -38.5106 23.9
      vertex 44.5338 -40.8973 23.9
      vertex 44.7264 -41.1856 23.9
    endloop
  endfacet
  facet normal 0 0 1
    outer loop
      vertex 48.4314 -38.5106 23.9
      vertex 44.3052 -40.6367 23.9
      vertex 44.5338 -40.8973 23.9
    endloop
  endfacet
  facet normal 0 0 1
    outer loop
      vertex 48.4314 -38.5106 23.9
      vertex 44.0446 -40.4082 23.9
      vertex 44.3052 -40.6367 23.9
    endloop
  endfacet
  facet normal 0 0 1
    outer loop
      vertex 48.4314 -38.5106 23.9
      vertex 43.7564 -40.2156 23.9
      vertex 44.0446 -40.4082 23.9
    endloop
  endfacet
  facet normal 0 0 1
    outer loop
      vertex 48.4314 -38.5106 23.9
      vertex 43.4455 -40.0623 23.9
      vertex 43.7564 -40.2156 23.9
    endloop
  endfacet
  facet normal 0 0 1
    outer loop
      vertex 48.4314 -38.5106 23.9
      vertex 43.1173 -39.9509 23.9
      vertex 43.4455 -40.0623 23.9
    endloop
  endfacet
  facet normal 0 0 1
    outer loop
      vertex 48.4314 -38.5106 23.9
      vertex 42.7773 -39.8832 23.9
      vertex 43.1173 -39.9509 23.9
    endloop
  endfacet
  facet normal 0 0 1
    outer loop
      vertex 48.4314 -38.5106 23.9
      vertex 42.4314 -39.8606 23.9
      vertex 42.7773 -39.8832 23.9
    endloop
  endfacet
  facet normal 0 0 1
    outer loop
      vertex 48.4314 -38.5106 23.9
      vertex 42.0855 -39.8832 23.9
      vertex 42.4314 -39.8606 23.9
    endloop
  endfacet
  facet normal 0 0 1
    outer loop
      vertex 5.45175 -23.8585 23.9
      vertex 42.0855 -39.8832 23.9
      vertex 48.4314 -38.5106 23.9
    endloop
  endfacet
  facet normal -0 0 1
    outer loop
      vertex 0 -32 23.9
      vertex 39.8041 -42.1647 23.9
      vertex 5.45175 -23.8585 23.9
    endloop
  endfacet
  facet normal 0 0 1
    outer loop
      vertex 39.8717 -41.8247 23.9
      vertex 5.45175 -23.8585 23.9
      vertex 39.8041 -42.1647 23.9
    endloop
  endfacet
  facet normal 0 0 1
    outer loop
      vertex 39.9831 -41.4964 23.9
      vertex 5.45175 -23.8585 23.9
      vertex 39.8717 -41.8247 23.9
    endloop
  endfacet
  facet normal 0 0 1
    outer loop
      vertex 40.1364 -41.1856 23.9
      vertex 5.45175 -23.8585 23.9
      vertex 39.9831 -41.4964 23.9
    endloop
  endfacet
  facet normal 0 0 1
    outer loop
      vertex 40.329 -40.8973 23.9
      vertex 5.45175 -23.8585 23.9
      vertex 40.1364 -41.1856 23.9
    endloop
  endfacet
  facet normal 0 0 1
    outer loop
      vertex 40.5576 -40.6367 23.9
      vertex 5.45175 -23.8585 23.9
      vertex 40.329 -40.8973 23.9
    endloop
  endfacet
  facet normal 0 0 1
    outer loop
      vertex 40.8182 -40.4082 23.9
      vertex 5.45175 -23.8585 23.9
      vertex 40.5576 -40.6367 23.9
    endloop
  endfacet
  facet normal 0 0 1
    outer loop
      vertex 41.1064 -40.2156 23.9
      vertex 5.45175 -23.8585 23.9
      vertex 40.8182 -40.4082 23.9
    endloop
  endfacet
  facet normal 0 0 1
    outer loop
      vertex 41.4173 -40.0623 23.9
      vertex 5.45175 -23.8585 23.9
      vertex 41.1064 -40.2156 23.9
    endloop
  endfacet
  facet normal 0 0 1
    outer loop
      vertex 41.7455 -39.9509 23.9
      vertex 5.45175 -23.8585 23.9
      vertex 41.4173 -40.0623 23.9
    endloop
  endfacet
  facet normal 0 0 1
    outer loop
      vertex 42.0855 -39.8832 23.9
      vertex 5.45175 -23.8585 23.9
      vertex 41.7455 -39.9509 23.9
    endloop
  endfacet
  facet normal -0 0 1
    outer loop
      vertex 45.0587 -42.8565 23.9
      vertex 48.4314 -45.5106 23.9
      vertex 45.0814 -42.5106 23.9
    endloop
  endfacet
  facet normal -0 0 1
    outer loop
      vertex 44.9911 -43.1964 23.9
      vertex 48.4314 -45.5106 23.9
      vertex 45.0587 -42.8565 23.9
    endloop
  endfacet
  facet normal -0 0 1
    outer loop
      vertex 44.8797 -43.5247 23.9
      vertex 48.4314 -45.5106 23.9
      vertex 44.9911 -43.1964 23.9
    endloop
  endfacet
  facet normal -0 0 1
    outer loop
      vertex 44.7264 -43.8356 23.9
      vertex 48.4314 -45.5106 23.9
      vertex 44.8797 -43.5247 23.9
    endloop
  endfacet
  facet normal -0 0 1
    outer loop
      vertex 44.5338 -44.1238 23.9
      vertex 48.4314 -45.5106 23.9
      vertex 44.7264 -43.8356 23.9
    endloop
  endfacet
  facet normal 0 0 1
    outer loop
      vertex 48.4314 -45.5106 23.9
      vertex 44.5338 -44.1238 23.9
      vertex 44.3228 -44.3644 23.9
    endloop
  endfacet
  facet normal 0 0 1
    outer loop
      vertex 39.8041 -42.1647 23.9
      vertex 0 -32 23.9
      vertex 39.7814 -42.5106 23.9
    endloop
  endfacet
  facet normal 0 0 1
    outer loop
      vertex 39.7814 -42.5106 23.9
      vertex 0 -32 23.9
      vertex 39.8041 -42.8565 23.9
    endloop
  endfacet
  facet normal -0 0 1
    outer loop
      vertex 1.58631 -20.2088 23.9
      vertex 5.45175 -23.8585 23.9
      vertex 1.6 -20 23.9
    endloop
  endfacet
  facet normal -0 0 1
    outer loop
      vertex 1.54548 -20.4141 23.9
      vertex 5.45175 -23.8585 23.9
      vertex 1.58631 -20.2088 23.9
    endloop
  endfacet
  facet normal -0 0 1
    outer loop
      vertex 1.47821 -20.6123 23.9
      vertex 5.45175 -23.8585 23.9
      vertex 1.54548 -20.4141 23.9
    endloop
  endfacet
  facet normal -0 0 1
    outer loop
      vertex 1.38564 -20.8 23.9
      vertex 5.45175 -23.8585 23.9
      vertex 1.47821 -20.6123 23.9
    endloop
  endfacet
  facet normal -0 0 1
    outer loop
      vertex 1.26937 -20.974 23.9
      vertex 5.45175 -23.8585 23.9
      vertex 1.38564 -20.8 23.9
    endloop
  endfacet
  facet normal -0 0 1
    outer loop
      vertex 1.13137 -21.1314 23.9
      vertex 5.45175 -23.8585 23.9
      vertex 1.26937 -20.974 23.9
    endloop
  endfacet
  facet normal -0 0 1
    outer loop
      vertex 0.974018 -21.2694 23.9
      vertex 5.45175 -23.8585 23.9
      vertex 1.13137 -21.1314 23.9
    endloop
  endfacet
  facet normal -0 0 1
    outer loop
      vertex 0.799999 -21.3856 23.9
      vertex 5.45175 -23.8585 23.9
      vertex 0.974018 -21.2694 23.9
    endloop
  endfacet
  facet normal 0 0 1
    outer loop
      vertex 0 -26.5 23.9
      vertex 5.45175 -23.8585 23.9
      vertex 0.799999 -21.3856 23.9
    endloop
  endfacet
  facet normal 0 0 1
    outer loop
      vertex 0 -26.5 23.9
      vertex 0.799999 -21.3856 23.9
      vertex 0.612293 -21.4782 23.9
    endloop
  endfacet
  facet normal 0 0 1
    outer loop
      vertex 0 -26.5 23.9
      vertex 0.612293 -21.4782 23.9
      vertex 0.41411 -21.5455 23.9
    endloop
  endfacet
  facet normal 0 0 1
    outer loop
      vertex 0 -26.5 23.9
      vertex 0.41411 -21.5455 23.9
      vertex 0.208841 -21.5863 23.9
    endloop
  endfacet
  facet normal 0 0 1
    outer loop
      vertex 0 -26.5 23.9
      vertex 0.208841 -21.5863 23.9
      vertex 0 -21.6 23.9
    endloop
  endfacet
  facet normal 0 0 1
    outer loop
      vertex 0 -32 23.9
      vertex 5.45175 -23.8585 23.9
      vertex 0 -26.5 23.9
    endloop
  endfacet
  facet normal 0 0 1
    outer loop
      vertex 39.8041 -42.8565 23.9
      vertex 0 -32 23.9
      vertex 39.8562 -43.1184 23.9
    endloop
  endfacet
  facet normal 0.195121 -0.980779 0
    outer loop
      vertex 0.84842 -26.4444 16.9
      vertex 1.68232 -26.2785 18.5
      vertex 0.84842 -26.4444 18.5
    endloop
  endfacet
  facet normal 0.195121 -0.980779 0
    outer loop
      vertex 1.68232 -26.2785 18.5
      vertex 0.84842 -26.4444 16.9
      vertex 1.68232 -26.2785 16.9
    endloop
  endfacet
  facet normal -0.0653933 -0.99786 0
    outer loop
      vertex -0.84842 -26.4444 23.9
      vertex 0 -26.5 18.5
      vertex 0 -26.5 23.9
    endloop
  endfacet
  facet normal -0.0653933 -0.99786 0
    outer loop
      vertex -0.84842 -26.4444 16.9
      vertex 0 -26.5 18.5
      vertex -0.84842 -26.4444 23.9
    endloop
  endfacet
  facet normal -0.0653933 -0.99786 -0
    outer loop
      vertex 0 -26.5 18.5
      vertex -0.84842 -26.4444 16.9
      vertex 0 -26.5 16.9
    endloop
  endfacet
  facet normal 0.555596 -0.831453 0
    outer loop
      vertex 3.25 -25.6292 16.9
      vertex 3.95695 -25.1568 18.5
      vertex 3.25 -25.6292 18.5
    endloop
  endfacet
  facet normal 0.555596 -0.831453 0
    outer loop
      vertex 3.95695 -25.1568 18.5
      vertex 3.25 -25.6292 16.9
      vertex 3.95695 -25.1568 16.9
    endloop
  endfacet
  facet normal -0.442239 -0.896897 0
    outer loop
      vertex -3.25 -25.6292 16.9
      vertex -2.48744 -26.0052 23.9
      vertex -3.25 -25.6292 23.9
    endloop
  endfacet
  facet normal -0.442239 -0.896897 -0
    outer loop
      vertex -2.48744 -26.0052 23.9
      vertex -3.25 -25.6292 16.9
      vertex -2.48744 -26.0052 16.9
    endloop
  endfacet
  facet normal 0.442239 -0.896897 0
    outer loop
      vertex 2.48744 -26.0052 16.9
      vertex 3.25 -25.6292 18.5
      vertex 2.48744 -26.0052 18.5
    endloop
  endfacet
  facet normal 0.442239 -0.896897 0
    outer loop
      vertex 3.25 -25.6292 18.5
      vertex 2.48744 -26.0052 16.9
      vertex 3.25 -25.6292 16.9
    endloop
  endfacet
  facet normal 0 0 -1
    outer loop
      vertex 14.5 -16 16.9
      vertex 12.5 -13.5448 16.9
      vertex 14.5 -8 16.9
    endloop
  endfacet
  facet normal 0 0 -1
    outer loop
      vertex 14.5 -16 16.9
      vertex 10.5 -13.5448 16.9
      vertex 12.5 -13.5448 16.9
    endloop
  endfacet
  facet normal 0 0 -1
    outer loop
      vertex 10.5 -13.5448 16.9
      vertex 6.75 -8 16.9
      vertex 10.5 -8 16.9
    endloop
  endfacet
  facet normal -0 0 -1
    outer loop
      vertex 14.5 -16 16.9
      vertex 4.21364 -19.4453 16.9
      vertex 10.5 -13.5448 16.9
    endloop
  endfacet
  facet normal 0 0 -1
    outer loop
      vertex 4.21364 -19.4453 16.9
      vertex 14.5 -16 16.9
      vertex 4.25 -20 16.9
    endloop
  endfacet
  facet normal 0 0 -1
    outer loop
      vertex 14.5 -16 16.9
      vertex 4.21364 -20.5547 16.9
      vertex 4.25 -20 16.9
    endloop
  endfacet
  facet normal 0 0 -1
    outer loop
      vertex 14.5 -16 16.9
      vertex 4.10518 -21.1 16.9
      vertex 4.21364 -20.5547 16.9
    endloop
  endfacet
  facet normal 0 0 -1
    outer loop
      vertex 3.95695 -25.1568 16.9
      vertex 4.10518 -21.1 16.9
      vertex 14.5 -16 16.9
    endloop
  endfacet
  facet normal 0 0 -1
    outer loop
      vertex 3.95695 -25.1568 16.9
      vertex 3.92649 -21.6264 16.9
      vertex 4.10518 -21.1 16.9
    endloop
  endfacet
  facet normal 0 0 -1
    outer loop
      vertex 3.95695 -25.1568 16.9
      vertex 3.68061 -22.125 16.9
      vertex 3.92649 -21.6264 16.9
    endloop
  endfacet
  facet normal 0 0 -1
    outer loop
      vertex 3.95695 -25.1568 16.9
      vertex 3.37175 -22.5872 16.9
      vertex 3.68061 -22.125 16.9
    endloop
  endfacet
  facet normal 0 0 -1
    outer loop
      vertex 2.58724 -23.3717 16.9
      vertex 3.95695 -25.1568 16.9
      vertex 3.25 -25.6292 16.9
    endloop
  endfacet
  facet normal 0 0 -1
    outer loop
      vertex 3.95695 -25.1568 16.9
      vertex 3.0052 -23.0052 16.9
      vertex 3.37175 -22.5872 16.9
    endloop
  endfacet
  facet normal 0 0 -1
    outer loop
      vertex 3.95695 -25.1568 16.9
      vertex 2.58724 -23.3717 16.9
      vertex 3.0052 -23.0052 16.9
    endloop
  endfacet
  facet normal 0 0 -1
    outer loop
      vertex 2.125 -23.6806 16.9
      vertex 3.25 -25.6292 16.9
      vertex 2.48744 -26.0052 16.9
    endloop
  endfacet
  facet normal 0 0 -1
    outer loop
      vertex 3.25 -25.6292 16.9
      vertex 2.125 -23.6806 16.9
      vertex 2.58724 -23.3717 16.9
    endloop
  endfacet
  facet normal 0 0 -1
    outer loop
      vertex 1.6264 -23.9265 16.9
      vertex 2.48744 -26.0052 16.9
      vertex 1.68232 -26.2785 16.9
    endloop
  endfacet
  facet normal 0 0 -1
    outer loop
      vertex 2.48744 -26.0052 16.9
      vertex 1.6264 -23.9265 16.9
      vertex 2.125 -23.6806 16.9
    endloop
  endfacet
  facet normal 0 0 -1
    outer loop
      vertex 1.68232 -26.2785 16.9
      vertex 1.09998 -24.1052 16.9
      vertex 1.6264 -23.9265 16.9
    endloop
  endfacet
  facet normal 0 0 -1
    outer loop
      vertex 0.84842 -26.4444 16.9
      vertex 1.09998 -24.1052 16.9
      vertex 1.68232 -26.2785 16.9
    endloop
  endfacet
  facet normal 0 0 -1
    outer loop
      vertex 0.84842 -26.4444 16.9
      vertex 0.554736 -24.2136 16.9
      vertex 1.09998 -24.1052 16.9
    endloop
  endfacet
  facet normal 0 0 -1
    outer loop
      vertex 0 -26.5 16.9
      vertex 0.554736 -24.2136 16.9
      vertex 0.84842 -26.4444 16.9
    endloop
  endfacet
  facet normal 0 0 -1
    outer loop
      vertex 0 -26.5 16.9
      vertex 0 -24.25 16.9
      vertex 0.554736 -24.2136 16.9
    endloop
  endfacet
  facet normal 0 0 -1
    outer loop
      vertex 0 -26.5 16.9
      vertex -0.554736 -24.2136 16.9
      vertex 0 -24.25 16.9
    endloop
  endfacet
  facet normal 0 0 -1
    outer loop
      vertex -0.84842 -26.4444 16.9
      vertex -0.554736 -24.2136 16.9
      vertex 0 -26.5 16.9
    endloop
  endfacet
  facet normal 0 0 -1
    outer loop
      vertex -0.84842 -26.4444 16.9
      vertex -1.09998 -24.1052 16.9
      vertex -0.554736 -24.2136 16.9
    endloop
  endfacet
  facet normal 0 0 -1
    outer loop
      vertex -1.68232 -26.2785 16.9
      vertex -1.09998 -24.1052 16.9
      vertex -0.84842 -26.4444 16.9
    endloop
  endfacet
  facet normal -0 0 -1
    outer loop
      vertex -1.09998 -24.1052 16.9
      vertex -1.68232 -26.2785 16.9
      vertex -1.6264 -23.9265 16.9
    endloop
  endfacet
  facet normal 0 0 -1
    outer loop
      vertex -2.48744 -26.0052 16.9
      vertex -1.6264 -23.9265 16.9
      vertex -1.68232 -26.2785 16.9
    endloop
  endfacet
  facet normal -0 0 -1
    outer loop
      vertex -1.6264 -23.9265 16.9
      vertex -2.48744 -26.0052 16.9
      vertex -2.125 -23.6806 16.9
    endloop
  endfacet
  facet normal 0 0 -1
    outer loop
      vertex -3.25 -25.6292 16.9
      vertex -2.125 -23.6806 16.9
      vertex -2.48744 -26.0052 16.9
    endloop
  endfacet
  facet normal -0 0 -1
    outer loop
      vertex -2.125 -23.6806 16.9
      vertex -3.25 -25.6292 16.9
      vertex -2.58724 -23.3717 16.9
    endloop
  endfacet
  facet normal 0 0 -1
    outer loop
      vertex -3.95695 -25.1568 16.9
      vertex -2.58724 -23.3717 16.9
      vertex -3.25 -25.6292 16.9
    endloop
  endfacet
  facet normal -0 0 -1
    outer loop
      vertex -2.58724 -23.3717 16.9
      vertex -3.95695 -25.1568 16.9
      vertex -3.0052 -23.0052 16.9
    endloop
  endfacet
  facet normal -0 0 -1
    outer loop
      vertex -3.0052 -23.0052 16.9
      vertex -3.95695 -25.1568 16.9
      vertex -3.37175 -22.5872 16.9
    endloop
  endfacet
  facet normal -0 0 -1
    outer loop
      vertex -3.37175 -22.5872 16.9
      vertex -3.95695 -25.1568 16.9
      vertex -3.68061 -22.125 16.9
    endloop
  endfacet
  facet normal -0 0 -1
    outer loop
      vertex -3.68061 -22.125 16.9
      vertex -3.95695 -25.1568 16.9
      vertex -3.92649 -21.6264 16.9
    endloop
  endfacet
  facet normal 0 0 -1
    outer loop
      vertex -3.95695 -25.1568 16.9
      vertex -4.10518 -21.1 16.9
      vertex -3.92649 -21.6264 16.9
    endloop
  endfacet
  facet normal 0 0 -1
    outer loop
      vertex -14.5 -16 16.9
      vertex -4.10518 -21.1 16.9
      vertex -3.95695 -25.1568 16.9
    endloop
  endfacet
  facet normal 0 0 -1
    outer loop
      vertex -4.10518 -21.1 16.9
      vertex -14.5 -16 16.9
      vertex -4.21364 -20.5547 16.9
    endloop
  endfacet
  facet normal 0 0 -1
    outer loop
      vertex -4.21364 -20.5547 16.9
      vertex -14.5 -16 16.9
      vertex -4.25 -20 16.9
    endloop
  endfacet
  facet normal 0 0 -1
    outer loop
      vertex -4.25 -20 16.9
      vertex -10.5 -13.5448 16.9
      vertex -6.75 -8 16.9
    endloop
  endfacet
  facet normal 0 0 -1
    outer loop
      vertex -4.25 -20 16.9
      vertex -14.5 -16 16.9
      vertex -10.5 -13.5448 16.9
    endloop
  endfacet
  facet normal -0 0 -1
    outer loop
      vertex -10.5 -13.5448 16.9
      vertex -14.5 -16 16.9
      vertex -12.5 -13.5448 16.9
    endloop
  endfacet
  facet normal 0 0 -1
    outer loop
      vertex -14.5 -8 16.9
      vertex -12.5 -13.5448 16.9
      vertex -14.5 -16 16.9
    endloop
  endfacet
  facet normal 0 0 -1
    outer loop
      vertex -12.5 -13.5448 16.9
      vertex -14.5 -8 16.9
      vertex -12.5 -8 16.9
    endloop
  endfacet
  facet normal -0 0 -1
    outer loop
      vertex 14.5 -8 16.9
      vertex 12.5 -13.5448 16.9
      vertex 12.5 -8 16.9
    endloop
  endfacet
  facet normal 0 0 -1
    outer loop
      vertex 4.10518 -18.9 16.9
      vertex 10.5 -13.5448 16.9
      vertex 4.21364 -19.4453 16.9
    endloop
  endfacet
  facet normal 0 0 -1
    outer loop
      vertex 3.92649 -18.3736 16.9
      vertex 10.5 -13.5448 16.9
      vertex 4.10518 -18.9 16.9
    endloop
  endfacet
  facet normal 0 0 -1
    outer loop
      vertex 3.68061 -17.875 16.9
      vertex 10.5 -13.5448 16.9
      vertex 3.92649 -18.3736 16.9
    endloop
  endfacet
  facet normal 0 0 -1
    outer loop
      vertex 3.37175 -17.4128 16.9
      vertex 10.5 -13.5448 16.9
      vertex 3.68061 -17.875 16.9
    endloop
  endfacet
  facet normal 0 0 -1
    outer loop
      vertex 3.0052 -16.9948 16.9
      vertex 10.5 -13.5448 16.9
      vertex 3.37175 -17.4128 16.9
    endloop
  endfacet
  facet normal 0 0 -1
    outer loop
      vertex 2.58724 -16.6282 16.9
      vertex 10.5 -13.5448 16.9
      vertex 3.0052 -16.9948 16.9
    endloop
  endfacet
  facet normal -0 0 -1
    outer loop
      vertex 10.5 -13.5448 16.9
      vertex 2.58724 -16.6282 16.9
      vertex 6.75 -8 16.9
    endloop
  endfacet
  facet normal 0 0 -1
    outer loop
      vertex 2.125 -16.3194 16.9
      vertex 6.75 -8 16.9
      vertex 2.58724 -16.6282 16.9
    endloop
  endfacet
  facet normal 0 0 -1
    outer loop
      vertex 1.6264 -16.0735 16.9
      vertex 6.75 -8 16.9
      vertex 2.125 -16.3194 16.9
    endloop
  endfacet
  facet normal 0 0 -1
    outer loop
      vertex 1.09998 -15.8948 16.9
      vertex 6.75 -8 16.9
      vertex 1.6264 -16.0735 16.9
    endloop
  endfacet
  facet normal 0 0 -1
    outer loop
      vertex 0.554736 -15.7864 16.9
      vertex 6.75 -8 16.9
      vertex 1.09998 -15.8948 16.9
    endloop
  endfacet
  facet normal 0 0 -1
    outer loop
      vertex 0 -15.75 16.9
      vertex 6.75 -8 16.9
      vertex 0.554736 -15.7864 16.9
    endloop
  endfacet
  facet normal 0 0 -1
    outer loop
      vertex -6.75 -8 16.9
      vertex 0 -15.75 16.9
      vertex -0.554736 -15.7864 16.9
    endloop
  endfacet
  facet normal 0 0 -1
    outer loop
      vertex -6.75 -8 16.9
      vertex -0.554736 -15.7864 16.9
      vertex -1.09998 -15.8948 16.9
    endloop
  endfacet
  facet normal 0 0 -1
    outer loop
      vertex -6.75 -8 16.9
      vertex -1.09998 -15.8948 16.9
      vertex -1.6264 -16.0735 16.9
    endloop
  endfacet
  facet normal 0 0 -1
    outer loop
      vertex -6.75 -8 16.9
      vertex -1.6264 -16.0735 16.9
      vertex -2.125 -16.3194 16.9
    endloop
  endfacet
  facet normal 0 0 -1
    outer loop
      vertex -6.75 -8 16.9
      vertex -2.125 -16.3194 16.9
      vertex -2.58724 -16.6282 16.9
    endloop
  endfacet
  facet normal 0 0 -1
    outer loop
      vertex -6.75 -8 16.9
      vertex -2.58724 -16.6282 16.9
      vertex -3.0052 -16.9948 16.9
    endloop
  endfacet
  facet normal 0 0 -1
    outer loop
      vertex 0 -15.75 16.9
      vertex -6.75 -8 16.9
      vertex 6.75 -8 16.9
    endloop
  endfacet
  facet normal 0 0 -1
    outer loop
      vertex -3.37175 -17.4128 16.9
      vertex -6.75 -8 16.9
      vertex -3.0052 -16.9948 16.9
    endloop
  endfacet
  facet normal 0 0 -1
    outer loop
      vertex -3.68061 -17.875 16.9
      vertex -6.75 -8 16.9
      vertex -3.37175 -17.4128 16.9
    endloop
  endfacet
  facet normal 0 0 -1
    outer loop
      vertex -3.92649 -18.3736 16.9
      vertex -6.75 -8 16.9
      vertex -3.68061 -17.875 16.9
    endloop
  endfacet
  facet normal 0 0 -1
    outer loop
      vertex -4.10518 -18.9 16.9
      vertex -6.75 -8 16.9
      vertex -3.92649 -18.3736 16.9
    endloop
  endfacet
  facet normal 0 0 -1
    outer loop
      vertex -4.21364 -19.4453 16.9
      vertex -6.75 -8 16.9
      vertex -4.10518 -18.9 16.9
    endloop
  endfacet
  facet normal 0 0 -1
    outer loop
      vertex -6.75 -8 16.9
      vertex -4.21364 -19.4453 16.9
      vertex -4.25 -20 16.9
    endloop
  endfacet
  facet normal -0 0 -1
    outer loop
      vertex -6.75 -8 16.9
      vertex -10.5 -13.5448 16.9
      vertex -10.5 -8 16.9
    endloop
  endfacet
  facet normal -0 0 1
    outer loop
      vertex -12.5 0 16.9
      vertex -10.5 -8 16.9
      vertex -10.5 0 16.9
    endloop
  endfacet
  facet normal 0 0 1
    outer loop
      vertex -10.5 -8 16.9
      vertex -12.5 0 16.9
      vertex -12.5 -8 16.9
    endloop
  endfacet
  facet normal -0 0 1
    outer loop
      vertex 10.5 0 16.9
      vertex 12.5 -8 16.9
      vertex 12.5 0 16.9
    endloop
  endfacet
  facet normal 0 0 1
    outer loop
      vertex 12.5 -8 16.9
      vertex 10.5 0 16.9
      vertex 10.5 -8 16.9
    endloop
  endfacet
  facet normal 0.0653933 -0.99786 0
    outer loop
      vertex 0 -26.5 16.9
      vertex 0.84842 -26.4444 18.5
      vertex 0 -26.5 18.5
    endloop
  endfacet
  facet normal 0.0653933 -0.99786 0
    outer loop
      vertex 0.84842 -26.4444 18.5
      vertex 0 -26.5 16.9
      vertex 0.84842 -26.4444 16.9
    endloop
  endfacet
  facet normal 1 -0 0
    outer loop
      vertex -10.5 -8 16.9
      vertex -10.5 0 12.7
      vertex -10.5 0 16.9
    endloop
  endfacet
  facet normal 1 0 0
    outer loop
      vertex -10.5 -13.5448 12.7
      vertex -10.5 -8 16.9
      vertex -10.5 -13.5448 16.9
    endloop
  endfacet
  facet normal 1 0 0
    outer loop
      vertex -10.5 -8 16.9
      vertex -10.5 -13.5448 12.7
      vertex -10.5 0 12.7
    endloop
  endfacet
  facet normal 0 -1 0
    outer loop
      vertex -12.5 -13.5448 12.7
      vertex -10.5 -13.5448 16.9
      vertex -12.5 -13.5448 16.9
    endloop
  endfacet
  facet normal 0 -1 -0
    outer loop
      vertex -10.5 -13.5448 16.9
      vertex -12.5 -13.5448 12.7
      vertex -10.5 -13.5448 12.7
    endloop
  endfacet
  facet normal 0 1 -0
    outer loop
      vertex -10.5 0 12.7
      vertex -12.5 0 16.9
      vertex -10.5 0 16.9
    endloop
  endfacet
  facet normal 0 1 0
    outer loop
      vertex -12.5 0 16.9
      vertex -10.5 0 12.7
      vertex -12.5 0 12.7
    endloop
  endfacet
  facet normal -1 0 0
    outer loop
      vertex -12.5 0 12.7
      vertex -12.5 -8 16.9
      vertex -12.5 0 16.9
    endloop
  endfacet
  facet normal -1 0 0
    outer loop
      vertex -12.5 -13.5448 12.7
      vertex -12.5 -8 16.9
      vertex -12.5 0 12.7
    endloop
  endfacet
  facet normal -1 -0 0
    outer loop
      vertex -12.5 -8 16.9
      vertex -12.5 -13.5448 12.7
      vertex -12.5 -13.5448 16.9
    endloop
  endfacet
  facet normal 0 0 -1
    outer loop
      vertex -12.5 -13.5448 12.7
      vertex -10.5 0 12.7
      vertex -10.5 -13.5448 12.7
    endloop
  endfacet
  facet normal -0 0 -1
    outer loop
      vertex -10.5 0 12.7
      vertex -12.5 -13.5448 12.7
      vertex -12.5 0 12.7
    endloop
  endfacet
  facet normal 1 -0 0
    outer loop
      vertex 12.5 -8 16.9
      vertex 12.5 0 12.7
      vertex 12.5 0 16.9
    endloop
  endfacet
  facet normal 1 0 0
    outer loop
      vertex 12.5 -13.5448 12.7
      vertex 12.5 -8 16.9
      vertex 12.5 -13.5448 16.9
    endloop
  endfacet
  facet normal 1 0 0
    outer loop
      vertex 12.5 -8 16.9
      vertex 12.5 -13.5448 12.7
      vertex 12.5 0 12.7
    endloop
  endfacet
  facet normal 0 -1 0
    outer loop
      vertex 10.5 -13.5448 12.7
      vertex 12.5 -13.5448 16.9
      vertex 10.5 -13.5448 16.9
    endloop
  endfacet
  facet normal 0 -1 -0
    outer loop
      vertex 12.5 -13.5448 16.9
      vertex 10.5 -13.5448 12.7
      vertex 12.5 -13.5448 12.7
    endloop
  endfacet
  facet normal 0 1 -0
    outer loop
      vertex 12.5 0 12.7
      vertex 10.5 0 16.9
      vertex 12.5 0 16.9
    endloop
  endfacet
  facet normal 0 1 0
    outer loop
      vertex 10.5 0 16.9
      vertex 12.5 0 12.7
      vertex 10.5 0 12.7
    endloop
  endfacet
  facet normal -1 0 0
    outer loop
      vertex 10.5 0 12.7
      vertex 10.5 -8 16.9
      vertex 10.5 0 16.9
    endloop
  endfacet
  facet normal -1 0 0
    outer loop
      vertex 10.5 -13.5448 12.7
      vertex 10.5 -8 16.9
      vertex 10.5 0 12.7
    endloop
  endfacet
  facet normal -1 -0 0
    outer loop
      vertex 10.5 -8 16.9
      vertex 10.5 -13.5448 12.7
      vertex 10.5 -13.5448 16.9
    endloop
  endfacet
  facet normal 0 0 -1
    outer loop
      vertex 10.5 -13.5448 12.7
      vertex 12.5 0 12.7
      vertex 12.5 -13.5448 12.7
    endloop
  endfacet
  facet normal -0 0 -1
    outer loop
      vertex 12.5 0 12.7
      vertex 10.5 -13.5448 12.7
      vertex 10.5 0 12.7
    endloop
  endfacet
  facet normal 0.322673 0.946511 -0
    outer loop
      vertex 48.4314 -38.5106 0.1
      vertex 5.45175 -23.8585 5.5
      vertex 48.4314 -38.5106 5.5
    endloop
  endfacet
  facet normal 0.322673 0.946511 0
    outer loop
      vertex 5.45175 -23.8585 5.5
      vertex 48.4314 -38.5106 0.1
      vertex 5.45175 -23.8585 0.1
    endloop
  endfacet
  facet normal -0.268703 -0.963223 0
    outer loop
      vertex 0 -32 0.1
      vertex 39.8562 -43.1184 5.5
      vertex 0 -32 5.5
    endloop
  endfacet
  facet normal -0.268703 -0.963223 -0
    outer loop
      vertex 39.8562 -43.1184 5.5
      vertex 0 -32 0.1
      vertex 39.8562 -43.1184 0.1
    endloop
  endfacet
  facet normal -0.268715 -0.96322 0
    outer loop
      vertex 44.3228 -44.3644 0.1
      vertex 48.4314 -45.5106 5.5
      vertex 44.3228 -44.3644 5.5
    endloop
  endfacet
  facet normal -0.268715 -0.96322 -0
    outer loop
      vertex 48.4314 -45.5106 5.5
      vertex 44.3228 -44.3644 0.1
      vertex 48.4314 -45.5106 0.1
    endloop
  endfacet
  facet normal -1 0 0
    outer loop
      vertex 0 -32 0.1
      vertex 0 -26.5 5.5
      vertex 0 -26.5 0.1
    endloop
  endfacet
  facet normal -1 -0 0
    outer loop
      vertex 0 -26.5 5.5
      vertex 0 -32 0.1
      vertex 0 -32 5.5
    endloop
  endfacet
  facet normal -0 0 1
    outer loop
      vertex 45.0587 -42.1647 5.5
      vertex 48.4314 -45.5106 5.5
      vertex 48.4314 -38.5106 5.5
    endloop
  endfacet
  facet normal 0 0 1
    outer loop
      vertex 48.4314 -45.5106 5.5
      vertex 45.0587 -42.1647 5.5
      vertex 45.0814 -42.5106 5.5
    endloop
  endfacet
  facet normal 0 0 1
    outer loop
      vertex 48.4314 -38.5106 5.5
      vertex 44.9911 -41.8247 5.5
      vertex 45.0587 -42.1647 5.5
    endloop
  endfacet
  facet normal 0 0 1
    outer loop
      vertex 48.4314 -38.5106 5.5
      vertex 44.8797 -41.4964 5.5
      vertex 44.9911 -41.8247 5.5
    endloop
  endfacet
  facet normal 0 0 1
    outer loop
      vertex 48.4314 -38.5106 5.5
      vertex 44.7264 -41.1856 5.5
      vertex 44.8797 -41.4964 5.5
    endloop
  endfacet
  facet normal 0 0 1
    outer loop
      vertex 48.4314 -38.5106 5.5
      vertex 44.5338 -40.8973 5.5
      vertex 44.7264 -41.1856 5.5
    endloop
  endfacet
  facet normal 0 0 1
    outer loop
      vertex 48.4314 -38.5106 5.5
      vertex 44.3052 -40.6367 5.5
      vertex 44.5338 -40.8973 5.5
    endloop
  endfacet
  facet normal 0 0 1
    outer loop
      vertex 48.4314 -38.5106 5.5
      vertex 44.0446 -40.4082 5.5
      vertex 44.3052 -40.6367 5.5
    endloop
  endfacet
  facet normal 0 0 1
    outer loop
      vertex 48.4314 -38.5106 5.5
      vertex 43.7564 -40.2156 5.5
      vertex 44.0446 -40.4082 5.5
    endloop
  endfacet
  facet normal 0 0 1
    outer loop
      vertex 48.4314 -38.5106 5.5
      vertex 43.4455 -40.0623 5.5
      vertex 43.7564 -40.2156 5.5
    endloop
  endfacet
  facet normal 0 0 1
    outer loop
      vertex 48.4314 -38.5106 5.5
      vertex 43.1173 -39.9509 5.5
      vertex 43.4455 -40.0623 5.5
    endloop
  endfacet
  facet normal 0 0 1
    outer loop
      vertex 48.4314 -38.5106 5.5
      vertex 42.7773 -39.8832 5.5
      vertex 43.1173 -39.9509 5.5
    endloop
  endfacet
  facet normal 0 0 1
    outer loop
      vertex 48.4314 -38.5106 5.5
      vertex 42.4314 -39.8606 5.5
      vertex 42.7773 -39.8832 5.5
    endloop
  endfacet
  facet normal 0 0 1
    outer loop
      vertex 48.4314 -38.5106 5.5
      vertex 42.0855 -39.8832 5.5
      vertex 42.4314 -39.8606 5.5
    endloop
  endfacet
  facet normal 0 0 1
    outer loop
      vertex 5.45175 -23.8585 5.5
      vertex 42.0855 -39.8832 5.5
      vertex 48.4314 -38.5106 5.5
    endloop
  endfacet
  facet normal -0 0 1
    outer loop
      vertex 0 -32 5.5
      vertex 39.8041 -42.1647 5.5
      vertex 5.45175 -23.8585 5.5
    endloop
  endfacet
  facet normal 0 0 1
    outer loop
      vertex 39.8717 -41.8247 5.5
      vertex 5.45175 -23.8585 5.5
      vertex 39.8041 -42.1647 5.5
    endloop
  endfacet
  facet normal 0 0 1
    outer loop
      vertex 39.9831 -41.4964 5.5
      vertex 5.45175 -23.8585 5.5
      vertex 39.8717 -41.8247 5.5
    endloop
  endfacet
  facet normal 0 0 1
    outer loop
      vertex 40.1364 -41.1856 5.5
      vertex 5.45175 -23.8585 5.5
      vertex 39.9831 -41.4964 5.5
    endloop
  endfacet
  facet normal 0 0 1
    outer loop
      vertex 40.329 -40.8973 5.5
      vertex 5.45175 -23.8585 5.5
      vertex 40.1364 -41.1856 5.5
    endloop
  endfacet
  facet normal 0 0 1
    outer loop
      vertex 40.5576 -40.6367 5.5
      vertex 5.45175 -23.8585 5.5
      vertex 40.329 -40.8973 5.5
    endloop
  endfacet
  facet normal 0 0 1
    outer loop
      vertex 40.8182 -40.4082 5.5
      vertex 5.45175 -23.8585 5.5
      vertex 40.5576 -40.6367 5.5
    endloop
  endfacet
  facet normal 0 0 1
    outer loop
      vertex 41.1064 -40.2156 5.5
      vertex 5.45175 -23.8585 5.5
      vertex 40.8182 -40.4082 5.5
    endloop
  endfacet
  facet normal 0 0 1
    outer loop
      vertex 41.4173 -40.0623 5.5
      vertex 5.45175 -23.8585 5.5
      vertex 41.1064 -40.2156 5.5
    endloop
  endfacet
  facet normal 0 0 1
    outer loop
      vertex 41.7455 -39.9509 5.5
      vertex 5.45175 -23.8585 5.5
      vertex 41.4173 -40.0623 5.5
    endloop
  endfacet
  facet normal 0 0 1
    outer loop
      vertex 42.0855 -39.8832 5.5
      vertex 5.45175 -23.8585 5.5
      vertex 41.7455 -39.9509 5.5
    endloop
  endfacet
  facet normal -0 0 1
    outer loop
      vertex 45.0587 -42.8565 5.5
      vertex 48.4314 -45.5106 5.5
      vertex 45.0814 -42.5106 5.5
    endloop
  endfacet
  facet normal -0 0 1
    outer loop
      vertex 44.9911 -43.1964 5.5
      vertex 48.4314 -45.5106 5.5
      vertex 45.0587 -42.8565 5.5
    endloop
  endfacet
  facet normal -0 0 1
    outer loop
      vertex 44.8797 -43.5247 5.5
      vertex 48.4314 -45.5106 5.5
      vertex 44.9911 -43.1964 5.5
    endloop
  endfacet
  facet normal -0 0 1
    outer loop
      vertex 44.7264 -43.8356 5.5
      vertex 48.4314 -45.5106 5.5
      vertex 44.8797 -43.5247 5.5
    endloop
  endfacet
  facet normal -0 0 1
    outer loop
      vertex 44.5338 -44.1238 5.5
      vertex 48.4314 -45.5106 5.5
      vertex 44.7264 -43.8356 5.5
    endloop
  endfacet
  facet normal 0 0 1
    outer loop
      vertex 48.4314 -45.5106 5.5
      vertex 44.5338 -44.1238 5.5
      vertex 44.3228 -44.3644 5.5
    endloop
  endfacet
  facet normal 0 0 1
    outer loop
      vertex 39.8041 -42.1647 5.5
      vertex 0 -32 5.5
      vertex 39.7814 -42.5106 5.5
    endloop
  endfacet
  facet normal 0 0 1
    outer loop
      vertex 39.7814 -42.5106 5.5
      vertex 0 -32 5.5
      vertex 39.8041 -42.8565 5.5
    endloop
  endfacet
  facet normal 0 0 1
    outer loop
      vertex 0 -32 5.5
      vertex 5.45175 -23.8585 5.5
      vertex 3.95695 -25.1568 5.5
    endloop
  endfacet
  facet normal 0 0 1
    outer loop
      vertex 0 -32 5.5
      vertex 3.95695 -25.1568 5.5
      vertex 3.25 -25.6292 5.5
    endloop
  endfacet
  facet normal 0 0 1
    outer loop
      vertex 0 -32 5.5
      vertex 3.25 -25.6292 5.5
      vertex 2.48744 -26.0052 5.5
    endloop
  endfacet
  facet normal 0 0 1
    outer loop
      vertex 0 -32 5.5
      vertex 2.48744 -26.0052 5.5
      vertex 1.68232 -26.2785 5.5
    endloop
  endfacet
  facet normal 0 0 1
    outer loop
      vertex 0 -32 5.5
      vertex 1.68232 -26.2785 5.5
      vertex 0.84842 -26.4444 5.5
    endloop
  endfacet
  facet normal 0 0 1
    outer loop
      vertex 0 -32 5.5
      vertex 0.84842 -26.4444 5.5
      vertex 0 -26.5 5.5
    endloop
  endfacet
  facet normal 0 0 1
    outer loop
      vertex 39.8041 -42.8565 5.5
      vertex 0 -32 5.5
      vertex 39.8562 -43.1184 5.5
    endloop
  endfacet
  facet normal 1 -0 0
    outer loop
      vertex 48.4314 -45.5106 5.5
      vertex 48.4314 -38.5106 0.1
      vertex 48.4314 -38.5106 5.5
    endloop
  endfacet
  facet normal 1 0 0
    outer loop
      vertex 48.4314 -38.5106 0.1
      vertex 48.4314 -45.5106 5.5
      vertex 48.4314 -45.5106 0.1
    endloop
  endfacet
  facet normal 0 0 -1
    outer loop
      vertex 0 -32 18.5
      vertex 39.7814 -42.5106 18.5
      vertex 39.8041 -42.8565 18.5
    endloop
  endfacet
  facet normal 0 0 -1
    outer loop
      vertex 0 -32 18.5
      vertex 39.8041 -42.8565 18.5
      vertex 39.8562 -43.1184 18.5
    endloop
  endfacet
  facet normal 0 0 -1
    outer loop
      vertex 39.7814 -42.5106 18.5
      vertex 0 -32 18.5
      vertex 5.45175 -23.8585 18.5
    endloop
  endfacet
  facet normal 0 0 -1
    outer loop
      vertex 5.45175 -23.8585 18.5
      vertex 0 -32 18.5
      vertex 3.95695 -25.1568 18.5
    endloop
  endfacet
  facet normal 0 0 -1
    outer loop
      vertex 3.95695 -25.1568 18.5
      vertex 0 -32 18.5
      vertex 3.25 -25.6292 18.5
    endloop
  endfacet
  facet normal 0 0 -1
    outer loop
      vertex 3.25 -25.6292 18.5
      vertex 0 -32 18.5
      vertex 2.48744 -26.0052 18.5
    endloop
  endfacet
  facet normal 0 0 -1
    outer loop
      vertex 2.48744 -26.0052 18.5
      vertex 0 -32 18.5
      vertex 1.68232 -26.2785 18.5
    endloop
  endfacet
  facet normal 0 0 -1
    outer loop
      vertex 1.68232 -26.2785 18.5
      vertex 0 -32 18.5
      vertex 0.84842 -26.4444 18.5
    endloop
  endfacet
  facet normal 0 0 -1
    outer loop
      vertex 0.84842 -26.4444 18.5
      vertex 0 -32 18.5
      vertex 0 -26.5 18.5
    endloop
  endfacet
  facet normal 0 0 -1
    outer loop
      vertex 45.0587 -42.1647 18.5
      vertex 48.4314 -45.5106 18.5
      vertex 45.0814 -42.5106 18.5
    endloop
  endfacet
  facet normal 0 0 -1
    outer loop
      vertex 48.4314 -45.5106 18.5
      vertex 45.0587 -42.8565 18.5
      vertex 45.0814 -42.5106 18.5
    endloop
  endfacet
  facet normal 0 0 -1
    outer loop
      vertex 48.4314 -45.5106 18.5
      vertex 44.9911 -43.1964 18.5
      vertex 45.0587 -42.8565 18.5
    endloop
  endfacet
  facet normal 0 0 -1
    outer loop
      vertex 48.4314 -45.5106 18.5
      vertex 44.8797 -43.5247 18.5
      vertex 44.9911 -43.1964 18.5
    endloop
  endfacet
  facet normal 0 0 -1
    outer loop
      vertex 48.4314 -45.5106 18.5
      vertex 44.7264 -43.8356 18.5
      vertex 44.8797 -43.5247 18.5
    endloop
  endfacet
  facet normal 0 0 -1
    outer loop
      vertex 48.4314 -45.5106 18.5
      vertex 44.5338 -44.1238 18.5
      vertex 44.7264 -43.8356 18.5
    endloop
  endfacet
  facet normal 0 -0 -1
    outer loop
      vertex 44.5338 -44.1238 18.5
      vertex 48.4314 -45.5106 18.5
      vertex 44.3228 -44.3644 18.5
    endloop
  endfacet
  facet normal 0 0 -1
    outer loop
      vertex 48.4314 -45.5106 18.5
      vertex 45.0587 -42.1647 18.5
      vertex 48.4314 -38.5106 18.5
    endloop
  endfacet
  facet normal 0 0 -1
    outer loop
      vertex 44.9911 -41.8247 18.5
      vertex 48.4314 -38.5106 18.5
      vertex 45.0587 -42.1647 18.5
    endloop
  endfacet
  facet normal 0 0 -1
    outer loop
      vertex 44.8797 -41.4964 18.5
      vertex 48.4314 -38.5106 18.5
      vertex 44.9911 -41.8247 18.5
    endloop
  endfacet
  facet normal 0 0 -1
    outer loop
      vertex 44.7264 -41.1856 18.5
      vertex 48.4314 -38.5106 18.5
      vertex 44.8797 -41.4964 18.5
    endloop
  endfacet
  facet normal 0 0 -1
    outer loop
      vertex 44.5338 -40.8973 18.5
      vertex 48.4314 -38.5106 18.5
      vertex 44.7264 -41.1856 18.5
    endloop
  endfacet
  facet normal 0 0 -1
    outer loop
      vertex 44.3052 -40.6367 18.5
      vertex 48.4314 -38.5106 18.5
      vertex 44.5338 -40.8973 18.5
    endloop
  endfacet
  facet normal 0 0 -1
    outer loop
      vertex 44.0446 -40.4082 18.5
      vertex 48.4314 -38.5106 18.5
      vertex 44.3052 -40.6367 18.5
    endloop
  endfacet
  facet normal 0 0 -1
    outer loop
      vertex 43.7564 -40.2156 18.5
      vertex 48.4314 -38.5106 18.5
      vertex 44.0446 -40.4082 18.5
    endloop
  endfacet
  facet normal 0 0 -1
    outer loop
      vertex 43.4455 -40.0623 18.5
      vertex 48.4314 -38.5106 18.5
      vertex 43.7564 -40.2156 18.5
    endloop
  endfacet
  facet normal 0 0 -1
    outer loop
      vertex 43.1173 -39.9509 18.5
      vertex 48.4314 -38.5106 18.5
      vertex 43.4455 -40.0623 18.5
    endloop
  endfacet
  facet normal 0 0 -1
    outer loop
      vertex 42.7773 -39.8832 18.5
      vertex 48.4314 -38.5106 18.5
      vertex 43.1173 -39.9509 18.5
    endloop
  endfacet
  facet normal 0 0 -1
    outer loop
      vertex 42.4314 -39.8606 18.5
      vertex 48.4314 -38.5106 18.5
      vertex 42.7773 -39.8832 18.5
    endloop
  endfacet
  facet normal 0 0 -1
    outer loop
      vertex 42.0855 -39.8832 18.5
      vertex 48.4314 -38.5106 18.5
      vertex 42.4314 -39.8606 18.5
    endloop
  endfacet
  facet normal 0 0 -1
    outer loop
      vertex 5.45175 -23.8585 18.5
      vertex 42.0855 -39.8832 18.5
      vertex 41.7455 -39.9509 18.5
    endloop
  endfacet
  facet normal 0 0 -1
    outer loop
      vertex 42.0855 -39.8832 18.5
      vertex 5.45175 -23.8585 18.5
      vertex 48.4314 -38.5106 18.5
    endloop
  endfacet
  facet normal 0 0 -1
    outer loop
      vertex 41.4173 -40.0623 18.5
      vertex 5.45175 -23.8585 18.5
      vertex 41.7455 -39.9509 18.5
    endloop
  endfacet
  facet normal 0 0 -1
    outer loop
      vertex 41.1064 -40.2156 18.5
      vertex 5.45175 -23.8585 18.5
      vertex 41.4173 -40.0623 18.5
    endloop
  endfacet
  facet normal 0 0 -1
    outer loop
      vertex 40.8182 -40.4082 18.5
      vertex 5.45175 -23.8585 18.5
      vertex 41.1064 -40.2156 18.5
    endloop
  endfacet
  facet normal 0 0 -1
    outer loop
      vertex 40.5576 -40.6367 18.5
      vertex 5.45175 -23.8585 18.5
      vertex 40.8182 -40.4082 18.5
    endloop
  endfacet
  facet normal 0 0 -1
    outer loop
      vertex 40.329 -40.8973 18.5
      vertex 5.45175 -23.8585 18.5
      vertex 40.5576 -40.6367 18.5
    endloop
  endfacet
  facet normal 0 0 -1
    outer loop
      vertex 40.1364 -41.1856 18.5
      vertex 5.45175 -23.8585 18.5
      vertex 40.329 -40.8973 18.5
    endloop
  endfacet
  facet normal 0 0 -1
    outer loop
      vertex 39.9831 -41.4964 18.5
      vertex 5.45175 -23.8585 18.5
      vertex 40.1364 -41.1856 18.5
    endloop
  endfacet
  facet normal 0 0 -1
    outer loop
      vertex 39.8717 -41.8247 18.5
      vertex 5.45175 -23.8585 18.5
      vertex 39.9831 -41.4964 18.5
    endloop
  endfacet
  facet normal 0 0 -1
    outer loop
      vertex 39.8041 -42.1647 18.5
      vertex 5.45175 -23.8585 18.5
      vertex 39.8717 -41.8247 18.5
    endloop
  endfacet
  facet normal 0 0 -1
    outer loop
      vertex 5.45175 -23.8585 18.5
      vertex 39.8041 -42.1647 18.5
      vertex 39.7814 -42.5106 18.5
    endloop
  endfacet
  facet normal -0.268715 -0.96322 0
    outer loop
      vertex 44.3228 -44.3644 18.5
      vertex 48.4314 -45.5106 23.9
      vertex 44.3228 -44.3644 23.9
    endloop
  endfacet
  facet normal -0.268715 -0.96322 -0
    outer loop
      vertex 48.4314 -45.5106 23.9
      vertex 44.3228 -44.3644 18.5
      vertex 48.4314 -45.5106 18.5
    endloop
  endfacet
  facet normal -0.268703 -0.963223 0
    outer loop
      vertex 0 -32 18.5
      vertex 39.8562 -43.1184 23.9
      vertex 0 -32 23.9
    endloop
  endfacet
  facet normal -0.268703 -0.963223 -0
    outer loop
      vertex 39.8562 -43.1184 23.9
      vertex 0 -32 18.5
      vertex 39.8562 -43.1184 18.5
    endloop
  endfacet
  facet normal 1 -0 0
    outer loop
      vertex 48.4314 -45.5106 23.9
      vertex 48.4314 -38.5106 18.5
      vertex 48.4314 -38.5106 23.9
    endloop
  endfacet
  facet normal 1 0 0
    outer loop
      vertex 48.4314 -38.5106 18.5
      vertex 48.4314 -45.5106 23.9
      vertex 48.4314 -45.5106 18.5
    endloop
  endfacet
  facet normal -1 0 0
    outer loop
      vertex 0 -32 18.5
      vertex 0 -26.5 23.9
      vertex 0 -26.5 18.5
    endloop
  endfacet
  facet normal -1 -0 0
    outer loop
      vertex 0 -26.5 23.9
      vertex 0 -32 18.5
      vertex 0 -32 23.9
    endloop
  endfacet
  facet normal 0.322673 0.946511 -0
    outer loop
      vertex 48.4314 -38.5106 18.5
      vertex 5.45175 -23.8585 23.9
      vertex 48.4314 -38.5106 23.9
    endloop
  endfacet
  facet normal 0.322673 0.946511 0
    outer loop
      vertex 5.45175 -23.8585 23.9
      vertex 48.4314 -38.5106 18.5
      vertex 5.45175 -23.8585 18.5
    endloop
  endfacet
  facet normal 1 0 0
    outer loop
      vertex 6.75 30 24
      vertex 6.75 15 11.8
      vertex 6.75 30 0
    endloop
  endfacet
  facet normal 1 -0 0
    outer loop
      vertex 6.75 -8 24
      vertex 6.75 15 11.8
      vertex 6.75 30 24
    endloop
  endfacet
  facet normal 1 -0 0
    outer loop
      vertex 6.75 -8 23.9
      vertex 6.75 15 11.8
      vertex 6.75 -8 24
    endloop
  endfacet
  facet normal 1 -0 0
    outer loop
      vertex 6.75 -8 16.9
      vertex 6.75 15 11.8
      vertex 6.75 -8 23.9
    endloop
  endfacet
  facet normal 1 0 0
    outer loop
      vertex 6.75 15 11.8
      vertex 6.75 -8 16.9
      vertex 6.75 -8 11.8
    endloop
  endfacet
  facet normal 1 -0 0
    outer loop
      vertex 6.75 15 6.8
      vertex 6.75 30 0
      vertex 6.75 15 11.8
    endloop
  endfacet
  facet normal 1 0 0
    outer loop
      vertex 6.75 -8 0.1
      vertex 6.75 15 6.8
      vertex 6.75 -8 6.8
    endloop
  endfacet
  facet normal 1 0 0
    outer loop
      vertex 6.75 -8 0
      vertex 6.75 15 6.8
      vertex 6.75 -8 0.1
    endloop
  endfacet
  facet normal 1 0 0
    outer loop
      vertex 6.75 15 6.8
      vertex 6.75 -8 0
      vertex 6.75 30 0
    endloop
  endfacet
  facet normal 0 1 -0
    outer loop
      vertex 6.75 30 0
      vertex 4.75 30 24
      vertex 6.75 30 24
    endloop
  endfacet
  facet normal 0 1 0
    outer loop
      vertex 4.75 30 24
      vertex 6.75 30 0
      vertex 4.75 30 0
    endloop
  endfacet
  facet normal 0 1 -0
    outer loop
      vertex 4.75 30 0
      vertex 2.75 30 24
      vertex 4.75 30 24
    endloop
  endfacet
  facet normal 0 1 0
    outer loop
      vertex 2.75 30 24
      vertex 4.75 30 0
      vertex 2.75 30 0
    endloop
  endfacet
  facet normal -1 0 0
    outer loop
      vertex -6.75 -8 16.9
      vertex -6.75 14 11.8
      vertex -6.75 -8 11.8
    endloop
  endfacet
  facet normal -1 0 0
    outer loop
      vertex -6.75 14 11.8
      vertex -6.75 -8 16.9
      vertex -6.75 14 24
    endloop
  endfacet
  facet normal -1 0 0
    outer loop
      vertex -6.75 -8 23.9
      vertex -6.75 14 24
      vertex -6.75 -8 16.9
    endloop
  endfacet
  facet normal -1 -0 0
    outer loop
      vertex -6.75 14 24
      vertex -6.75 -8 23.9
      vertex -6.75 -8 24
    endloop
  endfacet
  facet normal -1 0 0
    outer loop
      vertex -6.75 -8 0.1
      vertex -6.75 14 0
      vertex -6.75 -8 0
    endloop
  endfacet
  facet normal -1 0 0
    outer loop
      vertex -6.75 14 0
      vertex -6.75 -8 0.1
      vertex -6.75 14 6.8
    endloop
  endfacet
  facet normal -1 -0 0
    outer loop
      vertex -6.75 14 6.8
      vertex -6.75 -8 0.1
      vertex -6.75 -8 6.8
    endloop
  endfacet
  facet normal 0 0 1
    outer loop
      vertex -2.75 14 24
      vertex -6.75 14 24
      vertex -2.75 0 24
    endloop
  endfacet
  facet normal 0 0 1
    outer loop
      vertex 2.75 0 24
      vertex 6.75 30 24
      vertex 4.75 30 24
    endloop
  endfacet
  facet normal 0 0 1
    outer loop
      vertex 2.75 0 24
      vertex 4.75 30 24
      vertex 2.75 30 24
    endloop
  endfacet
  facet normal 0 0 1
    outer loop
      vertex 6.75 30 24
      vertex 2.75 0 24
      vertex 6.75 -8 24
    endloop
  endfacet
  facet normal -0 0 1
    outer loop
      vertex -2.75 0 24
      vertex 6.75 -8 24
      vertex 2.75 0 24
    endloop
  endfacet
  facet normal 0 0 1
    outer loop
      vertex -2.75 0 24
      vertex -6.75 -8 24
      vertex 6.75 -8 24
    endloop
  endfacet
  facet normal 0 0 1
    outer loop
      vertex -6.75 -8 24
      vertex -2.75 0 24
      vertex -6.75 14 24
    endloop
  endfacet
  facet normal 0 0 -1
    outer loop
      vertex 2.75 0 0
      vertex 6.75 30 0
      vertex 6.75 -8 0
    endloop
  endfacet
  facet normal -0 0 -1
    outer loop
      vertex 6.75 30 0
      vertex 2.75 0 0
      vertex 4.75 30 0
    endloop
  endfacet
  facet normal 0 0 -1
    outer loop
      vertex 6.75 -8 0
      vertex -2.75 0 0
      vertex 2.75 0 0
    endloop
  endfacet
  facet normal 0 0 -1
    outer loop
      vertex -6.75 -8 0
      vertex -2.75 0 0
      vertex 6.75 -8 0
    endloop
  endfacet
  facet normal 0 0 -1
    outer loop
      vertex -6.75 14 0
      vertex -2.75 0 0
      vertex -6.75 -8 0
    endloop
  endfacet
  facet normal 0 0 -1
    outer loop
      vertex -2.75 0 0
      vertex -6.75 14 0
      vertex -2.75 14 0
    endloop
  endfacet
  facet normal -0 0 -1
    outer loop
      vertex 4.75 30 0
      vertex 2.75 0 0
      vertex 2.75 30 0
    endloop
  endfacet
  facet normal -0.831446 0.555605 0
    outer loop
      vertex 3.37175 -22.5872 3.71
      vertex 3.68061 -22.125 7.1
      vertex 3.68061 -22.125 3.71
    endloop
  endfacet
  facet normal -0.831446 0.555605 0
    outer loop
      vertex 3.68061 -22.125 7.1
      vertex 3.37175 -22.5872 3.71
      vertex 3.37175 -22.5872 7.1
    endloop
  endfacet
  facet normal 0.442314 0.89686 -0
    outer loop
      vertex -1.6264 -23.9265 3.71
      vertex -2.125 -23.6806 7.1
      vertex -1.6264 -23.9265 7.1
    endloop
  endfacet
  facet normal 0.442314 0.89686 0
    outer loop
      vertex -2.125 -23.6806 7.1
      vertex -1.6264 -23.9265 3.71
      vertex -2.125 -23.6806 3.71
    endloop
  endfacet
  facet normal -0.980788 0.195078 0
    outer loop
      vertex 4.10518 -21.1 3.71
      vertex 4.21364 -20.5547 7.1
      vertex 4.21364 -20.5547 3.71
    endloop
  endfacet
  facet normal -0.980788 0.195078 0
    outer loop
      vertex 4.21364 -20.5547 7.1
      vertex 4.10518 -21.1 3.71
      vertex 4.10518 -21.1 7.1
    endloop
  endfacet
  facet normal 0.194994 -0.980804 0
    outer loop
      vertex -1.09998 -15.8948 3.71
      vertex -0.554736 -15.7864 7.1
      vertex -1.09998 -15.8948 7.1
    endloop
  endfacet
  facet normal 0.194994 -0.980804 0
    outer loop
      vertex -0.554736 -15.7864 7.1
      vertex -1.09998 -15.8948 3.71
      vertex -0.554736 -15.7864 3.71
    endloop
  endfacet
  facet normal -0.997859 -0.0654086 0
    outer loop
      vertex 4.25 -20 3.71
      vertex 4.21364 -19.4453 7.1
      vertex 4.21364 -19.4453 3.71
    endloop
  endfacet
  facet normal -0.997859 -0.0654086 0
    outer loop
      vertex 4.21364 -19.4453 7.1
      vertex 4.25 -20 3.71
      vertex 4.25 -20 7.1
    endloop
  endfacet
  facet normal -0.659304 0.751876 0
    outer loop
      vertex 3.0052 -23.0052 3.71
      vertex 2.58724 -23.3717 7.1
      vertex 3.0052 -23.0052 7.1
    endloop
  endfacet
  facet normal -0.659304 0.751876 0
    outer loop
      vertex 2.58724 -23.3717 7.1
      vertex 3.0052 -23.0052 3.71
      vertex 2.58724 -23.3717 3.71
    endloop
  endfacet
  facet normal -0.194994 -0.980804 0
    outer loop
      vertex 0.554736 -15.7864 3.71
      vertex 1.09998 -15.8948 7.1
      vertex 0.554736 -15.7864 7.1
    endloop
  endfacet
  facet normal -0.194994 -0.980804 -0
    outer loop
      vertex 1.09998 -15.8948 7.1
      vertex 0.554736 -15.7864 3.71
      vertex 1.09998 -15.8948 3.71
    endloop
  endfacet
  facet normal -0.896874 -0.442285 0
    outer loop
      vertex 3.92649 -18.3736 3.71
      vertex 3.68061 -17.875 7.1
      vertex 3.68061 -17.875 3.71
    endloop
  endfacet
  facet normal -0.896874 -0.442285 0
    outer loop
      vertex 3.68061 -17.875 7.1
      vertex 3.92649 -18.3736 3.71
      vertex 3.92649 -18.3736 7.1
    endloop
  endfacet
  facet normal 0.946929 -0.321442 0
    outer loop
      vertex -4.10518 -18.9 7.1
      vertex -3.92649 -18.3736 3.71
      vertex -3.92649 -18.3736 7.1
    endloop
  endfacet
  facet normal 0.946929 -0.321442 0
    outer loop
      vertex -3.92649 -18.3736 3.71
      vertex -4.10518 -18.9 7.1
      vertex -4.10518 -18.9 3.71
    endloop
  endfacet
  facet normal -0.997859 0.0654086 0
    outer loop
      vertex 4.21364 -20.5547 3.71
      vertex 4.25 -20 7.1
      vertex 4.25 -20 3.71
    endloop
  endfacet
  facet normal -0.997859 0.0654086 0
    outer loop
      vertex 4.25 -20 7.1
      vertex 4.21364 -20.5547 3.71
      vertex 4.21364 -20.5547 7.1
    endloop
  endfacet
  facet normal -0.065476 0.997854 0
    outer loop
      vertex 0.554736 -24.2136 3.71
      vertex 0 -24.25 7.1
      vertex 0.554736 -24.2136 7.1
    endloop
  endfacet
  facet normal -0.065476 0.997854 0
    outer loop
      vertex 0 -24.25 7.1
      vertex 0.554736 -24.2136 3.71
      vertex 0 -24.25 3.71
    endloop
  endfacet
  facet normal -0.751863 0.659319 0
    outer loop
      vertex 3.0052 -23.0052 3.71
      vertex 3.37175 -22.5872 7.1
      vertex 3.37175 -22.5872 3.71
    endloop
  endfacet
  facet normal -0.751863 0.659319 0
    outer loop
      vertex 3.37175 -22.5872 7.1
      vertex 3.0052 -23.0052 3.71
      vertex 3.0052 -23.0052 7.1
    endloop
  endfacet
  facet normal -0.946929 0.321442 0
    outer loop
      vertex 3.92649 -21.6264 3.71
      vertex 4.10518 -21.1 7.1
      vertex 4.10518 -21.1 3.71
    endloop
  endfacet
  facet normal -0.946929 0.321442 0
    outer loop
      vertex 4.10518 -21.1 7.1
      vertex 3.92649 -21.6264 3.71
      vertex 3.92649 -21.6264 7.1
    endloop
  endfacet
  facet normal -0.751863 -0.659319 0
    outer loop
      vertex 3.37175 -17.4128 3.71
      vertex 3.0052 -16.9948 7.1
      vertex 3.0052 -16.9948 3.71
    endloop
  endfacet
  facet normal -0.751863 -0.659319 0
    outer loop
      vertex 3.0052 -16.9948 7.1
      vertex 3.37175 -17.4128 3.71
      vertex 3.37175 -17.4128 7.1
    endloop
  endfacet
  facet normal 0.065476 -0.997854 0
    outer loop
      vertex -0.554736 -15.7864 3.71
      vertex 0 -15.75 7.1
      vertex -0.554736 -15.7864 7.1
    endloop
  endfacet
  facet normal 0.065476 -0.997854 0
    outer loop
      vertex 0 -15.75 7.1
      vertex -0.554736 -15.7864 3.71
      vertex 0 -15.75 3.71
    endloop
  endfacet
  facet normal 0.321447 -0.946928 0
    outer loop
      vertex -1.6264 -16.0735 3.71
      vertex -1.09998 -15.8948 7.1
      vertex -1.6264 -16.0735 7.1
    endloop
  endfacet
  facet normal 0.321447 -0.946928 0
    outer loop
      vertex -1.09998 -15.8948 7.1
      vertex -1.6264 -16.0735 3.71
      vertex -1.09998 -15.8948 3.71
    endloop
  endfacet
  facet normal 0.980788 -0.195078 0
    outer loop
      vertex -4.21364 -19.4453 7.1
      vertex -4.10518 -18.9 3.71
      vertex -4.10518 -18.9 7.1
    endloop
  endfacet
  facet normal 0.980788 -0.195078 0
    outer loop
      vertex -4.10518 -18.9 3.71
      vertex -4.21364 -19.4453 7.1
      vertex -4.21364 -19.4453 3.71
    endloop
  endfacet
  facet normal 0.194994 0.980804 -0
    outer loop
      vertex -0.554736 -24.2136 3.71
      vertex -1.09998 -24.1052 7.1
      vertex -0.554736 -24.2136 7.1
    endloop
  endfacet
  facet normal 0.194994 0.980804 0
    outer loop
      vertex -1.09998 -24.1052 7.1
      vertex -0.554736 -24.2136 3.71
      vertex -1.09998 -24.1052 3.71
    endloop
  endfacet
  facet normal 0.321447 0.946928 -0
    outer loop
      vertex -1.09998 -24.1052 3.71
      vertex -1.6264 -23.9265 7.1
      vertex -1.09998 -24.1052 7.1
    endloop
  endfacet
  facet normal 0.321447 0.946928 0
    outer loop
      vertex -1.6264 -23.9265 7.1
      vertex -1.09998 -24.1052 3.71
      vertex -1.6264 -23.9265 3.71
    endloop
  endfacet
  facet normal 0.980788 0.195078 0
    outer loop
      vertex -4.10518 -21.1 7.1
      vertex -4.21364 -20.5547 3.71
      vertex -4.21364 -20.5547 7.1
    endloop
  endfacet
  facet normal 0.980788 0.195078 0
    outer loop
      vertex -4.21364 -20.5547 3.71
      vertex -4.10518 -21.1 7.1
      vertex -4.10518 -21.1 3.71
    endloop
  endfacet
  facet normal 0.555621 0.831435 -0
    outer loop
      vertex -2.125 -23.6806 3.71
      vertex -2.58724 -23.3717 7.1
      vertex -2.125 -23.6806 7.1
    endloop
  endfacet
  facet normal 0.555621 0.831435 0
    outer loop
      vertex -2.58724 -23.3717 7.1
      vertex -2.125 -23.6806 3.71
      vertex -2.58724 -23.3717 3.71
    endloop
  endfacet
  facet normal 0.896874 0.442285 0
    outer loop
      vertex -3.68061 -22.125 7.1
      vertex -3.92649 -21.6264 3.71
      vertex -3.92649 -21.6264 7.1
    endloop
  endfacet
  facet normal 0.896874 0.442285 0
    outer loop
      vertex -3.92649 -21.6264 3.71
      vertex -3.68061 -22.125 7.1
      vertex -3.68061 -22.125 3.71
    endloop
  endfacet
  facet normal 0.997859 -0.0654086 0
    outer loop
      vertex -4.25 -20 7.1
      vertex -4.21364 -19.4453 3.71
      vertex -4.21364 -19.4453 7.1
    endloop
  endfacet
  facet normal 0.997859 -0.0654086 0
    outer loop
      vertex -4.21364 -19.4453 3.71
      vertex -4.25 -20 7.1
      vertex -4.25 -20 3.71
    endloop
  endfacet
  facet normal 0.555497 -0.831519 0
    outer loop
      vertex -2.58724 -16.6282 3.71
      vertex -2.125 -16.3194 7.1
      vertex -2.58724 -16.6282 7.1
    endloop
  endfacet
  facet normal 0.555497 -0.831519 0
    outer loop
      vertex -2.125 -16.3194 7.1
      vertex -2.58724 -16.6282 3.71
      vertex -2.125 -16.3194 3.71
    endloop
  endfacet
  facet normal 0.751863 0.659319 0
    outer loop
      vertex -3.0052 -23.0052 7.1
      vertex -3.37175 -22.5872 3.71
      vertex -3.37175 -22.5872 7.1
    endloop
  endfacet
  facet normal 0.751863 0.659319 0
    outer loop
      vertex -3.37175 -22.5872 3.71
      vertex -3.0052 -23.0052 7.1
      vertex -3.0052 -23.0052 3.71
    endloop
  endfacet
  facet normal -0.321447 0.946928 0
    outer loop
      vertex 1.6264 -23.9265 3.71
      vertex 1.09998 -24.1052 7.1
      vertex 1.6264 -23.9265 7.1
    endloop
  endfacet
  facet normal -0.321447 0.946928 0
    outer loop
      vertex 1.09998 -24.1052 7.1
      vertex 1.6264 -23.9265 3.71
      vertex 1.09998 -24.1052 3.71
    endloop
  endfacet
  facet normal -0.555621 0.831435 0
    outer loop
      vertex 2.58724 -23.3717 3.71
      vertex 2.125 -23.6806 7.1
      vertex 2.58724 -23.3717 7.1
    endloop
  endfacet
  facet normal -0.555621 0.831435 0
    outer loop
      vertex 2.125 -23.6806 7.1
      vertex 2.58724 -23.3717 3.71
      vertex 2.125 -23.6806 3.71
    endloop
  endfacet
  facet normal 0.896874 -0.442285 0
    outer loop
      vertex -3.92649 -18.3736 7.1
      vertex -3.68061 -17.875 3.71
      vertex -3.68061 -17.875 7.1
    endloop
  endfacet
  facet normal 0.896874 -0.442285 0
    outer loop
      vertex -3.68061 -17.875 3.71
      vertex -3.92649 -18.3736 7.1
      vertex -3.92649 -18.3736 3.71
    endloop
  endfacet
  facet normal -0.831446 -0.555605 0
    outer loop
      vertex 3.68061 -17.875 3.71
      vertex 3.37175 -17.4128 7.1
      vertex 3.37175 -17.4128 3.71
    endloop
  endfacet
  facet normal -0.831446 -0.555605 0
    outer loop
      vertex 3.37175 -17.4128 7.1
      vertex 3.68061 -17.875 3.71
      vertex 3.68061 -17.875 7.1
    endloop
  endfacet
  facet normal -0.946929 -0.321442 0
    outer loop
      vertex 4.10518 -18.9 3.71
      vertex 3.92649 -18.3736 7.1
      vertex 3.92649 -18.3736 3.71
    endloop
  endfacet
  facet normal -0.946929 -0.321442 0
    outer loop
      vertex 3.92649 -18.3736 7.1
      vertex 4.10518 -18.9 3.71
      vertex 4.10518 -18.9 7.1
    endloop
  endfacet
  facet normal -0.065476 -0.997854 0
    outer loop
      vertex 0 -15.75 3.71
      vertex 0.554736 -15.7864 7.1
      vertex 0 -15.75 7.1
    endloop
  endfacet
  facet normal -0.065476 -0.997854 -0
    outer loop
      vertex 0.554736 -15.7864 7.1
      vertex 0 -15.75 3.71
      vertex 0.554736 -15.7864 3.71
    endloop
  endfacet
  facet normal -0.555497 -0.831519 0
    outer loop
      vertex 2.125 -16.3194 3.71
      vertex 2.58724 -16.6282 7.1
      vertex 2.125 -16.3194 7.1
    endloop
  endfacet
  facet normal -0.555497 -0.831519 -0
    outer loop
      vertex 2.58724 -16.6282 7.1
      vertex 2.125 -16.3194 3.71
      vertex 2.58724 -16.6282 3.71
    endloop
  endfacet
  facet normal -0.442314 0.89686 0
    outer loop
      vertex 2.125 -23.6806 3.71
      vertex 1.6264 -23.9265 7.1
      vertex 2.125 -23.6806 7.1
    endloop
  endfacet
  facet normal -0.442314 0.89686 0
    outer loop
      vertex 1.6264 -23.9265 7.1
      vertex 2.125 -23.6806 3.71
      vertex 1.6264 -23.9265 3.71
    endloop
  endfacet
  facet normal 0.831446 0.555605 0
    outer loop
      vertex -3.37175 -22.5872 7.1
      vertex -3.68061 -22.125 3.71
      vertex -3.68061 -22.125 7.1
    endloop
  endfacet
  facet normal 0.831446 0.555605 0
    outer loop
      vertex -3.68061 -22.125 3.71
      vertex -3.37175 -22.5872 7.1
      vertex -3.37175 -22.5872 3.71
    endloop
  endfacet
  facet normal -0.896874 0.442285 0
    outer loop
      vertex 3.68061 -22.125 3.71
      vertex 3.92649 -21.6264 7.1
      vertex 3.92649 -21.6264 3.71
    endloop
  endfacet
  facet normal -0.896874 0.442285 0
    outer loop
      vertex 3.92649 -21.6264 7.1
      vertex 3.68061 -22.125 3.71
      vertex 3.68061 -22.125 7.1
    endloop
  endfacet
  facet normal -0.659406 -0.751787 0
    outer loop
      vertex 2.58724 -16.6282 3.71
      vertex 3.0052 -16.9948 7.1
      vertex 2.58724 -16.6282 7.1
    endloop
  endfacet
  facet normal -0.659406 -0.751787 -0
    outer loop
      vertex 3.0052 -16.9948 7.1
      vertex 2.58724 -16.6282 3.71
      vertex 3.0052 -16.9948 3.71
    endloop
  endfacet
  facet normal 0.946929 0.321442 0
    outer loop
      vertex -3.92649 -21.6264 7.1
      vertex -4.10518 -21.1 3.71
      vertex -4.10518 -21.1 7.1
    endloop
  endfacet
  facet normal 0.946929 0.321442 0
    outer loop
      vertex -4.10518 -21.1 3.71
      vertex -3.92649 -21.6264 7.1
      vertex -3.92649 -21.6264 3.71
    endloop
  endfacet
  facet normal -0.194994 0.980804 0
    outer loop
      vertex 1.09998 -24.1052 3.71
      vertex 0.554736 -24.2136 7.1
      vertex 1.09998 -24.1052 7.1
    endloop
  endfacet
  facet normal -0.194994 0.980804 0
    outer loop
      vertex 0.554736 -24.2136 7.1
      vertex 1.09998 -24.1052 3.71
      vertex 0.554736 -24.2136 3.71
    endloop
  endfacet
  facet normal 0.659406 -0.751787 0
    outer loop
      vertex -3.0052 -16.9948 3.71
      vertex -2.58724 -16.6282 7.1
      vertex -3.0052 -16.9948 7.1
    endloop
  endfacet
  facet normal 0.659406 -0.751787 0
    outer loop
      vertex -2.58724 -16.6282 7.1
      vertex -3.0052 -16.9948 3.71
      vertex -2.58724 -16.6282 3.71
    endloop
  endfacet
  facet normal 0.997859 0.0654086 0
    outer loop
      vertex -4.21364 -20.5547 7.1
      vertex -4.25 -20 3.71
      vertex -4.25 -20 7.1
    endloop
  endfacet
  facet normal 0.997859 0.0654086 0
    outer loop
      vertex -4.25 -20 3.71
      vertex -4.21364 -20.5547 7.1
      vertex -4.21364 -20.5547 3.71
    endloop
  endfacet
  facet normal -0.980788 -0.195078 0
    outer loop
      vertex 4.21364 -19.4453 3.71
      vertex 4.10518 -18.9 7.1
      vertex 4.10518 -18.9 3.71
    endloop
  endfacet
  facet normal -0.980788 -0.195078 0
    outer loop
      vertex 4.10518 -18.9 7.1
      vertex 4.21364 -19.4453 3.71
      vertex 4.21364 -19.4453 7.1
    endloop
  endfacet
  facet normal 0.065476 0.997854 -0
    outer loop
      vertex 0 -24.25 3.71
      vertex -0.554736 -24.2136 7.1
      vertex 0 -24.25 7.1
    endloop
  endfacet
  facet normal 0.065476 0.997854 0
    outer loop
      vertex -0.554736 -24.2136 7.1
      vertex 0 -24.25 3.71
      vertex -0.554736 -24.2136 3.71
    endloop
  endfacet
  facet normal 0.659304 0.751876 -0
    outer loop
      vertex -2.58724 -23.3717 3.71
      vertex -3.0052 -23.0052 7.1
      vertex -2.58724 -23.3717 7.1
    endloop
  endfacet
  facet normal 0.659304 0.751876 0
    outer loop
      vertex -3.0052 -23.0052 7.1
      vertex -2.58724 -23.3717 3.71
      vertex -3.0052 -23.0052 3.71
    endloop
  endfacet
  facet normal -0.442314 -0.89686 0
    outer loop
      vertex 1.6264 -16.0735 3.71
      vertex 2.125 -16.3194 7.1
      vertex 1.6264 -16.0735 7.1
    endloop
  endfacet
  facet normal -0.442314 -0.89686 -0
    outer loop
      vertex 2.125 -16.3194 7.1
      vertex 1.6264 -16.0735 3.71
      vertex 2.125 -16.3194 3.71
    endloop
  endfacet
  facet normal 0.831446 -0.555605 0
    outer loop
      vertex -3.68061 -17.875 7.1
      vertex -3.37175 -17.4128 3.71
      vertex -3.37175 -17.4128 7.1
    endloop
  endfacet
  facet normal 0.831446 -0.555605 0
    outer loop
      vertex -3.37175 -17.4128 3.71
      vertex -3.68061 -17.875 7.1
      vertex -3.68061 -17.875 3.71
    endloop
  endfacet
  facet normal -0.321447 -0.946928 0
    outer loop
      vertex 1.09998 -15.8948 3.71
      vertex 1.6264 -16.0735 7.1
      vertex 1.09998 -15.8948 7.1
    endloop
  endfacet
  facet normal -0.321447 -0.946928 -0
    outer loop
      vertex 1.6264 -16.0735 7.1
      vertex 1.09998 -15.8948 3.71
      vertex 1.6264 -16.0735 3.71
    endloop
  endfacet
  facet normal 0 0 1
    outer loop
      vertex 1.6 -20 3.71
      vertex 4.25 -20 3.71
      vertex 4.21364 -19.4453 3.71
    endloop
  endfacet
  facet normal 0 0 1
    outer loop
      vertex 1.58631 -19.7912 3.71
      vertex 4.21364 -19.4453 3.71
      vertex 4.10518 -18.9 3.71
    endloop
  endfacet
  facet normal 0 0 1
    outer loop
      vertex 4.25 -20 3.71
      vertex 1.6 -20 3.71
      vertex 4.21364 -20.5547 3.71
    endloop
  endfacet
  facet normal 0 0 1
    outer loop
      vertex 1.54548 -19.5859 3.71
      vertex 4.10518 -18.9 3.71
      vertex 3.92649 -18.3736 3.71
    endloop
  endfacet
  facet normal -0 0 1
    outer loop
      vertex 1.58631 -20.2088 3.71
      vertex 4.21364 -20.5547 3.71
      vertex 1.6 -20 3.71
    endloop
  endfacet
  facet normal 0 0 1
    outer loop
      vertex 1.47821 -19.3877 3.71
      vertex 3.92649 -18.3736 3.71
      vertex 3.68061 -17.875 3.71
    endloop
  endfacet
  facet normal 0 0 1
    outer loop
      vertex 4.21364 -20.5547 3.71
      vertex 1.58631 -20.2088 3.71
      vertex 4.10518 -21.1 3.71
    endloop
  endfacet
  facet normal 0 0 1
    outer loop
      vertex 1.38564 -19.2 3.71
      vertex 3.68061 -17.875 3.71
      vertex 3.37175 -17.4128 3.71
    endloop
  endfacet
  facet normal -0 0 1
    outer loop
      vertex 1.54548 -20.4141 3.71
      vertex 4.10518 -21.1 3.71
      vertex 1.58631 -20.2088 3.71
    endloop
  endfacet
  facet normal 0 0 1
    outer loop
      vertex 1.26937 -19.026 3.71
      vertex 3.37175 -17.4128 3.71
      vertex 3.0052 -16.9948 3.71
    endloop
  endfacet
  facet normal 0 0 1
    outer loop
      vertex 4.10518 -21.1 3.71
      vertex 1.54548 -20.4141 3.71
      vertex 3.92649 -21.6264 3.71
    endloop
  endfacet
  facet normal 0 0 1
    outer loop
      vertex 1.13137 -18.8686 3.71
      vertex 3.0052 -16.9948 3.71
      vertex 2.58724 -16.6282 3.71
    endloop
  endfacet
  facet normal -0 0 1
    outer loop
      vertex 1.47821 -20.6123 3.71
      vertex 3.92649 -21.6264 3.71
      vertex 1.54548 -20.4141 3.71
    endloop
  endfacet
  facet normal 0 0 1
    outer loop
      vertex 0.974018 -18.7306 3.71
      vertex 2.58724 -16.6282 3.71
      vertex 2.125 -16.3194 3.71
    endloop
  endfacet
  facet normal 0 0 1
    outer loop
      vertex 3.92649 -21.6264 3.71
      vertex 1.47821 -20.6123 3.71
      vertex 3.68061 -22.125 3.71
    endloop
  endfacet
  facet normal 0 0 1
    outer loop
      vertex 0.799999 -18.6144 3.71
      vertex 2.125 -16.3194 3.71
      vertex 1.6264 -16.0735 3.71
    endloop
  endfacet
  facet normal -0 0 1
    outer loop
      vertex 1.38564 -20.8 3.71
      vertex 3.68061 -22.125 3.71
      vertex 1.47821 -20.6123 3.71
    endloop
  endfacet
  facet normal 0 0 1
    outer loop
      vertex 3.68061 -22.125 3.71
      vertex 1.38564 -20.8 3.71
      vertex 3.37175 -22.5872 3.71
    endloop
  endfacet
  facet normal 0 0 1
    outer loop
      vertex 4.21364 -19.4453 3.71
      vertex 1.58631 -19.7912 3.71
      vertex 1.6 -20 3.71
    endloop
  endfacet
  facet normal 0 0 1
    outer loop
      vertex 4.10518 -18.9 3.71
      vertex 1.54548 -19.5859 3.71
      vertex 1.58631 -19.7912 3.71
    endloop
  endfacet
  facet normal 0 0 1
    outer loop
      vertex 3.92649 -18.3736 3.71
      vertex 1.47821 -19.3877 3.71
      vertex 1.54548 -19.5859 3.71
    endloop
  endfacet
  facet normal 0 0 1
    outer loop
      vertex 3.68061 -17.875 3.71
      vertex 1.38564 -19.2 3.71
      vertex 1.47821 -19.3877 3.71
    endloop
  endfacet
  facet normal 0 0 1
    outer loop
      vertex 3.37175 -17.4128 3.71
      vertex 1.26937 -19.026 3.71
      vertex 1.38564 -19.2 3.71
    endloop
  endfacet
  facet normal 0 0 1
    outer loop
      vertex 3.0052 -16.9948 3.71
      vertex 1.13137 -18.8686 3.71
      vertex 1.26937 -19.026 3.71
    endloop
  endfacet
  facet normal 0 0 1
    outer loop
      vertex 0.612293 -18.5218 3.71
      vertex 1.6264 -16.0735 3.71
      vertex 1.09998 -15.8948 3.71
    endloop
  endfacet
  facet normal 0 0 1
    outer loop
      vertex 2.58724 -16.6282 3.71
      vertex 0.974018 -18.7306 3.71
      vertex 1.13137 -18.8686 3.71
    endloop
  endfacet
  facet normal 0 0 1
    outer loop
      vertex 2.125 -16.3194 3.71
      vertex 0.799999 -18.6144 3.71
      vertex 0.974018 -18.7306 3.71
    endloop
  endfacet
  facet normal 0 0 1
    outer loop
      vertex 1.6264 -16.0735 3.71
      vertex 0.612293 -18.5218 3.71
      vertex 0.799999 -18.6144 3.71
    endloop
  endfacet
  facet normal 0 0 1
    outer loop
      vertex 0.41411 -18.4545 3.71
      vertex 1.09998 -15.8948 3.71
      vertex 0.554736 -15.7864 3.71
    endloop
  endfacet
  facet normal 0 0 1
    outer loop
      vertex 1.09998 -15.8948 3.71
      vertex 0.41411 -18.4545 3.71
      vertex 0.612293 -18.5218 3.71
    endloop
  endfacet
  facet normal 0 0 1
    outer loop
      vertex 0.554736 -15.7864 3.71
      vertex 0.208841 -18.4137 3.71
      vertex 0.41411 -18.4545 3.71
    endloop
  endfacet
  facet normal 0 0 1
    outer loop
      vertex 0 -15.75 3.71
      vertex 0.208841 -18.4137 3.71
      vertex 0.554736 -15.7864 3.71
    endloop
  endfacet
  facet normal 0 0 1
    outer loop
      vertex 0 -15.75 3.71
      vertex 0 -18.4 3.71
      vertex 0.208841 -18.4137 3.71
    endloop
  endfacet
  facet normal 0 0 1
    outer loop
      vertex 0 -15.75 3.71
      vertex -0.208841 -18.4137 3.71
      vertex 0 -18.4 3.71
    endloop
  endfacet
  facet normal -0 0 1
    outer loop
      vertex -0.554736 -15.7864 3.71
      vertex -0.208841 -18.4137 3.71
      vertex 0 -15.75 3.71
    endloop
  endfacet
  facet normal 0 0 1
    outer loop
      vertex -0.208841 -18.4137 3.71
      vertex -0.554736 -15.7864 3.71
      vertex -0.41411 -18.4545 3.71
    endloop
  endfacet
  facet normal -0 0 1
    outer loop
      vertex -1.09998 -15.8948 3.71
      vertex -0.41411 -18.4545 3.71
      vertex -0.554736 -15.7864 3.71
    endloop
  endfacet
  facet normal 0 0 1
    outer loop
      vertex -0.41411 -18.4545 3.71
      vertex -1.09998 -15.8948 3.71
      vertex -0.612293 -18.5218 3.71
    endloop
  endfacet
  facet normal -0 0 1
    outer loop
      vertex -1.6264 -16.0735 3.71
      vertex -0.612293 -18.5218 3.71
      vertex -1.09998 -15.8948 3.71
    endloop
  endfacet
  facet normal 0 0 1
    outer loop
      vertex -0.612293 -18.5218 3.71
      vertex -1.6264 -16.0735 3.71
      vertex -0.799999 -18.6144 3.71
    endloop
  endfacet
  facet normal -0 0 1
    outer loop
      vertex -2.125 -16.3194 3.71
      vertex -0.799999 -18.6144 3.71
      vertex -1.6264 -16.0735 3.71
    endloop
  endfacet
  facet normal 0 0 1
    outer loop
      vertex -0.799999 -18.6144 3.71
      vertex -2.125 -16.3194 3.71
      vertex -0.974018 -18.7306 3.71
    endloop
  endfacet
  facet normal -0 0 1
    outer loop
      vertex -2.58724 -16.6282 3.71
      vertex -0.974018 -18.7306 3.71
      vertex -2.125 -16.3194 3.71
    endloop
  endfacet
  facet normal 0 0 1
    outer loop
      vertex -0.974018 -18.7306 3.71
      vertex -2.58724 -16.6282 3.71
      vertex -1.13137 -18.8686 3.71
    endloop
  endfacet
  facet normal -0 0 1
    outer loop
      vertex -3.0052 -16.9948 3.71
      vertex -1.13137 -18.8686 3.71
      vertex -2.58724 -16.6282 3.71
    endloop
  endfacet
  facet normal 0 0 1
    outer loop
      vertex -1.13137 -18.8686 3.71
      vertex -3.0052 -16.9948 3.71
      vertex -1.26937 -19.026 3.71
    endloop
  endfacet
  facet normal 0 0 1
    outer loop
      vertex -1.26937 -19.026 3.71
      vertex -3.37175 -17.4128 3.71
      vertex -1.38564 -19.2 3.71
    endloop
  endfacet
  facet normal -0 0 1
    outer loop
      vertex -3.37175 -17.4128 3.71
      vertex -1.26937 -19.026 3.71
      vertex -3.0052 -16.9948 3.71
    endloop
  endfacet
  facet normal -0 0 1
    outer loop
      vertex 1.26937 -20.974 3.71
      vertex 3.37175 -22.5872 3.71
      vertex 1.38564 -20.8 3.71
    endloop
  endfacet
  facet normal 0 0 1
    outer loop
      vertex 3.37175 -22.5872 3.71
      vertex 1.26937 -20.974 3.71
      vertex 3.0052 -23.0052 3.71
    endloop
  endfacet
  facet normal -0 0 1
    outer loop
      vertex 1.13137 -21.1314 3.71
      vertex 3.0052 -23.0052 3.71
      vertex 1.26937 -20.974 3.71
    endloop
  endfacet
  facet normal 0 0 1
    outer loop
      vertex 3.0052 -23.0052 3.71
      vertex 1.13137 -21.1314 3.71
      vertex 2.58724 -23.3717 3.71
    endloop
  endfacet
  facet normal -0 0 1
    outer loop
      vertex 0.974018 -21.2694 3.71
      vertex 2.58724 -23.3717 3.71
      vertex 1.13137 -21.1314 3.71
    endloop
  endfacet
  facet normal 0 0 1
    outer loop
      vertex 2.58724 -23.3717 3.71
      vertex 0.974018 -21.2694 3.71
      vertex 2.125 -23.6806 3.71
    endloop
  endfacet
  facet normal -0 0 1
    outer loop
      vertex 0.799999 -21.3856 3.71
      vertex 2.125 -23.6806 3.71
      vertex 0.974018 -21.2694 3.71
    endloop
  endfacet
  facet normal 0 0 1
    outer loop
      vertex 2.125 -23.6806 3.71
      vertex 0.799999 -21.3856 3.71
      vertex 1.6264 -23.9265 3.71
    endloop
  endfacet
  facet normal -0 0 1
    outer loop
      vertex 0.612293 -21.4782 3.71
      vertex 1.6264 -23.9265 3.71
      vertex 0.799999 -21.3856 3.71
    endloop
  endfacet
  facet normal 0 0 1
    outer loop
      vertex 1.6264 -23.9265 3.71
      vertex 0.612293 -21.4782 3.71
      vertex 1.09998 -24.1052 3.71
    endloop
  endfacet
  facet normal -0 0 1
    outer loop
      vertex 0.41411 -21.5455 3.71
      vertex 1.09998 -24.1052 3.71
      vertex 0.612293 -21.4782 3.71
    endloop
  endfacet
  facet normal 0 0 1
    outer loop
      vertex 1.09998 -24.1052 3.71
      vertex 0.41411 -21.5455 3.71
      vertex 0.554736 -24.2136 3.71
    endloop
  endfacet
  facet normal -0 0 1
    outer loop
      vertex 0.208841 -21.5863 3.71
      vertex 0.554736 -24.2136 3.71
      vertex 0.41411 -21.5455 3.71
    endloop
  endfacet
  facet normal -0 0 1
    outer loop
      vertex 0 -21.6 3.71
      vertex 0.554736 -24.2136 3.71
      vertex 0.208841 -21.5863 3.71
    endloop
  endfacet
  facet normal 0 0 1
    outer loop
      vertex 0 -21.6 3.71
      vertex 0 -24.25 3.71
      vertex 0.554736 -24.2136 3.71
    endloop
  endfacet
  facet normal 0 0 1
    outer loop
      vertex -0.208841 -21.5863 3.71
      vertex 0 -24.25 3.71
      vertex 0 -21.6 3.71
    endloop
  endfacet
  facet normal 0 0 1
    outer loop
      vertex -0.554736 -24.2136 3.71
      vertex -0.208841 -21.5863 3.71
      vertex -0.41411 -21.5455 3.71
    endloop
  endfacet
  facet normal 0 0 1
    outer loop
      vertex -0.208841 -21.5863 3.71
      vertex -0.554736 -24.2136 3.71
      vertex 0 -24.25 3.71
    endloop
  endfacet
  facet normal 0 0 1
    outer loop
      vertex -1.09998 -24.1052 3.71
      vertex -0.41411 -21.5455 3.71
      vertex -0.612293 -21.4782 3.71
    endloop
  endfacet
  facet normal 0 0 1
    outer loop
      vertex -1.6264 -23.9265 3.71
      vertex -0.612293 -21.4782 3.71
      vertex -0.799999 -21.3856 3.71
    endloop
  endfacet
  facet normal 0 0 1
    outer loop
      vertex -2.125 -23.6806 3.71
      vertex -0.799999 -21.3856 3.71
      vertex -0.974018 -21.2694 3.71
    endloop
  endfacet
  facet normal 0 0 1
    outer loop
      vertex -0.41411 -21.5455 3.71
      vertex -1.09998 -24.1052 3.71
      vertex -0.554736 -24.2136 3.71
    endloop
  endfacet
  facet normal 0 0 1
    outer loop
      vertex -2.58724 -23.3717 3.71
      vertex -0.974018 -21.2694 3.71
      vertex -1.13137 -21.1314 3.71
    endloop
  endfacet
  facet normal 0 0 1
    outer loop
      vertex -3.0052 -23.0052 3.71
      vertex -1.13137 -21.1314 3.71
      vertex -1.26937 -20.974 3.71
    endloop
  endfacet
  facet normal 0 0 1
    outer loop
      vertex -3.37175 -22.5872 3.71
      vertex -1.26937 -20.974 3.71
      vertex -1.38564 -20.8 3.71
    endloop
  endfacet
  facet normal 0 0 1
    outer loop
      vertex -3.68061 -22.125 3.71
      vertex -1.38564 -20.8 3.71
      vertex -1.47821 -20.6123 3.71
    endloop
  endfacet
  facet normal 0 0 1
    outer loop
      vertex -3.92649 -21.6264 3.71
      vertex -1.47821 -20.6123 3.71
      vertex -1.54548 -20.4141 3.71
    endloop
  endfacet
  facet normal 0 0 1
    outer loop
      vertex -4.10518 -21.1 3.71
      vertex -1.54548 -20.4141 3.71
      vertex -1.58631 -20.2088 3.71
    endloop
  endfacet
  facet normal 0 0 1
    outer loop
      vertex -0.612293 -21.4782 3.71
      vertex -1.6264 -23.9265 3.71
      vertex -1.09998 -24.1052 3.71
    endloop
  endfacet
  facet normal 0 0 1
    outer loop
      vertex -4.21364 -20.5547 3.71
      vertex -1.58631 -20.2088 3.71
      vertex -1.6 -20 3.71
    endloop
  endfacet
  facet normal -0 0 1
    outer loop
      vertex -3.68061 -17.875 3.71
      vertex -1.38564 -19.2 3.71
      vertex -3.37175 -17.4128 3.71
    endloop
  endfacet
  facet normal 0 0 1
    outer loop
      vertex -1.38564 -19.2 3.71
      vertex -3.68061 -17.875 3.71
      vertex -1.47821 -19.3877 3.71
    endloop
  endfacet
  facet normal 0 0 1
    outer loop
      vertex -0.799999 -21.3856 3.71
      vertex -2.125 -23.6806 3.71
      vertex -1.6264 -23.9265 3.71
    endloop
  endfacet
  facet normal -0 0 1
    outer loop
      vertex -3.92649 -18.3736 3.71
      vertex -1.47821 -19.3877 3.71
      vertex -3.68061 -17.875 3.71
    endloop
  endfacet
  facet normal 0 0 1
    outer loop
      vertex -0.974018 -21.2694 3.71
      vertex -2.58724 -23.3717 3.71
      vertex -2.125 -23.6806 3.71
    endloop
  endfacet
  facet normal 0 0 1
    outer loop
      vertex -1.47821 -19.3877 3.71
      vertex -3.92649 -18.3736 3.71
      vertex -1.54548 -19.5859 3.71
    endloop
  endfacet
  facet normal 0 0 1
    outer loop
      vertex -1.13137 -21.1314 3.71
      vertex -3.0052 -23.0052 3.71
      vertex -2.58724 -23.3717 3.71
    endloop
  endfacet
  facet normal -0 0 1
    outer loop
      vertex -4.10518 -18.9 3.71
      vertex -1.54548 -19.5859 3.71
      vertex -3.92649 -18.3736 3.71
    endloop
  endfacet
  facet normal 0 0 1
    outer loop
      vertex -1.26937 -20.974 3.71
      vertex -3.37175 -22.5872 3.71
      vertex -3.0052 -23.0052 3.71
    endloop
  endfacet
  facet normal 0 0 1
    outer loop
      vertex -1.54548 -19.5859 3.71
      vertex -4.10518 -18.9 3.71
      vertex -1.58631 -19.7912 3.71
    endloop
  endfacet
  facet normal 0 0 1
    outer loop
      vertex -1.38564 -20.8 3.71
      vertex -3.68061 -22.125 3.71
      vertex -3.37175 -22.5872 3.71
    endloop
  endfacet
  facet normal -0 0 1
    outer loop
      vertex -4.21364 -19.4453 3.71
      vertex -1.58631 -19.7912 3.71
      vertex -4.10518 -18.9 3.71
    endloop
  endfacet
  facet normal 0 0 1
    outer loop
      vertex -1.47821 -20.6123 3.71
      vertex -3.92649 -21.6264 3.71
      vertex -3.68061 -22.125 3.71
    endloop
  endfacet
  facet normal 0 0 1
    outer loop
      vertex -1.58631 -19.7912 3.71
      vertex -4.21364 -19.4453 3.71
      vertex -1.6 -20 3.71
    endloop
  endfacet
  facet normal 0 0 1
    outer loop
      vertex -1.54548 -20.4141 3.71
      vertex -4.10518 -21.1 3.71
      vertex -3.92649 -21.6264 3.71
    endloop
  endfacet
  facet normal 0 0 1
    outer loop
      vertex -4.25 -20 3.71
      vertex -1.6 -20 3.71
      vertex -4.21364 -19.4453 3.71
    endloop
  endfacet
  facet normal 0 0 1
    outer loop
      vertex -1.58631 -20.2088 3.71
      vertex -4.21364 -20.5547 3.71
      vertex -4.10518 -21.1 3.71
    endloop
  endfacet
  facet normal 0 0 1
    outer loop
      vertex -1.6 -20 3.71
      vertex -4.25 -20 3.71
      vertex -4.21364 -20.5547 3.71
    endloop
  endfacet
  facet normal 0.442314 -0.89686 0
    outer loop
      vertex -2.125 -16.3194 3.71
      vertex -1.6264 -16.0735 7.1
      vertex -2.125 -16.3194 7.1
    endloop
  endfacet
  facet normal 0.442314 -0.89686 0
    outer loop
      vertex -1.6264 -16.0735 7.1
      vertex -2.125 -16.3194 3.71
      vertex -1.6264 -16.0735 3.71
    endloop
  endfacet
  facet normal 0.751863 -0.659319 0
    outer loop
      vertex -3.37175 -17.4128 7.1
      vertex -3.0052 -16.9948 3.71
      vertex -3.0052 -16.9948 7.1
    endloop
  endfacet
  facet normal 0.751863 -0.659319 0
    outer loop
      vertex -3.0052 -16.9948 3.71
      vertex -3.37175 -17.4128 7.1
      vertex -3.37175 -17.4128 3.71
    endloop
  endfacet
  facet normal -0.980788 0.195078 0
    outer loop
      vertex 4.10518 -21.1 16.9
      vertex 4.21364 -20.5547 20.29
      vertex 4.21364 -20.5547 16.9
    endloop
  endfacet
  facet normal -0.980788 0.195078 0
    outer loop
      vertex 4.21364 -20.5547 20.29
      vertex 4.10518 -21.1 16.9
      vertex 4.10518 -21.1 20.29
    endloop
  endfacet
  facet normal -0.659406 -0.751787 0
    outer loop
      vertex 2.58724 -16.6282 16.9
      vertex 3.0052 -16.9948 20.29
      vertex 2.58724 -16.6282 20.29
    endloop
  endfacet
  facet normal -0.659406 -0.751787 -0
    outer loop
      vertex 3.0052 -16.9948 20.29
      vertex 2.58724 -16.6282 16.9
      vertex 3.0052 -16.9948 16.9
    endloop
  endfacet
  facet normal 0.194994 0.980804 -0
    outer loop
      vertex -0.554736 -24.2136 16.9
      vertex -1.09998 -24.1052 20.29
      vertex -0.554736 -24.2136 20.29
    endloop
  endfacet
  facet normal 0.194994 0.980804 0
    outer loop
      vertex -1.09998 -24.1052 20.29
      vertex -0.554736 -24.2136 16.9
      vertex -1.09998 -24.1052 16.9
    endloop
  endfacet
  facet normal 0.980788 0.195078 0
    outer loop
      vertex -4.10518 -21.1 20.29
      vertex -4.21364 -20.5547 16.9
      vertex -4.21364 -20.5547 20.29
    endloop
  endfacet
  facet normal 0.980788 0.195078 0
    outer loop
      vertex -4.21364 -20.5547 16.9
      vertex -4.10518 -21.1 20.29
      vertex -4.10518 -21.1 16.9
    endloop
  endfacet
  facet normal 0.659406 -0.751787 0
    outer loop
      vertex -3.0052 -16.9948 16.9
      vertex -2.58724 -16.6282 20.29
      vertex -3.0052 -16.9948 20.29
    endloop
  endfacet
  facet normal 0.659406 -0.751787 0
    outer loop
      vertex -2.58724 -16.6282 20.29
      vertex -3.0052 -16.9948 16.9
      vertex -2.58724 -16.6282 16.9
    endloop
  endfacet
  facet normal -0.831446 -0.555605 0
    outer loop
      vertex 3.68061 -17.875 16.9
      vertex 3.37175 -17.4128 20.29
      vertex 3.37175 -17.4128 16.9
    endloop
  endfacet
  facet normal -0.831446 -0.555605 0
    outer loop
      vertex 3.37175 -17.4128 20.29
      vertex 3.68061 -17.875 16.9
      vertex 3.68061 -17.875 20.29
    endloop
  endfacet
  facet normal 0.659304 0.751876 -0
    outer loop
      vertex -2.58724 -23.3717 16.9
      vertex -3.0052 -23.0052 20.29
      vertex -2.58724 -23.3717 20.29
    endloop
  endfacet
  facet normal 0.659304 0.751876 0
    outer loop
      vertex -3.0052 -23.0052 20.29
      vertex -2.58724 -23.3717 16.9
      vertex -3.0052 -23.0052 16.9
    endloop
  endfacet
  facet normal 0.946929 0.321442 0
    outer loop
      vertex -3.92649 -21.6264 20.29
      vertex -4.10518 -21.1 16.9
      vertex -4.10518 -21.1 20.29
    endloop
  endfacet
  facet normal 0.946929 0.321442 0
    outer loop
      vertex -4.10518 -21.1 16.9
      vertex -3.92649 -21.6264 20.29
      vertex -3.92649 -21.6264 16.9
    endloop
  endfacet
  facet normal -0.896874 -0.442285 0
    outer loop
      vertex 3.92649 -18.3736 16.9
      vertex 3.68061 -17.875 20.29
      vertex 3.68061 -17.875 16.9
    endloop
  endfacet
  facet normal -0.896874 -0.442285 0
    outer loop
      vertex 3.68061 -17.875 20.29
      vertex 3.92649 -18.3736 16.9
      vertex 3.92649 -18.3736 20.29
    endloop
  endfacet
  facet normal 0.997859 -0.0654086 0
    outer loop
      vertex -4.25 -20 20.29
      vertex -4.21364 -19.4453 16.9
      vertex -4.21364 -19.4453 20.29
    endloop
  endfacet
  facet normal 0.997859 -0.0654086 0
    outer loop
      vertex -4.21364 -19.4453 16.9
      vertex -4.25 -20 20.29
      vertex -4.25 -20 16.9
    endloop
  endfacet
  facet normal -0.980788 -0.195078 0
    outer loop
      vertex 4.21364 -19.4453 16.9
      vertex 4.10518 -18.9 20.29
      vertex 4.10518 -18.9 16.9
    endloop
  endfacet
  facet normal -0.980788 -0.195078 0
    outer loop
      vertex 4.10518 -18.9 20.29
      vertex 4.21364 -19.4453 16.9
      vertex 4.21364 -19.4453 20.29
    endloop
  endfacet
  facet normal 0.442314 -0.89686 0
    outer loop
      vertex -2.125 -16.3194 16.9
      vertex -1.6264 -16.0735 20.29
      vertex -2.125 -16.3194 20.29
    endloop
  endfacet
  facet normal 0.442314 -0.89686 0
    outer loop
      vertex -1.6264 -16.0735 20.29
      vertex -2.125 -16.3194 16.9
      vertex -1.6264 -16.0735 16.9
    endloop
  endfacet
  facet normal -0.997859 -0.0654086 0
    outer loop
      vertex 4.25 -20 16.9
      vertex 4.21364 -19.4453 20.29
      vertex 4.21364 -19.4453 16.9
    endloop
  endfacet
  facet normal -0.997859 -0.0654086 0
    outer loop
      vertex 4.21364 -19.4453 20.29
      vertex 4.25 -20 16.9
      vertex 4.25 -20 20.29
    endloop
  endfacet
  facet normal 0.194994 -0.980804 0
    outer loop
      vertex -1.09998 -15.8948 16.9
      vertex -0.554736 -15.7864 20.29
      vertex -1.09998 -15.8948 20.29
    endloop
  endfacet
  facet normal 0.194994 -0.980804 0
    outer loop
      vertex -0.554736 -15.7864 20.29
      vertex -1.09998 -15.8948 16.9
      vertex -0.554736 -15.7864 16.9
    endloop
  endfacet
  facet normal -0.442314 0.89686 0
    outer loop
      vertex 2.125 -23.6806 16.9
      vertex 1.6264 -23.9265 20.29
      vertex 2.125 -23.6806 20.29
    endloop
  endfacet
  facet normal -0.442314 0.89686 0
    outer loop
      vertex 1.6264 -23.9265 20.29
      vertex 2.125 -23.6806 16.9
      vertex 1.6264 -23.9265 16.9
    endloop
  endfacet
  facet normal -0.751863 0.659319 0
    outer loop
      vertex 3.0052 -23.0052 16.9
      vertex 3.37175 -22.5872 20.29
      vertex 3.37175 -22.5872 16.9
    endloop
  endfacet
  facet normal -0.751863 0.659319 0
    outer loop
      vertex 3.37175 -22.5872 20.29
      vertex 3.0052 -23.0052 16.9
      vertex 3.0052 -23.0052 20.29
    endloop
  endfacet
  facet normal 0.896874 0.442285 0
    outer loop
      vertex -3.68061 -22.125 20.29
      vertex -3.92649 -21.6264 16.9
      vertex -3.92649 -21.6264 20.29
    endloop
  endfacet
  facet normal 0.896874 0.442285 0
    outer loop
      vertex -3.92649 -21.6264 16.9
      vertex -3.68061 -22.125 20.29
      vertex -3.68061 -22.125 16.9
    endloop
  endfacet
  facet normal 0.751863 0.659319 0
    outer loop
      vertex -3.0052 -23.0052 20.29
      vertex -3.37175 -22.5872 16.9
      vertex -3.37175 -22.5872 20.29
    endloop
  endfacet
  facet normal 0.751863 0.659319 0
    outer loop
      vertex -3.37175 -22.5872 16.9
      vertex -3.0052 -23.0052 20.29
      vertex -3.0052 -23.0052 16.9
    endloop
  endfacet
  facet normal 0.555497 -0.831519 0
    outer loop
      vertex -2.58724 -16.6282 16.9
      vertex -2.125 -16.3194 20.29
      vertex -2.58724 -16.6282 20.29
    endloop
  endfacet
  facet normal 0.555497 -0.831519 0
    outer loop
      vertex -2.125 -16.3194 20.29
      vertex -2.58724 -16.6282 16.9
      vertex -2.125 -16.3194 16.9
    endloop
  endfacet
  facet normal -0.321447 0.946928 0
    outer loop
      vertex 1.6264 -23.9265 16.9
      vertex 1.09998 -24.1052 20.29
      vertex 1.6264 -23.9265 20.29
    endloop
  endfacet
  facet normal -0.321447 0.946928 0
    outer loop
      vertex 1.09998 -24.1052 20.29
      vertex 1.6264 -23.9265 16.9
      vertex 1.09998 -24.1052 16.9
    endloop
  endfacet
  facet normal -0.946929 0.321442 0
    outer loop
      vertex 3.92649 -21.6264 16.9
      vertex 4.10518 -21.1 20.29
      vertex 4.10518 -21.1 16.9
    endloop
  endfacet
  facet normal -0.946929 0.321442 0
    outer loop
      vertex 4.10518 -21.1 20.29
      vertex 3.92649 -21.6264 16.9
      vertex 3.92649 -21.6264 20.29
    endloop
  endfacet
  facet normal -0.831446 0.555605 0
    outer loop
      vertex 3.37175 -22.5872 16.9
      vertex 3.68061 -22.125 20.29
      vertex 3.68061 -22.125 16.9
    endloop
  endfacet
  facet normal -0.831446 0.555605 0
    outer loop
      vertex 3.68061 -22.125 20.29
      vertex 3.37175 -22.5872 16.9
      vertex 3.37175 -22.5872 20.29
    endloop
  endfacet
  facet normal -0.946929 -0.321442 0
    outer loop
      vertex 4.10518 -18.9 16.9
      vertex 3.92649 -18.3736 20.29
      vertex 3.92649 -18.3736 16.9
    endloop
  endfacet
  facet normal -0.946929 -0.321442 0
    outer loop
      vertex 3.92649 -18.3736 20.29
      vertex 4.10518 -18.9 16.9
      vertex 4.10518 -18.9 20.29
    endloop
  endfacet
  facet normal 0.946929 -0.321442 0
    outer loop
      vertex -4.10518 -18.9 20.29
      vertex -3.92649 -18.3736 16.9
      vertex -3.92649 -18.3736 20.29
    endloop
  endfacet
  facet normal 0.946929 -0.321442 0
    outer loop
      vertex -3.92649 -18.3736 16.9
      vertex -4.10518 -18.9 20.29
      vertex -4.10518 -18.9 16.9
    endloop
  endfacet
  facet normal -0.065476 0.997854 0
    outer loop
      vertex 0.554736 -24.2136 16.9
      vertex 0 -24.25 20.29
      vertex 0.554736 -24.2136 20.29
    endloop
  endfacet
  facet normal -0.065476 0.997854 0
    outer loop
      vertex 0 -24.25 20.29
      vertex 0.554736 -24.2136 16.9
      vertex 0 -24.25 16.9
    endloop
  endfacet
  facet normal 0.065476 0.997854 -0
    outer loop
      vertex 0 -24.25 16.9
      vertex -0.554736 -24.2136 20.29
      vertex 0 -24.25 20.29
    endloop
  endfacet
  facet normal 0.065476 0.997854 0
    outer loop
      vertex -0.554736 -24.2136 20.29
      vertex 0 -24.25 16.9
      vertex -0.554736 -24.2136 16.9
    endloop
  endfacet
  facet normal 0.321447 0.946928 -0
    outer loop
      vertex -1.09998 -24.1052 16.9
      vertex -1.6264 -23.9265 20.29
      vertex -1.09998 -24.1052 20.29
    endloop
  endfacet
  facet normal 0.321447 0.946928 0
    outer loop
      vertex -1.6264 -23.9265 20.29
      vertex -1.09998 -24.1052 16.9
      vertex -1.6264 -23.9265 16.9
    endloop
  endfacet
  facet normal -0.555497 -0.831519 0
    outer loop
      vertex 2.125 -16.3194 16.9
      vertex 2.58724 -16.6282 20.29
      vertex 2.125 -16.3194 20.29
    endloop
  endfacet
  facet normal -0.555497 -0.831519 -0
    outer loop
      vertex 2.58724 -16.6282 20.29
      vertex 2.125 -16.3194 16.9
      vertex 2.58724 -16.6282 16.9
    endloop
  endfacet
  facet normal -0.194994 -0.980804 0
    outer loop
      vertex 0.554736 -15.7864 16.9
      vertex 1.09998 -15.8948 20.29
      vertex 0.554736 -15.7864 20.29
    endloop
  endfacet
  facet normal -0.194994 -0.980804 -0
    outer loop
      vertex 1.09998 -15.8948 20.29
      vertex 0.554736 -15.7864 16.9
      vertex 1.09998 -15.8948 16.9
    endloop
  endfacet
  facet normal -0.659304 0.751876 0
    outer loop
      vertex 3.0052 -23.0052 16.9
      vertex 2.58724 -23.3717 20.29
      vertex 3.0052 -23.0052 20.29
    endloop
  endfacet
  facet normal -0.659304 0.751876 0
    outer loop
      vertex 2.58724 -23.3717 20.29
      vertex 3.0052 -23.0052 16.9
      vertex 2.58724 -23.3717 16.9
    endloop
  endfacet
  facet normal -0.442314 -0.89686 0
    outer loop
      vertex 1.6264 -16.0735 16.9
      vertex 2.125 -16.3194 20.29
      vertex 1.6264 -16.0735 20.29
    endloop
  endfacet
  facet normal -0.442314 -0.89686 -0
    outer loop
      vertex 2.125 -16.3194 20.29
      vertex 1.6264 -16.0735 16.9
      vertex 2.125 -16.3194 16.9
    endloop
  endfacet
  facet normal -0.065476 -0.997854 0
    outer loop
      vertex 0 -15.75 16.9
      vertex 0.554736 -15.7864 20.29
      vertex 0 -15.75 20.29
    endloop
  endfacet
  facet normal -0.065476 -0.997854 -0
    outer loop
      vertex 0.554736 -15.7864 20.29
      vertex 0 -15.75 16.9
      vertex 0.554736 -15.7864 16.9
    endloop
  endfacet
  facet normal 0.065476 -0.997854 0
    outer loop
      vertex -0.554736 -15.7864 16.9
      vertex 0 -15.75 20.29
      vertex -0.554736 -15.7864 20.29
    endloop
  endfacet
  facet normal 0.065476 -0.997854 0
    outer loop
      vertex 0 -15.75 20.29
      vertex -0.554736 -15.7864 16.9
      vertex 0 -15.75 16.9
    endloop
  endfacet
  facet normal 0.555621 0.831435 -0
    outer loop
      vertex -2.125 -23.6806 16.9
      vertex -2.58724 -23.3717 20.29
      vertex -2.125 -23.6806 20.29
    endloop
  endfacet
  facet normal 0.555621 0.831435 0
    outer loop
      vertex -2.58724 -23.3717 20.29
      vertex -2.125 -23.6806 16.9
      vertex -2.58724 -23.3717 16.9
    endloop
  endfacet
  facet normal -0.321447 -0.946928 0
    outer loop
      vertex 1.09998 -15.8948 16.9
      vertex 1.6264 -16.0735 20.29
      vertex 1.09998 -15.8948 20.29
    endloop
  endfacet
  facet normal -0.321447 -0.946928 -0
    outer loop
      vertex 1.6264 -16.0735 20.29
      vertex 1.09998 -15.8948 16.9
      vertex 1.6264 -16.0735 16.9
    endloop
  endfacet
  facet normal 0.321447 -0.946928 0
    outer loop
      vertex -1.6264 -16.0735 16.9
      vertex -1.09998 -15.8948 20.29
      vertex -1.6264 -16.0735 20.29
    endloop
  endfacet
  facet normal 0.321447 -0.946928 0
    outer loop
      vertex -1.09998 -15.8948 20.29
      vertex -1.6264 -16.0735 16.9
      vertex -1.09998 -15.8948 16.9
    endloop
  endfacet
  facet normal -0.997859 0.0654086 0
    outer loop
      vertex 4.21364 -20.5547 16.9
      vertex 4.25 -20 20.29
      vertex 4.25 -20 16.9
    endloop
  endfacet
  facet normal -0.997859 0.0654086 0
    outer loop
      vertex 4.25 -20 20.29
      vertex 4.21364 -20.5547 16.9
      vertex 4.21364 -20.5547 20.29
    endloop
  endfacet
  facet normal -0.194994 0.980804 0
    outer loop
      vertex 1.09998 -24.1052 16.9
      vertex 0.554736 -24.2136 20.29
      vertex 1.09998 -24.1052 20.29
    endloop
  endfacet
  facet normal -0.194994 0.980804 0
    outer loop
      vertex 0.554736 -24.2136 20.29
      vertex 1.09998 -24.1052 16.9
      vertex 0.554736 -24.2136 16.9
    endloop
  endfacet
  facet normal 0.980788 -0.195078 0
    outer loop
      vertex -4.21364 -19.4453 20.29
      vertex -4.10518 -18.9 16.9
      vertex -4.10518 -18.9 20.29
    endloop
  endfacet
  facet normal 0.980788 -0.195078 0
    outer loop
      vertex -4.10518 -18.9 16.9
      vertex -4.21364 -19.4453 20.29
      vertex -4.21364 -19.4453 16.9
    endloop
  endfacet
  facet normal -0.896874 0.442285 0
    outer loop
      vertex 3.68061 -22.125 16.9
      vertex 3.92649 -21.6264 20.29
      vertex 3.92649 -21.6264 16.9
    endloop
  endfacet
  facet normal -0.896874 0.442285 0
    outer loop
      vertex 3.92649 -21.6264 20.29
      vertex 3.68061 -22.125 16.9
      vertex 3.68061 -22.125 20.29
    endloop
  endfacet
  facet normal -0.751863 -0.659319 0
    outer loop
      vertex 3.37175 -17.4128 16.9
      vertex 3.0052 -16.9948 20.29
      vertex 3.0052 -16.9948 16.9
    endloop
  endfacet
  facet normal -0.751863 -0.659319 0
    outer loop
      vertex 3.0052 -16.9948 20.29
      vertex 3.37175 -17.4128 16.9
      vertex 3.37175 -17.4128 20.29
    endloop
  endfacet
  facet normal 0.997859 0.0654086 0
    outer loop
      vertex -4.21364 -20.5547 20.29
      vertex -4.25 -20 16.9
      vertex -4.25 -20 20.29
    endloop
  endfacet
  facet normal 0.997859 0.0654086 0
    outer loop
      vertex -4.25 -20 16.9
      vertex -4.21364 -20.5547 20.29
      vertex -4.21364 -20.5547 16.9
    endloop
  endfacet
  facet normal 0.751863 -0.659319 0
    outer loop
      vertex -3.37175 -17.4128 20.29
      vertex -3.0052 -16.9948 16.9
      vertex -3.0052 -16.9948 20.29
    endloop
  endfacet
  facet normal 0.751863 -0.659319 0
    outer loop
      vertex -3.0052 -16.9948 16.9
      vertex -3.37175 -17.4128 20.29
      vertex -3.37175 -17.4128 16.9
    endloop
  endfacet
  facet normal 0.896874 -0.442285 0
    outer loop
      vertex -3.92649 -18.3736 20.29
      vertex -3.68061 -17.875 16.9
      vertex -3.68061 -17.875 20.29
    endloop
  endfacet
  facet normal 0.896874 -0.442285 0
    outer loop
      vertex -3.68061 -17.875 16.9
      vertex -3.92649 -18.3736 20.29
      vertex -3.92649 -18.3736 16.9
    endloop
  endfacet
  facet normal 0.831446 -0.555605 0
    outer loop
      vertex -3.68061 -17.875 20.29
      vertex -3.37175 -17.4128 16.9
      vertex -3.37175 -17.4128 20.29
    endloop
  endfacet
  facet normal 0.831446 -0.555605 0
    outer loop
      vertex -3.37175 -17.4128 16.9
      vertex -3.68061 -17.875 20.29
      vertex -3.68061 -17.875 16.9
    endloop
  endfacet
  facet normal 0.831446 0.555605 0
    outer loop
      vertex -3.37175 -22.5872 20.29
      vertex -3.68061 -22.125 16.9
      vertex -3.68061 -22.125 20.29
    endloop
  endfacet
  facet normal 0.831446 0.555605 0
    outer loop
      vertex -3.68061 -22.125 16.9
      vertex -3.37175 -22.5872 20.29
      vertex -3.37175 -22.5872 16.9
    endloop
  endfacet
  facet normal -0.555621 0.831435 0
    outer loop
      vertex 2.58724 -23.3717 16.9
      vertex 2.125 -23.6806 20.29
      vertex 2.58724 -23.3717 20.29
    endloop
  endfacet
  facet normal -0.555621 0.831435 0
    outer loop
      vertex 2.125 -23.6806 20.29
      vertex 2.58724 -23.3717 16.9
      vertex 2.125 -23.6806 16.9
    endloop
  endfacet
  facet normal 0.442314 0.89686 -0
    outer loop
      vertex -1.6264 -23.9265 16.9
      vertex -2.125 -23.6806 20.29
      vertex -1.6264 -23.9265 20.29
    endloop
  endfacet
  facet normal 0.442314 0.89686 0
    outer loop
      vertex -2.125 -23.6806 20.29
      vertex -1.6264 -23.9265 16.9
      vertex -2.125 -23.6806 16.9
    endloop
  endfacet
  facet normal 0 0 -1
    outer loop
      vertex 1.6 -20 20.29
      vertex 4.25 -20 20.29
      vertex 4.21364 -20.5547 20.29
    endloop
  endfacet
  facet normal 0 0 -1
    outer loop
      vertex 1.58631 -20.2088 20.29
      vertex 4.21364 -20.5547 20.29
      vertex 4.10518 -21.1 20.29
    endloop
  endfacet
  facet normal 0 0 -1
    outer loop
      vertex 4.25 -20 20.29
      vertex 1.6 -20 20.29
      vertex 4.21364 -19.4453 20.29
    endloop
  endfacet
  facet normal 0 0 -1
    outer loop
      vertex 1.54548 -20.4141 20.29
      vertex 4.10518 -21.1 20.29
      vertex 3.92649 -21.6264 20.29
    endloop
  endfacet
  facet normal 0 0 -1
    outer loop
      vertex 1.58631 -19.7912 20.29
      vertex 4.21364 -19.4453 20.29
      vertex 1.6 -20 20.29
    endloop
  endfacet
  facet normal 0 0 -1
    outer loop
      vertex 1.47821 -20.6123 20.29
      vertex 3.92649 -21.6264 20.29
      vertex 3.68061 -22.125 20.29
    endloop
  endfacet
  facet normal -0 0 -1
    outer loop
      vertex 4.21364 -19.4453 20.29
      vertex 1.58631 -19.7912 20.29
      vertex 4.10518 -18.9 20.29
    endloop
  endfacet
  facet normal 0 0 -1
    outer loop
      vertex 1.38564 -20.8 20.29
      vertex 3.68061 -22.125 20.29
      vertex 3.37175 -22.5872 20.29
    endloop
  endfacet
  facet normal 0 0 -1
    outer loop
      vertex 1.54548 -19.5859 20.29
      vertex 4.10518 -18.9 20.29
      vertex 1.58631 -19.7912 20.29
    endloop
  endfacet
  facet normal 0 0 -1
    outer loop
      vertex 1.26937 -20.974 20.29
      vertex 3.37175 -22.5872 20.29
      vertex 3.0052 -23.0052 20.29
    endloop
  endfacet
  facet normal -0 0 -1
    outer loop
      vertex 4.10518 -18.9 20.29
      vertex 1.54548 -19.5859 20.29
      vertex 3.92649 -18.3736 20.29
    endloop
  endfacet
  facet normal 0 0 -1
    outer loop
      vertex 1.13137 -21.1314 20.29
      vertex 3.0052 -23.0052 20.29
      vertex 2.58724 -23.3717 20.29
    endloop
  endfacet
  facet normal 0 0 -1
    outer loop
      vertex 1.47821 -19.3877 20.29
      vertex 3.92649 -18.3736 20.29
      vertex 1.54548 -19.5859 20.29
    endloop
  endfacet
  facet normal 0 0 -1
    outer loop
      vertex 0.974018 -21.2694 20.29
      vertex 2.58724 -23.3717 20.29
      vertex 2.125 -23.6806 20.29
    endloop
  endfacet
  facet normal -0 0 -1
    outer loop
      vertex 3.92649 -18.3736 20.29
      vertex 1.47821 -19.3877 20.29
      vertex 3.68061 -17.875 20.29
    endloop
  endfacet
  facet normal 0 0 -1
    outer loop
      vertex 0.799999 -21.3856 20.29
      vertex 2.125 -23.6806 20.29
      vertex 1.6264 -23.9265 20.29
    endloop
  endfacet
  facet normal 0 0 -1
    outer loop
      vertex 1.38564 -19.2 20.29
      vertex 3.68061 -17.875 20.29
      vertex 1.47821 -19.3877 20.29
    endloop
  endfacet
  facet normal -0 0 -1
    outer loop
      vertex 3.68061 -17.875 20.29
      vertex 1.38564 -19.2 20.29
      vertex 3.37175 -17.4128 20.29
    endloop
  endfacet
  facet normal 0 0 -1
    outer loop
      vertex 4.21364 -20.5547 20.29
      vertex 1.58631 -20.2088 20.29
      vertex 1.6 -20 20.29
    endloop
  endfacet
  facet normal 0 0 -1
    outer loop
      vertex 4.10518 -21.1 20.29
      vertex 1.54548 -20.4141 20.29
      vertex 1.58631 -20.2088 20.29
    endloop
  endfacet
  facet normal 0 0 -1
    outer loop
      vertex 3.92649 -21.6264 20.29
      vertex 1.47821 -20.6123 20.29
      vertex 1.54548 -20.4141 20.29
    endloop
  endfacet
  facet normal 0 0 -1
    outer loop
      vertex 3.68061 -22.125 20.29
      vertex 1.38564 -20.8 20.29
      vertex 1.47821 -20.6123 20.29
    endloop
  endfacet
  facet normal 0 0 -1
    outer loop
      vertex 3.37175 -22.5872 20.29
      vertex 1.26937 -20.974 20.29
      vertex 1.38564 -20.8 20.29
    endloop
  endfacet
  facet normal 0 0 -1
    outer loop
      vertex 3.0052 -23.0052 20.29
      vertex 1.13137 -21.1314 20.29
      vertex 1.26937 -20.974 20.29
    endloop
  endfacet
  facet normal 0 0 -1
    outer loop
      vertex 0.612293 -21.4782 20.29
      vertex 1.6264 -23.9265 20.29
      vertex 1.09998 -24.1052 20.29
    endloop
  endfacet
  facet normal 0 0 -1
    outer loop
      vertex 2.58724 -23.3717 20.29
      vertex 0.974018 -21.2694 20.29
      vertex 1.13137 -21.1314 20.29
    endloop
  endfacet
  facet normal 0 0 -1
    outer loop
      vertex 2.125 -23.6806 20.29
      vertex 0.799999 -21.3856 20.29
      vertex 0.974018 -21.2694 20.29
    endloop
  endfacet
  facet normal 0 0 -1
    outer loop
      vertex 1.6264 -23.9265 20.29
      vertex 0.612293 -21.4782 20.29
      vertex 0.799999 -21.3856 20.29
    endloop
  endfacet
  facet normal 0 0 -1
    outer loop
      vertex 0.41411 -21.5455 20.29
      vertex 1.09998 -24.1052 20.29
      vertex 0.554736 -24.2136 20.29
    endloop
  endfacet
  facet normal 0 0 -1
    outer loop
      vertex 1.09998 -24.1052 20.29
      vertex 0.41411 -21.5455 20.29
      vertex 0.612293 -21.4782 20.29
    endloop
  endfacet
  facet normal 0 0 -1
    outer loop
      vertex 0.554736 -24.2136 20.29
      vertex 0.208841 -21.5863 20.29
      vertex 0.41411 -21.5455 20.29
    endloop
  endfacet
  facet normal 0 0 -1
    outer loop
      vertex 0 -24.25 20.29
      vertex 0.208841 -21.5863 20.29
      vertex 0.554736 -24.2136 20.29
    endloop
  endfacet
  facet normal 0 0 -1
    outer loop
      vertex 0 -24.25 20.29
      vertex 0 -21.6 20.29
      vertex 0.208841 -21.5863 20.29
    endloop
  endfacet
  facet normal 0 0 -1
    outer loop
      vertex 0 -24.25 20.29
      vertex -0.208841 -21.5863 20.29
      vertex 0 -21.6 20.29
    endloop
  endfacet
  facet normal 0 0 -1
    outer loop
      vertex -0.554736 -24.2136 20.29
      vertex -0.208841 -21.5863 20.29
      vertex 0 -24.25 20.29
    endloop
  endfacet
  facet normal -0 0 -1
    outer loop
      vertex -0.208841 -21.5863 20.29
      vertex -0.554736 -24.2136 20.29
      vertex -0.41411 -21.5455 20.29
    endloop
  endfacet
  facet normal 0 0 -1
    outer loop
      vertex -1.09998 -24.1052 20.29
      vertex -0.41411 -21.5455 20.29
      vertex -0.554736 -24.2136 20.29
    endloop
  endfacet
  facet normal -0 0 -1
    outer loop
      vertex -0.41411 -21.5455 20.29
      vertex -1.09998 -24.1052 20.29
      vertex -0.612293 -21.4782 20.29
    endloop
  endfacet
  facet normal 0 0 -1
    outer loop
      vertex -1.6264 -23.9265 20.29
      vertex -0.612293 -21.4782 20.29
      vertex -1.09998 -24.1052 20.29
    endloop
  endfacet
  facet normal -0 0 -1
    outer loop
      vertex -0.612293 -21.4782 20.29
      vertex -1.6264 -23.9265 20.29
      vertex -0.799999 -21.3856 20.29
    endloop
  endfacet
  facet normal 0 0 -1
    outer loop
      vertex -2.125 -23.6806 20.29
      vertex -0.799999 -21.3856 20.29
      vertex -1.6264 -23.9265 20.29
    endloop
  endfacet
  facet normal -0 0 -1
    outer loop
      vertex -0.799999 -21.3856 20.29
      vertex -2.125 -23.6806 20.29
      vertex -0.974018 -21.2694 20.29
    endloop
  endfacet
  facet normal 0 0 -1
    outer loop
      vertex -2.58724 -23.3717 20.29
      vertex -0.974018 -21.2694 20.29
      vertex -2.125 -23.6806 20.29
    endloop
  endfacet
  facet normal -0 0 -1
    outer loop
      vertex -0.974018 -21.2694 20.29
      vertex -2.58724 -23.3717 20.29
      vertex -1.13137 -21.1314 20.29
    endloop
  endfacet
  facet normal 0 0 -1
    outer loop
      vertex -3.0052 -23.0052 20.29
      vertex -1.13137 -21.1314 20.29
      vertex -2.58724 -23.3717 20.29
    endloop
  endfacet
  facet normal -0 0 -1
    outer loop
      vertex -1.13137 -21.1314 20.29
      vertex -3.0052 -23.0052 20.29
      vertex -1.26937 -20.974 20.29
    endloop
  endfacet
  facet normal -0 0 -1
    outer loop
      vertex -1.26937 -20.974 20.29
      vertex -3.37175 -22.5872 20.29
      vertex -1.38564 -20.8 20.29
    endloop
  endfacet
  facet normal 0 0 -1
    outer loop
      vertex -3.37175 -22.5872 20.29
      vertex -1.26937 -20.974 20.29
      vertex -3.0052 -23.0052 20.29
    endloop
  endfacet
  facet normal 0 0 -1
    outer loop
      vertex 1.26937 -19.026 20.29
      vertex 3.37175 -17.4128 20.29
      vertex 1.38564 -19.2 20.29
    endloop
  endfacet
  facet normal -0 0 -1
    outer loop
      vertex 3.37175 -17.4128 20.29
      vertex 1.26937 -19.026 20.29
      vertex 3.0052 -16.9948 20.29
    endloop
  endfacet
  facet normal 0 0 -1
    outer loop
      vertex 1.13137 -18.8686 20.29
      vertex 3.0052 -16.9948 20.29
      vertex 1.26937 -19.026 20.29
    endloop
  endfacet
  facet normal -0 0 -1
    outer loop
      vertex 3.0052 -16.9948 20.29
      vertex 1.13137 -18.8686 20.29
      vertex 2.58724 -16.6282 20.29
    endloop
  endfacet
  facet normal 0 0 -1
    outer loop
      vertex 0.974018 -18.7306 20.29
      vertex 2.58724 -16.6282 20.29
      vertex 1.13137 -18.8686 20.29
    endloop
  endfacet
  facet normal -0 0 -1
    outer loop
      vertex 2.58724 -16.6282 20.29
      vertex 0.974018 -18.7306 20.29
      vertex 2.125 -16.3194 20.29
    endloop
  endfacet
  facet normal 0 0 -1
    outer loop
      vertex 0.799999 -18.6144 20.29
      vertex 2.125 -16.3194 20.29
      vertex 0.974018 -18.7306 20.29
    endloop
  endfacet
  facet normal -0 0 -1
    outer loop
      vertex 2.125 -16.3194 20.29
      vertex 0.799999 -18.6144 20.29
      vertex 1.6264 -16.0735 20.29
    endloop
  endfacet
  facet normal 0 0 -1
    outer loop
      vertex 0.612293 -18.5218 20.29
      vertex 1.6264 -16.0735 20.29
      vertex 0.799999 -18.6144 20.29
    endloop
  endfacet
  facet normal -0 0 -1
    outer loop
      vertex 1.6264 -16.0735 20.29
      vertex 0.612293 -18.5218 20.29
      vertex 1.09998 -15.8948 20.29
    endloop
  endfacet
  facet normal 0 0 -1
    outer loop
      vertex 0.41411 -18.4545 20.29
      vertex 1.09998 -15.8948 20.29
      vertex 0.612293 -18.5218 20.29
    endloop
  endfacet
  facet normal -0 0 -1
    outer loop
      vertex 1.09998 -15.8948 20.29
      vertex 0.41411 -18.4545 20.29
      vertex 0.554736 -15.7864 20.29
    endloop
  endfacet
  facet normal 0 0 -1
    outer loop
      vertex 0.208841 -18.4137 20.29
      vertex 0.554736 -15.7864 20.29
      vertex 0.41411 -18.4545 20.29
    endloop
  endfacet
  facet normal 0 0 -1
    outer loop
      vertex 0 -18.4 20.29
      vertex 0.554736 -15.7864 20.29
      vertex 0.208841 -18.4137 20.29
    endloop
  endfacet
  facet normal 0 0 -1
    outer loop
      vertex 0 -18.4 20.29
      vertex 0 -15.75 20.29
      vertex 0.554736 -15.7864 20.29
    endloop
  endfacet
  facet normal 0 0 -1
    outer loop
      vertex -0.208841 -18.4137 20.29
      vertex 0 -15.75 20.29
      vertex 0 -18.4 20.29
    endloop
  endfacet
  facet normal 0 0 -1
    outer loop
      vertex -0.554736 -15.7864 20.29
      vertex -0.208841 -18.4137 20.29
      vertex -0.41411 -18.4545 20.29
    endloop
  endfacet
  facet normal 0 0 -1
    outer loop
      vertex -0.208841 -18.4137 20.29
      vertex -0.554736 -15.7864 20.29
      vertex 0 -15.75 20.29
    endloop
  endfacet
  facet normal 0 0 -1
    outer loop
      vertex -1.09998 -15.8948 20.29
      vertex -0.41411 -18.4545 20.29
      vertex -0.612293 -18.5218 20.29
    endloop
  endfacet
  facet normal 0 0 -1
    outer loop
      vertex -1.6264 -16.0735 20.29
      vertex -0.612293 -18.5218 20.29
      vertex -0.799999 -18.6144 20.29
    endloop
  endfacet
  facet normal 0 0 -1
    outer loop
      vertex -2.125 -16.3194 20.29
      vertex -0.799999 -18.6144 20.29
      vertex -0.974018 -18.7306 20.29
    endloop
  endfacet
  facet normal 0 0 -1
    outer loop
      vertex -0.41411 -18.4545 20.29
      vertex -1.09998 -15.8948 20.29
      vertex -0.554736 -15.7864 20.29
    endloop
  endfacet
  facet normal 0 0 -1
    outer loop
      vertex -2.58724 -16.6282 20.29
      vertex -0.974018 -18.7306 20.29
      vertex -1.13137 -18.8686 20.29
    endloop
  endfacet
  facet normal 0 0 -1
    outer loop
      vertex -3.0052 -16.9948 20.29
      vertex -1.13137 -18.8686 20.29
      vertex -1.26937 -19.026 20.29
    endloop
  endfacet
  facet normal 0 0 -1
    outer loop
      vertex -3.37175 -17.4128 20.29
      vertex -1.26937 -19.026 20.29
      vertex -1.38564 -19.2 20.29
    endloop
  endfacet
  facet normal 0 0 -1
    outer loop
      vertex -3.68061 -17.875 20.29
      vertex -1.38564 -19.2 20.29
      vertex -1.47821 -19.3877 20.29
    endloop
  endfacet
  facet normal 0 0 -1
    outer loop
      vertex -3.92649 -18.3736 20.29
      vertex -1.47821 -19.3877 20.29
      vertex -1.54548 -19.5859 20.29
    endloop
  endfacet
  facet normal 0 0 -1
    outer loop
      vertex -4.10518 -18.9 20.29
      vertex -1.54548 -19.5859 20.29
      vertex -1.58631 -19.7912 20.29
    endloop
  endfacet
  facet normal 0 0 -1
    outer loop
      vertex -0.612293 -18.5218 20.29
      vertex -1.6264 -16.0735 20.29
      vertex -1.09998 -15.8948 20.29
    endloop
  endfacet
  facet normal 0 0 -1
    outer loop
      vertex -4.21364 -19.4453 20.29
      vertex -1.58631 -19.7912 20.29
      vertex -1.6 -20 20.29
    endloop
  endfacet
  facet normal 0 0 -1
    outer loop
      vertex -3.68061 -22.125 20.29
      vertex -1.38564 -20.8 20.29
      vertex -3.37175 -22.5872 20.29
    endloop
  endfacet
  facet normal -0 0 -1
    outer loop
      vertex -1.38564 -20.8 20.29
      vertex -3.68061 -22.125 20.29
      vertex -1.47821 -20.6123 20.29
    endloop
  endfacet
  facet normal 0 0 -1
    outer loop
      vertex -0.799999 -18.6144 20.29
      vertex -2.125 -16.3194 20.29
      vertex -1.6264 -16.0735 20.29
    endloop
  endfacet
  facet normal 0 0 -1
    outer loop
      vertex -3.92649 -21.6264 20.29
      vertex -1.47821 -20.6123 20.29
      vertex -3.68061 -22.125 20.29
    endloop
  endfacet
  facet normal 0 0 -1
    outer loop
      vertex -0.974018 -18.7306 20.29
      vertex -2.58724 -16.6282 20.29
      vertex -2.125 -16.3194 20.29
    endloop
  endfacet
  facet normal -0 0 -1
    outer loop
      vertex -1.47821 -20.6123 20.29
      vertex -3.92649 -21.6264 20.29
      vertex -1.54548 -20.4141 20.29
    endloop
  endfacet
  facet normal 0 0 -1
    outer loop
      vertex -1.13137 -18.8686 20.29
      vertex -3.0052 -16.9948 20.29
      vertex -2.58724 -16.6282 20.29
    endloop
  endfacet
  facet normal 0 0 -1
    outer loop
      vertex -4.10518 -21.1 20.29
      vertex -1.54548 -20.4141 20.29
      vertex -3.92649 -21.6264 20.29
    endloop
  endfacet
  facet normal 0 0 -1
    outer loop
      vertex -1.26937 -19.026 20.29
      vertex -3.37175 -17.4128 20.29
      vertex -3.0052 -16.9948 20.29
    endloop
  endfacet
  facet normal -0 0 -1
    outer loop
      vertex -1.54548 -20.4141 20.29
      vertex -4.10518 -21.1 20.29
      vertex -1.58631 -20.2088 20.29
    endloop
  endfacet
  facet normal 0 0 -1
    outer loop
      vertex -1.38564 -19.2 20.29
      vertex -3.68061 -17.875 20.29
      vertex -3.37175 -17.4128 20.29
    endloop
  endfacet
  facet normal 0 0 -1
    outer loop
      vertex -4.21364 -20.5547 20.29
      vertex -1.58631 -20.2088 20.29
      vertex -4.10518 -21.1 20.29
    endloop
  endfacet
  facet normal 0 0 -1
    outer loop
      vertex -1.47821 -19.3877 20.29
      vertex -3.92649 -18.3736 20.29
      vertex -3.68061 -17.875 20.29
    endloop
  endfacet
  facet normal -0 0 -1
    outer loop
      vertex -1.58631 -20.2088 20.29
      vertex -4.21364 -20.5547 20.29
      vertex -1.6 -20 20.29
    endloop
  endfacet
  facet normal 0 0 -1
    outer loop
      vertex -1.54548 -19.5859 20.29
      vertex -4.10518 -18.9 20.29
      vertex -3.92649 -18.3736 20.29
    endloop
  endfacet
  facet normal 0 0 -1
    outer loop
      vertex -4.25 -20 20.29
      vertex -1.6 -20 20.29
      vertex -4.21364 -20.5547 20.29
    endloop
  endfacet
  facet normal 0 0 -1
    outer loop
      vertex -1.58631 -19.7912 20.29
      vertex -4.21364 -19.4453 20.29
      vertex -4.10518 -18.9 20.29
    endloop
  endfacet
  facet normal 0 0 -1
    outer loop
      vertex -1.6 -20 20.29
      vertex -4.25 -20 20.29
      vertex -4.21364 -19.4453 20.29
    endloop
  endfacet
  facet normal -1 0 0
    outer loop
      vertex 7.75 -9 6.8
      vertex 7.75 -8 7.1
      vertex 7.75 -8 6.8
    endloop
  endfacet
  facet normal -1 -0 0
    outer loop
      vertex 7.75 -8 7.1
      vertex 7.75 -9 6.8
      vertex 7.75 -9 7.1
    endloop
  endfacet
  facet normal 0 1 -0
    outer loop
      vertex 7.75 -9 6.8
      vertex -7.75 -9 7.1
      vertex 7.75 -9 7.1
    endloop
  endfacet
  facet normal 0 1 0
    outer loop
      vertex -7.75 -9 7.1
      vertex 7.75 -9 6.8
      vertex -7.75 -9 6.8
    endloop
  endfacet
  facet normal 0 -1 0
    outer loop
      vertex 2.75 15 6.8
      vertex 6.75 15 11.8
      vertex 2.75 15 11.8
    endloop
  endfacet
  facet normal 0 -1 -0
    outer loop
      vertex 6.75 15 11.8
      vertex 2.75 15 6.8
      vertex 6.75 15 6.8
    endloop
  endfacet
  facet normal 1 -0 0
    outer loop
      vertex -7.75 -9 7.1
      vertex -7.75 -8 6.8
      vertex -7.75 -8 7.1
    endloop
  endfacet
  facet normal 1 0 0
    outer loop
      vertex -7.75 -8 6.8
      vertex -7.75 -9 7.1
      vertex -7.75 -9 6.8
    endloop
  endfacet
  facet normal 0 0 -1
    outer loop
      vertex 6.75 -8 11.8
      vertex 2.75 0 11.8
      vertex 6.75 15 11.8
    endloop
  endfacet
  facet normal 0 0 -1
    outer loop
      vertex 6.75 -8 11.8
      vertex -2.75 0 11.8
      vertex 2.75 0 11.8
    endloop
  endfacet
  facet normal 0 0 -1
    outer loop
      vertex -6.75 -8 11.8
      vertex -2.75 0 11.8
      vertex 6.75 -8 11.8
    endloop
  endfacet
  facet normal 0 0 -1
    outer loop
      vertex -6.75 14 11.8
      vertex -2.75 0 11.8
      vertex -6.75 -8 11.8
    endloop
  endfacet
  facet normal 0 0 -1
    outer loop
      vertex -2.75 0 11.8
      vertex -6.75 14 11.8
      vertex -2.75 14 11.8
    endloop
  endfacet
  facet normal -0 0 -1
    outer loop
      vertex 6.75 15 11.8
      vertex 2.75 0 11.8
      vertex 2.75 15 11.8
    endloop
  endfacet
  facet normal 0 0 1
    outer loop
      vertex -2.75 14 6.8
      vertex -6.75 14 6.8
      vertex -2.75 0 6.8
    endloop
  endfacet
  facet normal 0 0 1
    outer loop
      vertex 2.75 0 6.8
      vertex 6.75 15 6.8
      vertex 2.75 15 6.8
    endloop
  endfacet
  facet normal -0 0 1
    outer loop
      vertex 6.75 -8 6.8
      vertex 7.75 -9 6.8
      vertex 7.75 -8 6.8
    endloop
  endfacet
  facet normal 0 0 1
    outer loop
      vertex 6.75 15 6.8
      vertex 2.75 0 6.8
      vertex 6.75 -8 6.8
    endloop
  endfacet
  facet normal -0 0 1
    outer loop
      vertex -2.75 0 6.8
      vertex 6.75 -8 6.8
      vertex 2.75 0 6.8
    endloop
  endfacet
  facet normal 0 0 1
    outer loop
      vertex -6.75 -8 6.8
      vertex 6.75 -8 6.8
      vertex -2.75 0 6.8
    endloop
  endfacet
  facet normal 0 0 1
    outer loop
      vertex -6.75 -8 6.8
      vertex -2.75 0 6.8
      vertex -6.75 14 6.8
    endloop
  endfacet
  facet normal 0 0 1
    outer loop
      vertex 6.75 -8 6.8
      vertex -6.75 -8 6.8
      vertex 7.75 -9 6.8
    endloop
  endfacet
  facet normal 0 0 1
    outer loop
      vertex -7.75 -9 6.8
      vertex -6.75 -8 6.8
      vertex -7.75 -8 6.8
    endloop
  endfacet
  facet normal 0 0 1
    outer loop
      vertex -6.75 -8 6.8
      vertex -7.75 -9 6.8
      vertex 7.75 -9 6.8
    endloop
  endfacet
  facet normal 1 -0 0
    outer loop
      vertex -2.75 0 6.8
      vertex -2.75 14 0
      vertex -2.75 14 6.8
    endloop
  endfacet
  facet normal 1 0 0
    outer loop
      vertex -2.75 14 0
      vertex -2.75 0 6.8
      vertex -2.75 0 0
    endloop
  endfacet
  facet normal 1 -0 0
    outer loop
      vertex -2.75 0 24
      vertex -2.75 14 11.8
      vertex -2.75 14 24
    endloop
  endfacet
  facet normal 1 0 0
    outer loop
      vertex -2.75 14 11.8
      vertex -2.75 0 24
      vertex -2.75 0 11.8
    endloop
  endfacet
  facet normal 0 1 -0
    outer loop
      vertex -2.75 14 11.8
      vertex -6.75 14 24
      vertex -2.75 14 24
    endloop
  endfacet
  facet normal 0 1 0
    outer loop
      vertex -6.75 14 24
      vertex -2.75 14 11.8
      vertex -6.75 14 11.8
    endloop
  endfacet
  facet normal 0 1 -0
    outer loop
      vertex -2.75 14 0
      vertex -6.75 14 6.8
      vertex -2.75 14 6.8
    endloop
  endfacet
  facet normal 0 1 0
    outer loop
      vertex -6.75 14 6.8
      vertex -2.75 14 0
      vertex -6.75 14 0
    endloop
  endfacet
  facet normal -1 0 0
    outer loop
      vertex 2.75 15 11.8
      vertex 2.75 30 0
      vertex 2.75 15 6.8
    endloop
  endfacet
  facet normal -1 0 0
    outer loop
      vertex 2.75 0 0
      vertex 2.75 15 6.8
      vertex 2.75 30 0
    endloop
  endfacet
  facet normal -1 -0 0
    outer loop
      vertex 2.75 15 6.8
      vertex 2.75 0 0
      vertex 2.75 0 6.8
    endloop
  endfacet
  facet normal -1 0 0
    outer loop
      vertex 2.75 30 0
      vertex 2.75 15 11.8
      vertex 2.75 30 24
    endloop
  endfacet
  facet normal -1 0 0
    outer loop
      vertex 2.75 0 24
      vertex 2.75 15 11.8
      vertex 2.75 0 11.8
    endloop
  endfacet
  facet normal -1 0 0
    outer loop
      vertex 2.75 15 11.8
      vertex 2.75 0 24
      vertex 2.75 30 24
    endloop
  endfacet
  facet normal 0 1 -0
    outer loop
      vertex 2.75 0 0
      vertex -2.75 0 6.8
      vertex 2.75 0 6.8
    endloop
  endfacet
  facet normal 0 1 0
    outer loop
      vertex -2.75 0 6.8
      vertex 2.75 0 0
      vertex -2.75 0 0
    endloop
  endfacet
  facet normal 0 1 -0
    outer loop
      vertex 2.75 0 11.8
      vertex -2.75 0 24
      vertex 2.75 0 24
    endloop
  endfacet
  facet normal 0 1 0
    outer loop
      vertex -2.75 0 24
      vertex 2.75 0 11.8
      vertex -2.75 0 11.8
    endloop
  endfacet
  facet normal -0.19495 -0.980813 0
    outer loop
      vertex 0.208841 -18.4137 0.1
      vertex 0.41411 -18.4545 3.71
      vertex 0.208841 -18.4137 3.71
    endloop
  endfacet
  facet normal -0.19495 -0.980813 -0
    outer loop
      vertex 0.41411 -18.4545 3.71
      vertex 0.208841 -18.4137 0.1
      vertex 0.41411 -18.4545 0.1
    endloop
  endfacet
  facet normal -0.19495 -0.980813 0
    outer loop
      vertex 0.208841 -18.4137 20.29
      vertex 0.41411 -18.4545 23.9
      vertex 0.208841 -18.4137 23.9
    endloop
  endfacet
  facet normal -0.19495 -0.980813 -0
    outer loop
      vertex 0.41411 -18.4545 23.9
      vertex 0.208841 -18.4137 20.29
      vertex 0.41411 -18.4545 20.29
    endloop
  endfacet
  facet normal -0.980791 -0.195059 0
    outer loop
      vertex 1.58631 -19.7912 0.1
      vertex 1.54548 -19.5859 3.71
      vertex 1.54548 -19.5859 0.1
    endloop
  endfacet
  facet normal -0.980791 -0.195059 0
    outer loop
      vertex 1.54548 -19.5859 3.71
      vertex 1.58631 -19.7912 0.1
      vertex 1.58631 -19.7912 3.71
    endloop
  endfacet
  facet normal -0.980791 -0.195059 0
    outer loop
      vertex 1.58631 -19.7912 20.29
      vertex 1.54548 -19.5859 23.9
      vertex 1.54548 -19.5859 20.29
    endloop
  endfacet
  facet normal -0.980791 -0.195059 0
    outer loop
      vertex 1.54548 -19.5859 23.9
      vertex 1.58631 -19.7912 20.29
      vertex 1.58631 -19.7912 23.9
    endloop
  endfacet
  facet normal -0.997858 -0.0654247 0
    outer loop
      vertex 1.6 -20 0.1
      vertex 1.58631 -19.7912 3.71
      vertex 1.58631 -19.7912 0.1
    endloop
  endfacet
  facet normal -0.997858 -0.0654247 0
    outer loop
      vertex 1.58631 -19.7912 3.71
      vertex 1.6 -20 0.1
      vertex 1.6 -20 3.71
    endloop
  endfacet
  facet normal -0.997858 -0.0654247 0
    outer loop
      vertex 1.6 -20 20.29
      vertex 1.58631 -19.7912 23.9
      vertex 1.58631 -19.7912 20.29
    endloop
  endfacet
  facet normal -0.997858 -0.0654247 0
    outer loop
      vertex 1.58631 -19.7912 23.9
      vertex 1.6 -20 20.29
      vertex 1.6 -20 23.9
    endloop
  endfacet
  facet normal -0.946944 -0.321397 0
    outer loop
      vertex 1.54548 -19.5859 0.1
      vertex 1.47821 -19.3877 3.71
      vertex 1.47821 -19.3877 0.1
    endloop
  endfacet
  facet normal -0.946944 -0.321397 0
    outer loop
      vertex 1.47821 -19.3877 3.71
      vertex 1.54548 -19.5859 0.1
      vertex 1.54548 -19.5859 3.71
    endloop
  endfacet
  facet normal -0.946944 -0.321397 0
    outer loop
      vertex 1.54548 -19.5859 20.29
      vertex 1.47821 -19.3877 23.9
      vertex 1.47821 -19.3877 20.29
    endloop
  endfacet
  facet normal -0.946944 -0.321397 0
    outer loop
      vertex 1.47821 -19.3877 23.9
      vertex 1.54548 -19.5859 20.29
      vertex 1.54548 -19.5859 23.9
    endloop
  endfacet
  facet normal -0.831454 -0.555593 0
    outer loop
      vertex 1.38564 -19.2 0.1
      vertex 1.26937 -19.026 3.71
      vertex 1.26937 -19.026 0.1
    endloop
  endfacet
  facet normal -0.831454 -0.555593 0
    outer loop
      vertex 1.26937 -19.026 3.71
      vertex 1.38564 -19.2 0.1
      vertex 1.38564 -19.2 3.71
    endloop
  endfacet
  facet normal -0.831454 -0.555593 0
    outer loop
      vertex 1.38564 -19.2 20.29
      vertex 1.26937 -19.026 23.9
      vertex 1.26937 -19.026 20.29
    endloop
  endfacet
  facet normal -0.831454 -0.555593 0
    outer loop
      vertex 1.26937 -19.026 23.9
      vertex 1.38564 -19.2 20.29
      vertex 1.38564 -19.2 23.9
    endloop
  endfacet
  facet normal -0.321551 -0.946892 0
    outer loop
      vertex 0.41411 -18.4545 0.1
      vertex 0.612293 -18.5218 3.71
      vertex 0.41411 -18.4545 3.71
    endloop
  endfacet
  facet normal -0.321551 -0.946892 -0
    outer loop
      vertex 0.612293 -18.5218 3.71
      vertex 0.41411 -18.4545 0.1
      vertex 0.612293 -18.5218 0.1
    endloop
  endfacet
  facet normal -0.321551 -0.946892 0
    outer loop
      vertex 0.41411 -18.4545 20.29
      vertex 0.612293 -18.5218 23.9
      vertex 0.41411 -18.4545 23.9
    endloop
  endfacet
  facet normal -0.321551 -0.946892 -0
    outer loop
      vertex 0.612293 -18.5218 23.9
      vertex 0.41411 -18.4545 20.29
      vertex 0.612293 -18.5218 20.29
    endloop
  endfacet
  facet normal -0.997858 0.0654247 0
    outer loop
      vertex 1.58631 -20.2088 0.1
      vertex 1.6 -20 3.71
      vertex 1.6 -20 0.1
    endloop
  endfacet
  facet normal -0.997858 0.0654247 0
    outer loop
      vertex 1.6 -20 3.71
      vertex 1.58631 -20.2088 0.1
      vertex 1.58631 -20.2088 3.71
    endloop
  endfacet
  facet normal -0.997858 0.0654247 0
    outer loop
      vertex 1.58631 -20.2088 20.29
      vertex 1.6 -20 23.9
      vertex 1.6 -20 20.29
    endloop
  endfacet
  facet normal -0.997858 0.0654247 0
    outer loop
      vertex 1.6 -20 23.9
      vertex 1.58631 -20.2088 20.29
      vertex 1.58631 -20.2088 23.9
    endloop
  endfacet
  facet normal 0.55532 0.831637 -0
    outer loop
      vertex -0.799999 -21.3856 0.1
      vertex -0.974018 -21.2694 3.71
      vertex -0.799999 -21.3856 3.71
    endloop
  endfacet
  facet normal 0.55532 0.831637 0
    outer loop
      vertex -0.974018 -21.2694 3.71
      vertex -0.799999 -21.3856 0.1
      vertex -0.974018 -21.2694 0.1
    endloop
  endfacet
  facet normal 0.55532 0.831637 -0
    outer loop
      vertex -0.799999 -21.3856 20.29
      vertex -0.974018 -21.2694 23.9
      vertex -0.799999 -21.3856 23.9
    endloop
  endfacet
  facet normal 0.55532 0.831637 0
    outer loop
      vertex -0.974018 -21.2694 23.9
      vertex -0.799999 -21.3856 20.29
      vertex -0.974018 -21.2694 20.29
    endloop
  endfacet
  facet normal 0.321551 0.946892 -0
    outer loop
      vertex -0.41411 -21.5455 0.1
      vertex -0.612293 -21.4782 3.71
      vertex -0.41411 -21.5455 3.71
    endloop
  endfacet
  facet normal 0.321551 0.946892 0
    outer loop
      vertex -0.612293 -21.4782 3.71
      vertex -0.41411 -21.5455 0.1
      vertex -0.612293 -21.4782 0.1
    endloop
  endfacet
  facet normal 0.321551 0.946892 -0
    outer loop
      vertex -0.41411 -21.5455 20.29
      vertex -0.612293 -21.4782 23.9
      vertex -0.41411 -21.5455 23.9
    endloop
  endfacet
  facet normal 0.321551 0.946892 0
    outer loop
      vertex -0.612293 -21.4782 23.9
      vertex -0.41411 -21.5455 20.29
      vertex -0.612293 -21.4782 20.29
    endloop
  endfacet
  facet normal -0.89686 -0.442314 0
    outer loop
      vertex 1.47821 -19.3877 0.1
      vertex 1.38564 -19.2 3.71
      vertex 1.38564 -19.2 0.1
    endloop
  endfacet
  facet normal -0.89686 -0.442314 0
    outer loop
      vertex 1.38564 -19.2 3.71
      vertex 1.47821 -19.3877 0.1
      vertex 1.47821 -19.3877 3.71
    endloop
  endfacet
  facet normal -0.89686 -0.442314 0
    outer loop
      vertex 1.47821 -19.3877 20.29
      vertex 1.38564 -19.2 23.9
      vertex 1.38564 -19.2 20.29
    endloop
  endfacet
  facet normal -0.89686 -0.442314 0
    outer loop
      vertex 1.38564 -19.2 23.9
      vertex 1.47821 -19.3877 20.29
      vertex 1.47821 -19.3877 23.9
    endloop
  endfacet
  facet normal 0.321551 -0.946892 0
    outer loop
      vertex -0.612293 -18.5218 0.1
      vertex -0.41411 -18.4545 3.71
      vertex -0.612293 -18.5218 3.71
    endloop
  endfacet
  facet normal 0.321551 -0.946892 0
    outer loop
      vertex -0.41411 -18.4545 3.71
      vertex -0.612293 -18.5218 0.1
      vertex -0.41411 -18.4545 0.1
    endloop
  endfacet
  facet normal 0.321551 -0.946892 0
    outer loop
      vertex -0.612293 -18.5218 20.29
      vertex -0.41411 -18.4545 23.9
      vertex -0.612293 -18.5218 23.9
    endloop
  endfacet
  facet normal 0.321551 -0.946892 0
    outer loop
      vertex -0.41411 -18.4545 23.9
      vertex -0.612293 -18.5218 20.29
      vertex -0.41411 -18.4545 20.29
    endloop
  endfacet
  facet normal -0.751925 -0.659248 0
    outer loop
      vertex 1.26937 -19.026 0.1
      vertex 1.13137 -18.8686 3.71
      vertex 1.13137 -18.8686 0.1
    endloop
  endfacet
  facet normal -0.751925 -0.659248 0
    outer loop
      vertex 1.13137 -18.8686 3.71
      vertex 1.26937 -19.026 0.1
      vertex 1.26937 -19.026 3.71
    endloop
  endfacet
  facet normal -0.751925 -0.659248 0
    outer loop
      vertex 1.26937 -19.026 20.29
      vertex 1.13137 -18.8686 23.9
      vertex 1.13137 -18.8686 20.29
    endloop
  endfacet
  facet normal -0.751925 -0.659248 0
    outer loop
      vertex 1.13137 -18.8686 23.9
      vertex 1.26937 -19.026 20.29
      vertex 1.26937 -19.026 23.9
    endloop
  endfacet
  facet normal -0.946944 0.321397 0
    outer loop
      vertex 1.47821 -20.6123 0.1
      vertex 1.54548 -20.4141 3.71
      vertex 1.54548 -20.4141 0.1
    endloop
  endfacet
  facet normal -0.946944 0.321397 0
    outer loop
      vertex 1.54548 -20.4141 3.71
      vertex 1.47821 -20.6123 0.1
      vertex 1.47821 -20.6123 3.71
    endloop
  endfacet
  facet normal -0.946944 0.321397 0
    outer loop
      vertex 1.47821 -20.6123 20.29
      vertex 1.54548 -20.4141 23.9
      vertex 1.54548 -20.4141 20.29
    endloop
  endfacet
  facet normal -0.946944 0.321397 0
    outer loop
      vertex 1.54548 -20.4141 23.9
      vertex 1.47821 -20.6123 20.29
      vertex 1.47821 -20.6123 23.9
    endloop
  endfacet
  facet normal 0.751925 0.659248 0
    outer loop
      vertex -1.13137 -21.1314 3.71
      vertex -1.26937 -20.974 0.1
      vertex -1.26937 -20.974 3.71
    endloop
  endfacet
  facet normal 0.751925 0.659248 0
    outer loop
      vertex -1.26937 -20.974 0.1
      vertex -1.13137 -21.1314 3.71
      vertex -1.13137 -21.1314 0.1
    endloop
  endfacet
  facet normal 0.751925 0.659248 0
    outer loop
      vertex -1.13137 -21.1314 23.9
      vertex -1.26937 -20.974 20.29
      vertex -1.26937 -20.974 23.9
    endloop
  endfacet
  facet normal 0.751925 0.659248 0
    outer loop
      vertex -1.26937 -20.974 20.29
      vertex -1.13137 -21.1314 23.9
      vertex -1.13137 -21.1314 20.29
    endloop
  endfacet
  facet normal -0.980791 0.195059 0
    outer loop
      vertex 1.54548 -20.4141 0.1
      vertex 1.58631 -20.2088 3.71
      vertex 1.58631 -20.2088 0.1
    endloop
  endfacet
  facet normal -0.980791 0.195059 0
    outer loop
      vertex 1.58631 -20.2088 3.71
      vertex 1.54548 -20.4141 0.1
      vertex 1.54548 -20.4141 3.71
    endloop
  endfacet
  facet normal -0.980791 0.195059 0
    outer loop
      vertex 1.54548 -20.4141 20.29
      vertex 1.58631 -20.2088 23.9
      vertex 1.58631 -20.2088 20.29
    endloop
  endfacet
  facet normal -0.980791 0.195059 0
    outer loop
      vertex 1.58631 -20.2088 23.9
      vertex 1.54548 -20.4141 20.29
      vertex 1.54548 -20.4141 23.9
    endloop
  endfacet
  facet normal 0.659362 -0.751826 0
    outer loop
      vertex -1.13137 -18.8686 0.1
      vertex -0.974018 -18.7306 3.71
      vertex -1.13137 -18.8686 3.71
    endloop
  endfacet
  facet normal 0.659362 -0.751826 0
    outer loop
      vertex -0.974018 -18.7306 3.71
      vertex -1.13137 -18.8686 0.1
      vertex -0.974018 -18.7306 0.1
    endloop
  endfacet
  facet normal 0.659362 -0.751826 0
    outer loop
      vertex -1.13137 -18.8686 20.29
      vertex -0.974018 -18.7306 23.9
      vertex -1.13137 -18.8686 23.9
    endloop
  endfacet
  facet normal 0.659362 -0.751826 0
    outer loop
      vertex -0.974018 -18.7306 23.9
      vertex -1.13137 -18.8686 20.29
      vertex -0.974018 -18.7306 20.29
    endloop
  endfacet
  facet normal 0.946944 0.321397 0
    outer loop
      vertex -1.47821 -20.6123 3.71
      vertex -1.54548 -20.4141 0.1
      vertex -1.54548 -20.4141 3.71
    endloop
  endfacet
  facet normal 0.946944 0.321397 0
    outer loop
      vertex -1.54548 -20.4141 0.1
      vertex -1.47821 -20.6123 3.71
      vertex -1.47821 -20.6123 0.1
    endloop
  endfacet
  facet normal 0.946944 0.321397 0
    outer loop
      vertex -1.47821 -20.6123 23.9
      vertex -1.54548 -20.4141 20.29
      vertex -1.54548 -20.4141 23.9
    endloop
  endfacet
  facet normal 0.946944 0.321397 0
    outer loop
      vertex -1.54548 -20.4141 20.29
      vertex -1.47821 -20.6123 23.9
      vertex -1.47821 -20.6123 20.29
    endloop
  endfacet
  facet normal -0.831454 0.555593 0
    outer loop
      vertex 1.26937 -20.974 0.1
      vertex 1.38564 -20.8 3.71
      vertex 1.38564 -20.8 0.1
    endloop
  endfacet
  facet normal -0.831454 0.555593 0
    outer loop
      vertex 1.38564 -20.8 3.71
      vertex 1.26937 -20.974 0.1
      vertex 1.26937 -20.974 3.71
    endloop
  endfacet
  facet normal -0.831454 0.555593 0
    outer loop
      vertex 1.26937 -20.974 20.29
      vertex 1.38564 -20.8 23.9
      vertex 1.38564 -20.8 20.29
    endloop
  endfacet
  facet normal -0.831454 0.555593 0
    outer loop
      vertex 1.38564 -20.8 23.9
      vertex 1.26937 -20.974 20.29
      vertex 1.26937 -20.974 23.9
    endloop
  endfacet
  facet normal -0.442418 -0.896809 0
    outer loop
      vertex 0.612293 -18.5218 0.1
      vertex 0.799999 -18.6144 3.71
      vertex 0.612293 -18.5218 3.71
    endloop
  endfacet
  facet normal -0.442418 -0.896809 -0
    outer loop
      vertex 0.799999 -18.6144 3.71
      vertex 0.612293 -18.5218 0.1
      vertex 0.799999 -18.6144 0.1
    endloop
  endfacet
  facet normal -0.442418 -0.896809 0
    outer loop
      vertex 0.612293 -18.5218 20.29
      vertex 0.799999 -18.6144 23.9
      vertex 0.612293 -18.5218 23.9
    endloop
  endfacet
  facet normal -0.442418 -0.896809 -0
    outer loop
      vertex 0.799999 -18.6144 23.9
      vertex 0.612293 -18.5218 20.29
      vertex 0.799999 -18.6144 20.29
    endloop
  endfacet
  facet normal 0.442418 -0.896809 0
    outer loop
      vertex -0.799999 -18.6144 0.1
      vertex -0.612293 -18.5218 3.71
      vertex -0.799999 -18.6144 3.71
    endloop
  endfacet
  facet normal 0.442418 -0.896809 0
    outer loop
      vertex -0.612293 -18.5218 3.71
      vertex -0.799999 -18.6144 0.1
      vertex -0.612293 -18.5218 0.1
    endloop
  endfacet
  facet normal 0.442418 -0.896809 0
    outer loop
      vertex -0.799999 -18.6144 20.29
      vertex -0.612293 -18.5218 23.9
      vertex -0.799999 -18.6144 23.9
    endloop
  endfacet
  facet normal 0.442418 -0.896809 0
    outer loop
      vertex -0.612293 -18.5218 23.9
      vertex -0.799999 -18.6144 20.29
      vertex -0.612293 -18.5218 20.29
    endloop
  endfacet
  facet normal -0.442418 0.896809 0
    outer loop
      vertex 0.799999 -21.3856 0.1
      vertex 0.612293 -21.4782 3.71
      vertex 0.799999 -21.3856 3.71
    endloop
  endfacet
  facet normal -0.442418 0.896809 0
    outer loop
      vertex 0.612293 -21.4782 3.71
      vertex 0.799999 -21.3856 0.1
      vertex 0.612293 -21.4782 0.1
    endloop
  endfacet
  facet normal -0.442418 0.896809 0
    outer loop
      vertex 0.799999 -21.3856 20.29
      vertex 0.612293 -21.4782 23.9
      vertex 0.799999 -21.3856 23.9
    endloop
  endfacet
  facet normal -0.442418 0.896809 0
    outer loop
      vertex 0.612293 -21.4782 23.9
      vertex 0.799999 -21.3856 20.29
      vertex 0.612293 -21.4782 20.29
    endloop
  endfacet
  facet normal -0.321551 0.946892 0
    outer loop
      vertex 0.612293 -21.4782 0.1
      vertex 0.41411 -21.5455 3.71
      vertex 0.612293 -21.4782 3.71
    endloop
  endfacet
  facet normal -0.321551 0.946892 0
    outer loop
      vertex 0.41411 -21.5455 3.71
      vertex 0.612293 -21.4782 0.1
      vertex 0.41411 -21.5455 0.1
    endloop
  endfacet
  facet normal -0.321551 0.946892 0
    outer loop
      vertex 0.612293 -21.4782 20.29
      vertex 0.41411 -21.5455 23.9
      vertex 0.612293 -21.4782 23.9
    endloop
  endfacet
  facet normal -0.321551 0.946892 0
    outer loop
      vertex 0.41411 -21.5455 23.9
      vertex 0.612293 -21.4782 20.29
      vertex 0.41411 -21.5455 20.29
    endloop
  endfacet
  facet normal 0.980791 0.195059 0
    outer loop
      vertex -1.54548 -20.4141 3.71
      vertex -1.58631 -20.2088 0.1
      vertex -1.58631 -20.2088 3.71
    endloop
  endfacet
  facet normal 0.980791 0.195059 0
    outer loop
      vertex -1.58631 -20.2088 0.1
      vertex -1.54548 -20.4141 3.71
      vertex -1.54548 -20.4141 0.1
    endloop
  endfacet
  facet normal 0.980791 0.195059 0
    outer loop
      vertex -1.54548 -20.4141 23.9
      vertex -1.58631 -20.2088 20.29
      vertex -1.58631 -20.2088 23.9
    endloop
  endfacet
  facet normal 0.980791 0.195059 0
    outer loop
      vertex -1.58631 -20.2088 20.29
      vertex -1.54548 -20.4141 23.9
      vertex -1.54548 -20.4141 20.29
    endloop
  endfacet
  facet normal 0.55532 -0.831637 0
    outer loop
      vertex -0.974018 -18.7306 0.1
      vertex -0.799999 -18.6144 3.71
      vertex -0.974018 -18.7306 3.71
    endloop
  endfacet
  facet normal 0.55532 -0.831637 0
    outer loop
      vertex -0.799999 -18.6144 3.71
      vertex -0.974018 -18.7306 0.1
      vertex -0.799999 -18.6144 0.1
    endloop
  endfacet
  facet normal 0.55532 -0.831637 0
    outer loop
      vertex -0.974018 -18.7306 20.29
      vertex -0.799999 -18.6144 23.9
      vertex -0.974018 -18.7306 23.9
    endloop
  endfacet
  facet normal 0.55532 -0.831637 0
    outer loop
      vertex -0.799999 -18.6144 23.9
      vertex -0.974018 -18.7306 20.29
      vertex -0.799999 -18.6144 20.29
    endloop
  endfacet
  facet normal -0.55532 0.831637 0
    outer loop
      vertex 0.974018 -21.2694 0.1
      vertex 0.799999 -21.3856 3.71
      vertex 0.974018 -21.2694 3.71
    endloop
  endfacet
  facet normal -0.55532 0.831637 0
    outer loop
      vertex 0.799999 -21.3856 3.71
      vertex 0.974018 -21.2694 0.1
      vertex 0.799999 -21.3856 0.1
    endloop
  endfacet
  facet normal -0.55532 0.831637 0
    outer loop
      vertex 0.974018 -21.2694 20.29
      vertex 0.799999 -21.3856 23.9
      vertex 0.974018 -21.2694 23.9
    endloop
  endfacet
  facet normal -0.55532 0.831637 0
    outer loop
      vertex 0.799999 -21.3856 23.9
      vertex 0.974018 -21.2694 20.29
      vertex 0.799999 -21.3856 20.29
    endloop
  endfacet
  facet normal -0.19495 0.980813 0
    outer loop
      vertex 0.41411 -21.5455 0.1
      vertex 0.208841 -21.5863 3.71
      vertex 0.41411 -21.5455 3.71
    endloop
  endfacet
  facet normal -0.19495 0.980813 0
    outer loop
      vertex 0.208841 -21.5863 3.71
      vertex 0.41411 -21.5455 0.1
      vertex 0.208841 -21.5863 0.1
    endloop
  endfacet
  facet normal -0.19495 0.980813 0
    outer loop
      vertex 0.41411 -21.5455 20.29
      vertex 0.208841 -21.5863 23.9
      vertex 0.41411 -21.5455 23.9
    endloop
  endfacet
  facet normal -0.19495 0.980813 0
    outer loop
      vertex 0.208841 -21.5863 23.9
      vertex 0.41411 -21.5455 20.29
      vertex 0.208841 -21.5863 20.29
    endloop
  endfacet
  facet normal -0.659362 -0.751826 0
    outer loop
      vertex 0.974018 -18.7306 0.1
      vertex 1.13137 -18.8686 3.71
      vertex 0.974018 -18.7306 3.71
    endloop
  endfacet
  facet normal -0.659362 -0.751826 -0
    outer loop
      vertex 1.13137 -18.8686 3.71
      vertex 0.974018 -18.7306 0.1
      vertex 1.13137 -18.8686 0.1
    endloop
  endfacet
  facet normal -0.659362 -0.751826 0
    outer loop
      vertex 0.974018 -18.7306 20.29
      vertex 1.13137 -18.8686 23.9
      vertex 0.974018 -18.7306 23.9
    endloop
  endfacet
  facet normal -0.659362 -0.751826 -0
    outer loop
      vertex 1.13137 -18.8686 23.9
      vertex 0.974018 -18.7306 20.29
      vertex 1.13137 -18.8686 20.29
    endloop
  endfacet
  facet normal 0.946944 -0.321397 0
    outer loop
      vertex -1.54548 -19.5859 3.71
      vertex -1.47821 -19.3877 0.1
      vertex -1.47821 -19.3877 3.71
    endloop
  endfacet
  facet normal 0.946944 -0.321397 0
    outer loop
      vertex -1.47821 -19.3877 0.1
      vertex -1.54548 -19.5859 3.71
      vertex -1.54548 -19.5859 0.1
    endloop
  endfacet
  facet normal 0.946944 -0.321397 0
    outer loop
      vertex -1.54548 -19.5859 23.9
      vertex -1.47821 -19.3877 20.29
      vertex -1.47821 -19.3877 23.9
    endloop
  endfacet
  facet normal 0.946944 -0.321397 0
    outer loop
      vertex -1.47821 -19.3877 20.29
      vertex -1.54548 -19.5859 23.9
      vertex -1.54548 -19.5859 20.29
    endloop
  endfacet
  facet normal -0.0654594 0.997855 0
    outer loop
      vertex 0.208841 -21.5863 0.1
      vertex 0 -21.6 3.71
      vertex 0.208841 -21.5863 3.71
    endloop
  endfacet
  facet normal -0.0654594 0.997855 0
    outer loop
      vertex 0 -21.6 3.71
      vertex 0.208841 -21.5863 0.1
      vertex 0 -21.6 0.1
    endloop
  endfacet
  facet normal -0.0654594 0.997855 0
    outer loop
      vertex 0.208841 -21.5863 20.29
      vertex 0 -21.6 23.9
      vertex 0.208841 -21.5863 23.9
    endloop
  endfacet
  facet normal -0.0654594 0.997855 0
    outer loop
      vertex 0 -21.6 23.9
      vertex 0.208841 -21.5863 20.29
      vertex 0 -21.6 20.29
    endloop
  endfacet
  facet normal 0.19495 -0.980813 0
    outer loop
      vertex -0.41411 -18.4545 0.1
      vertex -0.208841 -18.4137 3.71
      vertex -0.41411 -18.4545 3.71
    endloop
  endfacet
  facet normal 0.19495 -0.980813 0
    outer loop
      vertex -0.208841 -18.4137 3.71
      vertex -0.41411 -18.4545 0.1
      vertex -0.208841 -18.4137 0.1
    endloop
  endfacet
  facet normal 0.19495 -0.980813 0
    outer loop
      vertex -0.41411 -18.4545 20.29
      vertex -0.208841 -18.4137 23.9
      vertex -0.41411 -18.4545 23.9
    endloop
  endfacet
  facet normal 0.19495 -0.980813 0
    outer loop
      vertex -0.208841 -18.4137 23.9
      vertex -0.41411 -18.4545 20.29
      vertex -0.208841 -18.4137 20.29
    endloop
  endfacet
  facet normal 0.659362 0.751826 -0
    outer loop
      vertex -0.974018 -21.2694 0.1
      vertex -1.13137 -21.1314 3.71
      vertex -0.974018 -21.2694 3.71
    endloop
  endfacet
  facet normal 0.659362 0.751826 0
    outer loop
      vertex -1.13137 -21.1314 3.71
      vertex -0.974018 -21.2694 0.1
      vertex -1.13137 -21.1314 0.1
    endloop
  endfacet
  facet normal 0.659362 0.751826 -0
    outer loop
      vertex -0.974018 -21.2694 20.29
      vertex -1.13137 -21.1314 23.9
      vertex -0.974018 -21.2694 23.9
    endloop
  endfacet
  facet normal 0.659362 0.751826 0
    outer loop
      vertex -1.13137 -21.1314 23.9
      vertex -0.974018 -21.2694 20.29
      vertex -1.13137 -21.1314 20.29
    endloop
  endfacet
  facet normal 0.89686 -0.442314 0
    outer loop
      vertex -1.47821 -19.3877 3.71
      vertex -1.38564 -19.2 0.1
      vertex -1.38564 -19.2 3.71
    endloop
  endfacet
  facet normal 0.89686 -0.442314 0
    outer loop
      vertex -1.38564 -19.2 0.1
      vertex -1.47821 -19.3877 3.71
      vertex -1.47821 -19.3877 0.1
    endloop
  endfacet
  facet normal 0.89686 -0.442314 0
    outer loop
      vertex -1.47821 -19.3877 23.9
      vertex -1.38564 -19.2 20.29
      vertex -1.38564 -19.2 23.9
    endloop
  endfacet
  facet normal 0.89686 -0.442314 0
    outer loop
      vertex -1.38564 -19.2 20.29
      vertex -1.47821 -19.3877 23.9
      vertex -1.47821 -19.3877 20.29
    endloop
  endfacet
  facet normal -0.89686 0.442314 0
    outer loop
      vertex 1.38564 -20.8 0.1
      vertex 1.47821 -20.6123 3.71
      vertex 1.47821 -20.6123 0.1
    endloop
  endfacet
  facet normal -0.89686 0.442314 0
    outer loop
      vertex 1.47821 -20.6123 3.71
      vertex 1.38564 -20.8 0.1
      vertex 1.38564 -20.8 3.71
    endloop
  endfacet
  facet normal -0.89686 0.442314 0
    outer loop
      vertex 1.38564 -20.8 20.29
      vertex 1.47821 -20.6123 23.9
      vertex 1.47821 -20.6123 20.29
    endloop
  endfacet
  facet normal -0.89686 0.442314 0
    outer loop
      vertex 1.47821 -20.6123 23.9
      vertex 1.38564 -20.8 20.29
      vertex 1.38564 -20.8 23.9
    endloop
  endfacet
  facet normal -0.751925 0.659248 0
    outer loop
      vertex 1.13137 -21.1314 0.1
      vertex 1.26937 -20.974 3.71
      vertex 1.26937 -20.974 0.1
    endloop
  endfacet
  facet normal -0.751925 0.659248 0
    outer loop
      vertex 1.26937 -20.974 3.71
      vertex 1.13137 -21.1314 0.1
      vertex 1.13137 -21.1314 3.71
    endloop
  endfacet
  facet normal -0.751925 0.659248 0
    outer loop
      vertex 1.13137 -21.1314 20.29
      vertex 1.26937 -20.974 23.9
      vertex 1.26937 -20.974 20.29
    endloop
  endfacet
  facet normal -0.751925 0.659248 0
    outer loop
      vertex 1.26937 -20.974 23.9
      vertex 1.13137 -21.1314 20.29
      vertex 1.13137 -21.1314 23.9
    endloop
  endfacet
  facet normal 0.0654594 0.997855 -0
    outer loop
      vertex 0 -21.6 0.1
      vertex -0.208841 -21.5863 3.71
      vertex 0 -21.6 3.71
    endloop
  endfacet
  facet normal 0.0654594 0.997855 0
    outer loop
      vertex -0.208841 -21.5863 3.71
      vertex 0 -21.6 0.1
      vertex -0.208841 -21.5863 0.1
    endloop
  endfacet
  facet normal 0.0654594 0.997855 -0
    outer loop
      vertex 0 -21.6 20.29
      vertex -0.208841 -21.5863 23.9
      vertex 0 -21.6 23.9
    endloop
  endfacet
  facet normal 0.0654594 0.997855 0
    outer loop
      vertex -0.208841 -21.5863 23.9
      vertex 0 -21.6 20.29
      vertex -0.208841 -21.5863 20.29
    endloop
  endfacet
  facet normal -0.0654594 -0.997855 0
    outer loop
      vertex 0 -18.4 0.1
      vertex 0.208841 -18.4137 3.71
      vertex 0 -18.4 3.71
    endloop
  endfacet
  facet normal -0.0654594 -0.997855 -0
    outer loop
      vertex 0.208841 -18.4137 3.71
      vertex 0 -18.4 0.1
      vertex 0.208841 -18.4137 0.1
    endloop
  endfacet
  facet normal -0.0654594 -0.997855 0
    outer loop
      vertex 0 -18.4 20.29
      vertex 0.208841 -18.4137 23.9
      vertex 0 -18.4 23.9
    endloop
  endfacet
  facet normal -0.0654594 -0.997855 -0
    outer loop
      vertex 0.208841 -18.4137 23.9
      vertex 0 -18.4 20.29
      vertex 0.208841 -18.4137 20.29
    endloop
  endfacet
  facet normal -0.55532 -0.831637 0
    outer loop
      vertex 0.799999 -18.6144 0.1
      vertex 0.974018 -18.7306 3.71
      vertex 0.799999 -18.6144 3.71
    endloop
  endfacet
  facet normal -0.55532 -0.831637 -0
    outer loop
      vertex 0.974018 -18.7306 3.71
      vertex 0.799999 -18.6144 0.1
      vertex 0.974018 -18.7306 0.1
    endloop
  endfacet
  facet normal -0.55532 -0.831637 0
    outer loop
      vertex 0.799999 -18.6144 20.29
      vertex 0.974018 -18.7306 23.9
      vertex 0.799999 -18.6144 23.9
    endloop
  endfacet
  facet normal -0.55532 -0.831637 -0
    outer loop
      vertex 0.974018 -18.7306 23.9
      vertex 0.799999 -18.6144 20.29
      vertex 0.974018 -18.7306 20.29
    endloop
  endfacet
  facet normal 0.997858 0.0654247 0
    outer loop
      vertex -1.58631 -20.2088 3.71
      vertex -1.6 -20 0.1
      vertex -1.6 -20 3.71
    endloop
  endfacet
  facet normal 0.997858 0.0654247 0
    outer loop
      vertex -1.6 -20 0.1
      vertex -1.58631 -20.2088 3.71
      vertex -1.58631 -20.2088 0.1
    endloop
  endfacet
  facet normal 0.997858 0.0654247 0
    outer loop
      vertex -1.58631 -20.2088 23.9
      vertex -1.6 -20 20.29
      vertex -1.6 -20 23.9
    endloop
  endfacet
  facet normal 0.997858 0.0654247 0
    outer loop
      vertex -1.6 -20 20.29
      vertex -1.58631 -20.2088 23.9
      vertex -1.58631 -20.2088 20.29
    endloop
  endfacet
  facet normal 0.751925 -0.659248 0
    outer loop
      vertex -1.26937 -19.026 3.71
      vertex -1.13137 -18.8686 0.1
      vertex -1.13137 -18.8686 3.71
    endloop
  endfacet
  facet normal 0.751925 -0.659248 0
    outer loop
      vertex -1.13137 -18.8686 0.1
      vertex -1.26937 -19.026 3.71
      vertex -1.26937 -19.026 0.1
    endloop
  endfacet
  facet normal 0.751925 -0.659248 0
    outer loop
      vertex -1.26937 -19.026 23.9
      vertex -1.13137 -18.8686 20.29
      vertex -1.13137 -18.8686 23.9
    endloop
  endfacet
  facet normal 0.751925 -0.659248 0
    outer loop
      vertex -1.13137 -18.8686 20.29
      vertex -1.26937 -19.026 23.9
      vertex -1.26937 -19.026 20.29
    endloop
  endfacet
  facet normal 0.0654594 -0.997855 0
    outer loop
      vertex -0.208841 -18.4137 0.1
      vertex 0 -18.4 3.71
      vertex -0.208841 -18.4137 3.71
    endloop
  endfacet
  facet normal 0.0654594 -0.997855 0
    outer loop
      vertex 0 -18.4 3.71
      vertex -0.208841 -18.4137 0.1
      vertex 0 -18.4 0.1
    endloop
  endfacet
  facet normal 0.0654594 -0.997855 0
    outer loop
      vertex -0.208841 -18.4137 20.29
      vertex 0 -18.4 23.9
      vertex -0.208841 -18.4137 23.9
    endloop
  endfacet
  facet normal 0.0654594 -0.997855 0
    outer loop
      vertex 0 -18.4 23.9
      vertex -0.208841 -18.4137 20.29
      vertex 0 -18.4 20.29
    endloop
  endfacet
  facet normal 0.19495 0.980813 -0
    outer loop
      vertex -0.208841 -21.5863 0.1
      vertex -0.41411 -21.5455 3.71
      vertex -0.208841 -21.5863 3.71
    endloop
  endfacet
  facet normal 0.19495 0.980813 0
    outer loop
      vertex -0.41411 -21.5455 3.71
      vertex -0.208841 -21.5863 0.1
      vertex -0.41411 -21.5455 0.1
    endloop
  endfacet
  facet normal 0.19495 0.980813 -0
    outer loop
      vertex -0.208841 -21.5863 20.29
      vertex -0.41411 -21.5455 23.9
      vertex -0.208841 -21.5863 23.9
    endloop
  endfacet
  facet normal 0.19495 0.980813 0
    outer loop
      vertex -0.41411 -21.5455 23.9
      vertex -0.208841 -21.5863 20.29
      vertex -0.41411 -21.5455 20.29
    endloop
  endfacet
  facet normal 0.980791 -0.195059 0
    outer loop
      vertex -1.58631 -19.7912 3.71
      vertex -1.54548 -19.5859 0.1
      vertex -1.54548 -19.5859 3.71
    endloop
  endfacet
  facet normal 0.980791 -0.195059 0
    outer loop
      vertex -1.54548 -19.5859 0.1
      vertex -1.58631 -19.7912 3.71
      vertex -1.58631 -19.7912 0.1
    endloop
  endfacet
  facet normal 0.980791 -0.195059 0
    outer loop
      vertex -1.58631 -19.7912 23.9
      vertex -1.54548 -19.5859 20.29
      vertex -1.54548 -19.5859 23.9
    endloop
  endfacet
  facet normal 0.980791 -0.195059 0
    outer loop
      vertex -1.54548 -19.5859 20.29
      vertex -1.58631 -19.7912 23.9
      vertex -1.58631 -19.7912 20.29
    endloop
  endfacet
  facet normal 0.997858 -0.0654247 0
    outer loop
      vertex -1.6 -20 3.71
      vertex -1.58631 -19.7912 0.1
      vertex -1.58631 -19.7912 3.71
    endloop
  endfacet
  facet normal 0.997858 -0.0654247 0
    outer loop
      vertex -1.58631 -19.7912 0.1
      vertex -1.6 -20 3.71
      vertex -1.6 -20 0.1
    endloop
  endfacet
  facet normal 0.997858 -0.0654247 0
    outer loop
      vertex -1.6 -20 23.9
      vertex -1.58631 -19.7912 20.29
      vertex -1.58631 -19.7912 23.9
    endloop
  endfacet
  facet normal 0.997858 -0.0654247 0
    outer loop
      vertex -1.58631 -19.7912 20.29
      vertex -1.6 -20 23.9
      vertex -1.6 -20 20.29
    endloop
  endfacet
  facet normal 0.442418 0.896809 -0
    outer loop
      vertex -0.612293 -21.4782 0.1
      vertex -0.799999 -21.3856 3.71
      vertex -0.612293 -21.4782 3.71
    endloop
  endfacet
  facet normal 0.442418 0.896809 0
    outer loop
      vertex -0.799999 -21.3856 3.71
      vertex -0.612293 -21.4782 0.1
      vertex -0.799999 -21.3856 0.1
    endloop
  endfacet
  facet normal 0.442418 0.896809 -0
    outer loop
      vertex -0.612293 -21.4782 20.29
      vertex -0.799999 -21.3856 23.9
      vertex -0.612293 -21.4782 23.9
    endloop
  endfacet
  facet normal 0.442418 0.896809 0
    outer loop
      vertex -0.799999 -21.3856 23.9
      vertex -0.612293 -21.4782 20.29
      vertex -0.799999 -21.3856 20.29
    endloop
  endfacet
  facet normal -0.659362 0.751826 0
    outer loop
      vertex 1.13137 -21.1314 0.1
      vertex 0.974018 -21.2694 3.71
      vertex 1.13137 -21.1314 3.71
    endloop
  endfacet
  facet normal -0.659362 0.751826 0
    outer loop
      vertex 0.974018 -21.2694 3.71
      vertex 1.13137 -21.1314 0.1
      vertex 0.974018 -21.2694 0.1
    endloop
  endfacet
  facet normal -0.659362 0.751826 0
    outer loop
      vertex 1.13137 -21.1314 20.29
      vertex 0.974018 -21.2694 23.9
      vertex 1.13137 -21.1314 23.9
    endloop
  endfacet
  facet normal -0.659362 0.751826 0
    outer loop
      vertex 0.974018 -21.2694 23.9
      vertex 1.13137 -21.1314 20.29
      vertex 0.974018 -21.2694 20.29
    endloop
  endfacet
  facet normal 0.831454 -0.555593 0
    outer loop
      vertex -1.38564 -19.2 3.71
      vertex -1.26937 -19.026 0.1
      vertex -1.26937 -19.026 3.71
    endloop
  endfacet
  facet normal 0.831454 -0.555593 0
    outer loop
      vertex -1.26937 -19.026 0.1
      vertex -1.38564 -19.2 3.71
      vertex -1.38564 -19.2 0.1
    endloop
  endfacet
  facet normal 0.831454 -0.555593 0
    outer loop
      vertex -1.38564 -19.2 23.9
      vertex -1.26937 -19.026 20.29
      vertex -1.26937 -19.026 23.9
    endloop
  endfacet
  facet normal 0.831454 -0.555593 0
    outer loop
      vertex -1.26937 -19.026 20.29
      vertex -1.38564 -19.2 23.9
      vertex -1.38564 -19.2 20.29
    endloop
  endfacet
  facet normal 0.831454 0.555593 0
    outer loop
      vertex -1.26937 -20.974 3.71
      vertex -1.38564 -20.8 0.1
      vertex -1.38564 -20.8 3.71
    endloop
  endfacet
  facet normal 0.831454 0.555593 0
    outer loop
      vertex -1.38564 -20.8 0.1
      vertex -1.26937 -20.974 3.71
      vertex -1.26937 -20.974 0.1
    endloop
  endfacet
  facet normal 0.831454 0.555593 0
    outer loop
      vertex -1.26937 -20.974 23.9
      vertex -1.38564 -20.8 20.29
      vertex -1.38564 -20.8 23.9
    endloop
  endfacet
  facet normal 0.831454 0.555593 0
    outer loop
      vertex -1.38564 -20.8 20.29
      vertex -1.26937 -20.974 23.9
      vertex -1.26937 -20.974 20.29
    endloop
  endfacet
  facet normal 0.89686 0.442314 0
    outer loop
      vertex -1.38564 -20.8 3.71
      vertex -1.47821 -20.6123 0.1
      vertex -1.47821 -20.6123 3.71
    endloop
  endfacet
  facet normal 0.89686 0.442314 0
    outer loop
      vertex -1.47821 -20.6123 0.1
      vertex -1.38564 -20.8 3.71
      vertex -1.38564 -20.8 0.1
    endloop
  endfacet
  facet normal 0.89686 0.442314 0
    outer loop
      vertex -1.38564 -20.8 23.9
      vertex -1.47821 -20.6123 20.29
      vertex -1.47821 -20.6123 23.9
    endloop
  endfacet
  facet normal 0.89686 0.442314 0
    outer loop
      vertex -1.47821 -20.6123 20.29
      vertex -1.38564 -20.8 23.9
      vertex -1.38564 -20.8 20.29
    endloop
  endfacet
  facet normal -0.831517 -0.555499 0
    outer loop
      vertex 44.7264 -41.1856 0.1
      vertex 44.5338 -40.8973 5.5
      vertex 44.5338 -40.8973 0.1
    endloop
  endfacet
  facet normal -0.831517 -0.555499 0
    outer loop
      vertex 44.5338 -40.8973 5.5
      vertex 44.7264 -41.1856 0.1
      vertex 44.7264 -41.1856 5.5
    endloop
  endfacet
  facet normal -0.831517 -0.555499 0
    outer loop
      vertex 44.7264 -41.1856 18.5
      vertex 44.5338 -40.8973 23.9
      vertex 44.5338 -40.8973 18.5
    endloop
  endfacet
  facet normal -0.831517 -0.555499 0
    outer loop
      vertex 44.5338 -40.8973 23.9
      vertex 44.7264 -41.1856 18.5
      vertex 44.7264 -41.1856 23.9
    endloop
  endfacet
  facet normal -0.555632 -0.831428 0
    outer loop
      vertex 43.7564 -40.2156 0.1
      vertex 44.0446 -40.4082 5.5
      vertex 43.7564 -40.2156 5.5
    endloop
  endfacet
  facet normal -0.555632 -0.831428 -0
    outer loop
      vertex 44.0446 -40.4082 5.5
      vertex 43.7564 -40.2156 0.1
      vertex 44.0446 -40.4082 0.1
    endloop
  endfacet
  facet normal -0.555632 -0.831428 0
    outer loop
      vertex 43.7564 -40.2156 18.5
      vertex 44.0446 -40.4082 23.9
      vertex 43.7564 -40.2156 23.9
    endloop
  endfacet
  facet normal -0.555632 -0.831428 -0
    outer loop
      vertex 44.0446 -40.4082 23.9
      vertex 43.7564 -40.2156 18.5
      vertex 44.0446 -40.4082 18.5
    endloop
  endfacet
  facet normal -0.896838 -0.442359 0
    outer loop
      vertex 44.8797 -41.4964 0.1
      vertex 44.7264 -41.1856 5.5
      vertex 44.7264 -41.1856 0.1
    endloop
  endfacet
  facet normal -0.896838 -0.442359 0
    outer loop
      vertex 44.7264 -41.1856 5.5
      vertex 44.8797 -41.4964 0.1
      vertex 44.8797 -41.4964 5.5
    endloop
  endfacet
  facet normal -0.896838 -0.442359 0
    outer loop
      vertex 44.8797 -41.4964 18.5
      vertex 44.7264 -41.1856 23.9
      vertex 44.7264 -41.1856 18.5
    endloop
  endfacet
  facet normal -0.896838 -0.442359 0
    outer loop
      vertex 44.7264 -41.1856 23.9
      vertex 44.8797 -41.4964 18.5
      vertex 44.8797 -41.4964 23.9
    endloop
  endfacet
  facet normal 0.997854 -0.065485 0
    outer loop
      vertex 39.7814 -42.5106 5.5
      vertex 39.8041 -42.1647 0.1
      vertex 39.8041 -42.1647 5.5
    endloop
  endfacet
  facet normal 0.997854 -0.065485 0
    outer loop
      vertex 39.8041 -42.1647 0.1
      vertex 39.7814 -42.5106 5.5
      vertex 39.7814 -42.5106 0.1
    endloop
  endfacet
  facet normal 0.997854 -0.065485 0
    outer loop
      vertex 39.7814 -42.5106 23.9
      vertex 39.8041 -42.1647 18.5
      vertex 39.8041 -42.1647 23.9
    endloop
  endfacet
  facet normal 0.997854 -0.065485 0
    outer loop
      vertex 39.8041 -42.1647 18.5
      vertex 39.7814 -42.5106 23.9
      vertex 39.7814 -42.5106 18.5
    endloop
  endfacet
  facet normal 0.896838 -0.442359 0
    outer loop
      vertex 39.9831 -41.4964 5.5
      vertex 40.1364 -41.1856 0.1
      vertex 40.1364 -41.1856 5.5
    endloop
  endfacet
  facet normal 0.896838 -0.442359 0
    outer loop
      vertex 40.1364 -41.1856 0.1
      vertex 39.9831 -41.4964 5.5
      vertex 39.9831 -41.4964 0.1
    endloop
  endfacet
  facet normal 0.896838 -0.442359 0
    outer loop
      vertex 39.9831 -41.4964 23.9
      vertex 40.1364 -41.1856 18.5
      vertex 40.1364 -41.1856 23.9
    endloop
  endfacet
  facet normal 0.896838 -0.442359 0
    outer loop
      vertex 40.1364 -41.1856 18.5
      vertex 39.9831 -41.4964 23.9
      vertex 39.9831 -41.4964 18.5
    endloop
  endfacet
  facet normal -0.751754 -0.659444 0
    outer loop
      vertex 44.5338 -40.8973 0.1
      vertex 44.3052 -40.6367 5.5
      vertex 44.3052 -40.6367 0.1
    endloop
  endfacet
  facet normal -0.751754 -0.659444 0
    outer loop
      vertex 44.3052 -40.6367 5.5
      vertex 44.5338 -40.8973 0.1
      vertex 44.5338 -40.8973 5.5
    endloop
  endfacet
  facet normal -0.751754 -0.659444 0
    outer loop
      vertex 44.5338 -40.8973 18.5
      vertex 44.3052 -40.6367 23.9
      vertex 44.3052 -40.6367 18.5
    endloop
  endfacet
  facet normal -0.751754 -0.659444 0
    outer loop
      vertex 44.3052 -40.6367 23.9
      vertex 44.5338 -40.8973 18.5
      vertex 44.5338 -40.8973 23.9
    endloop
  endfacet
  facet normal -0.896894 0.442245 0
    outer loop
      vertex 44.7264 -43.8356 0.1
      vertex 44.8797 -43.5247 5.5
      vertex 44.8797 -43.5247 0.1
    endloop
  endfacet
  facet normal -0.896894 0.442245 0
    outer loop
      vertex 44.8797 -43.5247 5.5
      vertex 44.7264 -43.8356 0.1
      vertex 44.7264 -43.8356 5.5
    endloop
  endfacet
  facet normal -0.896894 0.442245 0
    outer loop
      vertex 44.7264 -43.8356 18.5
      vertex 44.8797 -43.5247 23.9
      vertex 44.8797 -43.5247 18.5
    endloop
  endfacet
  facet normal -0.896894 0.442245 0
    outer loop
      vertex 44.8797 -43.5247 23.9
      vertex 44.7264 -43.8356 18.5
      vertex 44.7264 -43.8356 23.9
    endloop
  endfacet
  facet normal -0.0651978 -0.997872 0
    outer loop
      vertex 42.4314 -39.8606 0.1
      vertex 42.7773 -39.8832 5.5
      vertex 42.4314 -39.8606 5.5
    endloop
  endfacet
  facet normal -0.0651978 -0.997872 -0
    outer loop
      vertex 42.7773 -39.8832 5.5
      vertex 42.4314 -39.8606 0.1
      vertex 42.7773 -39.8832 0.1
    endloop
  endfacet
  facet normal -0.0651978 -0.997872 0
    outer loop
      vertex 42.4314 -39.8606 18.5
      vertex 42.7773 -39.8832 23.9
      vertex 42.4314 -39.8606 23.9
    endloop
  endfacet
  facet normal -0.0651978 -0.997872 -0
    outer loop
      vertex 42.7773 -39.8832 23.9
      vertex 42.4314 -39.8606 18.5
      vertex 42.7773 -39.8832 18.5
    endloop
  endfacet
  facet normal 0.442245 -0.896894 0
    outer loop
      vertex 41.1064 -40.2156 0.1
      vertex 41.4173 -40.0623 5.5
      vertex 41.1064 -40.2156 5.5
    endloop
  endfacet
  facet normal 0.442245 -0.896894 0
    outer loop
      vertex 41.4173 -40.0623 5.5
      vertex 41.1064 -40.2156 0.1
      vertex 41.4173 -40.0623 0.1
    endloop
  endfacet
  facet normal 0.442245 -0.896894 0
    outer loop
      vertex 41.1064 -40.2156 18.5
      vertex 41.4173 -40.0623 23.9
      vertex 41.1064 -40.2156 23.9
    endloop
  endfacet
  facet normal 0.442245 -0.896894 0
    outer loop
      vertex 41.4173 -40.0623 23.9
      vertex 41.1064 -40.2156 18.5
      vertex 41.4173 -40.0623 18.5
    endloop
  endfacet
  facet normal -0.980802 -0.195007 0
    outer loop
      vertex 45.0587 -42.1647 0.1
      vertex 44.9911 -41.8247 5.5
      vertex 44.9911 -41.8247 0.1
    endloop
  endfacet
  facet normal -0.980802 -0.195007 0
    outer loop
      vertex 44.9911 -41.8247 5.5
      vertex 45.0587 -42.1647 0.1
      vertex 45.0587 -42.1647 5.5
    endloop
  endfacet
  facet normal -0.980802 -0.195007 0
    outer loop
      vertex 45.0587 -42.1647 18.5
      vertex 44.9911 -41.8247 23.9
      vertex 44.9911 -41.8247 18.5
    endloop
  endfacet
  facet normal -0.980802 -0.195007 0
    outer loop
      vertex 44.9911 -41.8247 23.9
      vertex 45.0587 -42.1647 18.5
      vertex 45.0587 -42.1647 23.9
    endloop
  endfacet
  facet normal -0.997854 -0.065485 0
    outer loop
      vertex 45.0814 -42.5106 0.1
      vertex 45.0587 -42.1647 5.5
      vertex 45.0587 -42.1647 0.1
    endloop
  endfacet
  facet normal -0.997854 -0.065485 0
    outer loop
      vertex 45.0587 -42.1647 5.5
      vertex 45.0814 -42.5106 0.1
      vertex 45.0814 -42.5106 5.5
    endloop
  endfacet
  facet normal -0.997854 -0.065485 0
    outer loop
      vertex 45.0814 -42.5106 18.5
      vertex 45.0587 -42.1647 23.9
      vertex 45.0587 -42.1647 18.5
    endloop
  endfacet
  facet normal -0.997854 -0.065485 0
    outer loop
      vertex 45.0587 -42.1647 23.9
      vertex 45.0814 -42.5106 18.5
      vertex 45.0814 -42.5106 23.9
    endloop
  endfacet
  facet normal 0.65928 -0.751897 0
    outer loop
      vertex 40.5576 -40.6367 0.1
      vertex 40.8182 -40.4082 5.5
      vertex 40.5576 -40.6367 5.5
    endloop
  endfacet
  facet normal 0.65928 -0.751897 0
    outer loop
      vertex 40.8182 -40.4082 5.5
      vertex 40.5576 -40.6367 0.1
      vertex 40.8182 -40.4082 0.1
    endloop
  endfacet
  facet normal 0.65928 -0.751897 0
    outer loop
      vertex 40.5576 -40.6367 18.5
      vertex 40.8182 -40.4082 23.9
      vertex 40.5576 -40.6367 23.9
    endloop
  endfacet
  facet normal 0.65928 -0.751897 0
    outer loop
      vertex 40.8182 -40.4082 23.9
      vertex 40.5576 -40.6367 18.5
      vertex 40.8182 -40.4082 18.5
    endloop
  endfacet
  facet normal -0.997854 0.065485 0
    outer loop
      vertex 45.0587 -42.8565 0.1
      vertex 45.0814 -42.5106 5.5
      vertex 45.0814 -42.5106 0.1
    endloop
  endfacet
  facet normal -0.997854 0.065485 0
    outer loop
      vertex 45.0814 -42.5106 5.5
      vertex 45.0587 -42.8565 0.1
      vertex 45.0587 -42.8565 5.5
    endloop
  endfacet
  facet normal -0.997854 0.065485 0
    outer loop
      vertex 45.0587 -42.8565 18.5
      vertex 45.0814 -42.5106 23.9
      vertex 45.0814 -42.5106 18.5
    endloop
  endfacet
  facet normal -0.997854 0.065485 0
    outer loop
      vertex 45.0814 -42.5106 23.9
      vertex 45.0587 -42.8565 18.5
      vertex 45.0587 -42.8565 23.9
    endloop
  endfacet
  facet normal -0.980791 0.195062 0
    outer loop
      vertex 44.9911 -43.1964 0.1
      vertex 45.0587 -42.8565 5.5
      vertex 45.0587 -42.8565 0.1
    endloop
  endfacet
  facet normal -0.980791 0.195062 0
    outer loop
      vertex 45.0587 -42.8565 5.5
      vertex 44.9911 -43.1964 0.1
      vertex 44.9911 -43.1964 5.5
    endloop
  endfacet
  facet normal -0.980791 0.195062 0
    outer loop
      vertex 44.9911 -43.1964 18.5
      vertex 45.0587 -42.8565 23.9
      vertex 45.0587 -42.8565 18.5
    endloop
  endfacet
  facet normal -0.980791 0.195062 0
    outer loop
      vertex 45.0587 -42.8565 23.9
      vertex 44.9911 -43.1964 18.5
      vertex 44.9911 -43.1964 23.9
    endloop
  endfacet
  facet normal -0.65928 -0.751897 0
    outer loop
      vertex 44.0446 -40.4082 0.1
      vertex 44.3052 -40.6367 5.5
      vertex 44.0446 -40.4082 5.5
    endloop
  endfacet
  facet normal -0.65928 -0.751897 -0
    outer loop
      vertex 44.3052 -40.6367 5.5
      vertex 44.0446 -40.4082 0.1
      vertex 44.3052 -40.6367 0.1
    endloop
  endfacet
  facet normal -0.65928 -0.751897 0
    outer loop
      vertex 44.0446 -40.4082 18.5
      vertex 44.3052 -40.6367 23.9
      vertex 44.0446 -40.4082 23.9
    endloop
  endfacet
  facet normal -0.65928 -0.751897 -0
    outer loop
      vertex 44.3052 -40.6367 23.9
      vertex 44.0446 -40.4082 18.5
      vertex 44.3052 -40.6367 18.5
    endloop
  endfacet
  facet normal -0.946968 -0.321329 0
    outer loop
      vertex 44.9911 -41.8247 0.1
      vertex 44.8797 -41.4964 5.5
      vertex 44.8797 -41.4964 0.1
    endloop
  endfacet
  facet normal -0.946968 -0.321329 0
    outer loop
      vertex 44.8797 -41.4964 5.5
      vertex 44.9911 -41.8247 0.1
      vertex 44.9911 -41.8247 5.5
    endloop
  endfacet
  facet normal -0.946968 -0.321329 0
    outer loop
      vertex 44.9911 -41.8247 18.5
      vertex 44.8797 -41.4964 23.9
      vertex 44.8797 -41.4964 18.5
    endloop
  endfacet
  facet normal -0.946968 -0.321329 0
    outer loop
      vertex 44.8797 -41.4964 23.9
      vertex 44.9911 -41.8247 18.5
      vertex 44.9911 -41.8247 23.9
    endloop
  endfacet
  facet normal 0.195284 -0.980747 0
    outer loop
      vertex 41.7455 -39.9509 0.1
      vertex 42.0855 -39.8832 5.5
      vertex 41.7455 -39.9509 5.5
    endloop
  endfacet
  facet normal 0.195284 -0.980747 0
    outer loop
      vertex 42.0855 -39.8832 5.5
      vertex 41.7455 -39.9509 0.1
      vertex 42.0855 -39.8832 0.1
    endloop
  endfacet
  facet normal 0.195284 -0.980747 0
    outer loop
      vertex 41.7455 -39.9509 18.5
      vertex 42.0855 -39.8832 23.9
      vertex 41.7455 -39.9509 23.9
    endloop
  endfacet
  facet normal 0.195284 -0.980747 0
    outer loop
      vertex 42.0855 -39.8832 23.9
      vertex 41.7455 -39.9509 18.5
      vertex 42.0855 -39.8832 18.5
    endloop
  endfacet
  facet normal -0.442245 -0.896894 0
    outer loop
      vertex 43.4455 -40.0623 0.1
      vertex 43.7564 -40.2156 5.5
      vertex 43.4455 -40.0623 5.5
    endloop
  endfacet
  facet normal -0.442245 -0.896894 -0
    outer loop
      vertex 43.7564 -40.2156 5.5
      vertex 43.4455 -40.0623 0.1
      vertex 43.7564 -40.2156 0.1
    endloop
  endfacet
  facet normal -0.442245 -0.896894 0
    outer loop
      vertex 43.4455 -40.0623 18.5
      vertex 43.7564 -40.2156 23.9
      vertex 43.4455 -40.0623 23.9
    endloop
  endfacet
  facet normal -0.442245 -0.896894 -0
    outer loop
      vertex 43.7564 -40.2156 23.9
      vertex 43.4455 -40.0623 18.5
      vertex 43.7564 -40.2156 18.5
    endloop
  endfacet
  facet normal 0.997854 0.065485 0
    outer loop
      vertex 39.8041 -42.8565 5.5
      vertex 39.7814 -42.5106 0.1
      vertex 39.7814 -42.5106 5.5
    endloop
  endfacet
  facet normal 0.997854 0.065485 0
    outer loop
      vertex 39.7814 -42.5106 0.1
      vertex 39.8041 -42.8565 5.5
      vertex 39.8041 -42.8565 0.1
    endloop
  endfacet
  facet normal 0.997854 0.065485 0
    outer loop
      vertex 39.8041 -42.8565 23.9
      vertex 39.7814 -42.5106 18.5
      vertex 39.7814 -42.5106 23.9
    endloop
  endfacet
  facet normal 0.997854 0.065485 0
    outer loop
      vertex 39.7814 -42.5106 18.5
      vertex 39.8041 -42.8565 23.9
      vertex 39.8041 -42.8565 18.5
    endloop
  endfacet
  facet normal -0.831428 0.555632 0
    outer loop
      vertex 44.5338 -44.1238 0.1
      vertex 44.7264 -43.8356 5.5
      vertex 44.7264 -43.8356 0.1
    endloop
  endfacet
  facet normal -0.831428 0.555632 0
    outer loop
      vertex 44.7264 -43.8356 5.5
      vertex 44.5338 -44.1238 0.1
      vertex 44.5338 -44.1238 5.5
    endloop
  endfacet
  facet normal -0.831428 0.555632 0
    outer loop
      vertex 44.5338 -44.1238 18.5
      vertex 44.7264 -43.8356 23.9
      vertex 44.7264 -43.8356 18.5
    endloop
  endfacet
  facet normal -0.831428 0.555632 0
    outer loop
      vertex 44.7264 -43.8356 23.9
      vertex 44.5338 -44.1238 18.5
      vertex 44.5338 -44.1238 23.9
    endloop
  endfacet
  facet normal 0.555632 -0.831428 0
    outer loop
      vertex 40.8182 -40.4082 0.1
      vertex 41.1064 -40.2156 5.5
      vertex 40.8182 -40.4082 5.5
    endloop
  endfacet
  facet normal 0.555632 -0.831428 0
    outer loop
      vertex 41.1064 -40.2156 5.5
      vertex 40.8182 -40.4082 0.1
      vertex 41.1064 -40.2156 0.1
    endloop
  endfacet
  facet normal 0.555632 -0.831428 0
    outer loop
      vertex 40.8182 -40.4082 18.5
      vertex 41.1064 -40.2156 23.9
      vertex 40.8182 -40.4082 23.9
    endloop
  endfacet
  facet normal 0.555632 -0.831428 0
    outer loop
      vertex 41.1064 -40.2156 23.9
      vertex 40.8182 -40.4082 18.5
      vertex 41.1064 -40.2156 18.5
    endloop
  endfacet
  facet normal 0.321416 -0.946938 0
    outer loop
      vertex 41.4173 -40.0623 0.1
      vertex 41.7455 -39.9509 5.5
      vertex 41.4173 -40.0623 5.5
    endloop
  endfacet
  facet normal 0.321416 -0.946938 0
    outer loop
      vertex 41.7455 -39.9509 5.5
      vertex 41.4173 -40.0623 0.1
      vertex 41.7455 -39.9509 0.1
    endloop
  endfacet
  facet normal 0.321416 -0.946938 0
    outer loop
      vertex 41.4173 -40.0623 18.5
      vertex 41.7455 -39.9509 23.9
      vertex 41.4173 -40.0623 23.9
    endloop
  endfacet
  facet normal 0.321416 -0.946938 0
    outer loop
      vertex 41.7455 -39.9509 23.9
      vertex 41.4173 -40.0623 18.5
      vertex 41.7455 -39.9509 18.5
    endloop
  endfacet
  facet normal -0.946968 0.321329 0
    outer loop
      vertex 44.8797 -43.5247 0.1
      vertex 44.9911 -43.1964 5.5
      vertex 44.9911 -43.1964 0.1
    endloop
  endfacet
  facet normal -0.946968 0.321329 0
    outer loop
      vertex 44.9911 -43.1964 5.5
      vertex 44.8797 -43.5247 0.1
      vertex 44.8797 -43.5247 5.5
    endloop
  endfacet
  facet normal -0.946968 0.321329 0
    outer loop
      vertex 44.8797 -43.5247 18.5
      vertex 44.9911 -43.1964 23.9
      vertex 44.9911 -43.1964 18.5
    endloop
  endfacet
  facet normal -0.946968 0.321329 0
    outer loop
      vertex 44.9911 -43.1964 23.9
      vertex 44.8797 -43.5247 18.5
      vertex 44.8797 -43.5247 23.9
    endloop
  endfacet
  facet normal -0.321416 -0.946938 0
    outer loop
      vertex 43.1173 -39.9509 0.1
      vertex 43.4455 -40.0623 5.5
      vertex 43.1173 -39.9509 5.5
    endloop
  endfacet
  facet normal -0.321416 -0.946938 -0
    outer loop
      vertex 43.4455 -40.0623 5.5
      vertex 43.1173 -39.9509 0.1
      vertex 43.4455 -40.0623 0.1
    endloop
  endfacet
  facet normal -0.321416 -0.946938 0
    outer loop
      vertex 43.1173 -39.9509 18.5
      vertex 43.4455 -40.0623 23.9
      vertex 43.1173 -39.9509 23.9
    endloop
  endfacet
  facet normal -0.321416 -0.946938 -0
    outer loop
      vertex 43.4455 -40.0623 23.9
      vertex 43.1173 -39.9509 18.5
      vertex 43.4455 -40.0623 18.5
    endloop
  endfacet
  facet normal 0.0651978 -0.997872 0
    outer loop
      vertex 42.0855 -39.8832 0.1
      vertex 42.4314 -39.8606 5.5
      vertex 42.0855 -39.8832 5.5
    endloop
  endfacet
  facet normal 0.0651978 -0.997872 0
    outer loop
      vertex 42.4314 -39.8606 5.5
      vertex 42.0855 -39.8832 0.1
      vertex 42.4314 -39.8606 0.1
    endloop
  endfacet
  facet normal 0.0651978 -0.997872 0
    outer loop
      vertex 42.0855 -39.8832 18.5
      vertex 42.4314 -39.8606 23.9
      vertex 42.0855 -39.8832 23.9
    endloop
  endfacet
  facet normal 0.0651978 -0.997872 0
    outer loop
      vertex 42.4314 -39.8606 23.9
      vertex 42.0855 -39.8832 18.5
      vertex 42.4314 -39.8606 18.5
    endloop
  endfacet
  facet normal 0.980782 0.195108 0
    outer loop
      vertex 39.8562 -43.1184 5.5
      vertex 39.8041 -42.8565 0.1
      vertex 39.8041 -42.8565 5.5
    endloop
  endfacet
  facet normal 0.980782 0.195108 0
    outer loop
      vertex 39.8041 -42.8565 0.1
      vertex 39.8562 -43.1184 5.5
      vertex 39.8562 -43.1184 0.1
    endloop
  endfacet
  facet normal 0.980782 0.195108 0
    outer loop
      vertex 39.8562 -43.1184 23.9
      vertex 39.8041 -42.8565 18.5
      vertex 39.8041 -42.8565 23.9
    endloop
  endfacet
  facet normal 0.980782 0.195108 0
    outer loop
      vertex 39.8041 -42.8565 18.5
      vertex 39.8562 -43.1184 23.9
      vertex 39.8562 -43.1184 18.5
    endloop
  endfacet
  facet normal -0.751841 0.659345 0
    outer loop
      vertex 44.3228 -44.3644 0.1
      vertex 44.5338 -44.1238 5.5
      vertex 44.5338 -44.1238 0.1
    endloop
  endfacet
  facet normal -0.751841 0.659345 0
    outer loop
      vertex 44.5338 -44.1238 5.5
      vertex 44.3228 -44.3644 0.1
      vertex 44.3228 -44.3644 5.5
    endloop
  endfacet
  facet normal -0.751841 0.659345 0
    outer loop
      vertex 44.3228 -44.3644 18.5
      vertex 44.5338 -44.1238 23.9
      vertex 44.5338 -44.1238 18.5
    endloop
  endfacet
  facet normal -0.751841 0.659345 0
    outer loop
      vertex 44.5338 -44.1238 23.9
      vertex 44.3228 -44.3644 18.5
      vertex 44.3228 -44.3644 23.9
    endloop
  endfacet
  facet normal -0.195284 -0.980747 0
    outer loop
      vertex 42.7773 -39.8832 0.1
      vertex 43.1173 -39.9509 5.5
      vertex 42.7773 -39.8832 5.5
    endloop
  endfacet
  facet normal -0.195284 -0.980747 -0
    outer loop
      vertex 43.1173 -39.9509 5.5
      vertex 42.7773 -39.8832 0.1
      vertex 43.1173 -39.9509 0.1
    endloop
  endfacet
  facet normal -0.195284 -0.980747 0
    outer loop
      vertex 42.7773 -39.8832 18.5
      vertex 43.1173 -39.9509 23.9
      vertex 42.7773 -39.8832 23.9
    endloop
  endfacet
  facet normal -0.195284 -0.980747 -0
    outer loop
      vertex 43.1173 -39.9509 23.9
      vertex 42.7773 -39.8832 18.5
      vertex 43.1173 -39.9509 18.5
    endloop
  endfacet
  facet normal 0.831517 -0.555499 0
    outer loop
      vertex 40.1364 -41.1856 5.5
      vertex 40.329 -40.8973 0.1
      vertex 40.329 -40.8973 5.5
    endloop
  endfacet
  facet normal 0.831517 -0.555499 0
    outer loop
      vertex 40.329 -40.8973 0.1
      vertex 40.1364 -41.1856 5.5
      vertex 40.1364 -41.1856 0.1
    endloop
  endfacet
  facet normal 0.831517 -0.555499 0
    outer loop
      vertex 40.1364 -41.1856 23.9
      vertex 40.329 -40.8973 18.5
      vertex 40.329 -40.8973 23.9
    endloop
  endfacet
  facet normal 0.831517 -0.555499 0
    outer loop
      vertex 40.329 -40.8973 18.5
      vertex 40.1364 -41.1856 23.9
      vertex 40.1364 -41.1856 18.5
    endloop
  endfacet
  facet normal 0.980802 -0.195007 0
    outer loop
      vertex 39.8041 -42.1647 5.5
      vertex 39.8717 -41.8247 0.1
      vertex 39.8717 -41.8247 5.5
    endloop
  endfacet
  facet normal 0.980802 -0.195007 0
    outer loop
      vertex 39.8717 -41.8247 0.1
      vertex 39.8041 -42.1647 5.5
      vertex 39.8041 -42.1647 0.1
    endloop
  endfacet
  facet normal 0.980802 -0.195007 0
    outer loop
      vertex 39.8041 -42.1647 23.9
      vertex 39.8717 -41.8247 18.5
      vertex 39.8717 -41.8247 23.9
    endloop
  endfacet
  facet normal 0.980802 -0.195007 0
    outer loop
      vertex 39.8717 -41.8247 18.5
      vertex 39.8041 -42.1647 23.9
      vertex 39.8041 -42.1647 18.5
    endloop
  endfacet
  facet normal 0.946968 -0.321329 0
    outer loop
      vertex 39.8717 -41.8247 5.5
      vertex 39.9831 -41.4964 0.1
      vertex 39.9831 -41.4964 5.5
    endloop
  endfacet
  facet normal 0.946968 -0.321329 0
    outer loop
      vertex 39.9831 -41.4964 0.1
      vertex 39.8717 -41.8247 5.5
      vertex 39.8717 -41.8247 0.1
    endloop
  endfacet
  facet normal 0.946968 -0.321329 0
    outer loop
      vertex 39.8717 -41.8247 23.9
      vertex 39.9831 -41.4964 18.5
      vertex 39.9831 -41.4964 23.9
    endloop
  endfacet
  facet normal 0.946968 -0.321329 0
    outer loop
      vertex 39.9831 -41.4964 18.5
      vertex 39.8717 -41.8247 23.9
      vertex 39.8717 -41.8247 18.5
    endloop
  endfacet
  facet normal 0.751754 -0.659444 0
    outer loop
      vertex 40.329 -40.8973 5.5
      vertex 40.5576 -40.6367 0.1
      vertex 40.5576 -40.6367 5.5
    endloop
  endfacet
  facet normal 0.751754 -0.659444 0
    outer loop
      vertex 40.5576 -40.6367 0.1
      vertex 40.329 -40.8973 5.5
      vertex 40.329 -40.8973 0.1
    endloop
  endfacet
  facet normal 0.751754 -0.659444 0
    outer loop
      vertex 40.329 -40.8973 23.9
      vertex 40.5576 -40.6367 18.5
      vertex 40.5576 -40.6367 23.9
    endloop
  endfacet
  facet normal 0.751754 -0.659444 0
    outer loop
      vertex 40.5576 -40.6367 18.5
      vertex 40.329 -40.8973 23.9
      vertex 40.329 -40.8973 18.5
    endloop
  endfacet
  facet normal 0 0 1
    outer loop
      vertex 56.4137 -47.7912 4.3
      vertex 54.0496 -47.4008 4.3
      vertex 56.4 -48 4.3
    endloop
  endfacet
  facet normal 0 0 1
    outer loop
      vertex 54.0496 -48.5992 4.3
      vertex 56.4 -48 4.3
      vertex 54.0496 -47.4008 4.3
    endloop
  endfacet
  facet normal 0 -0 1
    outer loop
      vertex 54.1363 -49.0353 4.3
      vertex 56.4 -48 4.3
      vertex 54.0496 -48.5992 4.3
    endloop
  endfacet
  facet normal 0 0 1
    outer loop
      vertex 56.4 -48 4.3
      vertex 54.1363 -49.0353 4.3
      vertex 54.2792 -49.4563 4.3
    endloop
  endfacet
  facet normal 0 0 1
    outer loop
      vertex 51.0867 -46.9514 4.3
      vertex 54.0496 -48.5992 4.3
      vertex 54.0496 -47.4008 4.3
    endloop
  endfacet
  facet normal 0 0 1
    outer loop
      vertex 54.0496 -48.5992 4.3
      vertex 51.0867 -46.9514 4.3
      vertex 51.0867 -49.0486 4.3
    endloop
  endfacet
  facet normal 0 0 1
    outer loop
      vertex 56.4 -48 4.3
      vertex 54.2792 -49.4563 4.3
      vertex 54.8784 -50.4941 4.3
    endloop
  endfacet
  facet normal 0 0 1
    outer loop
      vertex 54.2792 -49.4563 4.3
      vertex 52.5372 -52.3648 4.3
      vertex 54.8784 -50.4941 4.3
    endloop
  endfacet
  facet normal -0 0 1
    outer loop
      vertex 51.4886 -50.5485 4.3
      vertex 52.5372 -52.3648 4.3
      vertex 54.2792 -49.4563 4.3
    endloop
  endfacet
  facet normal -0 0 1
    outer loop
      vertex 50.6388 -52.25 4.3
      vertex 52.5372 -52.3648 4.3
      vertex 51.4886 -50.5485 4.3
    endloop
  endfacet
  facet normal 0 0 1
    outer loop
      vertex 52.5372 -52.3648 4.3
      vertex 51.2565 -53.1745 4.3
      vertex 51.9896 -54.0104 4.3
    endloop
  endfacet
  facet normal -0 0 1
    outer loop
      vertex 49.7896 -50.2 4.3
      vertex 51.4886 -50.5485 4.3
      vertex 51.2385 -49.8117 4.3
    endloop
  endfacet
  facet normal 0 0 1
    outer loop
      vertex 49.7896 -50.2 4.3
      vertex 51.2385 -49.8117 4.3
      vertex 51.0867 -49.0486 4.3
    endloop
  endfacet
  facet normal 0 0 1
    outer loop
      vertex 51.2385 -46.1883 4.3
      vertex 49.7896 -45.8 4.3
      vertex 51.0867 -46.9514 4.3
    endloop
  endfacet
  facet normal 0 0 1
    outer loop
      vertex 52.5372 -52.3648 4.3
      vertex 50.6388 -52.25 4.3
      vertex 51.2565 -53.1745 4.3
    endloop
  endfacet
  facet normal -0 0 1
    outer loop
      vertex 49.5727 -46.8905 4.3
      vertex 51.0867 -46.9514 4.3
      vertex 49.7896 -45.8 4.3
    endloop
  endfacet
  facet normal 0 0 1
    outer loop
      vertex 51.4886 -50.5485 4.3
      vertex 50.147 -51.2528 4.3
      vertex 50.6388 -52.25 4.3
    endloop
  endfacet
  facet normal 0 0 1
    outer loop
      vertex 49.5 -48 4.3
      vertex 51.0867 -46.9514 4.3
      vertex 49.5727 -46.8905 4.3
    endloop
  endfacet
  facet normal 0 0 1
    outer loop
      vertex 51.4886 -50.5485 4.3
      vertex 49.7896 -50.2 4.3
      vertex 50.147 -51.2528 4.3
    endloop
  endfacet
  facet normal 0 0 1
    outer loop
      vertex 51.0867 -46.9514 4.3
      vertex 49.5 -48 4.3
      vertex 51.0867 -49.0486 4.3
    endloop
  endfacet
  facet normal 0 0 1
    outer loop
      vertex 51.0867 -49.0486 4.3
      vertex 49.5727 -49.1095 4.3
      vertex 49.7896 -50.2 4.3
    endloop
  endfacet
  facet normal 0 0 1
    outer loop
      vertex 51.0867 -49.0486 4.3
      vertex 49.5 -48 4.3
      vertex 49.5727 -49.1095 4.3
    endloop
  endfacet
  facet normal 0 0 1
    outer loop
      vertex 56.8686 -49.1314 4.3
      vertex 55.1716 -50.8284 4.3
      vertex 55.5058 -51.1216 4.3
    endloop
  endfacet
  facet normal -0 0 1
    outer loop
      vertex 54.1363 -46.9647 4.3
      vertex 56.4545 -47.5859 4.3
      vertex 54.2792 -46.5437 4.3
    endloop
  endfacet
  facet normal -0 0 1
    outer loop
      vertex 54.0496 -47.4008 4.3
      vertex 56.4545 -47.5859 4.3
      vertex 54.1363 -46.9647 4.3
    endloop
  endfacet
  facet normal 0 0 1
    outer loop
      vertex 56.4 -48 4.3
      vertex 54.8784 -50.4941 4.3
      vertex 55.1716 -50.8284 4.3
    endloop
  endfacet
  facet normal 0 0 1
    outer loop
      vertex 56.4545 -47.5859 4.3
      vertex 54.0496 -47.4008 4.3
      vertex 56.4137 -47.7912 4.3
    endloop
  endfacet
  facet normal 0 0 1
    outer loop
      vertex 52.5373 -43.6352 4.3
      vertex 54.2792 -46.5437 4.3
      vertex 54.8784 -45.5058 4.3
    endloop
  endfacet
  facet normal 0 0 1
    outer loop
      vertex 52.5373 -43.6352 4.3
      vertex 51.4886 -45.4515 4.3
      vertex 54.2792 -46.5437 4.3
    endloop
  endfacet
  facet normal -0 0 1
    outer loop
      vertex 51.2565 -42.8255 4.3
      vertex 52.5373 -43.6352 4.3
      vertex 51.9896 -41.9896 4.3
    endloop
  endfacet
  facet normal 0 0 1
    outer loop
      vertex 50.6388 -43.75 4.3
      vertex 52.5373 -43.6352 4.3
      vertex 51.2565 -42.8255 4.3
    endloop
  endfacet
  facet normal 0 0 1
    outer loop
      vertex 52.5373 -43.6352 4.3
      vertex 50.6388 -43.75 4.3
      vertex 51.4886 -45.4515 4.3
    endloop
  endfacet
  facet normal -0 0 1
    outer loop
      vertex 50.147 -44.7472 4.3
      vertex 51.4886 -45.4515 4.3
      vertex 50.6388 -43.75 4.3
    endloop
  endfacet
  facet normal 0 0 1
    outer loop
      vertex 51.4886 -45.4515 4.3
      vertex 49.7896 -45.8 4.3
      vertex 51.2385 -46.1883 4.3
    endloop
  endfacet
  facet normal 0 0 1
    outer loop
      vertex 49.7896 -45.8 4.3
      vertex 51.4886 -45.4515 4.3
      vertex 50.147 -44.7472 4.3
    endloop
  endfacet
  facet normal 0 0 1
    outer loop
      vertex 56.5437 -51.7208 4.3
      vertex 57.5859 -49.5455 4.3
      vertex 57.3877 -49.4782 4.3
    endloop
  endfacet
  facet normal 0 0 1
    outer loop
      vertex 56.5437 -51.7208 4.3
      vertex 57.3877 -49.4782 4.3
      vertex 57.2 -49.3856 4.3
    endloop
  endfacet
  facet normal 0 0 1
    outer loop
      vertex 55.5058 -51.1216 4.3
      vertex 57.2 -49.3856 4.3
      vertex 57.026 -49.2694 4.3
    endloop
  endfacet
  facet normal 0 0 1
    outer loop
      vertex 57.5859 -49.5455 4.3
      vertex 56.9647 -51.8637 4.3
      vertex 57.4008 -51.9504 4.3
    endloop
  endfacet
  facet normal 0 0 1
    outer loop
      vertex 55.5058 -51.1216 4.3
      vertex 57.026 -49.2694 4.3
      vertex 56.8686 -49.1314 4.3
    endloop
  endfacet
  facet normal 0 0 1
    outer loop
      vertex 55.1716 -50.8284 4.3
      vertex 56.8686 -49.1314 4.3
      vertex 56.7306 -48.974 4.3
    endloop
  endfacet
  facet normal 0 0 1
    outer loop
      vertex 55.1716 -50.8284 4.3
      vertex 56.7306 -48.974 4.3
      vertex 56.6144 -48.8 4.3
    endloop
  endfacet
  facet normal 0 0 1
    outer loop
      vertex 57.5859 -49.5455 4.3
      vertex 56.5437 -51.7208 4.3
      vertex 56.9647 -51.8637 4.3
    endloop
  endfacet
  facet normal 0 0 1
    outer loop
      vertex 55.1716 -50.8284 4.3
      vertex 56.6144 -48.8 4.3
      vertex 56.5218 -48.6123 4.3
    endloop
  endfacet
  facet normal 0 0 1
    outer loop
      vertex 55.1716 -50.8284 4.3
      vertex 56.5218 -48.6123 4.3
      vertex 56.4545 -48.4141 4.3
    endloop
  endfacet
  facet normal 0 0 1
    outer loop
      vertex 55.1716 -50.8284 4.3
      vertex 56.4545 -48.4141 4.3
      vertex 56.4137 -48.2088 4.3
    endloop
  endfacet
  facet normal 0 0 1
    outer loop
      vertex 55.1716 -50.8284 4.3
      vertex 56.4137 -48.2088 4.3
      vertex 56.4 -48 4.3
    endloop
  endfacet
  facet normal 0 0 1
    outer loop
      vertex 56.5218 -47.3877 4.3
      vertex 54.2792 -46.5437 4.3
      vertex 56.4545 -47.5859 4.3
    endloop
  endfacet
  facet normal 0 0 1
    outer loop
      vertex 57.2 -49.3856 4.3
      vertex 55.5058 -51.1216 4.3
      vertex 56.5437 -51.7208 4.3
    endloop
  endfacet
  facet normal 0 0 1
    outer loop
      vertex 55.5058 -51.1216 4.3
      vertex 55.4515 -54.5114 4.3
      vertex 56.5437 -51.7208 4.3
    endloop
  endfacet
  facet normal -0 0 1
    outer loop
      vertex 53.6352 -53.4627 4.3
      vertex 55.4515 -54.5114 4.3
      vertex 55.5058 -51.1216 4.3
    endloop
  endfacet
  facet normal 0 -0 1
    outer loop
      vertex 53.75 -55.3612 4.3
      vertex 55.4515 -54.5114 4.3
      vertex 53.6352 -53.4627 4.3
    endloop
  endfacet
  facet normal 0 0 1
    outer loop
      vertex 55.4515 -54.5114 4.3
      vertex 53.75 -55.3612 4.3
      vertex 54.7472 -55.853 4.3
    endloop
  endfacet
  facet normal 0 0 1
    outer loop
      vertex 51.9896 -54.0104 4.3
      vertex 53.6352 -53.4627 4.3
      vertex 53.0503 -52.9497 4.3
    endloop
  endfacet
  facet normal 0 0 1
    outer loop
      vertex 53.6352 -53.4627 4.3
      vertex 52.8255 -54.7435 4.3
      vertex 53.75 -55.3612 4.3
    endloop
  endfacet
  facet normal 0 0 1
    outer loop
      vertex 51.9896 -54.0104 4.3
      vertex 53.0503 -52.9497 4.3
      vertex 52.5372 -52.3648 4.3
    endloop
  endfacet
  facet normal 0 0 1
    outer loop
      vertex 53.6352 -53.4627 4.3
      vertex 51.9896 -54.0104 4.3
      vertex 52.8255 -54.7435 4.3
    endloop
  endfacet
  facet normal -0 0 1
    outer loop
      vertex 56.9647 -44.1363 4.3
      vertex 57.5859 -46.4545 4.3
      vertex 57.4008 -44.0496 4.3
    endloop
  endfacet
  facet normal -0 0 1
    outer loop
      vertex 56.5437 -44.2792 4.3
      vertex 57.5859 -46.4545 4.3
      vertex 56.9647 -44.1363 4.3
    endloop
  endfacet
  facet normal 0 0 1
    outer loop
      vertex 57.5859 -46.4545 4.3
      vertex 56.5437 -44.2792 4.3
      vertex 57.3877 -46.5218 4.3
    endloop
  endfacet
  facet normal 0 0 1
    outer loop
      vertex 57.3877 -46.5218 4.3
      vertex 56.5437 -44.2792 4.3
      vertex 57.2 -46.6144 4.3
    endloop
  endfacet
  facet normal -0 0 1
    outer loop
      vertex 55.5059 -44.8784 4.3
      vertex 57.2 -46.6144 4.3
      vertex 56.5437 -44.2792 4.3
    endloop
  endfacet
  facet normal 0 0 1
    outer loop
      vertex 57.2 -46.6144 4.3
      vertex 55.5059 -44.8784 4.3
      vertex 57.026 -46.7306 4.3
    endloop
  endfacet
  facet normal 0 0 1
    outer loop
      vertex 57.026 -46.7306 4.3
      vertex 55.5059 -44.8784 4.3
      vertex 56.8686 -46.8686 4.3
    endloop
  endfacet
  facet normal -0 0 1
    outer loop
      vertex 55.1716 -45.1716 4.3
      vertex 56.8686 -46.8686 4.3
      vertex 55.5059 -44.8784 4.3
    endloop
  endfacet
  facet normal -0 0 1
    outer loop
      vertex 54.8784 -45.5058 4.3
      vertex 56.8686 -46.8686 4.3
      vertex 55.1716 -45.1716 4.3
    endloop
  endfacet
  facet normal 0 0 1
    outer loop
      vertex 56.8686 -46.8686 4.3
      vertex 54.8784 -45.5058 4.3
      vertex 56.7306 -47.026 4.3
    endloop
  endfacet
  facet normal 0 0 1
    outer loop
      vertex 56.7306 -47.026 4.3
      vertex 54.8784 -45.5058 4.3
      vertex 56.6144 -47.2 4.3
    endloop
  endfacet
  facet normal -0 0 1
    outer loop
      vertex 54.2792 -46.5437 4.3
      vertex 56.6144 -47.2 4.3
      vertex 54.8784 -45.5058 4.3
    endloop
  endfacet
  facet normal 0 0 1
    outer loop
      vertex 56.6144 -47.2 4.3
      vertex 54.2792 -46.5437 4.3
      vertex 56.5218 -47.3877 4.3
    endloop
  endfacet
  facet normal 0 0 1
    outer loop
      vertex 55.4515 -41.4886 4.3
      vertex 55.5059 -44.8784 4.3
      vertex 56.5437 -44.2792 4.3
    endloop
  endfacet
  facet normal 0 0 1
    outer loop
      vertex 56.1883 -41.2385 4.3
      vertex 55 -40.0612 4.3
      vertex 55.4515 -41.4886 4.3
    endloop
  endfacet
  facet normal -0 0 1
    outer loop
      vertex 54.7472 -40.147 4.3
      vertex 55.4515 -41.4886 4.3
      vertex 55 -40.0612 4.3
    endloop
  endfacet
  facet normal -0 0 1
    outer loop
      vertex 53.75 -40.6388 4.3
      vertex 55.4515 -41.4886 4.3
      vertex 54.7472 -40.147 4.3
    endloop
  endfacet
  facet normal 0 0 1
    outer loop
      vertex 55.4515 -41.4886 4.3
      vertex 53.75 -40.6388 4.3
      vertex 53.6352 -42.5372 4.3
    endloop
  endfacet
  facet normal 0 0 1
    outer loop
      vertex 55.4515 -41.4886 4.3
      vertex 53.6352 -42.5372 4.3
      vertex 55.5059 -44.8784 4.3
    endloop
  endfacet
  facet normal -0 0 1
    outer loop
      vertex 52.8255 -41.2565 4.3
      vertex 53.6352 -42.5372 4.3
      vertex 53.75 -40.6388 4.3
    endloop
  endfacet
  facet normal -0 0 1
    outer loop
      vertex 51.9896 -41.9896 4.3
      vertex 53.6352 -42.5372 4.3
      vertex 52.8255 -41.2565 4.3
    endloop
  endfacet
  facet normal 0 0 1
    outer loop
      vertex 53.6352 -42.5372 4.3
      vertex 51.9896 -41.9896 4.3
      vertex 53.0503 -43.0503 4.3
    endloop
  endfacet
  facet normal 0 0 1
    outer loop
      vertex 53.0503 -43.0503 4.3
      vertex 51.9896 -41.9896 4.3
      vertex 52.5373 -43.6352 4.3
    endloop
  endfacet
  facet normal -0 0 1
    outer loop
      vertex 55 -8 4.3
      vertex 61 -40.0612 4.3
      vertex 61 -8 4.3
    endloop
  endfacet
  facet normal 0 0 1
    outer loop
      vertex 61 -40.0612 4.3
      vertex 59.8117 -41.2385 4.3
      vertex 60.5485 -41.4886 4.3
    endloop
  endfacet
  facet normal 0 0 1
    outer loop
      vertex 61 -40.0612 4.3
      vertex 59.0486 -41.0867 4.3
      vertex 59.8117 -41.2385 4.3
    endloop
  endfacet
  facet normal 0 0 1
    outer loop
      vertex 61 -40.0612 4.3
      vertex 56.9514 -41.0867 4.3
      vertex 59.0486 -41.0867 4.3
    endloop
  endfacet
  facet normal 0 0 1
    outer loop
      vertex 59.0486 -41.0867 4.3
      vertex 56.9514 -41.0867 4.3
      vertex 58.5992 -44.0496 4.3
    endloop
  endfacet
  facet normal 0 -0 1
    outer loop
      vertex 57.4008 -44.0496 4.3
      vertex 58.5992 -44.0496 4.3
      vertex 56.9514 -41.0867 4.3
    endloop
  endfacet
  facet normal 0 -0 1
    outer loop
      vertex 58 -46.4 4.3
      vertex 58.5992 -44.0496 4.3
      vertex 57.4008 -44.0496 4.3
    endloop
  endfacet
  facet normal 0 0 1
    outer loop
      vertex 58.5992 -44.0496 4.3
      vertex 58.2088 -46.4137 4.3
      vertex 58.4141 -46.4545 4.3
    endloop
  endfacet
  facet normal 0 0 1
    outer loop
      vertex 58 -46.4 4.3
      vertex 57.4008 -44.0496 4.3
      vertex 57.7912 -46.4137 4.3
    endloop
  endfacet
  facet normal 0 0 1
    outer loop
      vertex 57.7912 -46.4137 4.3
      vertex 57.4008 -44.0496 4.3
      vertex 57.5859 -46.4545 4.3
    endloop
  endfacet
  facet normal 0 0 1
    outer loop
      vertex 58.5992 -44.0496 4.3
      vertex 58 -46.4 4.3
      vertex 58.2088 -46.4137 4.3
    endloop
  endfacet
  facet normal 0 0 1
    outer loop
      vertex 55 -40.0612 4.3
      vertex 61 -40.0612 4.3
      vertex 55 -8 4.3
    endloop
  endfacet
  facet normal 0 0 1
    outer loop
      vertex 61 -40.0612 4.3
      vertex 55 -40.0612 4.3
      vertex 56.9514 -41.0867 4.3
    endloop
  endfacet
  facet normal 0 0 1
    outer loop
      vertex 56.9514 -41.0867 4.3
      vertex 55 -40.0612 4.3
      vertex 56.1883 -41.2385 4.3
    endloop
  endfacet
  facet normal 0 0 1
    outer loop
      vertex 60.5485 -54.5114 4.3
      vertex 60.2 -56.2104 4.3
      vertex 61.2528 -55.853 4.3
    endloop
  endfacet
  facet normal -0 0 1
    outer loop
      vertex 59.8117 -54.7615 4.3
      vertex 60.2 -56.2104 4.3
      vertex 60.5485 -54.5114 4.3
    endloop
  endfacet
  facet normal -0 0 1
    outer loop
      vertex 59.0486 -54.9133 4.3
      vertex 60.2 -56.2104 4.3
      vertex 59.8117 -54.7615 4.3
    endloop
  endfacet
  facet normal 0 0 1
    outer loop
      vertex 60.2 -56.2104 4.3
      vertex 59.0486 -54.9133 4.3
      vertex 59.1095 -56.4273 4.3
    endloop
  endfacet
  facet normal 0 0 1
    outer loop
      vertex 56.9514 -54.9133 4.3
      vertex 59.0486 -54.9133 4.3
      vertex 58.5992 -51.9504 4.3
    endloop
  endfacet
  facet normal -0 0 1
    outer loop
      vertex 58.2088 -49.5863 4.3
      vertex 58.5992 -51.9504 4.3
      vertex 58.4141 -49.5455 4.3
    endloop
  endfacet
  facet normal -0 0 1
    outer loop
      vertex 58 -49.6 4.3
      vertex 58.5992 -51.9504 4.3
      vertex 58.2088 -49.5863 4.3
    endloop
  endfacet
  facet normal 0 0 1
    outer loop
      vertex 58.5992 -51.9504 4.3
      vertex 58 -49.6 4.3
      vertex 57.4008 -51.9504 4.3
    endloop
  endfacet
  facet normal 0 0 1
    outer loop
      vertex 56.9514 -54.9133 4.3
      vertex 58.5992 -51.9504 4.3
      vertex 57.4008 -51.9504 4.3
    endloop
  endfacet
  facet normal 0 0 1
    outer loop
      vertex 57.4008 -51.9504 4.3
      vertex 58 -49.6 4.3
      vertex 57.7912 -49.5863 4.3
    endloop
  endfacet
  facet normal 0 0 1
    outer loop
      vertex 57.4008 -51.9504 4.3
      vertex 57.7912 -49.5863 4.3
      vertex 57.5859 -49.5455 4.3
    endloop
  endfacet
  facet normal 0 -0 1
    outer loop
      vertex 58 -56.5 4.3
      vertex 59.0486 -54.9133 4.3
      vertex 56.9514 -54.9133 4.3
    endloop
  endfacet
  facet normal 0 0 1
    outer loop
      vertex 59.0486 -54.9133 4.3
      vertex 58 -56.5 4.3
      vertex 59.1095 -56.4273 4.3
    endloop
  endfacet
  facet normal 0 0 1
    outer loop
      vertex 56.9514 -54.9133 4.3
      vertex 56.8905 -56.4273 4.3
      vertex 58 -56.5 4.3
    endloop
  endfacet
  facet normal 0 0 1
    outer loop
      vertex 55.8 -56.2104 4.3
      vertex 56.9514 -54.9133 4.3
      vertex 56.1883 -54.7615 4.3
    endloop
  endfacet
  facet normal 0 0 1
    outer loop
      vertex 56.9514 -54.9133 4.3
      vertex 55.8 -56.2104 4.3
      vertex 56.8905 -56.4273 4.3
    endloop
  endfacet
  facet normal 0 0 1
    outer loop
      vertex 55.4515 -54.5114 4.3
      vertex 55.8 -56.2104 4.3
      vertex 56.1883 -54.7615 4.3
    endloop
  endfacet
  facet normal 0 0 1
    outer loop
      vertex 55.8 -56.2104 4.3
      vertex 55.4515 -54.5114 4.3
      vertex 54.7472 -55.853 4.3
    endloop
  endfacet
  facet normal 0 0 1
    outer loop
      vertex 62.3648 -42.5373 4.3
      vertex 64.0104 -41.9896 4.3
      vertex 63.1745 -41.2565 4.3
    endloop
  endfacet
  facet normal 0 0 1
    outer loop
      vertex 64.0104 -41.9896 4.3
      vertex 62.9497 -43.0503 4.3
      vertex 63.4628 -43.6352 4.3
    endloop
  endfacet
  facet normal 0 0 1
    outer loop
      vertex 64.0104 -41.9896 4.3
      vertex 62.3648 -42.5373 4.3
      vertex 62.9497 -43.0503 4.3
    endloop
  endfacet
  facet normal 0 0 1
    outer loop
      vertex 62.25 -40.6388 4.3
      vertex 62.3648 -42.5373 4.3
      vertex 63.1745 -41.2565 4.3
    endloop
  endfacet
  facet normal 0 0 1
    outer loop
      vertex 60.5485 -41.4886 4.3
      vertex 62.25 -40.6388 4.3
      vertex 61.2528 -40.147 4.3
    endloop
  endfacet
  facet normal 0 0 1
    outer loop
      vertex 60.5485 -41.4886 4.3
      vertex 61.2528 -40.147 4.3
      vertex 61 -40.0612 4.3
    endloop
  endfacet
  facet normal 0 0 1
    outer loop
      vertex 62.25 -40.6388 4.3
      vertex 60.5485 -41.4886 4.3
      vertex 62.3648 -42.5373 4.3
    endloop
  endfacet
  facet normal 0 0 1
    outer loop
      vertex 60.5485 -41.4886 4.3
      vertex 60.4942 -44.8784 4.3
      vertex 62.3648 -42.5373 4.3
    endloop
  endfacet
  facet normal -0 0 1
    outer loop
      vertex 59.4782 -48.6123 4.3
      vertex 61.7208 -49.4563 4.3
      vertex 59.5455 -48.4141 4.3
    endloop
  endfacet
  facet normal -0 0 1
    outer loop
      vertex 59.4563 -44.2792 4.3
      vertex 60.4942 -44.8784 4.3
      vertex 60.5485 -41.4886 4.3
    endloop
  endfacet
  facet normal 0 0 1
    outer loop
      vertex 60.8284 -45.1716 4.3
      vertex 59.5863 -47.7912 4.3
      vertex 59.6 -48 4.3
    endloop
  endfacet
  facet normal 0 0 1
    outer loop
      vertex 60.8284 -45.1716 4.3
      vertex 59.5455 -47.5859 4.3
      vertex 59.5863 -47.7912 4.3
    endloop
  endfacet
  facet normal 0 0 1
    outer loop
      vertex 58.8 -46.6144 4.3
      vertex 60.4942 -44.8784 4.3
      vertex 59.4563 -44.2792 4.3
    endloop
  endfacet
  facet normal 0 0 1
    outer loop
      vertex 60.8284 -45.1716 4.3
      vertex 59.4782 -47.3877 4.3
      vertex 59.5455 -47.5859 4.3
    endloop
  endfacet
  facet normal 0 0 1
    outer loop
      vertex 60.8284 -45.1716 4.3
      vertex 59.3856 -47.2 4.3
      vertex 59.4782 -47.3877 4.3
    endloop
  endfacet
  facet normal 0 0 1
    outer loop
      vertex 60.8284 -45.1716 4.3
      vertex 59.2694 -47.026 4.3
      vertex 59.3856 -47.2 4.3
    endloop
  endfacet
  facet normal 0 0 1
    outer loop
      vertex 60.8284 -45.1716 4.3
      vertex 59.1314 -46.8686 4.3
      vertex 59.2694 -47.026 4.3
    endloop
  endfacet
  facet normal 0 0 1
    outer loop
      vertex 58.4141 -46.4545 4.3
      vertex 59.4563 -44.2792 4.3
      vertex 59.0353 -44.1363 4.3
    endloop
  endfacet
  facet normal 0 0 1
    outer loop
      vertex 60.4942 -44.8784 4.3
      vertex 58.974 -46.7306 4.3
      vertex 59.1314 -46.8686 4.3
    endloop
  endfacet
  facet normal 0 0 1
    outer loop
      vertex 60.4942 -44.8784 4.3
      vertex 58.8 -46.6144 4.3
      vertex 58.974 -46.7306 4.3
    endloop
  endfacet
  facet normal 0 0 1
    outer loop
      vertex 59.4563 -44.2792 4.3
      vertex 58.6123 -46.5218 4.3
      vertex 58.8 -46.6144 4.3
    endloop
  endfacet
  facet normal 0 0 1
    outer loop
      vertex 58.4141 -46.4545 4.3
      vertex 59.0353 -44.1363 4.3
      vertex 58.5992 -44.0496 4.3
    endloop
  endfacet
  facet normal 0 0 1
    outer loop
      vertex 59.4563 -44.2792 4.3
      vertex 58.4141 -46.4545 4.3
      vertex 58.6123 -46.5218 4.3
    endloop
  endfacet
  facet normal -0 0 1
    outer loop
      vertex 61.9504 -47.4008 4.3
      vertex 64.9133 -49.0486 4.3
      vertex 64.9133 -46.9514 4.3
    endloop
  endfacet
  facet normal 0 0 1
    outer loop
      vertex 61.9504 -47.4008 4.3
      vertex 61.9504 -48.5992 4.3
      vertex 64.9133 -49.0486 4.3
    endloop
  endfacet
  facet normal 0 0 1
    outer loop
      vertex 59.6 -48 4.3
      vertex 61.8637 -46.9647 4.3
      vertex 61.7208 -46.5437 4.3
    endloop
  endfacet
  facet normal 0 0 1
    outer loop
      vertex 61.8637 -46.9647 4.3
      vertex 59.6 -48 4.3
      vertex 61.9504 -47.4008 4.3
    endloop
  endfacet
  facet normal 0 0 1
    outer loop
      vertex 61.9504 -47.4008 4.3
      vertex 59.6 -48 4.3
      vertex 61.9504 -48.5992 4.3
    endloop
  endfacet
  facet normal -0 0 1
    outer loop
      vertex 59.5863 -48.2088 4.3
      vertex 61.9504 -48.5992 4.3
      vertex 59.6 -48 4.3
    endloop
  endfacet
  facet normal -0 0 1
    outer loop
      vertex 64.9133 -46.9514 4.3
      vertex 66.5 -48 4.3
      vertex 66.4273 -46.8905 4.3
    endloop
  endfacet
  facet normal 0 0 1
    outer loop
      vertex 64.9133 -46.9514 4.3
      vertex 66.4273 -46.8905 4.3
      vertex 66.2104 -45.8 4.3
    endloop
  endfacet
  facet normal 0 0 1
    outer loop
      vertex 64.9133 -49.0486 4.3
      vertex 66.5 -48 4.3
      vertex 64.9133 -46.9514 4.3
    endloop
  endfacet
  facet normal -0 0 1
    outer loop
      vertex 64.5114 -45.4515 4.3
      vertex 66.2104 -45.8 4.3
      vertex 65.853 -44.7472 4.3
    endloop
  endfacet
  facet normal 0 0 1
    outer loop
      vertex 66.5 -48 4.3
      vertex 64.9133 -49.0486 4.3
      vertex 66.4273 -49.1095 4.3
    endloop
  endfacet
  facet normal 0 0 1
    outer loop
      vertex 64.5114 -45.4515 4.3
      vertex 65.853 -44.7472 4.3
      vertex 65.3612 -43.75 4.3
    endloop
  endfacet
  facet normal 0 0 1
    outer loop
      vertex 66.4273 -49.1095 4.3
      vertex 64.9133 -49.0486 4.3
      vertex 66.2104 -50.2 4.3
    endloop
  endfacet
  facet normal -0 0 1
    outer loop
      vertex 64.7615 -49.8117 4.3
      vertex 66.2104 -50.2 4.3
      vertex 64.9133 -49.0486 4.3
    endloop
  endfacet
  facet normal 0 0 1
    outer loop
      vertex 66.2104 -45.8 4.3
      vertex 64.7615 -46.1883 4.3
      vertex 64.9133 -46.9514 4.3
    endloop
  endfacet
  facet normal -0 0 1
    outer loop
      vertex 63.4628 -43.6352 4.3
      vertex 65.3612 -43.75 4.3
      vertex 64.7435 -42.8255 4.3
    endloop
  endfacet
  facet normal 0 0 1
    outer loop
      vertex 66.2104 -45.8 4.3
      vertex 64.5114 -45.4515 4.3
      vertex 64.7615 -46.1883 4.3
    endloop
  endfacet
  facet normal 0 0 1
    outer loop
      vertex 63.4628 -43.6352 4.3
      vertex 64.7435 -42.8255 4.3
      vertex 64.0104 -41.9896 4.3
    endloop
  endfacet
  facet normal 0 0 1
    outer loop
      vertex 65.3612 -43.75 4.3
      vertex 63.4628 -43.6352 4.3
      vertex 64.5114 -45.4515 4.3
    endloop
  endfacet
  facet normal 0 0 1
    outer loop
      vertex 63.4628 -43.6352 4.3
      vertex 61.7208 -46.5437 4.3
      vertex 64.5114 -45.4515 4.3
    endloop
  endfacet
  facet normal 0 0 1
    outer loop
      vertex 59.6 -48 4.3
      vertex 61.7208 -46.5437 4.3
      vertex 61.1216 -45.5059 4.3
    endloop
  endfacet
  facet normal -0 0 1
    outer loop
      vertex 61.1216 -45.5059 4.3
      vertex 61.7208 -46.5437 4.3
      vertex 63.4628 -43.6352 4.3
    endloop
  endfacet
  facet normal 0 0 1
    outer loop
      vertex 64.5114 -50.5485 4.3
      vertex 66.2104 -50.2 4.3
      vertex 64.7615 -49.8117 4.3
    endloop
  endfacet
  facet normal 0 0 1
    outer loop
      vertex 66.2104 -50.2 4.3
      vertex 64.5114 -50.5485 4.3
      vertex 65.853 -51.2528 4.3
    endloop
  endfacet
  facet normal 0 0 1
    outer loop
      vertex 65.853 -51.2528 4.3
      vertex 64.5114 -50.5485 4.3
      vertex 65.3612 -52.25 4.3
    endloop
  endfacet
  facet normal 0 0 1
    outer loop
      vertex 63.4627 -52.3648 4.3
      vertex 65.3612 -52.25 4.3
      vertex 64.5114 -50.5485 4.3
    endloop
  endfacet
  facet normal 0 0 1
    outer loop
      vertex 65.3612 -52.25 4.3
      vertex 63.4627 -52.3648 4.3
      vertex 64.7435 -53.1745 4.3
    endloop
  endfacet
  facet normal 0 0 1
    outer loop
      vertex 64.7435 -53.1745 4.3
      vertex 63.4627 -52.3648 4.3
      vertex 64.0104 -54.0104 4.3
    endloop
  endfacet
  facet normal 0 0 1
    outer loop
      vertex 61.7208 -49.4563 4.3
      vertex 63.4627 -52.3648 4.3
      vertex 64.5114 -50.5485 4.3
    endloop
  endfacet
  facet normal 0 0 1
    outer loop
      vertex 61.7208 -49.4563 4.3
      vertex 61.1216 -50.4942 4.3
      vertex 63.4627 -52.3648 4.3
    endloop
  endfacet
  facet normal -0 0 1
    outer loop
      vertex 59.5455 -48.4141 4.3
      vertex 61.9504 -48.5992 4.3
      vertex 59.5863 -48.2088 4.3
    endloop
  endfacet
  facet normal 0 0 1
    outer loop
      vertex 61.9504 -48.5992 4.3
      vertex 59.5455 -48.4141 4.3
      vertex 61.8637 -49.0353 4.3
    endloop
  endfacet
  facet normal 0 0 1
    outer loop
      vertex 59.1314 -46.8686 4.3
      vertex 60.8284 -45.1716 4.3
      vertex 60.4942 -44.8784 4.3
    endloop
  endfacet
  facet normal 0 0 1
    outer loop
      vertex 60.8284 -45.1716 4.3
      vertex 59.6 -48 4.3
      vertex 61.1216 -45.5059 4.3
    endloop
  endfacet
  facet normal 0 0 1
    outer loop
      vertex 61.8637 -49.0353 4.3
      vertex 59.5455 -48.4141 4.3
      vertex 61.7208 -49.4563 4.3
    endloop
  endfacet
  facet normal -0 0 1
    outer loop
      vertex 62.9497 -52.9497 4.3
      vertex 64.0104 -54.0104 4.3
      vertex 63.4627 -52.3648 4.3
    endloop
  endfacet
  facet normal -0 0 1
    outer loop
      vertex 62.3648 -53.4628 4.3
      vertex 64.0104 -54.0104 4.3
      vertex 62.9497 -52.9497 4.3
    endloop
  endfacet
  facet normal 0 0 1
    outer loop
      vertex 64.0104 -54.0104 4.3
      vertex 62.3648 -53.4628 4.3
      vertex 63.1745 -54.7435 4.3
    endloop
  endfacet
  facet normal 0 0 1
    outer loop
      vertex 62.3648 -53.4628 4.3
      vertex 62.25 -55.3612 4.3
      vertex 63.1745 -54.7435 4.3
    endloop
  endfacet
  facet normal -0 0 1
    outer loop
      vertex 60.5485 -54.5114 4.3
      vertex 62.25 -55.3612 4.3
      vertex 62.3648 -53.4628 4.3
    endloop
  endfacet
  facet normal 0 0 1
    outer loop
      vertex 62.25 -55.3612 4.3
      vertex 60.5485 -54.5114 4.3
      vertex 61.2528 -55.853 4.3
    endloop
  endfacet
  facet normal 0 0 1
    outer loop
      vertex 60.4941 -51.1216 4.3
      vertex 60.5485 -54.5114 4.3
      vertex 62.3648 -53.4628 4.3
    endloop
  endfacet
  facet normal -0 0 1
    outer loop
      vertex 59.3856 -48.8 4.3
      vertex 61.7208 -49.4563 4.3
      vertex 59.4782 -48.6123 4.3
    endloop
  endfacet
  facet normal 0 0 1
    outer loop
      vertex 61.7208 -49.4563 4.3
      vertex 59.3856 -48.8 4.3
      vertex 61.1216 -50.4942 4.3
    endloop
  endfacet
  facet normal -0 0 1
    outer loop
      vertex 59.2694 -48.974 4.3
      vertex 61.1216 -50.4942 4.3
      vertex 59.3856 -48.8 4.3
    endloop
  endfacet
  facet normal -0 0 1
    outer loop
      vertex 59.1314 -49.1314 4.3
      vertex 61.1216 -50.4942 4.3
      vertex 59.2694 -48.974 4.3
    endloop
  endfacet
  facet normal 0 0 1
    outer loop
      vertex 60.4941 -51.1216 4.3
      vertex 59.4563 -51.7208 4.3
      vertex 60.5485 -54.5114 4.3
    endloop
  endfacet
  facet normal 0 0 1
    outer loop
      vertex 61.1216 -50.4942 4.3
      vertex 59.1314 -49.1314 4.3
      vertex 60.8284 -50.8284 4.3
    endloop
  endfacet
  facet normal 0 0 1
    outer loop
      vertex 60.8284 -50.8284 4.3
      vertex 59.1314 -49.1314 4.3
      vertex 60.4941 -51.1216 4.3
    endloop
  endfacet
  facet normal -0 0 1
    outer loop
      vertex 58.974 -49.2694 4.3
      vertex 60.4941 -51.1216 4.3
      vertex 59.1314 -49.1314 4.3
    endloop
  endfacet
  facet normal -0 0 1
    outer loop
      vertex 58.8 -49.3856 4.3
      vertex 60.4941 -51.1216 4.3
      vertex 58.974 -49.2694 4.3
    endloop
  endfacet
  facet normal 0 0 1
    outer loop
      vertex 60.4941 -51.1216 4.3
      vertex 58.8 -49.3856 4.3
      vertex 59.4563 -51.7208 4.3
    endloop
  endfacet
  facet normal -0 0 1
    outer loop
      vertex 58.6123 -49.4782 4.3
      vertex 59.4563 -51.7208 4.3
      vertex 58.8 -49.3856 4.3
    endloop
  endfacet
  facet normal -0 0 1
    outer loop
      vertex 58.4141 -49.5455 4.3
      vertex 59.4563 -51.7208 4.3
      vertex 58.6123 -49.4782 4.3
    endloop
  endfacet
  facet normal 0 0 1
    outer loop
      vertex 59.4563 -51.7208 4.3
      vertex 58.4141 -49.5455 4.3
      vertex 59.0353 -51.8637 4.3
    endloop
  endfacet
  facet normal 0 0 1
    outer loop
      vertex 59.0353 -51.8637 4.3
      vertex 58.4141 -49.5455 4.3
      vertex 58.5992 -51.9504 4.3
    endloop
  endfacet
  facet normal 0 0 -1
    outer loop
      vertex 50.6388 -52.25 0.3
      vertex 56.6144 -48.8 0.3
      vertex 51.2565 -53.1745 0.3
    endloop
  endfacet
  facet normal -0 0 -1
    outer loop
      vertex 56.6144 -48.8 0.3
      vertex 50.6388 -52.25 0.3
      vertex 56.5218 -48.6123 0.3
    endloop
  endfacet
  facet normal 0 -0 -1
    outer loop
      vertex 54.7472 -40.147 0.3
      vertex 56.4 -48 0.3
      vertex 53.75 -40.6388 0.3
    endloop
  endfacet
  facet normal 0 0 -1
    outer loop
      vertex 56.4 -48 0.3
      vertex 54.7472 -40.147 0.3
      vertex 55 -40.0612 0.3
    endloop
  endfacet
  facet normal 0 0 -1
    outer loop
      vertex 50.147 -51.2528 0.3
      vertex 56.5218 -48.6123 0.3
      vertex 50.6388 -52.25 0.3
    endloop
  endfacet
  facet normal 0 0 -1
    outer loop
      vertex 56.4 -48 0.3
      vertex 52.8255 -41.2565 0.3
      vertex 53.75 -40.6388 0.3
    endloop
  endfacet
  facet normal -0 0 -1
    outer loop
      vertex 56.5218 -48.6123 0.3
      vertex 50.147 -51.2528 0.3
      vertex 56.4545 -48.4141 0.3
    endloop
  endfacet
  facet normal 0 0 -1
    outer loop
      vertex 56.4 -48 0.3
      vertex 51.9896 -41.9896 0.3
      vertex 52.8255 -41.2565 0.3
    endloop
  endfacet
  facet normal 0 0 -1
    outer loop
      vertex 49.7896 -50.2 0.3
      vertex 56.4545 -48.4141 0.3
      vertex 50.147 -51.2528 0.3
    endloop
  endfacet
  facet normal 0 0 -1
    outer loop
      vertex 56.4 -48 0.3
      vertex 51.2565 -42.8255 0.3
      vertex 51.9896 -41.9896 0.3
    endloop
  endfacet
  facet normal -0 0 -1
    outer loop
      vertex 56.4545 -48.4141 0.3
      vertex 49.7896 -50.2 0.3
      vertex 56.4137 -48.2088 0.3
    endloop
  endfacet
  facet normal 0 0 -1
    outer loop
      vertex 56.4 -48 0.3
      vertex 50.6388 -43.75 0.3
      vertex 51.2565 -42.8255 0.3
    endloop
  endfacet
  facet normal 0 0 -1
    outer loop
      vertex 49.5727 -49.1095 0.3
      vertex 56.4137 -48.2088 0.3
      vertex 49.7896 -50.2 0.3
    endloop
  endfacet
  facet normal 0 0 -1
    outer loop
      vertex 56.4 -48 0.3
      vertex 50.147 -44.7472 0.3
      vertex 50.6388 -43.75 0.3
    endloop
  endfacet
  facet normal -0 0 -1
    outer loop
      vertex 56.4137 -48.2088 0.3
      vertex 49.5727 -49.1095 0.3
      vertex 56.4 -48 0.3
    endloop
  endfacet
  facet normal 0 0 -1
    outer loop
      vertex 56.4 -48 0.3
      vertex 49.7896 -45.8 0.3
      vertex 50.147 -44.7472 0.3
    endloop
  endfacet
  facet normal 0 0 -1
    outer loop
      vertex 49.5 -48 0.3
      vertex 56.4 -48 0.3
      vertex 49.5727 -49.1095 0.3
    endloop
  endfacet
  facet normal 0 0 -1
    outer loop
      vertex 56.4 -48 0.3
      vertex 49.5727 -46.8905 0.3
      vertex 49.7896 -45.8 0.3
    endloop
  endfacet
  facet normal 0 0 -1
    outer loop
      vertex 56.4 -48 0.3
      vertex 49.5 -48 0.3
      vertex 49.5727 -46.8905 0.3
    endloop
  endfacet
  facet normal 0 0 -1
    outer loop
      vertex 66.4273 -49.1095 0.3
      vertex 59.5863 -48.2088 0.3
      vertex 59.6 -48 0.3
    endloop
  endfacet
  facet normal 0 0 -1
    outer loop
      vertex 61.2528 -55.853 0.3
      vertex 59.5455 -48.4141 0.3
      vertex 59.5863 -48.2088 0.3
    endloop
  endfacet
  facet normal 0 0 -1
    outer loop
      vertex 61.2528 -55.853 0.3
      vertex 59.4782 -48.6123 0.3
      vertex 59.5455 -48.4141 0.3
    endloop
  endfacet
  facet normal 0 0 -1
    outer loop
      vertex 61.2528 -55.853 0.3
      vertex 59.3856 -48.8 0.3
      vertex 59.4782 -48.6123 0.3
    endloop
  endfacet
  facet normal 0 0 -1
    outer loop
      vertex 61.2528 -55.853 0.3
      vertex 59.2694 -48.974 0.3
      vertex 59.3856 -48.8 0.3
    endloop
  endfacet
  facet normal 0 0 -1
    outer loop
      vertex 61.2528 -55.853 0.3
      vertex 59.1314 -49.1314 0.3
      vertex 59.2694 -48.974 0.3
    endloop
  endfacet
  facet normal 0 0 -1
    outer loop
      vertex 58.4141 -49.5455 0.3
      vertex 60.2 -56.2104 0.3
      vertex 59.1095 -56.4273 0.3
    endloop
  endfacet
  facet normal 0 0 -1
    outer loop
      vertex 61.2528 -55.853 0.3
      vertex 58.974 -49.2694 0.3
      vertex 59.1314 -49.1314 0.3
    endloop
  endfacet
  facet normal 0 0 -1
    outer loop
      vertex 61.2528 -55.853 0.3
      vertex 58.8 -49.3856 0.3
      vertex 58.974 -49.2694 0.3
    endloop
  endfacet
  facet normal 0 0 -1
    outer loop
      vertex 61.2528 -55.853 0.3
      vertex 58.6123 -49.4782 0.3
      vertex 58.8 -49.3856 0.3
    endloop
  endfacet
  facet normal 0 0 -1
    outer loop
      vertex 60.2 -56.2104 0.3
      vertex 58.4141 -49.5455 0.3
      vertex 58.6123 -49.4782 0.3
    endloop
  endfacet
  facet normal 0 0 -1
    outer loop
      vertex 59.1095 -56.4273 0.3
      vertex 58.2088 -49.5863 0.3
      vertex 58.4141 -49.5455 0.3
    endloop
  endfacet
  facet normal 0 0 -1
    outer loop
      vertex 58 -56.5 0.3
      vertex 58.2088 -49.5863 0.3
      vertex 59.1095 -56.4273 0.3
    endloop
  endfacet
  facet normal 0 0 -1
    outer loop
      vertex 58 -56.5 0.3
      vertex 58 -49.6 0.3
      vertex 58.2088 -49.5863 0.3
    endloop
  endfacet
  facet normal 0 0 -1
    outer loop
      vertex 58 -56.5 0.3
      vertex 57.7912 -49.5863 0.3
      vertex 58 -49.6 0.3
    endloop
  endfacet
  facet normal 0 0 -1
    outer loop
      vertex 56.8905 -56.4273 0.3
      vertex 57.7912 -49.5863 0.3
      vertex 58 -56.5 0.3
    endloop
  endfacet
  facet normal -0 0 -1
    outer loop
      vertex 57.7912 -49.5863 0.3
      vertex 56.8905 -56.4273 0.3
      vertex 57.5859 -49.5455 0.3
    endloop
  endfacet
  facet normal 0 0 -1
    outer loop
      vertex 55.8 -56.2104 0.3
      vertex 57.5859 -49.5455 0.3
      vertex 56.8905 -56.4273 0.3
    endloop
  endfacet
  facet normal -0 0 -1
    outer loop
      vertex 57.5859 -49.5455 0.3
      vertex 55.8 -56.2104 0.3
      vertex 57.3877 -49.4782 0.3
    endloop
  endfacet
  facet normal 0 0 -1
    outer loop
      vertex 54.7472 -55.853 0.3
      vertex 57.3877 -49.4782 0.3
      vertex 55.8 -56.2104 0.3
    endloop
  endfacet
  facet normal -0 0 -1
    outer loop
      vertex 57.3877 -49.4782 0.3
      vertex 54.7472 -55.853 0.3
      vertex 57.2 -49.3856 0.3
    endloop
  endfacet
  facet normal 0 0 -1
    outer loop
      vertex 53.75 -55.3612 0.3
      vertex 57.2 -49.3856 0.3
      vertex 54.7472 -55.853 0.3
    endloop
  endfacet
  facet normal -0 0 -1
    outer loop
      vertex 57.2 -49.3856 0.3
      vertex 53.75 -55.3612 0.3
      vertex 57.026 -49.2694 0.3
    endloop
  endfacet
  facet normal 0 0 -1
    outer loop
      vertex 52.8255 -54.7435 0.3
      vertex 57.026 -49.2694 0.3
      vertex 53.75 -55.3612 0.3
    endloop
  endfacet
  facet normal -0 0 -1
    outer loop
      vertex 57.026 -49.2694 0.3
      vertex 52.8255 -54.7435 0.3
      vertex 56.8686 -49.1314 0.3
    endloop
  endfacet
  facet normal 0 0 -1
    outer loop
      vertex 51.9896 -54.0104 0.3
      vertex 56.8686 -49.1314 0.3
      vertex 52.8255 -54.7435 0.3
    endloop
  endfacet
  facet normal -0 0 -1
    outer loop
      vertex 56.8686 -49.1314 0.3
      vertex 51.9896 -54.0104 0.3
      vertex 56.7306 -48.974 0.3
    endloop
  endfacet
  facet normal 0 0 -1
    outer loop
      vertex 51.2565 -53.1745 0.3
      vertex 56.7306 -48.974 0.3
      vertex 51.9896 -54.0104 0.3
    endloop
  endfacet
  facet normal 0 0 -1
    outer loop
      vertex 59.6 -48 0.3
      vertex 66.5 -48 0.3
      vertex 66.4273 -49.1095 0.3
    endloop
  endfacet
  facet normal 0 0 -1
    outer loop
      vertex 59.5863 -48.2088 0.3
      vertex 66.4273 -49.1095 0.3
      vertex 66.2104 -50.2 0.3
    endloop
  endfacet
  facet normal 0 0 -1
    outer loop
      vertex 66.5 -48 0.3
      vertex 59.6 -48 0.3
      vertex 66.4273 -46.8905 0.3
    endloop
  endfacet
  facet normal 0 0 -1
    outer loop
      vertex 59.5863 -48.2088 0.3
      vertex 66.2104 -50.2 0.3
      vertex 65.853 -51.2528 0.3
    endloop
  endfacet
  facet normal 0 0 -1
    outer loop
      vertex 59.5863 -47.7912 0.3
      vertex 66.4273 -46.8905 0.3
      vertex 59.6 -48 0.3
    endloop
  endfacet
  facet normal 0 0 -1
    outer loop
      vertex 59.5863 -48.2088 0.3
      vertex 65.853 -51.2528 0.3
      vertex 65.3612 -52.25 0.3
    endloop
  endfacet
  facet normal -0 0 -1
    outer loop
      vertex 66.4273 -46.8905 0.3
      vertex 59.5863 -47.7912 0.3
      vertex 66.2104 -45.8 0.3
    endloop
  endfacet
  facet normal 0 0 -1
    outer loop
      vertex 59.5863 -48.2088 0.3
      vertex 65.3612 -52.25 0.3
      vertex 64.7435 -53.1745 0.3
    endloop
  endfacet
  facet normal 0 0 -1
    outer loop
      vertex 59.5455 -47.5859 0.3
      vertex 66.2104 -45.8 0.3
      vertex 59.5863 -47.7912 0.3
    endloop
  endfacet
  facet normal 0 0 -1
    outer loop
      vertex 59.5863 -48.2088 0.3
      vertex 64.7435 -53.1745 0.3
      vertex 64.0104 -54.0104 0.3
    endloop
  endfacet
  facet normal -0 0 -1
    outer loop
      vertex 66.2104 -45.8 0.3
      vertex 59.5455 -47.5859 0.3
      vertex 65.853 -44.7472 0.3
    endloop
  endfacet
  facet normal 0 0 -1
    outer loop
      vertex 59.5863 -48.2088 0.3
      vertex 64.0104 -54.0104 0.3
      vertex 63.1745 -54.7435 0.3
    endloop
  endfacet
  facet normal 0 0 -1
    outer loop
      vertex 59.4782 -47.3877 0.3
      vertex 65.853 -44.7472 0.3
      vertex 59.5455 -47.5859 0.3
    endloop
  endfacet
  facet normal 0 0 -1
    outer loop
      vertex 59.5863 -48.2088 0.3
      vertex 63.1745 -54.7435 0.3
      vertex 62.25 -55.3612 0.3
    endloop
  endfacet
  facet normal -0 0 -1
    outer loop
      vertex 65.853 -44.7472 0.3
      vertex 59.4782 -47.3877 0.3
      vertex 65.3612 -43.75 0.3
    endloop
  endfacet
  facet normal 0 0 -1
    outer loop
      vertex 59.5863 -48.2088 0.3
      vertex 62.25 -55.3612 0.3
      vertex 61.2528 -55.853 0.3
    endloop
  endfacet
  facet normal 0 0 -1
    outer loop
      vertex 59.3856 -47.2 0.3
      vertex 65.3612 -43.75 0.3
      vertex 59.4782 -47.3877 0.3
    endloop
  endfacet
  facet normal -0 0 -1
    outer loop
      vertex 65.3612 -43.75 0.3
      vertex 59.3856 -47.2 0.3
      vertex 64.7435 -42.8255 0.3
    endloop
  endfacet
  facet normal 0 0 -1
    outer loop
      vertex 58.6123 -49.4782 0.3
      vertex 61.2528 -55.853 0.3
      vertex 60.2 -56.2104 0.3
    endloop
  endfacet
  facet normal 0 0 -1
    outer loop
      vertex 59.2694 -47.026 0.3
      vertex 64.7435 -42.8255 0.3
      vertex 59.3856 -47.2 0.3
    endloop
  endfacet
  facet normal -0 0 -1
    outer loop
      vertex 64.7435 -42.8255 0.3
      vertex 59.2694 -47.026 0.3
      vertex 64.0104 -41.9896 0.3
    endloop
  endfacet
  facet normal 0 0 -1
    outer loop
      vertex 59.1314 -46.8686 0.3
      vertex 64.0104 -41.9896 0.3
      vertex 59.2694 -47.026 0.3
    endloop
  endfacet
  facet normal -0 0 -1
    outer loop
      vertex 64.0104 -41.9896 0.3
      vertex 59.1314 -46.8686 0.3
      vertex 63.1745 -41.2565 0.3
    endloop
  endfacet
  facet normal 0 0 -1
    outer loop
      vertex 58.974 -46.7306 0.3
      vertex 63.1745 -41.2565 0.3
      vertex 59.1314 -46.8686 0.3
    endloop
  endfacet
  facet normal -0 0 -1
    outer loop
      vertex 63.1745 -41.2565 0.3
      vertex 58.974 -46.7306 0.3
      vertex 62.25 -40.6388 0.3
    endloop
  endfacet
  facet normal 0 0 -1
    outer loop
      vertex 58.8 -46.6144 0.3
      vertex 62.25 -40.6388 0.3
      vertex 58.974 -46.7306 0.3
    endloop
  endfacet
  facet normal -0 0 -1
    outer loop
      vertex 62.25 -40.6388 0.3
      vertex 58.8 -46.6144 0.3
      vertex 61.2528 -40.147 0.3
    endloop
  endfacet
  facet normal 0 0 -1
    outer loop
      vertex 58.6123 -46.5218 0.3
      vertex 61.2528 -40.147 0.3
      vertex 58.8 -46.6144 0.3
    endloop
  endfacet
  facet normal -0 0 -1
    outer loop
      vertex 61.2528 -40.147 0.3
      vertex 58.6123 -46.5218 0.3
      vertex 61 -40.0612 0.3
    endloop
  endfacet
  facet normal 0 0 -1
    outer loop
      vertex 58.4141 -46.4545 0.3
      vertex 61 -40.0612 0.3
      vertex 58.6123 -46.5218 0.3
    endloop
  endfacet
  facet normal 0 0 -1
    outer loop
      vertex 58.2088 -46.4137 0.3
      vertex 61 -40.0612 0.3
      vertex 58.4141 -46.4545 0.3
    endloop
  endfacet
  facet normal 0 0 -1
    outer loop
      vertex 58 -46.4 0.3
      vertex 61 -40.0612 0.3
      vertex 58.2088 -46.4137 0.3
    endloop
  endfacet
  facet normal -0 0 -1
    outer loop
      vertex 61 -40.0612 0.3
      vertex 58 -46.4 0.3
      vertex 55 -40.0612 0.3
    endloop
  endfacet
  facet normal 0 0 -1
    outer loop
      vertex 55 -40.0612 0.3
      vertex 58 -46.4 0.3
      vertex 57.7912 -46.4137 0.3
    endloop
  endfacet
  facet normal 0 0 -1
    outer loop
      vertex 55 -40.0612 0.3
      vertex 57.7912 -46.4137 0.3
      vertex 57.5859 -46.4545 0.3
    endloop
  endfacet
  facet normal 0 0 -1
    outer loop
      vertex 55 -40.0612 0.3
      vertex 57.5859 -46.4545 0.3
      vertex 57.3877 -46.5218 0.3
    endloop
  endfacet
  facet normal 0 0 -1
    outer loop
      vertex 55 -40.0612 0.3
      vertex 57.3877 -46.5218 0.3
      vertex 57.2 -46.6144 0.3
    endloop
  endfacet
  facet normal 0 0 -1
    outer loop
      vertex 55 -40.0612 0.3
      vertex 57.2 -46.6144 0.3
      vertex 57.026 -46.7306 0.3
    endloop
  endfacet
  facet normal 0 0 -1
    outer loop
      vertex 55 -40.0612 0.3
      vertex 57.026 -46.7306 0.3
      vertex 56.8686 -46.8686 0.3
    endloop
  endfacet
  facet normal 0 0 -1
    outer loop
      vertex 55 -40.0612 0.3
      vertex 56.8686 -46.8686 0.3
      vertex 56.7306 -47.026 0.3
    endloop
  endfacet
  facet normal 0 0 -1
    outer loop
      vertex 55 -40.0612 0.3
      vertex 56.7306 -47.026 0.3
      vertex 56.6144 -47.2 0.3
    endloop
  endfacet
  facet normal 0 0 -1
    outer loop
      vertex 55 -40.0612 0.3
      vertex 56.6144 -47.2 0.3
      vertex 56.5218 -47.3877 0.3
    endloop
  endfacet
  facet normal 0 0 -1
    outer loop
      vertex 55 -40.0612 0.3
      vertex 56.5218 -47.3877 0.3
      vertex 56.4545 -47.5859 0.3
    endloop
  endfacet
  facet normal 0 0 -1
    outer loop
      vertex 55 -40.0612 0.3
      vertex 56.4545 -47.5859 0.3
      vertex 56.4137 -47.7912 0.3
    endloop
  endfacet
  facet normal -0 0 -1
    outer loop
      vertex 56.7306 -48.974 0.3
      vertex 51.2565 -53.1745 0.3
      vertex 56.6144 -48.8 0.3
    endloop
  endfacet
  facet normal 0 0 -1
    outer loop
      vertex 56.4 -48 0.3
      vertex 55 -40.0612 0.3
      vertex 56.4137 -47.7912 0.3
    endloop
  endfacet
  facet normal 0 0 -1
    outer loop
      vertex 61 -40.0612 0.3
      vertex 55 -40.0612 0.3
      vertex 61 -8 0.3
    endloop
  endfacet
  facet normal -0 0 -1
    outer loop
      vertex 61 -8 0.3
      vertex 55 -40.0612 0.3
      vertex 55 -8 0.3
    endloop
  endfacet
  facet normal -0.980788 0.195078 0
    outer loop
      vertex 49.5727 -46.8905 0.3
      vertex 49.7896 -45.8 4.3
      vertex 49.7896 -45.8 0.3
    endloop
  endfacet
  facet normal -0.980788 0.195078 0
    outer loop
      vertex 49.7896 -45.8 4.3
      vertex 49.5727 -46.8905 0.3
      vertex 49.5727 -46.8905 4.3
    endloop
  endfacet
  facet normal -0.946924 0.321458 0
    outer loop
      vertex 49.7896 -45.8 0.3
      vertex 50.147 -44.7472 4.3
      vertex 50.147 -44.7472 0.3
    endloop
  endfacet
  facet normal -0.946924 0.321458 0
    outer loop
      vertex 50.147 -44.7472 4.3
      vertex 49.7896 -45.8 0.3
      vertex 49.7896 -45.8 4.3
    endloop
  endfacet
  facet normal -0.89686 0.442314 0
    outer loop
      vertex 50.147 -44.7472 0.3
      vertex 50.6388 -43.75 4.3
      vertex 50.6388 -43.75 0.3
    endloop
  endfacet
  facet normal -0.89686 0.442314 0
    outer loop
      vertex 50.6388 -43.75 4.3
      vertex 50.147 -44.7472 0.3
      vertex 50.147 -44.7472 4.3
    endloop
  endfacet
  facet normal -0.831483 0.555551 0
    outer loop
      vertex 50.6388 -43.75 0.3
      vertex 51.2565 -42.8255 4.3
      vertex 51.2565 -42.8255 0.3
    endloop
  endfacet
  facet normal -0.831483 0.555551 0
    outer loop
      vertex 51.2565 -42.8255 4.3
      vertex 50.6388 -43.75 0.3
      vertex 50.6388 -43.75 4.3
    endloop
  endfacet
  facet normal -0.751824 0.659364 0
    outer loop
      vertex 51.2565 -42.8255 0.3
      vertex 51.9896 -41.9896 4.3
      vertex 51.9896 -41.9896 0.3
    endloop
  endfacet
  facet normal -0.751824 0.659364 0
    outer loop
      vertex 51.9896 -41.9896 4.3
      vertex 51.2565 -42.8255 0.3
      vertex 51.2565 -42.8255 4.3
    endloop
  endfacet
  facet normal -0.659364 0.751824 0
    outer loop
      vertex 52.8255 -41.2565 0.3
      vertex 51.9896 -41.9896 4.3
      vertex 52.8255 -41.2565 4.3
    endloop
  endfacet
  facet normal -0.659364 0.751824 0
    outer loop
      vertex 51.9896 -41.9896 4.3
      vertex 52.8255 -41.2565 0.3
      vertex 51.9896 -41.9896 0.3
    endloop
  endfacet
  facet normal -0.555551 0.831483 0
    outer loop
      vertex 53.75 -40.6388 0.3
      vertex 52.8255 -41.2565 4.3
      vertex 53.75 -40.6388 4.3
    endloop
  endfacet
  facet normal -0.555551 0.831483 0
    outer loop
      vertex 52.8255 -41.2565 4.3
      vertex 53.75 -40.6388 0.3
      vertex 52.8255 -41.2565 0.3
    endloop
  endfacet
  facet normal -0.442314 0.89686 0
    outer loop
      vertex 54.7472 -40.147 0.3
      vertex 53.75 -40.6388 4.3
      vertex 54.7472 -40.147 4.3
    endloop
  endfacet
  facet normal -0.442314 0.89686 0
    outer loop
      vertex 53.75 -40.6388 4.3
      vertex 54.7472 -40.147 0.3
      vertex 53.75 -40.6388 0.3
    endloop
  endfacet
  facet normal -0.321392 0.946946 0
    outer loop
      vertex 55 -40.0612 0.3
      vertex 54.7472 -40.147 4.3
      vertex 55 -40.0612 4.3
    endloop
  endfacet
  facet normal -0.321392 0.946946 0
    outer loop
      vertex 54.7472 -40.147 4.3
      vertex 55 -40.0612 0.3
      vertex 54.7472 -40.147 0.3
    endloop
  endfacet
  facet normal -1 0 0
    outer loop
      vertex 55 -40.0612 0.3
      vertex 55 -8 4.3
      vertex 55 -8 0.3
    endloop
  endfacet
  facet normal -1 -0 0
    outer loop
      vertex 55 -8 4.3
      vertex 55 -40.0612 0.3
      vertex 55 -40.0612 4.3
    endloop
  endfacet
  facet normal 1 -0 0
    outer loop
      vertex 61 -40.0612 4.3
      vertex 61 -8 0.3
      vertex 61 -8 4.3
    endloop
  endfacet
  facet normal 1 0 0
    outer loop
      vertex 61 -8 0.3
      vertex 61 -40.0612 4.3
      vertex 61 -40.0612 0.3
    endloop
  endfacet
  facet normal 1 0 0
    outer loop
      vertex 61 2 10
      vertex 61 -1.25 5
      vertex 61 2 0
    endloop
  endfacet
  facet normal 1 0 0
    outer loop
      vertex 61 2 10
      vertex 61 -1.26497 5.22842
      vertex 61 -1.25 5
    endloop
  endfacet
  facet normal 1 0 0
    outer loop
      vertex 61 2 10
      vertex 61 -1.30963 5.45293
      vertex 61 -1.26497 5.22842
    endloop
  endfacet
  facet normal 1 0 0
    outer loop
      vertex 61 2 10
      vertex 61 -1.38321 5.6697
      vertex 61 -1.30963 5.45293
    endloop
  endfacet
  facet normal 1 0 0
    outer loop
      vertex 61 2 10
      vertex 61 -1.48446 5.875
      vertex 61 -1.38321 5.6697
    endloop
  endfacet
  facet normal 1 0 0
    outer loop
      vertex 61 2 10
      vertex 61 -1.61163 6.06533
      vertex 61 -1.48446 5.875
    endloop
  endfacet
  facet normal 1 0 0
    outer loop
      vertex 61 2 10
      vertex 61 -1.76256 6.23744
      vertex 61 -1.61163 6.06533
    endloop
  endfacet
  facet normal 1 0 0
    outer loop
      vertex 61 2 10
      vertex 61 -1.93467 6.38837
      vertex 61 -1.76256 6.23744
    endloop
  endfacet
  facet normal 1 0 0
    outer loop
      vertex 61 2 10
      vertex 61 -2.125 6.51554
      vertex 61 -1.93467 6.38837
    endloop
  endfacet
  facet normal 1 0 0
    outer loop
      vertex 61 2 10
      vertex 61 -2.3303 6.61679
      vertex 61 -2.125 6.51554
    endloop
  endfacet
  facet normal 1 0 0
    outer loop
      vertex 61 2 10
      vertex 61 -2.54707 6.69037
      vertex 61 -2.3303 6.61679
    endloop
  endfacet
  facet normal 1 0 0
    outer loop
      vertex 61 2 10
      vertex 61 -2.77158 6.73503
      vertex 61 -2.54707 6.69037
    endloop
  endfacet
  facet normal 1 0 0
    outer loop
      vertex 61 2 10
      vertex 61 -3 6.75
      vertex 61 -2.77158 6.73503
    endloop
  endfacet
  facet normal 1 -0 0
    outer loop
      vertex 61 -8 10
      vertex 61 -3 6.75
      vertex 61 2 10
    endloop
  endfacet
  facet normal 1 0 0
    outer loop
      vertex 61 -3 6.75
      vertex 61 -8 10
      vertex 61 -3.22842 6.73503
    endloop
  endfacet
  facet normal 1 0 0
    outer loop
      vertex 61 -3.22842 6.73503
      vertex 61 -8 10
      vertex 61 -3.45293 6.69037
    endloop
  endfacet
  facet normal 1 0 0
    outer loop
      vertex 61 -3.45293 6.69037
      vertex 61 -8 10
      vertex 61 -3.6697 6.61679
    endloop
  endfacet
  facet normal 1 0 0
    outer loop
      vertex 61 -4.69037 5.45293
      vertex 61 -8 4.3
      vertex 61 -4.73503 5.22842
    endloop
  endfacet
  facet normal 1 0 0
    outer loop
      vertex 61 -4.61679 5.6697
      vertex 61 -8 4.3
      vertex 61 -4.69037 5.45293
    endloop
  endfacet
  facet normal 1 0 0
    outer loop
      vertex 61 -4.51554 5.875
      vertex 61 -8 4.3
      vertex 61 -4.61679 5.6697
    endloop
  endfacet
  facet normal 1 0 0
    outer loop
      vertex 61 -8 4.3
      vertex 61 -4.51554 5.875
      vertex 61 -8 10
    endloop
  endfacet
  facet normal 1 0 0
    outer loop
      vertex 61 -4.38837 6.06533
      vertex 61 -8 10
      vertex 61 -4.51554 5.875
    endloop
  endfacet
  facet normal 1 0 0
    outer loop
      vertex 61 -4.23744 6.23744
      vertex 61 -8 10
      vertex 61 -4.38837 6.06533
    endloop
  endfacet
  facet normal 1 0 0
    outer loop
      vertex 61 -4.06533 6.38837
      vertex 61 -8 10
      vertex 61 -4.23744 6.23744
    endloop
  endfacet
  facet normal 1 0 0
    outer loop
      vertex 61 -3.875 6.51554
      vertex 61 -8 10
      vertex 61 -4.06533 6.38837
    endloop
  endfacet
  facet normal 1 0 0
    outer loop
      vertex 61 -3.6697 6.61679
      vertex 61 -8 10
      vertex 61 -3.875 6.51554
    endloop
  endfacet
  facet normal 1 -0 0
    outer loop
      vertex 61 -1.26497 4.77158
      vertex 61 2 0
      vertex 61 -1.25 5
    endloop
  endfacet
  facet normal 1 -0 0
    outer loop
      vertex 61 -1.30963 4.54707
      vertex 61 2 0
      vertex 61 -1.26497 4.77158
    endloop
  endfacet
  facet normal 1 -0 0
    outer loop
      vertex 61 -1.38321 4.3303
      vertex 61 2 0
      vertex 61 -1.30963 4.54707
    endloop
  endfacet
  facet normal 1 -0 0
    outer loop
      vertex 61 -1.48446 4.125
      vertex 61 2 0
      vertex 61 -1.38321 4.3303
    endloop
  endfacet
  facet normal 1 -0 0
    outer loop
      vertex 61 -1.61163 3.93467
      vertex 61 2 0
      vertex 61 -1.48446 4.125
    endloop
  endfacet
  facet normal 1 -0 0
    outer loop
      vertex 61 -1.76256 3.76256
      vertex 61 2 0
      vertex 61 -1.61163 3.93467
    endloop
  endfacet
  facet normal 1 -0 0
    outer loop
      vertex 61 -1.93467 3.61163
      vertex 61 2 0
      vertex 61 -1.76256 3.76256
    endloop
  endfacet
  facet normal 1 -0 0
    outer loop
      vertex 61 -2.125 3.48446
      vertex 61 2 0
      vertex 61 -1.93467 3.61163
    endloop
  endfacet
  facet normal 1 -0 0
    outer loop
      vertex 61 -2.3303 3.38321
      vertex 61 2 0
      vertex 61 -2.125 3.48446
    endloop
  endfacet
  facet normal 1 -0 0
    outer loop
      vertex 61 -2.54707 3.30963
      vertex 61 2 0
      vertex 61 -2.3303 3.38321
    endloop
  endfacet
  facet normal 1 -0 0
    outer loop
      vertex 61 -2.77158 3.26497
      vertex 61 2 0
      vertex 61 -2.54707 3.30963
    endloop
  endfacet
  facet normal 1 -0 0
    outer loop
      vertex 61 -3 3.25
      vertex 61 2 0
      vertex 61 -2.77158 3.26497
    endloop
  endfacet
  facet normal 1 0 0
    outer loop
      vertex 61 -8 0
      vertex 61 -3 3.25
      vertex 61 -3.22842 3.26497
    endloop
  endfacet
  facet normal 1 0 0
    outer loop
      vertex 61 -8 0
      vertex 61 -3.22842 3.26497
      vertex 61 -3.45293 3.30963
    endloop
  endfacet
  facet normal 1 0 0
    outer loop
      vertex 61 -8 0
      vertex 61 -3.45293 3.30963
      vertex 61 -3.6697 3.38321
    endloop
  endfacet
  facet normal 1 0 0
    outer loop
      vertex 61 -8 0.3
      vertex 61 -3.6697 3.38321
      vertex 61 -3.875 3.48446
    endloop
  endfacet
  facet normal 1 0 0
    outer loop
      vertex 61 -4.73503 5.22842
      vertex 61 -8 4.3
      vertex 61 -4.75 5
    endloop
  endfacet
  facet normal 1 0 0
    outer loop
      vertex 61 -4.75 5
      vertex 61 -8 4.3
      vertex 61 -4.73503 4.77158
    endloop
  endfacet
  facet normal 1 0 0
    outer loop
      vertex 61 -4.73503 4.77158
      vertex 61 -8 4.3
      vertex 61 -4.69037 4.54707
    endloop
  endfacet
  facet normal 1 0 0
    outer loop
      vertex 61 -4.69037 4.54707
      vertex 61 -8 4.3
      vertex 61 -4.61679 4.3303
    endloop
  endfacet
  facet normal 1 0 0
    outer loop
      vertex 61 -4.61679 4.3303
      vertex 61 -8 4.3
      vertex 61 -4.51554 4.125
    endloop
  endfacet
  facet normal 1 0 0
    outer loop
      vertex 61 -8 4.3
      vertex 61 -4.38837 3.93467
      vertex 61 -4.51554 4.125
    endloop
  endfacet
  facet normal 1 0 0
    outer loop
      vertex 61 -8 0.3
      vertex 61 -4.38837 3.93467
      vertex 61 -8 4.3
    endloop
  endfacet
  facet normal 1 0 0
    outer loop
      vertex 61 -4.38837 3.93467
      vertex 61 -8 0.3
      vertex 61 -4.23744 3.76256
    endloop
  endfacet
  facet normal 1 0 0
    outer loop
      vertex 61 -4.23744 3.76256
      vertex 61 -8 0.3
      vertex 61 -4.06533 3.61163
    endloop
  endfacet
  facet normal 1 0 0
    outer loop
      vertex 61 -4.06533 3.61163
      vertex 61 -8 0.3
      vertex 61 -3.875 3.48446
    endloop
  endfacet
  facet normal 1 0 0
    outer loop
      vertex 61 -3.6697 3.38321
      vertex 61 -8 0.3
      vertex 61 -8 0
    endloop
  endfacet
  facet normal 1 0 0
    outer loop
      vertex 61 -3 3.25
      vertex 61 -8 0
      vertex 61 2 0
    endloop
  endfacet
  facet normal 0.321392 0.946946 -0
    outer loop
      vertex 61.2528 -40.147 0.3
      vertex 61 -40.0612 4.3
      vertex 61.2528 -40.147 4.3
    endloop
  endfacet
  facet normal 0.321392 0.946946 0
    outer loop
      vertex 61 -40.0612 4.3
      vertex 61.2528 -40.147 0.3
      vertex 61 -40.0612 0.3
    endloop
  endfacet
  facet normal 0.442314 0.89686 -0
    outer loop
      vertex 62.25 -40.6388 0.3
      vertex 61.2528 -40.147 4.3
      vertex 62.25 -40.6388 4.3
    endloop
  endfacet
  facet normal 0.442314 0.89686 0
    outer loop
      vertex 61.2528 -40.147 4.3
      vertex 62.25 -40.6388 0.3
      vertex 61.2528 -40.147 0.3
    endloop
  endfacet
  facet normal 0.555551 0.831483 -0
    outer loop
      vertex 63.1745 -41.2565 0.3
      vertex 62.25 -40.6388 4.3
      vertex 63.1745 -41.2565 4.3
    endloop
  endfacet
  facet normal 0.555551 0.831483 0
    outer loop
      vertex 62.25 -40.6388 4.3
      vertex 63.1745 -41.2565 0.3
      vertex 62.25 -40.6388 0.3
    endloop
  endfacet
  facet normal 0.659364 0.751824 -0
    outer loop
      vertex 64.0104 -41.9896 0.3
      vertex 63.1745 -41.2565 4.3
      vertex 64.0104 -41.9896 4.3
    endloop
  endfacet
  facet normal 0.659364 0.751824 0
    outer loop
      vertex 63.1745 -41.2565 4.3
      vertex 64.0104 -41.9896 0.3
      vertex 63.1745 -41.2565 0.3
    endloop
  endfacet
  facet normal 0.751824 0.659364 0
    outer loop
      vertex 64.7435 -42.8255 4.3
      vertex 64.0104 -41.9896 0.3
      vertex 64.0104 -41.9896 4.3
    endloop
  endfacet
  facet normal 0.751824 0.659364 0
    outer loop
      vertex 64.0104 -41.9896 0.3
      vertex 64.7435 -42.8255 4.3
      vertex 64.7435 -42.8255 0.3
    endloop
  endfacet
  facet normal 0.831483 0.555551 0
    outer loop
      vertex 65.3612 -43.75 4.3
      vertex 64.7435 -42.8255 0.3
      vertex 64.7435 -42.8255 4.3
    endloop
  endfacet
  facet normal 0.831483 0.555551 0
    outer loop
      vertex 64.7435 -42.8255 0.3
      vertex 65.3612 -43.75 4.3
      vertex 65.3612 -43.75 0.3
    endloop
  endfacet
  facet normal 0.89686 0.442314 0
    outer loop
      vertex 65.853 -44.7472 4.3
      vertex 65.3612 -43.75 0.3
      vertex 65.3612 -43.75 4.3
    endloop
  endfacet
  facet normal 0.89686 0.442314 0
    outer loop
      vertex 65.3612 -43.75 0.3
      vertex 65.853 -44.7472 4.3
      vertex 65.853 -44.7472 0.3
    endloop
  endfacet
  facet normal 0.946924 0.321458 0
    outer loop
      vertex 66.2104 -45.8 4.3
      vertex 65.853 -44.7472 0.3
      vertex 65.853 -44.7472 4.3
    endloop
  endfacet
  facet normal 0.946924 0.321458 0
    outer loop
      vertex 65.853 -44.7472 0.3
      vertex 66.2104 -45.8 4.3
      vertex 66.2104 -45.8 0.3
    endloop
  endfacet
  facet normal 0.980788 0.195078 0
    outer loop
      vertex 66.4273 -46.8905 4.3
      vertex 66.2104 -45.8 0.3
      vertex 66.2104 -45.8 4.3
    endloop
  endfacet
  facet normal 0.980788 0.195078 0
    outer loop
      vertex 66.2104 -45.8 0.3
      vertex 66.4273 -46.8905 4.3
      vertex 66.4273 -46.8905 0.3
    endloop
  endfacet
  facet normal 0.99786 0.0653848 0
    outer loop
      vertex 66.5 -48 4.3
      vertex 66.4273 -46.8905 0.3
      vertex 66.4273 -46.8905 4.3
    endloop
  endfacet
  facet normal 0.99786 0.0653848 0
    outer loop
      vertex 66.4273 -46.8905 0.3
      vertex 66.5 -48 4.3
      vertex 66.5 -48 0.3
    endloop
  endfacet
  facet normal 0.99786 -0.0653848 0
    outer loop
      vertex 66.4273 -49.1095 4.3
      vertex 66.5 -48 0.3
      vertex 66.5 -48 4.3
    endloop
  endfacet
  facet normal 0.99786 -0.0653848 0
    outer loop
      vertex 66.5 -48 0.3
      vertex 66.4273 -49.1095 4.3
      vertex 66.4273 -49.1095 0.3
    endloop
  endfacet
  facet normal 0.980788 -0.195078 0
    outer loop
      vertex 66.2104 -50.2 4.3
      vertex 66.4273 -49.1095 0.3
      vertex 66.4273 -49.1095 4.3
    endloop
  endfacet
  facet normal 0.980788 -0.195078 0
    outer loop
      vertex 66.4273 -49.1095 0.3
      vertex 66.2104 -50.2 4.3
      vertex 66.2104 -50.2 0.3
    endloop
  endfacet
  facet normal 0.946924 -0.321458 0
    outer loop
      vertex 65.853 -51.2528 4.3
      vertex 66.2104 -50.2 0.3
      vertex 66.2104 -50.2 4.3
    endloop
  endfacet
  facet normal 0.946924 -0.321458 0
    outer loop
      vertex 66.2104 -50.2 0.3
      vertex 65.853 -51.2528 4.3
      vertex 65.853 -51.2528 0.3
    endloop
  endfacet
  facet normal 0.89686 -0.442314 0
    outer loop
      vertex 65.3612 -52.25 4.3
      vertex 65.853 -51.2528 0.3
      vertex 65.853 -51.2528 4.3
    endloop
  endfacet
  facet normal 0.89686 -0.442314 0
    outer loop
      vertex 65.853 -51.2528 0.3
      vertex 65.3612 -52.25 4.3
      vertex 65.3612 -52.25 0.3
    endloop
  endfacet
  facet normal 0.831483 -0.555551 0
    outer loop
      vertex 64.7435 -53.1745 4.3
      vertex 65.3612 -52.25 0.3
      vertex 65.3612 -52.25 4.3
    endloop
  endfacet
  facet normal 0.831483 -0.555551 0
    outer loop
      vertex 65.3612 -52.25 0.3
      vertex 64.7435 -53.1745 4.3
      vertex 64.7435 -53.1745 0.3
    endloop
  endfacet
  facet normal 0.751824 -0.659364 0
    outer loop
      vertex 64.0104 -54.0104 4.3
      vertex 64.7435 -53.1745 0.3
      vertex 64.7435 -53.1745 4.3
    endloop
  endfacet
  facet normal 0.751824 -0.659364 0
    outer loop
      vertex 64.7435 -53.1745 0.3
      vertex 64.0104 -54.0104 4.3
      vertex 64.0104 -54.0104 0.3
    endloop
  endfacet
  facet normal 0.659364 -0.751824 0
    outer loop
      vertex 63.1745 -54.7435 0.3
      vertex 64.0104 -54.0104 4.3
      vertex 63.1745 -54.7435 4.3
    endloop
  endfacet
  facet normal 0.659364 -0.751824 0
    outer loop
      vertex 64.0104 -54.0104 4.3
      vertex 63.1745 -54.7435 0.3
      vertex 64.0104 -54.0104 0.3
    endloop
  endfacet
  facet normal 0.555551 -0.831483 0
    outer loop
      vertex 62.25 -55.3612 0.3
      vertex 63.1745 -54.7435 4.3
      vertex 62.25 -55.3612 4.3
    endloop
  endfacet
  facet normal 0.555551 -0.831483 0
    outer loop
      vertex 63.1745 -54.7435 4.3
      vertex 62.25 -55.3612 0.3
      vertex 63.1745 -54.7435 0.3
    endloop
  endfacet
  facet normal 0.442314 -0.89686 0
    outer loop
      vertex 61.2528 -55.853 0.3
      vertex 62.25 -55.3612 4.3
      vertex 61.2528 -55.853 4.3
    endloop
  endfacet
  facet normal 0.442314 -0.89686 0
    outer loop
      vertex 62.25 -55.3612 4.3
      vertex 61.2528 -55.853 0.3
      vertex 62.25 -55.3612 0.3
    endloop
  endfacet
  facet normal 0.321458 -0.946924 0
    outer loop
      vertex 60.2 -56.2104 0.3
      vertex 61.2528 -55.853 4.3
      vertex 60.2 -56.2104 4.3
    endloop
  endfacet
  facet normal 0.321458 -0.946924 0
    outer loop
      vertex 61.2528 -55.853 4.3
      vertex 60.2 -56.2104 0.3
      vertex 61.2528 -55.853 0.3
    endloop
  endfacet
  facet normal 0.195078 -0.980788 0
    outer loop
      vertex 59.1095 -56.4273 0.3
      vertex 60.2 -56.2104 4.3
      vertex 59.1095 -56.4273 4.3
    endloop
  endfacet
  facet normal 0.195078 -0.980788 0
    outer loop
      vertex 60.2 -56.2104 4.3
      vertex 59.1095 -56.4273 0.3
      vertex 60.2 -56.2104 0.3
    endloop
  endfacet
  facet normal 0.0653848 -0.99786 0
    outer loop
      vertex 58 -56.5 0.3
      vertex 59.1095 -56.4273 4.3
      vertex 58 -56.5 4.3
    endloop
  endfacet
  facet normal 0.0653848 -0.99786 0
    outer loop
      vertex 59.1095 -56.4273 4.3
      vertex 58 -56.5 0.3
      vertex 59.1095 -56.4273 0.3
    endloop
  endfacet
  facet normal -0.0653848 -0.99786 0
    outer loop
      vertex 56.8905 -56.4273 0.3
      vertex 58 -56.5 4.3
      vertex 56.8905 -56.4273 4.3
    endloop
  endfacet
  facet normal -0.0653848 -0.99786 -0
    outer loop
      vertex 58 -56.5 4.3
      vertex 56.8905 -56.4273 0.3
      vertex 58 -56.5 0.3
    endloop
  endfacet
  facet normal -0.195078 -0.980788 0
    outer loop
      vertex 55.8 -56.2104 0.3
      vertex 56.8905 -56.4273 4.3
      vertex 55.8 -56.2104 4.3
    endloop
  endfacet
  facet normal -0.195078 -0.980788 -0
    outer loop
      vertex 56.8905 -56.4273 4.3
      vertex 55.8 -56.2104 0.3
      vertex 56.8905 -56.4273 0.3
    endloop
  endfacet
  facet normal -0.321458 -0.946924 0
    outer loop
      vertex 54.7472 -55.853 0.3
      vertex 55.8 -56.2104 4.3
      vertex 54.7472 -55.853 4.3
    endloop
  endfacet
  facet normal -0.321458 -0.946924 -0
    outer loop
      vertex 55.8 -56.2104 4.3
      vertex 54.7472 -55.853 0.3
      vertex 55.8 -56.2104 0.3
    endloop
  endfacet
  facet normal -0.442314 -0.89686 0
    outer loop
      vertex 53.75 -55.3612 0.3
      vertex 54.7472 -55.853 4.3
      vertex 53.75 -55.3612 4.3
    endloop
  endfacet
  facet normal -0.442314 -0.89686 -0
    outer loop
      vertex 54.7472 -55.853 4.3
      vertex 53.75 -55.3612 0.3
      vertex 54.7472 -55.853 0.3
    endloop
  endfacet
  facet normal -0.555551 -0.831483 0
    outer loop
      vertex 52.8255 -54.7435 0.3
      vertex 53.75 -55.3612 4.3
      vertex 52.8255 -54.7435 4.3
    endloop
  endfacet
  facet normal -0.555551 -0.831483 -0
    outer loop
      vertex 53.75 -55.3612 4.3
      vertex 52.8255 -54.7435 0.3
      vertex 53.75 -55.3612 0.3
    endloop
  endfacet
  facet normal -0.659364 -0.751824 0
    outer loop
      vertex 51.9896 -54.0104 0.3
      vertex 52.8255 -54.7435 4.3
      vertex 51.9896 -54.0104 4.3
    endloop
  endfacet
  facet normal -0.659364 -0.751824 -0
    outer loop
      vertex 52.8255 -54.7435 4.3
      vertex 51.9896 -54.0104 0.3
      vertex 52.8255 -54.7435 0.3
    endloop
  endfacet
  facet normal -0.751824 -0.659364 0
    outer loop
      vertex 51.9896 -54.0104 0.3
      vertex 51.2565 -53.1745 4.3
      vertex 51.2565 -53.1745 0.3
    endloop
  endfacet
  facet normal -0.751824 -0.659364 0
    outer loop
      vertex 51.2565 -53.1745 4.3
      vertex 51.9896 -54.0104 0.3
      vertex 51.9896 -54.0104 4.3
    endloop
  endfacet
  facet normal -0.831483 -0.555551 0
    outer loop
      vertex 51.2565 -53.1745 0.3
      vertex 50.6388 -52.25 4.3
      vertex 50.6388 -52.25 0.3
    endloop
  endfacet
  facet normal -0.831483 -0.555551 0
    outer loop
      vertex 50.6388 -52.25 4.3
      vertex 51.2565 -53.1745 0.3
      vertex 51.2565 -53.1745 4.3
    endloop
  endfacet
  facet normal -0.89686 -0.442314 0
    outer loop
      vertex 50.6388 -52.25 0.3
      vertex 50.147 -51.2528 4.3
      vertex 50.147 -51.2528 0.3
    endloop
  endfacet
  facet normal -0.89686 -0.442314 0
    outer loop
      vertex 50.147 -51.2528 4.3
      vertex 50.6388 -52.25 0.3
      vertex 50.6388 -52.25 4.3
    endloop
  endfacet
  facet normal -0.946924 -0.321458 0
    outer loop
      vertex 50.147 -51.2528 0.3
      vertex 49.7896 -50.2 4.3
      vertex 49.7896 -50.2 0.3
    endloop
  endfacet
  facet normal -0.946924 -0.321458 0
    outer loop
      vertex 49.7896 -50.2 4.3
      vertex 50.147 -51.2528 0.3
      vertex 50.147 -51.2528 4.3
    endloop
  endfacet
  facet normal -0.980788 -0.195078 0
    outer loop
      vertex 49.7896 -50.2 0.3
      vertex 49.5727 -49.1095 4.3
      vertex 49.5727 -49.1095 0.3
    endloop
  endfacet
  facet normal -0.980788 -0.195078 0
    outer loop
      vertex 49.5727 -49.1095 4.3
      vertex 49.7896 -50.2 0.3
      vertex 49.7896 -50.2 4.3
    endloop
  endfacet
  facet normal -0.99786 -0.0653848 0
    outer loop
      vertex 49.5727 -49.1095 0.3
      vertex 49.5 -48 4.3
      vertex 49.5 -48 0.3
    endloop
  endfacet
  facet normal -0.99786 -0.0653848 0
    outer loop
      vertex 49.5 -48 4.3
      vertex 49.5727 -49.1095 0.3
      vertex 49.5727 -49.1095 4.3
    endloop
  endfacet
  facet normal -0.99786 0.0653848 0
    outer loop
      vertex 49.5 -48 0.3
      vertex 49.5727 -46.8905 4.3
      vertex 49.5727 -46.8905 0.3
    endloop
  endfacet
  facet normal -0.99786 0.0653848 0
    outer loop
      vertex 49.5727 -46.8905 4.3
      vertex 49.5 -48 0.3
      vertex 49.5 -48 4.3
    endloop
  endfacet
  facet normal 0 0 1
    outer loop
      vertex 54.1363 -49.0353 5.7
      vertex 51.4886 -50.5485 5.7
      vertex 54.2792 -49.4563 5.7
    endloop
  endfacet
  facet normal 0 0 1
    outer loop
      vertex 51.0867 -49.0486 5.7
      vertex 54.1363 -49.0353 5.7
      vertex 54.0496 -48.5992 5.7
    endloop
  endfacet
  facet normal 0 0 1
    outer loop
      vertex 54.1363 -49.0353 5.7
      vertex 51.2385 -49.8117 5.7
      vertex 51.4886 -50.5485 5.7
    endloop
  endfacet
  facet normal 0 0 1
    outer loop
      vertex 54.1363 -49.0353 5.7
      vertex 51.0867 -49.0486 5.7
      vertex 51.2385 -49.8117 5.7
    endloop
  endfacet
  facet normal 0 0 1
    outer loop
      vertex 51.4886 -45.4515 5.7
      vertex 54.1363 -46.9647 5.7
      vertex 54.2792 -46.5437 5.7
    endloop
  endfacet
  facet normal -0 0 1
    outer loop
      vertex 51.2385 -46.1883 5.7
      vertex 54.1363 -46.9647 5.7
      vertex 51.4886 -45.4515 5.7
    endloop
  endfacet
  facet normal -0 0 1
    outer loop
      vertex 51.0867 -46.9514 5.7
      vertex 54.1363 -46.9647 5.7
      vertex 51.2385 -46.1883 5.7
    endloop
  endfacet
  facet normal 0 0 1
    outer loop
      vertex 54.1363 -46.9647 5.7
      vertex 51.0867 -46.9514 5.7
      vertex 54.0496 -47.4008 5.7
    endloop
  endfacet
  facet normal 0 0 1
    outer loop
      vertex 53.6352 -42.5372 5.7
      vertex 55.1716 -45.1716 5.7
      vertex 55.5059 -44.8784 5.7
    endloop
  endfacet
  facet normal -0 0 1
    outer loop
      vertex 53.0503 -43.0503 5.7
      vertex 55.1716 -45.1716 5.7
      vertex 53.6352 -42.5372 5.7
    endloop
  endfacet
  facet normal -0 0 1
    outer loop
      vertex 52.5373 -43.6352 5.7
      vertex 55.1716 -45.1716 5.7
      vertex 53.0503 -43.0503 5.7
    endloop
  endfacet
  facet normal 0 0 1
    outer loop
      vertex 55.1716 -45.1716 5.7
      vertex 52.5373 -43.6352 5.7
      vertex 54.8784 -45.5058 5.7
    endloop
  endfacet
  facet normal 0 0 1
    outer loop
      vertex 55.1716 -50.8284 5.7
      vertex 53.6352 -53.4627 5.7
      vertex 55.5058 -51.1216 5.7
    endloop
  endfacet
  facet normal 0 0 1
    outer loop
      vertex 52.5372 -52.3648 5.7
      vertex 55.1716 -50.8284 5.7
      vertex 54.8784 -50.4941 5.7
    endloop
  endfacet
  facet normal 0 0 1
    outer loop
      vertex 55.1716 -50.8284 5.7
      vertex 53.0503 -52.9497 5.7
      vertex 53.6352 -53.4627 5.7
    endloop
  endfacet
  facet normal 0 0 1
    outer loop
      vertex 55.1716 -50.8284 5.7
      vertex 52.5372 -52.3648 5.7
      vertex 53.0503 -52.9497 5.7
    endloop
  endfacet
  facet normal 0 0 1
    outer loop
      vertex 56.9514 -41.0867 5.7
      vertex 56.9647 -44.1363 5.7
      vertex 57.4008 -44.0496 5.7
    endloop
  endfacet
  facet normal -0 0 1
    outer loop
      vertex 56.1883 -41.2385 5.7
      vertex 56.9647 -44.1363 5.7
      vertex 56.9514 -41.0867 5.7
    endloop
  endfacet
  facet normal -0 0 1
    outer loop
      vertex 55.4515 -41.4886 5.7
      vertex 56.9647 -44.1363 5.7
      vertex 56.1883 -41.2385 5.7
    endloop
  endfacet
  facet normal 0 0 1
    outer loop
      vertex 56.9647 -44.1363 5.7
      vertex 55.4515 -41.4886 5.7
      vertex 56.5437 -44.2792 5.7
    endloop
  endfacet
  facet normal 0 0 1
    outer loop
      vertex 56.9647 -51.8637 5.7
      vertex 56.9514 -54.9133 5.7
      vertex 57.4008 -51.9504 5.7
    endloop
  endfacet
  facet normal 0 0 1
    outer loop
      vertex 55.4515 -54.5114 5.7
      vertex 56.9647 -51.8637 5.7
      vertex 56.5437 -51.7208 5.7
    endloop
  endfacet
  facet normal 0 0 1
    outer loop
      vertex 56.9647 -51.8637 5.7
      vertex 56.1883 -54.7615 5.7
      vertex 56.9514 -54.9133 5.7
    endloop
  endfacet
  facet normal 0 0 1
    outer loop
      vertex 56.9647 -51.8637 5.7
      vertex 55.4515 -54.5114 5.7
      vertex 56.1883 -54.7615 5.7
    endloop
  endfacet
  facet normal -0 0 1
    outer loop
      vertex 59.0353 -51.8637 5.7
      vertex 60.5485 -54.5114 5.7
      vertex 59.4563 -51.7208 5.7
    endloop
  endfacet
  facet normal 0 0 1
    outer loop
      vertex 60.5485 -54.5114 5.7
      vertex 59.0353 -51.8637 5.7
      vertex 59.8117 -54.7615 5.7
    endloop
  endfacet
  facet normal 0 0 1
    outer loop
      vertex 59.8117 -54.7615 5.7
      vertex 59.0353 -51.8637 5.7
      vertex 59.0486 -54.9133 5.7
    endloop
  endfacet
  facet normal 0 0 1
    outer loop
      vertex 59.0486 -54.9133 5.7
      vertex 59.0353 -51.8637 5.7
      vertex 58.5992 -51.9504 5.7
    endloop
  endfacet
  facet normal 0 0 1
    outer loop
      vertex 60.8284 -50.8284 5.7
      vertex 62.9497 -52.9497 5.7
      vertex 63.4627 -52.3648 5.7
    endloop
  endfacet
  facet normal -0 0 1
    outer loop
      vertex 60.8284 -50.8284 5.7
      vertex 63.4627 -52.3648 5.7
      vertex 61.1216 -50.4942 5.7
    endloop
  endfacet
  facet normal 0 0 1
    outer loop
      vertex 62.9497 -52.9497 5.7
      vertex 60.8284 -50.8284 5.7
      vertex 62.3648 -53.4628 5.7
    endloop
  endfacet
  facet normal 0 0 1
    outer loop
      vertex 62.3648 -53.4628 5.7
      vertex 60.8284 -50.8284 5.7
      vertex 60.4941 -51.1216 5.7
    endloop
  endfacet
  facet normal 0 0 1
    outer loop
      vertex 59.0353 -44.1363 5.7
      vertex 60.5485 -41.4886 5.7
      vertex 59.8117 -41.2385 5.7
    endloop
  endfacet
  facet normal 0 0 1
    outer loop
      vertex 59.0353 -44.1363 5.7
      vertex 59.8117 -41.2385 5.7
      vertex 59.0486 -41.0867 5.7
    endloop
  endfacet
  facet normal 0 0 1
    outer loop
      vertex 60.5485 -41.4886 5.7
      vertex 59.0353 -44.1363 5.7
      vertex 59.4563 -44.2792 5.7
    endloop
  endfacet
  facet normal 0 -0 1
    outer loop
      vertex 59.0353 -44.1363 5.7
      vertex 59.0486 -41.0867 5.7
      vertex 58.5992 -44.0496 5.7
    endloop
  endfacet
  facet normal 0 0 1
    outer loop
      vertex 61.8637 -49.0353 5.7
      vertex 64.7615 -49.8117 5.7
      vertex 64.9133 -49.0486 5.7
    endloop
  endfacet
  facet normal -0 0 1
    outer loop
      vertex 61.8637 -49.0353 5.7
      vertex 64.9133 -49.0486 5.7
      vertex 61.9504 -48.5992 5.7
    endloop
  endfacet
  facet normal 0 0 1
    outer loop
      vertex 64.7615 -49.8117 5.7
      vertex 61.8637 -49.0353 5.7
      vertex 64.5114 -50.5485 5.7
    endloop
  endfacet
  facet normal 0 0 1
    outer loop
      vertex 64.5114 -50.5485 5.7
      vertex 61.8637 -49.0353 5.7
      vertex 61.7208 -49.4563 5.7
    endloop
  endfacet
  facet normal 0 0 1
    outer loop
      vertex 60.8284 -45.1716 5.7
      vertex 62.9497 -43.0503 5.7
      vertex 62.3648 -42.5373 5.7
    endloop
  endfacet
  facet normal 0 0 1
    outer loop
      vertex 62.9497 -43.0503 5.7
      vertex 60.8284 -45.1716 5.7
      vertex 63.4628 -43.6352 5.7
    endloop
  endfacet
  facet normal 0 0 1
    outer loop
      vertex 63.4628 -43.6352 5.7
      vertex 60.8284 -45.1716 5.7
      vertex 61.1216 -45.5059 5.7
    endloop
  endfacet
  facet normal 0 -0 1
    outer loop
      vertex 60.8284 -45.1716 5.7
      vertex 62.3648 -42.5373 5.7
      vertex 60.4942 -44.8784 5.7
    endloop
  endfacet
  facet normal 0 0 1
    outer loop
      vertex 61.8637 -46.9647 5.7
      vertex 64.7615 -46.1883 5.7
      vertex 64.5114 -45.4515 5.7
    endloop
  endfacet
  facet normal 0 0 1
    outer loop
      vertex 64.7615 -46.1883 5.7
      vertex 61.8637 -46.9647 5.7
      vertex 64.9133 -46.9514 5.7
    endloop
  endfacet
  facet normal 0 0 1
    outer loop
      vertex 64.9133 -46.9514 5.7
      vertex 61.8637 -46.9647 5.7
      vertex 61.9504 -47.4008 5.7
    endloop
  endfacet
  facet normal 0 -0 1
    outer loop
      vertex 61.8637 -46.9647 5.7
      vertex 64.5114 -45.4515 5.7
      vertex 61.7208 -46.5437 5.7
    endloop
  endfacet
  facet normal -0.980783 -0.195103 0
    outer loop
      vertex 51.2385 -49.8117 4.3
      vertex 51.0867 -49.0486 5.7
      vertex 51.0867 -49.0486 4.3
    endloop
  endfacet
  facet normal -0.980783 -0.195103 0
    outer loop
      vertex 51.0867 -49.0486 5.7
      vertex 51.2385 -49.8117 4.3
      vertex 51.2385 -49.8117 5.7
    endloop
  endfacet
  facet normal -0.946934 -0.321428 0
    outer loop
      vertex 51.4886 -50.5485 4.3
      vertex 51.2385 -49.8117 5.7
      vertex 51.2385 -49.8117 4.3
    endloop
  endfacet
  facet normal -0.946934 -0.321428 0
    outer loop
      vertex 51.2385 -49.8117 5.7
      vertex 51.4886 -50.5485 4.3
      vertex 51.4886 -50.5485 5.7
    endloop
  endfacet
  facet normal 0.364465 -0.931217 0
    outer loop
      vertex 51.4886 -50.5485 4.3
      vertex 54.2792 -49.4563 5.7
      vertex 51.4886 -50.5485 5.7
    endloop
  endfacet
  facet normal 0.364465 -0.931217 0
    outer loop
      vertex 54.2792 -49.4563 5.7
      vertex 51.4886 -50.5485 4.3
      vertex 54.2792 -49.4563 4.3
    endloop
  endfacet
  facet normal 0.946937 0.321419 0
    outer loop
      vertex 54.2792 -49.4563 5.7
      vertex 54.1363 -49.0353 4.3
      vertex 54.1363 -49.0353 5.7
    endloop
  endfacet
  facet normal 0.946937 0.321419 0
    outer loop
      vertex 54.1363 -49.0353 4.3
      vertex 54.2792 -49.4563 5.7
      vertex 54.2792 -49.4563 4.3
    endloop
  endfacet
  facet normal 0.980805 0.194991 0
    outer loop
      vertex 54.1363 -49.0353 5.7
      vertex 54.0496 -48.5992 4.3
      vertex 54.0496 -48.5992 5.7
    endloop
  endfacet
  facet normal 0.980805 0.194991 0
    outer loop
      vertex 54.0496 -48.5992 4.3
      vertex 54.1363 -49.0353 5.7
      vertex 54.1363 -49.0353 4.3
    endloop
  endfacet
  facet normal -0.149961 0.988692 0
    outer loop
      vertex 54.0496 -48.5992 4.3
      vertex 51.0867 -49.0486 5.7
      vertex 54.0496 -48.5992 5.7
    endloop
  endfacet
  facet normal -0.149961 0.988692 0
    outer loop
      vertex 51.0867 -49.0486 5.7
      vertex 54.0496 -48.5992 4.3
      vertex 51.0867 -49.0486 4.3
    endloop
  endfacet
  facet normal -0.946934 0.321428 0
    outer loop
      vertex 51.2385 -46.1883 4.3
      vertex 51.4886 -45.4515 5.7
      vertex 51.4886 -45.4515 4.3
    endloop
  endfacet
  facet normal -0.946934 0.321428 0
    outer loop
      vertex 51.4886 -45.4515 5.7
      vertex 51.2385 -46.1883 4.3
      vertex 51.2385 -46.1883 5.7
    endloop
  endfacet
  facet normal -0.980783 0.195103 0
    outer loop
      vertex 51.0867 -46.9514 4.3
      vertex 51.2385 -46.1883 5.7
      vertex 51.2385 -46.1883 4.3
    endloop
  endfacet
  facet normal -0.980783 0.195103 0
    outer loop
      vertex 51.2385 -46.1883 5.7
      vertex 51.0867 -46.9514 4.3
      vertex 51.0867 -46.9514 5.7
    endloop
  endfacet
  facet normal -0.149961 -0.988692 0
    outer loop
      vertex 51.0867 -46.9514 4.3
      vertex 54.0496 -47.4008 5.7
      vertex 51.0867 -46.9514 5.7
    endloop
  endfacet
  facet normal -0.149961 -0.988692 -0
    outer loop
      vertex 54.0496 -47.4008 5.7
      vertex 51.0867 -46.9514 4.3
      vertex 54.0496 -47.4008 4.3
    endloop
  endfacet
  facet normal 0.980805 -0.194991 0
    outer loop
      vertex 54.0496 -47.4008 5.7
      vertex 54.1363 -46.9647 4.3
      vertex 54.1363 -46.9647 5.7
    endloop
  endfacet
  facet normal 0.980805 -0.194991 0
    outer loop
      vertex 54.1363 -46.9647 4.3
      vertex 54.0496 -47.4008 5.7
      vertex 54.0496 -47.4008 4.3
    endloop
  endfacet
  facet normal 0.946937 -0.321419 0
    outer loop
      vertex 54.1363 -46.9647 5.7
      vertex 54.2792 -46.5437 4.3
      vertex 54.2792 -46.5437 5.7
    endloop
  endfacet
  facet normal 0.946937 -0.321419 0
    outer loop
      vertex 54.2792 -46.5437 4.3
      vertex 54.1363 -46.9647 5.7
      vertex 54.1363 -46.9647 4.3
    endloop
  endfacet
  facet normal 0.364465 0.931217 -0
    outer loop
      vertex 54.2792 -46.5437 4.3
      vertex 51.4886 -45.4515 5.7
      vertex 54.2792 -46.5437 5.7
    endloop
  endfacet
  facet normal 0.364465 0.931217 0
    outer loop
      vertex 51.4886 -45.4515 5.7
      vertex 54.2792 -46.5437 4.3
      vertex 51.4886 -45.4515 4.3
    endloop
  endfacet
  facet normal 0.75181 0.65938 0
    outer loop
      vertex 55.1716 -50.8284 5.7
      vertex 54.8784 -50.4941 4.3
      vertex 54.8784 -50.4941 5.7
    endloop
  endfacet
  facet normal 0.75181 0.65938 0
    outer loop
      vertex 54.8784 -50.4941 4.3
      vertex 55.1716 -50.8284 5.7
      vertex 55.1716 -50.8284 4.3
    endloop
  endfacet
  facet normal -0.624235 0.781237 0
    outer loop
      vertex 54.8784 -50.4941 4.3
      vertex 52.5372 -52.3648 5.7
      vertex 54.8784 -50.4941 5.7
    endloop
  endfacet
  facet normal -0.624235 0.781237 0
    outer loop
      vertex 52.5372 -52.3648 5.7
      vertex 54.8784 -50.4941 4.3
      vertex 52.5372 -52.3648 4.3
    endloop
  endfacet
  facet normal -0.75174 -0.659459 0
    outer loop
      vertex 53.0503 -52.9497 4.3
      vertex 52.5372 -52.3648 5.7
      vertex 52.5372 -52.3648 4.3
    endloop
  endfacet
  facet normal -0.75174 -0.659459 0
    outer loop
      vertex 52.5372 -52.3648 5.7
      vertex 53.0503 -52.9497 4.3
      vertex 53.0503 -52.9497 5.7
    endloop
  endfacet
  facet normal -0.659387 -0.751804 0
    outer loop
      vertex 53.0503 -52.9497 4.3
      vertex 53.6352 -53.4627 5.7
      vertex 53.0503 -52.9497 5.7
    endloop
  endfacet
  facet normal -0.659387 -0.751804 -0
    outer loop
      vertex 53.6352 -53.4627 5.7
      vertex 53.0503 -52.9497 4.3
      vertex 53.6352 -53.4627 4.3
    endloop
  endfacet
  facet normal 0.78124 -0.624231 0
    outer loop
      vertex 53.6352 -53.4627 5.7
      vertex 55.5058 -51.1216 4.3
      vertex 55.5058 -51.1216 5.7
    endloop
  endfacet
  facet normal 0.78124 -0.624231 0
    outer loop
      vertex 55.5058 -51.1216 4.3
      vertex 53.6352 -53.4627 5.7
      vertex 53.6352 -53.4627 4.3
    endloop
  endfacet
  facet normal 0.659491 0.751712 -0
    outer loop
      vertex 55.5058 -51.1216 4.3
      vertex 55.1716 -50.8284 5.7
      vertex 55.5058 -51.1216 5.7
    endloop
  endfacet
  facet normal 0.659491 0.751712 0
    outer loop
      vertex 55.1716 -50.8284 5.7
      vertex 55.5058 -51.1216 4.3
      vertex 55.1716 -50.8284 4.3
    endloop
  endfacet
  facet normal -0.659459 0.75174 0
    outer loop
      vertex 53.6352 -42.5372 4.3
      vertex 53.0503 -43.0503 5.7
      vertex 53.6352 -42.5372 5.7
    endloop
  endfacet
  facet normal -0.659459 0.75174 0
    outer loop
      vertex 53.0503 -43.0503 5.7
      vertex 53.6352 -42.5372 4.3
      vertex 53.0503 -43.0503 4.3
    endloop
  endfacet
  facet normal -0.751804 0.659387 0
    outer loop
      vertex 52.5373 -43.6352 4.3
      vertex 53.0503 -43.0503 5.7
      vertex 53.0503 -43.0503 4.3
    endloop
  endfacet
  facet normal -0.751804 0.659387 0
    outer loop
      vertex 53.0503 -43.0503 5.7
      vertex 52.5373 -43.6352 4.3
      vertex 52.5373 -43.6352 5.7
    endloop
  endfacet
  facet normal -0.624231 -0.78124 0
    outer loop
      vertex 52.5373 -43.6352 4.3
      vertex 54.8784 -45.5058 5.7
      vertex 52.5373 -43.6352 5.7
    endloop
  endfacet
  facet normal -0.624231 -0.78124 -0
    outer loop
      vertex 54.8784 -45.5058 5.7
      vertex 52.5373 -43.6352 4.3
      vertex 54.8784 -45.5058 4.3
    endloop
  endfacet
  facet normal 0.751712 -0.659491 0
    outer loop
      vertex 54.8784 -45.5058 5.7
      vertex 55.1716 -45.1716 4.3
      vertex 55.1716 -45.1716 5.7
    endloop
  endfacet
  facet normal 0.751712 -0.659491 0
    outer loop
      vertex 55.1716 -45.1716 4.3
      vertex 54.8784 -45.5058 5.7
      vertex 54.8784 -45.5058 4.3
    endloop
  endfacet
  facet normal 0.65938 -0.75181 0
    outer loop
      vertex 55.1716 -45.1716 4.3
      vertex 55.5059 -44.8784 5.7
      vertex 55.1716 -45.1716 5.7
    endloop
  endfacet
  facet normal 0.65938 -0.75181 0
    outer loop
      vertex 55.5059 -44.8784 5.7
      vertex 55.1716 -45.1716 4.3
      vertex 55.5059 -44.8784 4.3
    endloop
  endfacet
  facet normal 0.781237 0.624235 0
    outer loop
      vertex 55.5059 -44.8784 5.7
      vertex 53.6352 -42.5372 4.3
      vertex 53.6352 -42.5372 5.7
    endloop
  endfacet
  facet normal 0.781237 0.624235 0
    outer loop
      vertex 53.6352 -42.5372 4.3
      vertex 55.5059 -44.8784 5.7
      vertex 55.5059 -44.8784 4.3
    endloop
  endfacet
  facet normal 0.321419 0.946937 -0
    outer loop
      vertex 56.9647 -51.8637 4.3
      vertex 56.5437 -51.7208 5.7
      vertex 56.9647 -51.8637 5.7
    endloop
  endfacet
  facet normal 0.321419 0.946937 0
    outer loop
      vertex 56.5437 -51.7208 5.7
      vertex 56.9647 -51.8637 4.3
      vertex 56.5437 -51.7208 4.3
    endloop
  endfacet
  facet normal -0.931217 0.364465 0
    outer loop
      vertex 55.4515 -54.5114 4.3
      vertex 56.5437 -51.7208 5.7
      vertex 56.5437 -51.7208 4.3
    endloop
  endfacet
  facet normal -0.931217 0.364465 0
    outer loop
      vertex 56.5437 -51.7208 5.7
      vertex 55.4515 -54.5114 4.3
      vertex 55.4515 -54.5114 5.7
    endloop
  endfacet
  facet normal -0.321428 -0.946934 0
    outer loop
      vertex 55.4515 -54.5114 4.3
      vertex 56.1883 -54.7615 5.7
      vertex 55.4515 -54.5114 5.7
    endloop
  endfacet
  facet normal -0.321428 -0.946934 -0
    outer loop
      vertex 56.1883 -54.7615 5.7
      vertex 55.4515 -54.5114 4.3
      vertex 56.1883 -54.7615 4.3
    endloop
  endfacet
  facet normal -0.195103 -0.980783 0
    outer loop
      vertex 56.1883 -54.7615 4.3
      vertex 56.9514 -54.9133 5.7
      vertex 56.1883 -54.7615 5.7
    endloop
  endfacet
  facet normal -0.195103 -0.980783 -0
    outer loop
      vertex 56.9514 -54.9133 5.7
      vertex 56.1883 -54.7615 4.3
      vertex 56.9514 -54.9133 4.3
    endloop
  endfacet
  facet normal 0.988692 -0.149961 0
    outer loop
      vertex 56.9514 -54.9133 5.7
      vertex 57.4008 -51.9504 4.3
      vertex 57.4008 -51.9504 5.7
    endloop
  endfacet
  facet normal 0.988692 -0.149961 0
    outer loop
      vertex 57.4008 -51.9504 4.3
      vertex 56.9514 -54.9133 5.7
      vertex 56.9514 -54.9133 4.3
    endloop
  endfacet
  facet normal 0.194991 0.980805 -0
    outer loop
      vertex 57.4008 -51.9504 4.3
      vertex 56.9647 -51.8637 5.7
      vertex 57.4008 -51.9504 5.7
    endloop
  endfacet
  facet normal 0.194991 0.980805 0
    outer loop
      vertex 56.9647 -51.8637 5.7
      vertex 57.4008 -51.9504 4.3
      vertex 56.9647 -51.8637 4.3
    endloop
  endfacet
  facet normal -0.321428 0.946934 0
    outer loop
      vertex 56.1883 -41.2385 4.3
      vertex 55.4515 -41.4886 5.7
      vertex 56.1883 -41.2385 5.7
    endloop
  endfacet
  facet normal -0.321428 0.946934 0
    outer loop
      vertex 55.4515 -41.4886 5.7
      vertex 56.1883 -41.2385 4.3
      vertex 55.4515 -41.4886 4.3
    endloop
  endfacet
  facet normal -0.931217 -0.364465 0
    outer loop
      vertex 56.5437 -44.2792 4.3
      vertex 55.4515 -41.4886 5.7
      vertex 55.4515 -41.4886 4.3
    endloop
  endfacet
  facet normal -0.931217 -0.364465 0
    outer loop
      vertex 55.4515 -41.4886 5.7
      vertex 56.5437 -44.2792 4.3
      vertex 56.5437 -44.2792 5.7
    endloop
  endfacet
  facet normal 0.321419 -0.946937 0
    outer loop
      vertex 56.5437 -44.2792 4.3
      vertex 56.9647 -44.1363 5.7
      vertex 56.5437 -44.2792 5.7
    endloop
  endfacet
  facet normal 0.321419 -0.946937 0
    outer loop
      vertex 56.9647 -44.1363 5.7
      vertex 56.5437 -44.2792 4.3
      vertex 56.9647 -44.1363 4.3
    endloop
  endfacet
  facet normal 0.194991 -0.980805 0
    outer loop
      vertex 56.9647 -44.1363 4.3
      vertex 57.4008 -44.0496 5.7
      vertex 56.9647 -44.1363 5.7
    endloop
  endfacet
  facet normal 0.194991 -0.980805 0
    outer loop
      vertex 57.4008 -44.0496 5.7
      vertex 56.9647 -44.1363 4.3
      vertex 57.4008 -44.0496 4.3
    endloop
  endfacet
  facet normal 0.988692 0.149961 0
    outer loop
      vertex 57.4008 -44.0496 5.7
      vertex 56.9514 -41.0867 4.3
      vertex 56.9514 -41.0867 5.7
    endloop
  endfacet
  facet normal 0.988692 0.149961 0
    outer loop
      vertex 56.9514 -41.0867 4.3
      vertex 57.4008 -44.0496 5.7
      vertex 57.4008 -44.0496 4.3
    endloop
  endfacet
  facet normal -0.195103 0.980783 0
    outer loop
      vertex 56.9514 -41.0867 4.3
      vertex 56.1883 -41.2385 5.7
      vertex 56.9514 -41.0867 5.7
    endloop
  endfacet
  facet normal -0.195103 0.980783 0
    outer loop
      vertex 56.1883 -41.2385 5.7
      vertex 56.9514 -41.0867 4.3
      vertex 56.1883 -41.2385 4.3
    endloop
  endfacet
  facet normal -0.321419 0.946937 0
    outer loop
      vertex 59.4563 -51.7208 4.3
      vertex 59.0353 -51.8637 5.7
      vertex 59.4563 -51.7208 5.7
    endloop
  endfacet
  facet normal -0.321419 0.946937 0
    outer loop
      vertex 59.0353 -51.8637 5.7
      vertex 59.4563 -51.7208 4.3
      vertex 59.0353 -51.8637 4.3
    endloop
  endfacet
  facet normal -0.194991 0.980805 0
    outer loop
      vertex 59.0353 -51.8637 4.3
      vertex 58.5992 -51.9504 5.7
      vertex 59.0353 -51.8637 5.7
    endloop
  endfacet
  facet normal -0.194991 0.980805 0
    outer loop
      vertex 58.5992 -51.9504 5.7
      vertex 59.0353 -51.8637 4.3
      vertex 58.5992 -51.9504 4.3
    endloop
  endfacet
  facet normal -0.988692 -0.149961 0
    outer loop
      vertex 59.0486 -54.9133 4.3
      vertex 58.5992 -51.9504 5.7
      vertex 58.5992 -51.9504 4.3
    endloop
  endfacet
  facet normal -0.988692 -0.149961 0
    outer loop
      vertex 58.5992 -51.9504 5.7
      vertex 59.0486 -54.9133 4.3
      vertex 59.0486 -54.9133 5.7
    endloop
  endfacet
  facet normal 0.195103 -0.980783 0
    outer loop
      vertex 59.0486 -54.9133 4.3
      vertex 59.8117 -54.7615 5.7
      vertex 59.0486 -54.9133 5.7
    endloop
  endfacet
  facet normal 0.195103 -0.980783 0
    outer loop
      vertex 59.8117 -54.7615 5.7
      vertex 59.0486 -54.9133 4.3
      vertex 59.8117 -54.7615 4.3
    endloop
  endfacet
  facet normal 0.321428 -0.946934 0
    outer loop
      vertex 59.8117 -54.7615 4.3
      vertex 60.5485 -54.5114 5.7
      vertex 59.8117 -54.7615 5.7
    endloop
  endfacet
  facet normal 0.321428 -0.946934 0
    outer loop
      vertex 60.5485 -54.5114 5.7
      vertex 59.8117 -54.7615 4.3
      vertex 60.5485 -54.5114 4.3
    endloop
  endfacet
  facet normal 0.931217 0.364465 0
    outer loop
      vertex 60.5485 -54.5114 5.7
      vertex 59.4563 -51.7208 4.3
      vertex 59.4563 -51.7208 5.7
    endloop
  endfacet
  facet normal 0.931217 0.364465 0
    outer loop
      vertex 59.4563 -51.7208 4.3
      vertex 60.5485 -54.5114 5.7
      vertex 60.5485 -54.5114 4.3
    endloop
  endfacet
  facet normal -0.751712 0.659491 0
    outer loop
      vertex 60.8284 -50.8284 4.3
      vertex 61.1216 -50.4942 5.7
      vertex 61.1216 -50.4942 4.3
    endloop
  endfacet
  facet normal -0.751712 0.659491 0
    outer loop
      vertex 61.1216 -50.4942 5.7
      vertex 60.8284 -50.8284 4.3
      vertex 60.8284 -50.8284 5.7
    endloop
  endfacet
  facet normal -0.65938 0.75181 0
    outer loop
      vertex 60.8284 -50.8284 4.3
      vertex 60.4941 -51.1216 5.7
      vertex 60.8284 -50.8284 5.7
    endloop
  endfacet
  facet normal -0.65938 0.75181 0
    outer loop
      vertex 60.4941 -51.1216 5.7
      vertex 60.8284 -50.8284 4.3
      vertex 60.4941 -51.1216 4.3
    endloop
  endfacet
  facet normal -0.781237 -0.624235 0
    outer loop
      vertex 62.3648 -53.4628 4.3
      vertex 60.4941 -51.1216 5.7
      vertex 60.4941 -51.1216 4.3
    endloop
  endfacet
  facet normal -0.781237 -0.624235 0
    outer loop
      vertex 60.4941 -51.1216 5.7
      vertex 62.3648 -53.4628 4.3
      vertex 62.3648 -53.4628 5.7
    endloop
  endfacet
  facet normal 0.659459 -0.75174 0
    outer loop
      vertex 62.3648 -53.4628 4.3
      vertex 62.9497 -52.9497 5.7
      vertex 62.3648 -53.4628 5.7
    endloop
  endfacet
  facet normal 0.659459 -0.75174 0
    outer loop
      vertex 62.9497 -52.9497 5.7
      vertex 62.3648 -53.4628 4.3
      vertex 62.9497 -52.9497 4.3
    endloop
  endfacet
  facet normal 0.751804 -0.659387 0
    outer loop
      vertex 62.9497 -52.9497 5.7
      vertex 63.4627 -52.3648 4.3
      vertex 63.4627 -52.3648 5.7
    endloop
  endfacet
  facet normal 0.751804 -0.659387 0
    outer loop
      vertex 63.4627 -52.3648 4.3
      vertex 62.9497 -52.9497 5.7
      vertex 62.9497 -52.9497 4.3
    endloop
  endfacet
  facet normal 0.624231 0.78124 -0
    outer loop
      vertex 63.4627 -52.3648 4.3
      vertex 61.1216 -50.4942 5.7
      vertex 63.4627 -52.3648 5.7
    endloop
  endfacet
  facet normal 0.624231 0.78124 0
    outer loop
      vertex 61.1216 -50.4942 5.7
      vertex 63.4627 -52.3648 4.3
      vertex 61.1216 -50.4942 4.3
    endloop
  endfacet
  facet normal 0.195103 0.980783 -0
    outer loop
      vertex 59.8117 -41.2385 4.3
      vertex 59.0486 -41.0867 5.7
      vertex 59.8117 -41.2385 5.7
    endloop
  endfacet
  facet normal 0.195103 0.980783 0
    outer loop
      vertex 59.0486 -41.0867 5.7
      vertex 59.8117 -41.2385 4.3
      vertex 59.0486 -41.0867 4.3
    endloop
  endfacet
  facet normal -0.988692 0.149961 0
    outer loop
      vertex 58.5992 -44.0496 4.3
      vertex 59.0486 -41.0867 5.7
      vertex 59.0486 -41.0867 4.3
    endloop
  endfacet
  facet normal -0.988692 0.149961 0
    outer loop
      vertex 59.0486 -41.0867 5.7
      vertex 58.5992 -44.0496 4.3
      vertex 58.5992 -44.0496 5.7
    endloop
  endfacet
  facet normal -0.194991 -0.980805 0
    outer loop
      vertex 58.5992 -44.0496 4.3
      vertex 59.0353 -44.1363 5.7
      vertex 58.5992 -44.0496 5.7
    endloop
  endfacet
  facet normal -0.194991 -0.980805 -0
    outer loop
      vertex 59.0353 -44.1363 5.7
      vertex 58.5992 -44.0496 4.3
      vertex 59.0353 -44.1363 4.3
    endloop
  endfacet
  facet normal -0.321419 -0.946937 0
    outer loop
      vertex 59.0353 -44.1363 4.3
      vertex 59.4563 -44.2792 5.7
      vertex 59.0353 -44.1363 5.7
    endloop
  endfacet
  facet normal -0.321419 -0.946937 -0
    outer loop
      vertex 59.4563 -44.2792 5.7
      vertex 59.0353 -44.1363 4.3
      vertex 59.4563 -44.2792 4.3
    endloop
  endfacet
  facet normal 0.931217 -0.364465 0
    outer loop
      vertex 59.4563 -44.2792 5.7
      vertex 60.5485 -41.4886 4.3
      vertex 60.5485 -41.4886 5.7
    endloop
  endfacet
  facet normal 0.931217 -0.364465 0
    outer loop
      vertex 60.5485 -41.4886 4.3
      vertex 59.4563 -44.2792 5.7
      vertex 59.4563 -44.2792 4.3
    endloop
  endfacet
  facet normal 0.321428 0.946934 -0
    outer loop
      vertex 60.5485 -41.4886 4.3
      vertex 59.8117 -41.2385 5.7
      vertex 60.5485 -41.4886 5.7
    endloop
  endfacet
  facet normal 0.321428 0.946934 0
    outer loop
      vertex 59.8117 -41.2385 5.7
      vertex 60.5485 -41.4886 4.3
      vertex 59.8117 -41.2385 4.3
    endloop
  endfacet
  facet normal -0.980805 0.194991 0
    outer loop
      vertex 61.8637 -49.0353 4.3
      vertex 61.9504 -48.5992 5.7
      vertex 61.9504 -48.5992 4.3
    endloop
  endfacet
  facet normal -0.980805 0.194991 0
    outer loop
      vertex 61.9504 -48.5992 5.7
      vertex 61.8637 -49.0353 4.3
      vertex 61.8637 -49.0353 5.7
    endloop
  endfacet
  facet normal -0.946937 0.321419 0
    outer loop
      vertex 61.7208 -49.4563 4.3
      vertex 61.8637 -49.0353 5.7
      vertex 61.8637 -49.0353 4.3
    endloop
  endfacet
  facet normal -0.946937 0.321419 0
    outer loop
      vertex 61.8637 -49.0353 5.7
      vertex 61.7208 -49.4563 4.3
      vertex 61.7208 -49.4563 5.7
    endloop
  endfacet
  facet normal -0.364465 -0.931217 0
    outer loop
      vertex 61.7208 -49.4563 4.3
      vertex 64.5114 -50.5485 5.7
      vertex 61.7208 -49.4563 5.7
    endloop
  endfacet
  facet normal -0.364465 -0.931217 -0
    outer loop
      vertex 64.5114 -50.5485 5.7
      vertex 61.7208 -49.4563 4.3
      vertex 64.5114 -50.5485 4.3
    endloop
  endfacet
  facet normal 0.946934 -0.321428 0
    outer loop
      vertex 64.5114 -50.5485 5.7
      vertex 64.7615 -49.8117 4.3
      vertex 64.7615 -49.8117 5.7
    endloop
  endfacet
  facet normal 0.946934 -0.321428 0
    outer loop
      vertex 64.7615 -49.8117 4.3
      vertex 64.5114 -50.5485 5.7
      vertex 64.5114 -50.5485 4.3
    endloop
  endfacet
  facet normal 0.980783 -0.195103 0
    outer loop
      vertex 64.7615 -49.8117 5.7
      vertex 64.9133 -49.0486 4.3
      vertex 64.9133 -49.0486 5.7
    endloop
  endfacet
  facet normal 0.980783 -0.195103 0
    outer loop
      vertex 64.9133 -49.0486 4.3
      vertex 64.7615 -49.8117 5.7
      vertex 64.7615 -49.8117 4.3
    endloop
  endfacet
  facet normal 0.149961 0.988692 -0
    outer loop
      vertex 64.9133 -49.0486 4.3
      vertex 61.9504 -48.5992 5.7
      vertex 64.9133 -49.0486 5.7
    endloop
  endfacet
  facet normal 0.149961 0.988692 0
    outer loop
      vertex 61.9504 -48.5992 5.7
      vertex 64.9133 -49.0486 4.3
      vertex 61.9504 -48.5992 4.3
    endloop
  endfacet
  facet normal 0.659387 0.751804 -0
    outer loop
      vertex 62.9497 -43.0503 4.3
      vertex 62.3648 -42.5373 5.7
      vertex 62.9497 -43.0503 5.7
    endloop
  endfacet
  facet normal 0.659387 0.751804 0
    outer loop
      vertex 62.3648 -42.5373 5.7
      vertex 62.9497 -43.0503 4.3
      vertex 62.3648 -42.5373 4.3
    endloop
  endfacet
  facet normal -0.78124 0.624231 0
    outer loop
      vertex 60.4942 -44.8784 4.3
      vertex 62.3648 -42.5373 5.7
      vertex 62.3648 -42.5373 4.3
    endloop
  endfacet
  facet normal -0.78124 0.624231 0
    outer loop
      vertex 62.3648 -42.5373 5.7
      vertex 60.4942 -44.8784 4.3
      vertex 60.4942 -44.8784 5.7
    endloop
  endfacet
  facet normal -0.659491 -0.751712 0
    outer loop
      vertex 60.4942 -44.8784 4.3
      vertex 60.8284 -45.1716 5.7
      vertex 60.4942 -44.8784 5.7
    endloop
  endfacet
  facet normal -0.659491 -0.751712 -0
    outer loop
      vertex 60.8284 -45.1716 5.7
      vertex 60.4942 -44.8784 4.3
      vertex 60.8284 -45.1716 4.3
    endloop
  endfacet
  facet normal -0.75181 -0.65938 0
    outer loop
      vertex 61.1216 -45.5059 4.3
      vertex 60.8284 -45.1716 5.7
      vertex 60.8284 -45.1716 4.3
    endloop
  endfacet
  facet normal -0.75181 -0.65938 0
    outer loop
      vertex 60.8284 -45.1716 5.7
      vertex 61.1216 -45.5059 4.3
      vertex 61.1216 -45.5059 5.7
    endloop
  endfacet
  facet normal 0.624235 -0.781237 0
    outer loop
      vertex 61.1216 -45.5059 4.3
      vertex 63.4628 -43.6352 5.7
      vertex 61.1216 -45.5059 5.7
    endloop
  endfacet
  facet normal 0.624235 -0.781237 0
    outer loop
      vertex 63.4628 -43.6352 5.7
      vertex 61.1216 -45.5059 4.3
      vertex 63.4628 -43.6352 4.3
    endloop
  endfacet
  facet normal 0.75174 0.659459 0
    outer loop
      vertex 63.4628 -43.6352 5.7
      vertex 62.9497 -43.0503 4.3
      vertex 62.9497 -43.0503 5.7
    endloop
  endfacet
  facet normal 0.75174 0.659459 0
    outer loop
      vertex 62.9497 -43.0503 4.3
      vertex 63.4628 -43.6352 5.7
      vertex 63.4628 -43.6352 4.3
    endloop
  endfacet
  facet normal -0.364465 0.931217 0
    outer loop
      vertex 64.5114 -45.4515 4.3
      vertex 61.7208 -46.5437 5.7
      vertex 64.5114 -45.4515 5.7
    endloop
  endfacet
  facet normal -0.364465 0.931217 0
    outer loop
      vertex 61.7208 -46.5437 5.7
      vertex 64.5114 -45.4515 4.3
      vertex 61.7208 -46.5437 4.3
    endloop
  endfacet
  facet normal -0.946937 -0.321419 0
    outer loop
      vertex 61.8637 -46.9647 4.3
      vertex 61.7208 -46.5437 5.7
      vertex 61.7208 -46.5437 4.3
    endloop
  endfacet
  facet normal -0.946937 -0.321419 0
    outer loop
      vertex 61.7208 -46.5437 5.7
      vertex 61.8637 -46.9647 4.3
      vertex 61.8637 -46.9647 5.7
    endloop
  endfacet
  facet normal -0.980805 -0.194991 0
    outer loop
      vertex 61.9504 -47.4008 4.3
      vertex 61.8637 -46.9647 5.7
      vertex 61.8637 -46.9647 4.3
    endloop
  endfacet
  facet normal -0.980805 -0.194991 0
    outer loop
      vertex 61.8637 -46.9647 5.7
      vertex 61.9504 -47.4008 4.3
      vertex 61.9504 -47.4008 5.7
    endloop
  endfacet
  facet normal 0.149961 -0.988692 0
    outer loop
      vertex 61.9504 -47.4008 4.3
      vertex 64.9133 -46.9514 5.7
      vertex 61.9504 -47.4008 5.7
    endloop
  endfacet
  facet normal 0.149961 -0.988692 0
    outer loop
      vertex 64.9133 -46.9514 5.7
      vertex 61.9504 -47.4008 4.3
      vertex 64.9133 -46.9514 4.3
    endloop
  endfacet
  facet normal 0.980783 0.195103 0
    outer loop
      vertex 64.9133 -46.9514 5.7
      vertex 64.7615 -46.1883 4.3
      vertex 64.7615 -46.1883 5.7
    endloop
  endfacet
  facet normal 0.980783 0.195103 0
    outer loop
      vertex 64.7615 -46.1883 4.3
      vertex 64.9133 -46.9514 5.7
      vertex 64.9133 -46.9514 4.3
    endloop
  endfacet
  facet normal 0.946934 0.321428 0
    outer loop
      vertex 64.7615 -46.1883 5.7
      vertex 64.5114 -45.4515 4.3
      vertex 64.5114 -45.4515 5.7
    endloop
  endfacet
  facet normal 0.946934 0.321428 0
    outer loop
      vertex 64.5114 -45.4515 4.3
      vertex 64.7615 -46.1883 5.7
      vertex 64.7615 -46.1883 4.3
    endloop
  endfacet
  facet normal 0 1 -0
    outer loop
      vertex 61 2 0
      vertex 54 2 10
      vertex 61 2 10
    endloop
  endfacet
  facet normal 0 1 0
    outer loop
      vertex 54 2 10
      vertex 61 2 0
      vertex 54 2 0
    endloop
  endfacet
  facet normal -1 0 0
    outer loop
      vertex 54 2 0
      vertex 54 0.125 5
      vertex 54 2 10
    endloop
  endfacet
  facet normal -1 0 0
    outer loop
      vertex 54 2 0
      vertex 54 0.0982647 4.59211
      vertex 54 0.125 5
    endloop
  endfacet
  facet normal -1 0 0
    outer loop
      vertex 54 2 0
      vertex 54 0.0185175 4.19119
      vertex 54 0.0982647 4.59211
    endloop
  endfacet
  facet normal -1 0 0
    outer loop
      vertex 54 2 0
      vertex 54 -0.112877 3.80411
      vertex 54 0.0185175 4.19119
    endloop
  endfacet
  facet normal -1 0 0
    outer loop
      vertex 54 2 0
      vertex 54 -0.293671 3.4375
      vertex 54 -0.112877 3.80411
    endloop
  endfacet
  facet normal -1 0 0
    outer loop
      vertex 54 2 0
      vertex 54 -0.520771 3.09762
      vertex 54 -0.293671 3.4375
    endloop
  endfacet
  facet normal -1 0 0
    outer loop
      vertex 54 2 0
      vertex 54 -0.790292 2.79029
      vertex 54 -0.520771 3.09762
    endloop
  endfacet
  facet normal -1 0 0
    outer loop
      vertex 54 2 0
      vertex 54 -1.09762 2.52077
      vertex 54 -0.790292 2.79029
    endloop
  endfacet
  facet normal -1 0 0
    outer loop
      vertex 54 2 0
      vertex 54 -1.4375 2.29367
      vertex 54 -1.09762 2.52077
    endloop
  endfacet
  facet normal -1 0 0
    outer loop
      vertex 54 2 0
      vertex 54 -1.80411 2.11288
      vertex 54 -1.4375 2.29367
    endloop
  endfacet
  facet normal -1 0 0
    outer loop
      vertex 54 2 0
      vertex 54 -2.19119 1.98148
      vertex 54 -1.80411 2.11288
    endloop
  endfacet
  facet normal -1 0 0
    outer loop
      vertex 54 2 0
      vertex 54 -2.59211 1.90174
      vertex 54 -2.19119 1.98148
    endloop
  endfacet
  facet normal -1 0 0
    outer loop
      vertex 54 2 0
      vertex 54 -3 1.875
      vertex 54 -2.59211 1.90174
    endloop
  endfacet
  facet normal -1 0 0
    outer loop
      vertex 54 -8 0
      vertex 54 -3 1.875
      vertex 54 2 0
    endloop
  endfacet
  facet normal -1 -0 0
    outer loop
      vertex 54 -3 1.875
      vertex 54 -8 0
      vertex 54 -3.4079 1.90174
    endloop
  endfacet
  facet normal -1 -0 0
    outer loop
      vertex 54 -3.4079 1.90174
      vertex 54 -8 0
      vertex 54 -3.80881 1.98148
    endloop
  endfacet
  facet normal -1 -0 0
    outer loop
      vertex 54 -6.09827 4.59211
      vertex 54 -8 0
      vertex 54 -6.125 5
    endloop
  endfacet
  facet normal -1 -0 0
    outer loop
      vertex 54 -6.01852 4.19119
      vertex 54 -8 0
      vertex 54 -6.09827 4.59211
    endloop
  endfacet
  facet normal -1 -0 0
    outer loop
      vertex 54 -5.88712 3.80411
      vertex 54 -8 0
      vertex 54 -6.01852 4.19119
    endloop
  endfacet
  facet normal -1 -0 0
    outer loop
      vertex 54 -5.70633 3.4375
      vertex 54 -8 0
      vertex 54 -5.88712 3.80411
    endloop
  endfacet
  facet normal -1 -0 0
    outer loop
      vertex 54 -5.47923 3.09762
      vertex 54 -8 0
      vertex 54 -5.70633 3.4375
    endloop
  endfacet
  facet normal -1 -0 0
    outer loop
      vertex 54 -5.20971 2.79029
      vertex 54 -8 0
      vertex 54 -5.47923 3.09762
    endloop
  endfacet
  facet normal -1 -0 0
    outer loop
      vertex 54 -4.90238 2.52077
      vertex 54 -8 0
      vertex 54 -5.20971 2.79029
    endloop
  endfacet
  facet normal -1 -0 0
    outer loop
      vertex 54 -4.5625 2.29367
      vertex 54 -8 0
      vertex 54 -4.90238 2.52077
    endloop
  endfacet
  facet normal -1 -0 0
    outer loop
      vertex 54 -4.19589 2.11288
      vertex 54 -8 0
      vertex 54 -4.5625 2.29367
    endloop
  endfacet
  facet normal -1 -0 0
    outer loop
      vertex 54 -3.80881 1.98148
      vertex 54 -8 0
      vertex 54 -4.19589 2.11288
    endloop
  endfacet
  facet normal -1 0 0
    outer loop
      vertex 54 0.0982647 5.40789
      vertex 54 2 10
      vertex 54 0.125 5
    endloop
  endfacet
  facet normal -1 0 0
    outer loop
      vertex 54 0.0185175 5.80881
      vertex 54 2 10
      vertex 54 0.0982647 5.40789
    endloop
  endfacet
  facet normal -1 0 0
    outer loop
      vertex 54 -0.112877 6.19589
      vertex 54 2 10
      vertex 54 0.0185175 5.80881
    endloop
  endfacet
  facet normal -1 0 0
    outer loop
      vertex 54 -0.293671 6.5625
      vertex 54 2 10
      vertex 54 -0.112877 6.19589
    endloop
  endfacet
  facet normal -1 0 0
    outer loop
      vertex 54 -0.520771 6.90238
      vertex 54 2 10
      vertex 54 -0.293671 6.5625
    endloop
  endfacet
  facet normal -1 0 0
    outer loop
      vertex 54 -0.790292 7.20971
      vertex 54 2 10
      vertex 54 -0.520771 6.90238
    endloop
  endfacet
  facet normal -1 0 0
    outer loop
      vertex 54 -1.09762 7.47923
      vertex 54 2 10
      vertex 54 -0.790292 7.20971
    endloop
  endfacet
  facet normal -1 0 0
    outer loop
      vertex 54 -1.4375 7.70633
      vertex 54 2 10
      vertex 54 -1.09762 7.47923
    endloop
  endfacet
  facet normal -1 0 0
    outer loop
      vertex 54 -1.80411 7.88712
      vertex 54 2 10
      vertex 54 -1.4375 7.70633
    endloop
  endfacet
  facet normal -1 0 0
    outer loop
      vertex 54 -2.19119 8.01852
      vertex 54 2 10
      vertex 54 -1.80411 7.88712
    endloop
  endfacet
  facet normal -1 0 0
    outer loop
      vertex 54 -2.59211 8.09826
      vertex 54 2 10
      vertex 54 -2.19119 8.01852
    endloop
  endfacet
  facet normal -1 0 0
    outer loop
      vertex 54 -3 8.125
      vertex 54 2 10
      vertex 54 -2.59211 8.09826
    endloop
  endfacet
  facet normal -1 0 0
    outer loop
      vertex 54 -8 10
      vertex 54 -3 8.125
      vertex 54 -3.4079 8.09826
    endloop
  endfacet
  facet normal -1 0 0
    outer loop
      vertex 54 -8 10
      vertex 54 -3.4079 8.09826
      vertex 54 -3.80881 8.01852
    endloop
  endfacet
  facet normal -1 0 0
    outer loop
      vertex 54 -8 10
      vertex 54 -3.80881 8.01852
      vertex 54 -4.19589 7.88712
    endloop
  endfacet
  facet normal -1 0 0
    outer loop
      vertex 54 -8 10
      vertex 54 -6.125 5
      vertex 54 -8 0
    endloop
  endfacet
  facet normal -1 0 0
    outer loop
      vertex 54 -6.125 5
      vertex 54 -8 10
      vertex 54 -6.09827 5.40789
    endloop
  endfacet
  facet normal -1 0 0
    outer loop
      vertex 54 -6.09827 5.40789
      vertex 54 -8 10
      vertex 54 -6.01852 5.80881
    endloop
  endfacet
  facet normal -1 0 0
    outer loop
      vertex 54 -3 8.125
      vertex 54 -8 10
      vertex 54 2 10
    endloop
  endfacet
  facet normal -1 0 0
    outer loop
      vertex 54 -4.5625 7.70633
      vertex 54 -8 10
      vertex 54 -4.19589 7.88712
    endloop
  endfacet
  facet normal -1 0 0
    outer loop
      vertex 54 -4.90238 7.47923
      vertex 54 -8 10
      vertex 54 -4.5625 7.70633
    endloop
  endfacet
  facet normal -1 0 0
    outer loop
      vertex 54 -5.20971 7.20971
      vertex 54 -8 10
      vertex 54 -4.90238 7.47923
    endloop
  endfacet
  facet normal -1 0 0
    outer loop
      vertex 54 -5.47923 6.90238
      vertex 54 -8 10
      vertex 54 -5.20971 7.20971
    endloop
  endfacet
  facet normal -1 0 0
    outer loop
      vertex 54 -5.70633 6.5625
      vertex 54 -8 10
      vertex 54 -5.47923 6.90238
    endloop
  endfacet
  facet normal -1 0 0
    outer loop
      vertex 54 -5.88712 6.19589
      vertex 54 -8 10
      vertex 54 -5.70633 6.5625
    endloop
  endfacet
  facet normal -1 0 0
    outer loop
      vertex 54 -6.01852 5.80881
      vertex 54 -8 10
      vertex 54 -5.88712 6.19589
    endloop
  endfacet
  facet normal 0 -1 0
    outer loop
      vertex 54 -8 10
      vertex 55 -8 4.3
      vertex 61 -8 10
    endloop
  endfacet
  facet normal 0 -1 0
    outer loop
      vertex 54 -8 0
      vertex 55 -8 4.3
      vertex 54 -8 10
    endloop
  endfacet
  facet normal 0 -1 -0
    outer loop
      vertex 55 -8 4.3
      vertex 54 -8 0
      vertex 55 -8 0.3
    endloop
  endfacet
  facet normal 0 -1 0
    outer loop
      vertex 61 -8 0
      vertex 55 -8 0.3
      vertex 54 -8 0
    endloop
  endfacet
  facet normal 0 -1 0
    outer loop
      vertex 55 -8 0.3
      vertex 61 -8 0
      vertex 61 -8 0.3
    endloop
  endfacet
  facet normal 0 -1 -0
    outer loop
      vertex 61 -8 10
      vertex 55 -8 4.3
      vertex 61 -8 4.3
    endloop
  endfacet
  facet normal 0 0 -1
    outer loop
      vertex 54 -8 0
      vertex 61 2 0
      vertex 61 -8 0
    endloop
  endfacet
  facet normal -0 0 -1
    outer loop
      vertex 61 2 0
      vertex 54 -8 0
      vertex 54 2 0
    endloop
  endfacet
  facet normal -0 0 1
    outer loop
      vertex 54 2 10
      vertex 61 -8 10
      vertex 61 2 10
    endloop
  endfacet
  facet normal 0 0 1
    outer loop
      vertex 61 -8 10
      vertex 54 2 10
      vertex 54 -8 10
    endloop
  endfacet
  facet normal -0.980819 -0.194922 0
    outer loop
      vertex 59.5863 -47.7912 0.3
      vertex 59.5455 -47.5859 4.3
      vertex 59.5455 -47.5859 0.3
    endloop
  endfacet
  facet normal -0.980819 -0.194922 0
    outer loop
      vertex 59.5455 -47.5859 4.3
      vertex 59.5863 -47.7912 0.3
      vertex 59.5863 -47.7912 4.3
    endloop
  endfacet
  facet normal -0.194922 -0.980819 0
    outer loop
      vertex 58.2088 -46.4137 0.3
      vertex 58.4141 -46.4545 4.3
      vertex 58.2088 -46.4137 4.3
    endloop
  endfacet
  facet normal -0.194922 -0.980819 -0
    outer loop
      vertex 58.4141 -46.4545 4.3
      vertex 58.2088 -46.4137 0.3
      vertex 58.4141 -46.4545 0.3
    endloop
  endfacet
  facet normal -0.0654722 -0.997854 0
    outer loop
      vertex 58 -46.4 0.3
      vertex 58.2088 -46.4137 4.3
      vertex 58 -46.4 4.3
    endloop
  endfacet
  facet normal -0.0654722 -0.997854 -0
    outer loop
      vertex 58.2088 -46.4137 4.3
      vertex 58 -46.4 0.3
      vertex 58.2088 -46.4137 0.3
    endloop
  endfacet
  facet normal -0.321526 -0.946901 0
    outer loop
      vertex 58.4141 -46.4545 0.3
      vertex 58.6123 -46.5218 4.3
      vertex 58.4141 -46.4545 4.3
    endloop
  endfacet
  facet normal -0.321526 -0.946901 -0
    outer loop
      vertex 58.6123 -46.5218 4.3
      vertex 58.4141 -46.4545 0.3
      vertex 58.6123 -46.5218 0.3
    endloop
  endfacet
  facet normal -0.555362 -0.831609 0
    outer loop
      vertex 58.8 -46.6144 0.3
      vertex 58.974 -46.7306 4.3
      vertex 58.8 -46.6144 4.3
    endloop
  endfacet
  facet normal -0.555362 -0.831609 -0
    outer loop
      vertex 58.974 -46.7306 4.3
      vertex 58.8 -46.6144 0.3
      vertex 58.974 -46.7306 0.3
    endloop
  endfacet
  facet normal -0.946901 -0.321526 0
    outer loop
      vertex 59.5455 -47.5859 0.3
      vertex 59.4782 -47.3877 4.3
      vertex 59.4782 -47.3877 0.3
    endloop
  endfacet
  facet normal -0.946901 -0.321526 0
    outer loop
      vertex 59.4782 -47.3877 4.3
      vertex 59.5455 -47.5859 0.3
      vertex 59.5455 -47.5859 4.3
    endloop
  endfacet
  facet normal 0.0654722 -0.997854 0
    outer loop
      vertex 57.7912 -46.4137 0.3
      vertex 58 -46.4 4.3
      vertex 57.7912 -46.4137 4.3
    endloop
  endfacet
  facet normal 0.0654722 -0.997854 0
    outer loop
      vertex 58 -46.4 4.3
      vertex 57.7912 -46.4137 0.3
      vertex 58 -46.4 0.3
    endloop
  endfacet
  facet normal 0.831609 0.555362 0
    outer loop
      vertex 56.7306 -48.974 4.3
      vertex 56.6144 -48.8 0.3
      vertex 56.6144 -48.8 4.3
    endloop
  endfacet
  facet normal 0.831609 0.555362 0
    outer loop
      vertex 56.6144 -48.8 0.3
      vertex 56.7306 -48.974 4.3
      vertex 56.7306 -48.974 0.3
    endloop
  endfacet
  facet normal 0.946901 0.321526 0
    outer loop
      vertex 56.5218 -48.6123 4.3
      vertex 56.4545 -48.4141 0.3
      vertex 56.4545 -48.4141 4.3
    endloop
  endfacet
  facet normal 0.946901 0.321526 0
    outer loop
      vertex 56.4545 -48.4141 0.3
      vertex 56.5218 -48.6123 4.3
      vertex 56.5218 -48.6123 0.3
    endloop
  endfacet
  facet normal -0.442429 -0.896803 0
    outer loop
      vertex 58.6123 -46.5218 0.3
      vertex 58.8 -46.6144 4.3
      vertex 58.6123 -46.5218 4.3
    endloop
  endfacet
  facet normal -0.442429 -0.896803 -0
    outer loop
      vertex 58.8 -46.6144 4.3
      vertex 58.6123 -46.5218 0.3
      vertex 58.8 -46.6144 0.3
    endloop
  endfacet
  facet normal -0.946901 0.321526 0
    outer loop
      vertex 59.4782 -48.6123 0.3
      vertex 59.5455 -48.4141 4.3
      vertex 59.5455 -48.4141 0.3
    endloop
  endfacet
  facet normal -0.946901 0.321526 0
    outer loop
      vertex 59.5455 -48.4141 4.3
      vertex 59.4782 -48.6123 0.3
      vertex 59.4782 -48.6123 4.3
    endloop
  endfacet
  facet normal -0.659248 -0.751925 0
    outer loop
      vertex 58.974 -46.7306 0.3
      vertex 59.1314 -46.8686 4.3
      vertex 58.974 -46.7306 4.3
    endloop
  endfacet
  facet normal -0.659248 -0.751925 -0
    outer loop
      vertex 59.1314 -46.8686 4.3
      vertex 58.974 -46.7306 0.3
      vertex 59.1314 -46.8686 0.3
    endloop
  endfacet
  facet normal 0.321526 -0.946901 0
    outer loop
      vertex 57.3877 -46.5218 0.3
      vertex 57.5859 -46.4545 4.3
      vertex 57.3877 -46.5218 4.3
    endloop
  endfacet
  facet normal 0.321526 -0.946901 0
    outer loop
      vertex 57.5859 -46.4545 4.3
      vertex 57.3877 -46.5218 0.3
      vertex 57.5859 -46.4545 0.3
    endloop
  endfacet
  facet normal 0.659248 0.751925 -0
    outer loop
      vertex 57.026 -49.2694 0.3
      vertex 56.8686 -49.1314 4.3
      vertex 57.026 -49.2694 4.3
    endloop
  endfacet
  facet normal 0.659248 0.751925 0
    outer loop
      vertex 56.8686 -49.1314 4.3
      vertex 57.026 -49.2694 0.3
      vertex 56.8686 -49.1314 0.3
    endloop
  endfacet
  facet normal 0.194922 -0.980819 0
    outer loop
      vertex 57.5859 -46.4545 0.3
      vertex 57.7912 -46.4137 4.3
      vertex 57.5859 -46.4545 4.3
    endloop
  endfacet
  facet normal 0.194922 -0.980819 0
    outer loop
      vertex 57.7912 -46.4137 4.3
      vertex 57.5859 -46.4545 0.3
      vertex 57.7912 -46.4137 0.3
    endloop
  endfacet
  facet normal -0.751925 0.659248 0
    outer loop
      vertex 59.1314 -49.1314 0.3
      vertex 59.2694 -48.974 4.3
      vertex 59.2694 -48.974 0.3
    endloop
  endfacet
  facet normal -0.751925 0.659248 0
    outer loop
      vertex 59.2694 -48.974 4.3
      vertex 59.1314 -49.1314 0.3
      vertex 59.1314 -49.1314 4.3
    endloop
  endfacet
  facet normal 0.321526 0.946901 -0
    outer loop
      vertex 57.5859 -49.5455 0.3
      vertex 57.3877 -49.4782 4.3
      vertex 57.5859 -49.5455 4.3
    endloop
  endfacet
  facet normal 0.321526 0.946901 0
    outer loop
      vertex 57.3877 -49.4782 4.3
      vertex 57.5859 -49.5455 0.3
      vertex 57.3877 -49.4782 0.3
    endloop
  endfacet
  facet normal 0.555362 -0.831609 0
    outer loop
      vertex 57.026 -46.7306 0.3
      vertex 57.2 -46.6144 4.3
      vertex 57.026 -46.7306 4.3
    endloop
  endfacet
  facet normal 0.555362 -0.831609 0
    outer loop
      vertex 57.2 -46.6144 4.3
      vertex 57.026 -46.7306 0.3
      vertex 57.2 -46.6144 0.3
    endloop
  endfacet
  facet normal -0.896803 -0.442429 0
    outer loop
      vertex 59.4782 -47.3877 0.3
      vertex 59.3856 -47.2 4.3
      vertex 59.3856 -47.2 0.3
    endloop
  endfacet
  facet normal -0.896803 -0.442429 0
    outer loop
      vertex 59.3856 -47.2 4.3
      vertex 59.4782 -47.3877 0.3
      vertex 59.4782 -47.3877 4.3
    endloop
  endfacet
  facet normal -0.896803 0.442429 0
    outer loop
      vertex 59.3856 -48.8 0.3
      vertex 59.4782 -48.6123 4.3
      vertex 59.4782 -48.6123 0.3
    endloop
  endfacet
  facet normal -0.896803 0.442429 0
    outer loop
      vertex 59.4782 -48.6123 4.3
      vertex 59.3856 -48.8 0.3
      vertex 59.3856 -48.8 4.3
    endloop
  endfacet
  facet normal 0.896803 -0.442429 0
    outer loop
      vertex 56.5218 -47.3877 4.3
      vertex 56.6144 -47.2 0.3
      vertex 56.6144 -47.2 4.3
    endloop
  endfacet
  facet normal 0.896803 -0.442429 0
    outer loop
      vertex 56.6144 -47.2 0.3
      vertex 56.5218 -47.3877 4.3
      vertex 56.5218 -47.3877 0.3
    endloop
  endfacet
  facet normal 0.946901 -0.321526 0
    outer loop
      vertex 56.4545 -47.5859 4.3
      vertex 56.5218 -47.3877 0.3
      vertex 56.5218 -47.3877 4.3
    endloop
  endfacet
  facet normal 0.946901 -0.321526 0
    outer loop
      vertex 56.5218 -47.3877 0.3
      vertex 56.4545 -47.5859 4.3
      vertex 56.4545 -47.5859 0.3
    endloop
  endfacet
  facet normal 0.194922 0.980819 -0
    outer loop
      vertex 57.7912 -49.5863 0.3
      vertex 57.5859 -49.5455 4.3
      vertex 57.7912 -49.5863 4.3
    endloop
  endfacet
  facet normal 0.194922 0.980819 0
    outer loop
      vertex 57.5859 -49.5455 4.3
      vertex 57.7912 -49.5863 0.3
      vertex 57.5859 -49.5455 0.3
    endloop
  endfacet
  facet normal -0.831609 0.555362 0
    outer loop
      vertex 59.2694 -48.974 0.3
      vertex 59.3856 -48.8 4.3
      vertex 59.3856 -48.8 0.3
    endloop
  endfacet
  facet normal -0.831609 0.555362 0
    outer loop
      vertex 59.3856 -48.8 4.3
      vertex 59.2694 -48.974 0.3
      vertex 59.2694 -48.974 4.3
    endloop
  endfacet
  facet normal 0.831609 -0.555362 0
    outer loop
      vertex 56.6144 -47.2 4.3
      vertex 56.7306 -47.026 0.3
      vertex 56.7306 -47.026 4.3
    endloop
  endfacet
  facet normal 0.831609 -0.555362 0
    outer loop
      vertex 56.7306 -47.026 0.3
      vertex 56.6144 -47.2 4.3
      vertex 56.6144 -47.2 0.3
    endloop
  endfacet
  facet normal 0.980819 -0.194922 0
    outer loop
      vertex 56.4137 -47.7912 4.3
      vertex 56.4545 -47.5859 0.3
      vertex 56.4545 -47.5859 4.3
    endloop
  endfacet
  facet normal 0.980819 -0.194922 0
    outer loop
      vertex 56.4545 -47.5859 0.3
      vertex 56.4137 -47.7912 4.3
      vertex 56.4137 -47.7912 0.3
    endloop
  endfacet
  facet normal -0.751925 -0.659248 0
    outer loop
      vertex 59.2694 -47.026 0.3
      vertex 59.1314 -46.8686 4.3
      vertex 59.1314 -46.8686 0.3
    endloop
  endfacet
  facet normal -0.751925 -0.659248 0
    outer loop
      vertex 59.1314 -46.8686 4.3
      vertex 59.2694 -47.026 0.3
      vertex 59.2694 -47.026 4.3
    endloop
  endfacet
  facet normal -0.321526 0.946901 0
    outer loop
      vertex 58.6123 -49.4782 0.3
      vertex 58.4141 -49.5455 4.3
      vertex 58.6123 -49.4782 4.3
    endloop
  endfacet
  facet normal -0.321526 0.946901 0
    outer loop
      vertex 58.4141 -49.5455 4.3
      vertex 58.6123 -49.4782 0.3
      vertex 58.4141 -49.5455 0.3
    endloop
  endfacet
  facet normal -0.997854 0.0654722 0
    outer loop
      vertex 59.5863 -48.2088 0.3
      vertex 59.6 -48 4.3
      vertex 59.6 -48 0.3
    endloop
  endfacet
  facet normal -0.997854 0.0654722 0
    outer loop
      vertex 59.6 -48 4.3
      vertex 59.5863 -48.2088 0.3
      vertex 59.5863 -48.2088 4.3
    endloop
  endfacet
  facet normal 0.997854 -0.0654722 0
    outer loop
      vertex 56.4 -48 4.3
      vertex 56.4137 -47.7912 0.3
      vertex 56.4137 -47.7912 4.3
    endloop
  endfacet
  facet normal 0.997854 -0.0654722 0
    outer loop
      vertex 56.4137 -47.7912 0.3
      vertex 56.4 -48 4.3
      vertex 56.4 -48 0.3
    endloop
  endfacet
  facet normal -0.980819 0.194922 0
    outer loop
      vertex 59.5455 -48.4141 0.3
      vertex 59.5863 -48.2088 4.3
      vertex 59.5863 -48.2088 0.3
    endloop
  endfacet
  facet normal -0.980819 0.194922 0
    outer loop
      vertex 59.5863 -48.2088 4.3
      vertex 59.5455 -48.4141 0.3
      vertex 59.5455 -48.4141 4.3
    endloop
  endfacet
  facet normal 0.751925 0.659248 0
    outer loop
      vertex 56.8686 -49.1314 4.3
      vertex 56.7306 -48.974 0.3
      vertex 56.7306 -48.974 4.3
    endloop
  endfacet
  facet normal 0.751925 0.659248 0
    outer loop
      vertex 56.7306 -48.974 0.3
      vertex 56.8686 -49.1314 4.3
      vertex 56.8686 -49.1314 0.3
    endloop
  endfacet
  facet normal 0.751925 -0.659248 0
    outer loop
      vertex 56.7306 -47.026 4.3
      vertex 56.8686 -46.8686 0.3
      vertex 56.8686 -46.8686 4.3
    endloop
  endfacet
  facet normal 0.751925 -0.659248 0
    outer loop
      vertex 56.8686 -46.8686 0.3
      vertex 56.7306 -47.026 4.3
      vertex 56.7306 -47.026 0.3
    endloop
  endfacet
  facet normal -0.442429 0.896803 0
    outer loop
      vertex 58.8 -49.3856 0.3
      vertex 58.6123 -49.4782 4.3
      vertex 58.8 -49.3856 4.3
    endloop
  endfacet
  facet normal -0.442429 0.896803 0
    outer loop
      vertex 58.6123 -49.4782 4.3
      vertex 58.8 -49.3856 0.3
      vertex 58.6123 -49.4782 0.3
    endloop
  endfacet
  facet normal 0.442429 -0.896803 0
    outer loop
      vertex 57.2 -46.6144 0.3
      vertex 57.3877 -46.5218 4.3
      vertex 57.2 -46.6144 4.3
    endloop
  endfacet
  facet normal 0.442429 -0.896803 0
    outer loop
      vertex 57.3877 -46.5218 4.3
      vertex 57.2 -46.6144 0.3
      vertex 57.3877 -46.5218 0.3
    endloop
  endfacet
  facet normal 0.659248 -0.751925 0
    outer loop
      vertex 56.8686 -46.8686 0.3
      vertex 57.026 -46.7306 4.3
      vertex 56.8686 -46.8686 4.3
    endloop
  endfacet
  facet normal 0.659248 -0.751925 0
    outer loop
      vertex 57.026 -46.7306 4.3
      vertex 56.8686 -46.8686 0.3
      vertex 57.026 -46.7306 0.3
    endloop
  endfacet
  facet normal 0.997854 0.0654722 0
    outer loop
      vertex 56.4137 -48.2088 4.3
      vertex 56.4 -48 0.3
      vertex 56.4 -48 4.3
    endloop
  endfacet
  facet normal 0.997854 0.0654722 0
    outer loop
      vertex 56.4 -48 0.3
      vertex 56.4137 -48.2088 4.3
      vertex 56.4137 -48.2088 0.3
    endloop
  endfacet
  facet normal -0.997854 -0.0654722 0
    outer loop
      vertex 59.6 -48 0.3
      vertex 59.5863 -47.7912 4.3
      vertex 59.5863 -47.7912 0.3
    endloop
  endfacet
  facet normal -0.997854 -0.0654722 0
    outer loop
      vertex 59.5863 -47.7912 4.3
      vertex 59.6 -48 0.3
      vertex 59.6 -48 4.3
    endloop
  endfacet
  facet normal -0.831609 -0.555362 0
    outer loop
      vertex 59.3856 -47.2 0.3
      vertex 59.2694 -47.026 4.3
      vertex 59.2694 -47.026 0.3
    endloop
  endfacet
  facet normal -0.831609 -0.555362 0
    outer loop
      vertex 59.2694 -47.026 4.3
      vertex 59.3856 -47.2 0.3
      vertex 59.3856 -47.2 4.3
    endloop
  endfacet
  facet normal 0.0654722 0.997854 -0
    outer loop
      vertex 58 -49.6 0.3
      vertex 57.7912 -49.5863 4.3
      vertex 58 -49.6 4.3
    endloop
  endfacet
  facet normal 0.0654722 0.997854 0
    outer loop
      vertex 57.7912 -49.5863 4.3
      vertex 58 -49.6 0.3
      vertex 57.7912 -49.5863 0.3
    endloop
  endfacet
  facet normal -0.659248 0.751925 0
    outer loop
      vertex 59.1314 -49.1314 0.3
      vertex 58.974 -49.2694 4.3
      vertex 59.1314 -49.1314 4.3
    endloop
  endfacet
  facet normal -0.659248 0.751925 0
    outer loop
      vertex 58.974 -49.2694 4.3
      vertex 59.1314 -49.1314 0.3
      vertex 58.974 -49.2694 0.3
    endloop
  endfacet
  facet normal 0.980819 0.194922 0
    outer loop
      vertex 56.4545 -48.4141 4.3
      vertex 56.4137 -48.2088 0.3
      vertex 56.4137 -48.2088 4.3
    endloop
  endfacet
  facet normal 0.980819 0.194922 0
    outer loop
      vertex 56.4137 -48.2088 0.3
      vertex 56.4545 -48.4141 4.3
      vertex 56.4545 -48.4141 0.3
    endloop
  endfacet
  facet normal -0.194922 0.980819 0
    outer loop
      vertex 58.4141 -49.5455 0.3
      vertex 58.2088 -49.5863 4.3
      vertex 58.4141 -49.5455 4.3
    endloop
  endfacet
  facet normal -0.194922 0.980819 0
    outer loop
      vertex 58.2088 -49.5863 4.3
      vertex 58.4141 -49.5455 0.3
      vertex 58.2088 -49.5863 0.3
    endloop
  endfacet
  facet normal -0.0654722 0.997854 0
    outer loop
      vertex 58.2088 -49.5863 0.3
      vertex 58 -49.6 4.3
      vertex 58.2088 -49.5863 4.3
    endloop
  endfacet
  facet normal -0.0654722 0.997854 0
    outer loop
      vertex 58 -49.6 4.3
      vertex 58.2088 -49.5863 0.3
      vertex 58 -49.6 0.3
    endloop
  endfacet
  facet normal 0.896803 0.442429 0
    outer loop
      vertex 56.6144 -48.8 4.3
      vertex 56.5218 -48.6123 0.3
      vertex 56.5218 -48.6123 4.3
    endloop
  endfacet
  facet normal 0.896803 0.442429 0
    outer loop
      vertex 56.5218 -48.6123 0.3
      vertex 56.6144 -48.8 4.3
      vertex 56.6144 -48.8 0.3
    endloop
  endfacet
  facet normal -0.555362 0.831609 0
    outer loop
      vertex 58.974 -49.2694 0.3
      vertex 58.8 -49.3856 4.3
      vertex 58.974 -49.2694 4.3
    endloop
  endfacet
  facet normal -0.555362 0.831609 0
    outer loop
      vertex 58.8 -49.3856 4.3
      vertex 58.974 -49.2694 0.3
      vertex 58.8 -49.3856 0.3
    endloop
  endfacet
  facet normal 0.555362 0.831609 -0
    outer loop
      vertex 57.2 -49.3856 0.3
      vertex 57.026 -49.2694 4.3
      vertex 57.2 -49.3856 4.3
    endloop
  endfacet
  facet normal 0.555362 0.831609 0
    outer loop
      vertex 57.026 -49.2694 4.3
      vertex 57.2 -49.3856 0.3
      vertex 57.026 -49.2694 0.3
    endloop
  endfacet
  facet normal 0.442429 0.896803 -0
    outer loop
      vertex 57.3877 -49.4782 0.3
      vertex 57.2 -49.3856 4.3
      vertex 57.3877 -49.4782 4.3
    endloop
  endfacet
  facet normal 0.442429 0.896803 0
    outer loop
      vertex 57.2 -49.3856 4.3
      vertex 57.3877 -49.4782 0.3
      vertex 57.2 -49.3856 0.3
    endloop
  endfacet
  facet normal -0 0.195076 0.980788
    outer loop
      vertex 54 -3.4079 1.90174
      vertex 56.25 -3.80881 1.98148
      vertex 56.25 -3.4079 1.90174
    endloop
  endfacet
  facet normal 0 0.195076 0.980788
    outer loop
      vertex 56.25 -3.80881 1.98148
      vertex 54 -3.4079 1.90174
      vertex 54 -3.80881 1.98148
    endloop
  endfacet
  facet normal 0 0.99786 -0.0653921
    outer loop
      vertex 56.25 -6.125 5
      vertex 54 -6.09827 5.40789
      vertex 56.25 -6.09827 5.40789
    endloop
  endfacet
  facet normal 0 0.99786 -0.0653921
    outer loop
      vertex 54 -6.09827 5.40789
      vertex 56.25 -6.125 5
      vertex 54 -6.125 5
    endloop
  endfacet
  facet normal -0 0.0654149 0.997858
    outer loop
      vertex 54 -3 1.875
      vertex 56.25 -3.4079 1.90174
      vertex 56.25 -3 1.875
    endloop
  endfacet
  facet normal 0 0.0654149 0.997858
    outer loop
      vertex 56.25 -3.4079 1.90174
      vertex 54 -3 1.875
      vertex 54 -3.4079 1.90174
    endloop
  endfacet
  facet normal 0 -0.83147 0.555569
    outer loop
      vertex 54 -0.520771 3.09762
      vertex 56.25 -0.293671 3.4375
      vertex 54 -0.293671 3.4375
    endloop
  endfacet
  facet normal 0 -0.83147 0.555569
    outer loop
      vertex 56.25 -0.293671 3.4375
      vertex 54 -0.520771 3.09762
      vertex 56.25 -0.520771 3.09762
    endloop
  endfacet
  facet normal 0 0.321448 -0.946927
    outer loop
      vertex 54 -4.19589 7.88712
      vertex 56.25 -3.80881 8.01852
      vertex 56.25 -4.19589 7.88712
    endloop
  endfacet
  facet normal 0 0.321448 -0.946927
    outer loop
      vertex 56.25 -3.80881 8.01852
      vertex 54 -4.19589 7.88712
      vertex 54 -3.80881 8.01852
    endloop
  endfacet
  facet normal 0 -0.442285 0.896875
    outer loop
      vertex 54 -1.4375 2.29367
      vertex 56.25 -1.80411 2.11288
      vertex 56.25 -1.4375 2.29367
    endloop
  endfacet
  facet normal 0 -0.442285 0.896875
    outer loop
      vertex 56.25 -1.80411 2.11288
      vertex 54 -1.4375 2.29367
      vertex 54 -1.80411 2.11288
    endloop
  endfacet
  facet normal 0 -0.321448 -0.946927
    outer loop
      vertex 54 -2.19119 8.01852
      vertex 56.25 -1.80411 7.88712
      vertex 56.25 -2.19119 8.01852
    endloop
  endfacet
  facet normal -0 -0.321448 -0.946927
    outer loop
      vertex 56.25 -1.80411 7.88712
      vertex 54 -2.19119 8.01852
      vertex 54 -1.80411 7.88712
    endloop
  endfacet
  facet normal 0 -0.896871 0.442293
    outer loop
      vertex 54 -0.293671 3.4375
      vertex 56.25 -0.112877 3.80411
      vertex 54 -0.112877 3.80411
    endloop
  endfacet
  facet normal 0 -0.896871 0.442293
    outer loop
      vertex 56.25 -0.112877 3.80411
      vertex 54 -0.293671 3.4375
      vertex 56.25 -0.293671 3.4375
    endloop
  endfacet
  facet normal 0 0.946927 -0.321448
    outer loop
      vertex 56.25 -6.01852 5.80881
      vertex 54 -5.88712 6.19589
      vertex 56.25 -5.88712 6.19589
    endloop
  endfacet
  facet normal 0 0.946927 -0.321448
    outer loop
      vertex 54 -5.88712 6.19589
      vertex 56.25 -6.01852 5.80881
      vertex 54 -6.01852 5.80881
    endloop
  endfacet
  facet normal 0 0.946927 0.321448
    outer loop
      vertex 56.25 -5.88712 3.80411
      vertex 54 -6.01852 4.19119
      vertex 56.25 -6.01852 4.19119
    endloop
  endfacet
  facet normal 0 0.946927 0.321448
    outer loop
      vertex 54 -6.01852 4.19119
      vertex 56.25 -5.88712 3.80411
      vertex 54 -5.88712 3.80411
    endloop
  endfacet
  facet normal 0 -0.997859 0.065405
    outer loop
      vertex 54 0.0982647 4.59211
      vertex 56.25 0.125 5
      vertex 54 0.125 5
    endloop
  endfacet
  facet normal 0 -0.997859 0.065405
    outer loop
      vertex 56.25 0.125 5
      vertex 54 0.0982647 4.59211
      vertex 56.25 0.0982647 4.59211
    endloop
  endfacet
  facet normal 0 -0.83147 -0.555569
    outer loop
      vertex 54 -0.293671 6.5625
      vertex 56.25 -0.520771 6.90238
      vertex 54 -0.520771 6.90238
    endloop
  endfacet
  facet normal 0 -0.83147 -0.555569
    outer loop
      vertex 56.25 -0.520771 6.90238
      vertex 54 -0.293671 6.5625
      vertex 56.25 -0.293671 6.5625
    endloop
  endfacet
  facet normal 0 0.980784 0.195095
    outer loop
      vertex 56.25 -6.01852 4.19119
      vertex 54 -6.09827 4.59211
      vertex 56.25 -6.09827 4.59211
    endloop
  endfacet
  facet normal 0 0.980784 0.195095
    outer loop
      vertex 54 -6.09827 4.59211
      vertex 56.25 -6.01852 4.19119
      vertex 54 -6.01852 4.19119
    endloop
  endfacet
  facet normal 0 -0.195072 -0.980789
    outer loop
      vertex 54 -2.59211 8.09826
      vertex 56.25 -2.19119 8.01852
      vertex 56.25 -2.59211 8.09826
    endloop
  endfacet
  facet normal -0 -0.195072 -0.980789
    outer loop
      vertex 56.25 -2.19119 8.01852
      vertex 54 -2.59211 8.09826
      vertex 54 -2.19119 8.01852
    endloop
  endfacet
  facet normal 0 0.99786 0.0653921
    outer loop
      vertex 56.25 -6.09827 4.59211
      vertex 54 -6.125 5
      vertex 56.25 -6.125 5
    endloop
  endfacet
  facet normal 0 0.99786 0.0653921
    outer loop
      vertex 54 -6.125 5
      vertex 56.25 -6.09827 4.59211
      vertex 54 -6.09827 4.59211
    endloop
  endfacet
  facet normal -0 0.555569 0.83147
    outer loop
      vertex 54 -4.5625 2.29367
      vertex 56.25 -4.90238 2.52077
      vertex 56.25 -4.5625 2.29367
    endloop
  endfacet
  facet normal 0 0.555569 0.83147
    outer loop
      vertex 56.25 -4.90238 2.52077
      vertex 54 -4.5625 2.29367
      vertex 54 -4.90238 2.52077
    endloop
  endfacet
  facet normal 0 -0.659347 0.751839
    outer loop
      vertex 54 -0.790292 2.79029
      vertex 56.25 -1.09762 2.52077
      vertex 56.25 -0.790292 2.79029
    endloop
  endfacet
  facet normal 0 -0.659347 0.751839
    outer loop
      vertex 56.25 -1.09762 2.52077
      vertex 54 -0.790292 2.79029
      vertex 54 -1.09762 2.52077
    endloop
  endfacet
  facet normal 0 -0.442285 -0.896875
    outer loop
      vertex 54 -1.80411 7.88712
      vertex 56.25 -1.4375 7.70633
      vertex 56.25 -1.80411 7.88712
    endloop
  endfacet
  facet normal -0 -0.442285 -0.896875
    outer loop
      vertex 56.25 -1.4375 7.70633
      vertex 54 -1.80411 7.88712
      vertex 54 -1.4375 7.70633
    endloop
  endfacet
  facet normal 0 -0.896871 -0.442293
    outer loop
      vertex 54 -0.112877 6.19589
      vertex 56.25 -0.293671 6.5625
      vertex 54 -0.293671 6.5625
    endloop
  endfacet
  facet normal 0 -0.896871 -0.442293
    outer loop
      vertex 56.25 -0.293671 6.5625
      vertex 54 -0.112877 6.19589
      vertex 56.25 -0.112877 6.19589
    endloop
  endfacet
  facet normal 0 -0.946931 0.321436
    outer loop
      vertex 54 -0.112877 3.80411
      vertex 56.25 0.0185175 4.19119
      vertex 54 0.0185175 4.19119
    endloop
  endfacet
  facet normal 0 -0.946931 0.321436
    outer loop
      vertex 56.25 0.0185175 4.19119
      vertex 54 -0.112877 3.80411
      vertex 56.25 -0.112877 3.80411
    endloop
  endfacet
  facet normal 0 -0.555569 0.83147
    outer loop
      vertex 54 -1.09762 2.52077
      vertex 56.25 -1.4375 2.29367
      vertex 56.25 -1.09762 2.52077
    endloop
  endfacet
  facet normal 0 -0.555569 0.83147
    outer loop
      vertex 56.25 -1.4375 2.29367
      vertex 54 -1.09762 2.52077
      vertex 54 -1.4375 2.29367
    endloop
  endfacet
  facet normal 0 -0.997859 -0.065405
    outer loop
      vertex 54 0.125 5
      vertex 56.25 0.0982647 5.40789
      vertex 54 0.0982647 5.40789
    endloop
  endfacet
  facet normal 0 -0.997859 -0.065405
    outer loop
      vertex 56.25 0.0982647 5.40789
      vertex 54 0.125 5
      vertex 56.25 0.125 5
    endloop
  endfacet
  facet normal 0 -0.980786 0.195089
    outer loop
      vertex 54 0.0185175 4.19119
      vertex 56.25 0.0982647 4.59211
      vertex 54 0.0982647 4.59211
    endloop
  endfacet
  facet normal 0 -0.980786 0.195089
    outer loop
      vertex 56.25 0.0982647 4.59211
      vertex 54 0.0185175 4.19119
      vertex 56.25 0.0185175 4.19119
    endloop
  endfacet
  facet normal 0 -0.0654165 -0.997858
    outer loop
      vertex 54 -3 8.125
      vertex 56.25 -2.59211 8.09826
      vertex 56.25 -3 8.125
    endloop
  endfacet
  facet normal -0 -0.0654165 -0.997858
    outer loop
      vertex 56.25 -2.59211 8.09826
      vertex 54 -3 8.125
      vertex 54 -2.59211 8.09826
    endloop
  endfacet
  facet normal 0 -0.659347 -0.751839
    outer loop
      vertex 54 -1.09762 7.47923
      vertex 56.25 -0.790292 7.20971
      vertex 56.25 -1.09762 7.47923
    endloop
  endfacet
  facet normal -0 -0.659347 -0.751839
    outer loop
      vertex 56.25 -0.790292 7.20971
      vertex 54 -1.09762 7.47923
      vertex 54 -0.790292 7.20971
    endloop
  endfacet
  facet normal 0 0.555569 -0.83147
    outer loop
      vertex 54 -4.90238 7.47923
      vertex 56.25 -4.5625 7.70633
      vertex 56.25 -4.90238 7.47923
    endloop
  endfacet
  facet normal 0 0.555569 -0.83147
    outer loop
      vertex 56.25 -4.5625 7.70633
      vertex 54 -4.90238 7.47923
      vertex 54 -4.5625 7.70633
    endloop
  endfacet
  facet normal 0 0.751841 -0.659344
    outer loop
      vertex 56.25 -5.47923 6.90238
      vertex 54 -5.20971 7.20971
      vertex 56.25 -5.20971 7.20971
    endloop
  endfacet
  facet normal 0 0.751841 -0.659344
    outer loop
      vertex 54 -5.20971 7.20971
      vertex 56.25 -5.47923 6.90238
      vertex 54 -5.47923 6.90238
    endloop
  endfacet
  facet normal 0 -0.0654165 0.997858
    outer loop
      vertex 54 -2.59211 1.90174
      vertex 56.25 -3 1.875
      vertex 56.25 -2.59211 1.90174
    endloop
  endfacet
  facet normal 0 -0.0654165 0.997858
    outer loop
      vertex 56.25 -3 1.875
      vertex 54 -2.59211 1.90174
      vertex 54 -3 1.875
    endloop
  endfacet
  facet normal 0 -0.555569 -0.83147
    outer loop
      vertex 54 -1.4375 7.70633
      vertex 56.25 -1.09762 7.47923
      vertex 56.25 -1.4375 7.70633
    endloop
  endfacet
  facet normal -0 -0.555569 -0.83147
    outer loop
      vertex 56.25 -1.09762 7.47923
      vertex 54 -1.4375 7.70633
      vertex 54 -1.09762 7.47923
    endloop
  endfacet
  facet normal 0 0.83147 -0.555569
    outer loop
      vertex 56.25 -5.70633 6.5625
      vertex 54 -5.47923 6.90238
      vertex 56.25 -5.47923 6.90238
    endloop
  endfacet
  facet normal 0 0.83147 -0.555569
    outer loop
      vertex 54 -5.47923 6.90238
      vertex 56.25 -5.70633 6.5625
      vertex 54 -5.70633 6.5625
    endloop
  endfacet
  facet normal 0 -0.75184 0.659346
    outer loop
      vertex 54 -0.790292 2.79029
      vertex 56.25 -0.520771 3.09762
      vertex 54 -0.520771 3.09762
    endloop
  endfacet
  facet normal 0 -0.75184 0.659346
    outer loop
      vertex 56.25 -0.520771 3.09762
      vertex 54 -0.790292 2.79029
      vertex 56.25 -0.790292 2.79029
    endloop
  endfacet
  facet normal 0 0.980784 -0.195095
    outer loop
      vertex 56.25 -6.09827 5.40789
      vertex 54 -6.01852 5.80881
      vertex 56.25 -6.01852 5.80881
    endloop
  endfacet
  facet normal 0 0.980784 -0.195095
    outer loop
      vertex 54 -6.01852 5.80881
      vertex 56.25 -6.09827 5.40789
      vertex 54 -6.09827 5.40789
    endloop
  endfacet
  facet normal -0 0.321448 0.946927
    outer loop
      vertex 54 -3.80881 1.98148
      vertex 56.25 -4.19589 2.11288
      vertex 56.25 -3.80881 1.98148
    endloop
  endfacet
  facet normal 0 0.321448 0.946927
    outer loop
      vertex 56.25 -4.19589 2.11288
      vertex 54 -3.80881 1.98148
      vertex 54 -4.19589 2.11288
    endloop
  endfacet
  facet normal -0 0.442285 0.896875
    outer loop
      vertex 54 -4.19589 2.11288
      vertex 56.25 -4.5625 2.29367
      vertex 56.25 -4.19589 2.11288
    endloop
  endfacet
  facet normal 0 0.442285 0.896875
    outer loop
      vertex 56.25 -4.5625 2.29367
      vertex 54 -4.19589 2.11288
      vertex 54 -4.5625 2.29367
    endloop
  endfacet
  facet normal 0 -0.980786 -0.195089
    outer loop
      vertex 54 0.0982647 5.40789
      vertex 56.25 0.0185175 5.80881
      vertex 54 0.0185175 5.80881
    endloop
  endfacet
  facet normal 0 -0.980786 -0.195089
    outer loop
      vertex 56.25 0.0185175 5.80881
      vertex 54 0.0982647 5.40789
      vertex 56.25 0.0982647 5.40789
    endloop
  endfacet
  facet normal 0 -0.75184 -0.659346
    outer loop
      vertex 54 -0.520771 6.90238
      vertex 56.25 -0.790292 7.20971
      vertex 54 -0.790292 7.20971
    endloop
  endfacet
  facet normal 0 -0.75184 -0.659346
    outer loop
      vertex 56.25 -0.790292 7.20971
      vertex 54 -0.520771 6.90238
      vertex 56.25 -0.520771 6.90238
    endloop
  endfacet
  facet normal 0 0.896875 -0.442285
    outer loop
      vertex 56.25 -5.88712 6.19589
      vertex 54 -5.70633 6.5625
      vertex 56.25 -5.70633 6.5625
    endloop
  endfacet
  facet normal 0 0.896875 -0.442285
    outer loop
      vertex 54 -5.70633 6.5625
      vertex 56.25 -5.88712 6.19589
      vertex 54 -5.88712 6.19589
    endloop
  endfacet
  facet normal 0 -0.321448 0.946927
    outer loop
      vertex 54 -1.80411 2.11288
      vertex 56.25 -2.19119 1.98148
      vertex 56.25 -1.80411 2.11288
    endloop
  endfacet
  facet normal 0 -0.321448 0.946927
    outer loop
      vertex 56.25 -2.19119 1.98148
      vertex 54 -1.80411 2.11288
      vertex 54 -2.19119 1.98148
    endloop
  endfacet
  facet normal 0 0.0654149 -0.997858
    outer loop
      vertex 54 -3.4079 8.09826
      vertex 56.25 -3 8.125
      vertex 56.25 -3.4079 8.09826
    endloop
  endfacet
  facet normal 0 0.0654149 -0.997858
    outer loop
      vertex 56.25 -3 8.125
      vertex 54 -3.4079 8.09826
      vertex 54 -3 8.125
    endloop
  endfacet
  facet normal 0 0.896875 0.442285
    outer loop
      vertex 56.25 -5.70633 3.4375
      vertex 54 -5.88712 3.80411
      vertex 56.25 -5.88712 3.80411
    endloop
  endfacet
  facet normal 0 0.896875 0.442285
    outer loop
      vertex 54 -5.88712 3.80411
      vertex 56.25 -5.70633 3.4375
      vertex 54 -5.70633 3.4375
    endloop
  endfacet
  facet normal 0 0.442285 -0.896875
    outer loop
      vertex 54 -4.5625 7.70633
      vertex 56.25 -4.19589 7.88712
      vertex 56.25 -4.5625 7.70633
    endloop
  endfacet
  facet normal 0 0.442285 -0.896875
    outer loop
      vertex 56.25 -4.19589 7.88712
      vertex 54 -4.5625 7.70633
      vertex 54 -4.19589 7.88712
    endloop
  endfacet
  facet normal 0 0.751841 0.659344
    outer loop
      vertex 56.25 -5.20971 2.79029
      vertex 54 -5.47923 3.09762
      vertex 56.25 -5.47923 3.09762
    endloop
  endfacet
  facet normal 0 0.751841 0.659344
    outer loop
      vertex 54 -5.47923 3.09762
      vertex 56.25 -5.20971 2.79029
      vertex 54 -5.20971 2.79029
    endloop
  endfacet
  facet normal -0 0.659344 0.751841
    outer loop
      vertex 54 -4.90238 2.52077
      vertex 56.25 -5.20971 2.79029
      vertex 56.25 -4.90238 2.52077
    endloop
  endfacet
  facet normal 0 0.659344 0.751841
    outer loop
      vertex 56.25 -5.20971 2.79029
      vertex 54 -4.90238 2.52077
      vertex 54 -5.20971 2.79029
    endloop
  endfacet
  facet normal 0 -0.946931 -0.321436
    outer loop
      vertex 54 0.0185175 5.80881
      vertex 56.25 -0.112877 6.19589
      vertex 54 -0.112877 6.19589
    endloop
  endfacet
  facet normal 0 -0.946931 -0.321436
    outer loop
      vertex 56.25 -0.112877 6.19589
      vertex 54 0.0185175 5.80881
      vertex 56.25 0.0185175 5.80881
    endloop
  endfacet
  facet normal 0 0.659344 -0.751841
    outer loop
      vertex 54 -5.20971 7.20971
      vertex 56.25 -4.90238 7.47923
      vertex 56.25 -5.20971 7.20971
    endloop
  endfacet
  facet normal 0 0.659344 -0.751841
    outer loop
      vertex 56.25 -4.90238 7.47923
      vertex 54 -5.20971 7.20971
      vertex 54 -4.90238 7.47923
    endloop
  endfacet
  facet normal 0 -0.195072 0.980789
    outer loop
      vertex 54 -2.19119 1.98148
      vertex 56.25 -2.59211 1.90174
      vertex 56.25 -2.19119 1.98148
    endloop
  endfacet
  facet normal 0 -0.195072 0.980789
    outer loop
      vertex 56.25 -2.59211 1.90174
      vertex 54 -2.19119 1.98148
      vertex 54 -2.59211 1.90174
    endloop
  endfacet
  facet normal 0 0.83147 0.555569
    outer loop
      vertex 56.25 -5.47923 3.09762
      vertex 54 -5.70633 3.4375
      vertex 56.25 -5.70633 3.4375
    endloop
  endfacet
  facet normal 0 0.83147 0.555569
    outer loop
      vertex 54 -5.70633 3.4375
      vertex 56.25 -5.47923 3.09762
      vertex 54 -5.47923 3.09762
    endloop
  endfacet
  facet normal -1 0 0
    outer loop
      vertex 56.25 -1.25 5
      vertex 56.25 0.125 5
      vertex 56.25 0.0982647 4.59211
    endloop
  endfacet
  facet normal -1 0 0
    outer loop
      vertex 56.25 -1.26497 4.77158
      vertex 56.25 0.0982647 4.59211
      vertex 56.25 0.0185175 4.19119
    endloop
  endfacet
  facet normal -1 0 0
    outer loop
      vertex 56.25 0.125 5
      vertex 56.25 -1.25 5
      vertex 56.25 0.0982647 5.40789
    endloop
  endfacet
  facet normal -1 0 0
    outer loop
      vertex 56.25 -1.30963 4.54707
      vertex 56.25 0.0185175 4.19119
      vertex 56.25 -0.112877 3.80411
    endloop
  endfacet
  facet normal -1 0 0
    outer loop
      vertex 56.25 -1.26497 5.22842
      vertex 56.25 0.0982647 5.40789
      vertex 56.25 -1.25 5
    endloop
  endfacet
  facet normal -1 0 0
    outer loop
      vertex 56.25 -1.38321 4.3303
      vertex 56.25 -0.112877 3.80411
      vertex 56.25 -0.293671 3.4375
    endloop
  endfacet
  facet normal -1 -0 0
    outer loop
      vertex 56.25 0.0982647 5.40789
      vertex 56.25 -1.26497 5.22842
      vertex 56.25 0.0185175 5.80881
    endloop
  endfacet
  facet normal -1 0 0
    outer loop
      vertex 56.25 -1.48446 4.125
      vertex 56.25 -0.293671 3.4375
      vertex 56.25 -0.520771 3.09762
    endloop
  endfacet
  facet normal -1 0 0
    outer loop
      vertex 56.25 -1.30963 5.45293
      vertex 56.25 0.0185175 5.80881
      vertex 56.25 -1.26497 5.22842
    endloop
  endfacet
  facet normal -1 0 0
    outer loop
      vertex 56.25 -1.61163 3.93467
      vertex 56.25 -0.520771 3.09762
      vertex 56.25 -0.790292 2.79029
    endloop
  endfacet
  facet normal -1 -0 0
    outer loop
      vertex 56.25 0.0185175 5.80881
      vertex 56.25 -1.30963 5.45293
      vertex 56.25 -0.112877 6.19589
    endloop
  endfacet
  facet normal -1 0 0
    outer loop
      vertex 56.25 -1.76256 3.76256
      vertex 56.25 -0.790292 2.79029
      vertex 56.25 -1.09762 2.52077
    endloop
  endfacet
  facet normal -1 0 0
    outer loop
      vertex 56.25 -1.38321 5.6697
      vertex 56.25 -0.112877 6.19589
      vertex 56.25 -1.30963 5.45293
    endloop
  endfacet
  facet normal -1 -0 0
    outer loop
      vertex 56.25 -0.112877 6.19589
      vertex 56.25 -1.38321 5.6697
      vertex 56.25 -0.293671 6.5625
    endloop
  endfacet
  facet normal -1 0 0
    outer loop
      vertex 56.25 0.0982647 4.59211
      vertex 56.25 -1.26497 4.77158
      vertex 56.25 -1.25 5
    endloop
  endfacet
  facet normal -1 0 0
    outer loop
      vertex 56.25 0.0185175 4.19119
      vertex 56.25 -1.30963 4.54707
      vertex 56.25 -1.26497 4.77158
    endloop
  endfacet
  facet normal -1 0 0
    outer loop
      vertex 56.25 -0.112877 3.80411
      vertex 56.25 -1.38321 4.3303
      vertex 56.25 -1.30963 4.54707
    endloop
  endfacet
  facet normal -1 0 0
    outer loop
      vertex 56.25 -1.93467 3.61163
      vertex 56.25 -1.09762 2.52077
      vertex 56.25 -1.4375 2.29367
    endloop
  endfacet
  facet normal -1 0 0
    outer loop
      vertex 56.25 -0.293671 3.4375
      vertex 56.25 -1.48446 4.125
      vertex 56.25 -1.38321 4.3303
    endloop
  endfacet
  facet normal -1 0 0
    outer loop
      vertex 56.25 -0.520771 3.09762
      vertex 56.25 -1.61163 3.93467
      vertex 56.25 -1.48446 4.125
    endloop
  endfacet
  facet normal -1 0 0
    outer loop
      vertex 56.25 -0.790292 2.79029
      vertex 56.25 -1.76256 3.76256
      vertex 56.25 -1.61163 3.93467
    endloop
  endfacet
  facet normal -1 0 0
    outer loop
      vertex 56.25 -2.125 3.48446
      vertex 56.25 -1.4375 2.29367
      vertex 56.25 -1.80411 2.11288
    endloop
  endfacet
  facet normal -1 0 0
    outer loop
      vertex 56.25 -1.09762 2.52077
      vertex 56.25 -1.93467 3.61163
      vertex 56.25 -1.76256 3.76256
    endloop
  endfacet
  facet normal -1 0 0
    outer loop
      vertex 56.25 -1.4375 2.29367
      vertex 56.25 -2.125 3.48446
      vertex 56.25 -1.93467 3.61163
    endloop
  endfacet
  facet normal -1 0 0
    outer loop
      vertex 56.25 -2.3303 3.38321
      vertex 56.25 -1.80411 2.11288
      vertex 56.25 -2.19119 1.98148
    endloop
  endfacet
  facet normal -1 0 0
    outer loop
      vertex 56.25 -1.80411 2.11288
      vertex 56.25 -2.3303 3.38321
      vertex 56.25 -2.125 3.48446
    endloop
  endfacet
  facet normal -1 0 0
    outer loop
      vertex 56.25 -2.19119 1.98148
      vertex 56.25 -2.54707 3.30963
      vertex 56.25 -2.3303 3.38321
    endloop
  endfacet
  facet normal -1 0 0
    outer loop
      vertex 56.25 -2.59211 1.90174
      vertex 56.25 -2.54707 3.30963
      vertex 56.25 -2.19119 1.98148
    endloop
  endfacet
  facet normal -1 0 0
    outer loop
      vertex 56.25 -2.59211 1.90174
      vertex 56.25 -2.77158 3.26497
      vertex 56.25 -2.54707 3.30963
    endloop
  endfacet
  facet normal -1 0 0
    outer loop
      vertex 56.25 -3 1.875
      vertex 56.25 -2.77158 3.26497
      vertex 56.25 -2.59211 1.90174
    endloop
  endfacet
  facet normal -1 0 0
    outer loop
      vertex 56.25 -3 1.875
      vertex 56.25 -3 3.25
      vertex 56.25 -2.77158 3.26497
    endloop
  endfacet
  facet normal -1 0 0
    outer loop
      vertex 56.25 -3 1.875
      vertex 56.25 -3.22842 3.26497
      vertex 56.25 -3 3.25
    endloop
  endfacet
  facet normal -1 0 0
    outer loop
      vertex 56.25 -3.4079 1.90174
      vertex 56.25 -3.22842 3.26497
      vertex 56.25 -3 1.875
    endloop
  endfacet
  facet normal -1 0 0
    outer loop
      vertex 56.25 -3.4079 1.90174
      vertex 56.25 -3.45293 3.30963
      vertex 56.25 -3.22842 3.26497
    endloop
  endfacet
  facet normal -1 0 0
    outer loop
      vertex 56.25 -3.80881 1.98148
      vertex 56.25 -3.45293 3.30963
      vertex 56.25 -3.4079 1.90174
    endloop
  endfacet
  facet normal -1 -0 0
    outer loop
      vertex 56.25 -3.45293 3.30963
      vertex 56.25 -3.80881 1.98148
      vertex 56.25 -3.6697 3.38321
    endloop
  endfacet
  facet normal -1 0 0
    outer loop
      vertex 56.25 -4.19589 2.11288
      vertex 56.25 -3.6697 3.38321
      vertex 56.25 -3.80881 1.98148
    endloop
  endfacet
  facet normal -1 -0 0
    outer loop
      vertex 56.25 -3.6697 3.38321
      vertex 56.25 -4.19589 2.11288
      vertex 56.25 -3.875 3.48446
    endloop
  endfacet
  facet normal -1 0 0
    outer loop
      vertex 56.25 -4.5625 2.29367
      vertex 56.25 -3.875 3.48446
      vertex 56.25 -4.19589 2.11288
    endloop
  endfacet
  facet normal -1 -0 0
    outer loop
      vertex 56.25 -3.875 3.48446
      vertex 56.25 -4.5625 2.29367
      vertex 56.25 -4.06533 3.61163
    endloop
  endfacet
  facet normal -1 0 0
    outer loop
      vertex 56.25 -4.90238 2.52077
      vertex 56.25 -4.06533 3.61163
      vertex 56.25 -4.5625 2.29367
    endloop
  endfacet
  facet normal -1 -0 0
    outer loop
      vertex 56.25 -4.06533 3.61163
      vertex 56.25 -4.90238 2.52077
      vertex 56.25 -4.23744 3.76256
    endloop
  endfacet
  facet normal -1 0 0
    outer loop
      vertex 56.25 -5.20971 2.79029
      vertex 56.25 -4.23744 3.76256
      vertex 56.25 -4.90238 2.52077
    endloop
  endfacet
  facet normal -1 -0 0
    outer loop
      vertex 56.25 -4.23744 3.76256
      vertex 56.25 -5.20971 2.79029
      vertex 56.25 -4.38837 3.93467
    endloop
  endfacet
  facet normal -1 0 0
    outer loop
      vertex 56.25 -5.47923 3.09762
      vertex 56.25 -4.38837 3.93467
      vertex 56.25 -5.20971 2.79029
    endloop
  endfacet
  facet normal -1 -0 0
    outer loop
      vertex 56.25 -4.38837 3.93467
      vertex 56.25 -5.47923 3.09762
      vertex 56.25 -4.51554 4.125
    endloop
  endfacet
  facet normal -1 -0 0
    outer loop
      vertex 56.25 -4.51554 4.125
      vertex 56.25 -5.70633 3.4375
      vertex 56.25 -4.61679 4.3303
    endloop
  endfacet
  facet normal -1 0 0
    outer loop
      vertex 56.25 -5.70633 3.4375
      vertex 56.25 -4.51554 4.125
      vertex 56.25 -5.47923 3.09762
    endloop
  endfacet
  facet normal -1 0 0
    outer loop
      vertex 56.25 -1.48446 5.875
      vertex 56.25 -0.293671 6.5625
      vertex 56.25 -1.38321 5.6697
    endloop
  endfacet
  facet normal -1 -0 0
    outer loop
      vertex 56.25 -0.293671 6.5625
      vertex 56.25 -1.48446 5.875
      vertex 56.25 -0.520771 6.90238
    endloop
  endfacet
  facet normal -1 0 0
    outer loop
      vertex 56.25 -1.61163 6.06533
      vertex 56.25 -0.520771 6.90238
      vertex 56.25 -1.48446 5.875
    endloop
  endfacet
  facet normal -1 -0 0
    outer loop
      vertex 56.25 -0.520771 6.90238
      vertex 56.25 -1.61163 6.06533
      vertex 56.25 -0.790292 7.20971
    endloop
  endfacet
  facet normal -1 0 0
    outer loop
      vertex 56.25 -1.76256 6.23744
      vertex 56.25 -0.790292 7.20971
      vertex 56.25 -1.61163 6.06533
    endloop
  endfacet
  facet normal -1 -0 0
    outer loop
      vertex 56.25 -0.790292 7.20971
      vertex 56.25 -1.76256 6.23744
      vertex 56.25 -1.09762 7.47923
    endloop
  endfacet
  facet normal -1 0 0
    outer loop
      vertex 56.25 -1.93467 6.38837
      vertex 56.25 -1.09762 7.47923
      vertex 56.25 -1.76256 6.23744
    endloop
  endfacet
  facet normal -1 -0 0
    outer loop
      vertex 56.25 -1.09762 7.47923
      vertex 56.25 -1.93467 6.38837
      vertex 56.25 -1.4375 7.70633
    endloop
  endfacet
  facet normal -1 0 0
    outer loop
      vertex 56.25 -2.125 6.51554
      vertex 56.25 -1.4375 7.70633
      vertex 56.25 -1.93467 6.38837
    endloop
  endfacet
  facet normal -1 -0 0
    outer loop
      vertex 56.25 -1.4375 7.70633
      vertex 56.25 -2.125 6.51554
      vertex 56.25 -1.80411 7.88712
    endloop
  endfacet
  facet normal -1 0 0
    outer loop
      vertex 56.25 -2.3303 6.61679
      vertex 56.25 -1.80411 7.88712
      vertex 56.25 -2.125 6.51554
    endloop
  endfacet
  facet normal -1 -0 0
    outer loop
      vertex 56.25 -1.80411 7.88712
      vertex 56.25 -2.3303 6.61679
      vertex 56.25 -2.19119 8.01852
    endloop
  endfacet
  facet normal -1 0 0
    outer loop
      vertex 56.25 -2.54707 6.69037
      vertex 56.25 -2.19119 8.01852
      vertex 56.25 -2.3303 6.61679
    endloop
  endfacet
  facet normal -1 0 0
    outer loop
      vertex 56.25 -2.54707 6.69037
      vertex 56.25 -2.59211 8.09826
      vertex 56.25 -2.19119 8.01852
    endloop
  endfacet
  facet normal -1 0 0
    outer loop
      vertex 56.25 -2.77158 6.73503
      vertex 56.25 -2.59211 8.09826
      vertex 56.25 -2.54707 6.69037
    endloop
  endfacet
  facet normal -1 0 0
    outer loop
      vertex 56.25 -3 6.75
      vertex 56.25 -2.59211 8.09826
      vertex 56.25 -2.77158 6.73503
    endloop
  endfacet
  facet normal -1 0 0
    outer loop
      vertex 56.25 -3 6.75
      vertex 56.25 -3 8.125
      vertex 56.25 -2.59211 8.09826
    endloop
  endfacet
  facet normal -1 0 0
    outer loop
      vertex 56.25 -3.22842 6.73503
      vertex 56.25 -3 8.125
      vertex 56.25 -3 6.75
    endloop
  endfacet
  facet normal -1 0 0
    outer loop
      vertex 56.25 -3.22842 6.73503
      vertex 56.25 -3.4079 8.09826
      vertex 56.25 -3 8.125
    endloop
  endfacet
  facet normal -1 0 0
    outer loop
      vertex 56.25 -3.45293 6.69037
      vertex 56.25 -3.4079 8.09826
      vertex 56.25 -3.22842 6.73503
    endloop
  endfacet
  facet normal -1 0 0
    outer loop
      vertex 56.25 -3.80881 8.01852
      vertex 56.25 -3.45293 6.69037
      vertex 56.25 -3.6697 6.61679
    endloop
  endfacet
  facet normal -1 0 0
    outer loop
      vertex 56.25 -3.45293 6.69037
      vertex 56.25 -3.80881 8.01852
      vertex 56.25 -3.4079 8.09826
    endloop
  endfacet
  facet normal -1 0 0
    outer loop
      vertex 56.25 -4.19589 7.88712
      vertex 56.25 -3.6697 6.61679
      vertex 56.25 -3.875 6.51554
    endloop
  endfacet
  facet normal -1 0 0
    outer loop
      vertex 56.25 -4.5625 7.70633
      vertex 56.25 -3.875 6.51554
      vertex 56.25 -4.06533 6.38837
    endloop
  endfacet
  facet normal -1 0 0
    outer loop
      vertex 56.25 -3.6697 6.61679
      vertex 56.25 -4.19589 7.88712
      vertex 56.25 -3.80881 8.01852
    endloop
  endfacet
  facet normal -1 0 0
    outer loop
      vertex 56.25 -4.90238 7.47923
      vertex 56.25 -4.06533 6.38837
      vertex 56.25 -4.23744 6.23744
    endloop
  endfacet
  facet normal -1 0 0
    outer loop
      vertex 56.25 -5.20971 7.20971
      vertex 56.25 -4.23744 6.23744
      vertex 56.25 -4.38837 6.06533
    endloop
  endfacet
  facet normal -1 0 0
    outer loop
      vertex 56.25 -5.47923 6.90238
      vertex 56.25 -4.38837 6.06533
      vertex 56.25 -4.51554 5.875
    endloop
  endfacet
  facet normal -1 0 0
    outer loop
      vertex 56.25 -3.875 6.51554
      vertex 56.25 -4.5625 7.70633
      vertex 56.25 -4.19589 7.88712
    endloop
  endfacet
  facet normal -1 0 0
    outer loop
      vertex 56.25 -5.70633 6.5625
      vertex 56.25 -4.51554 5.875
      vertex 56.25 -4.61679 5.6697
    endloop
  endfacet
  facet normal -1 0 0
    outer loop
      vertex 56.25 -5.88712 6.19589
      vertex 56.25 -4.61679 5.6697
      vertex 56.25 -4.69037 5.45293
    endloop
  endfacet
  facet normal -1 0 0
    outer loop
      vertex 56.25 -6.01852 5.80881
      vertex 56.25 -4.69037 5.45293
      vertex 56.25 -4.73503 5.22842
    endloop
  endfacet
  facet normal -1 0 0
    outer loop
      vertex 56.25 -4.06533 6.38837
      vertex 56.25 -4.90238 7.47923
      vertex 56.25 -4.5625 7.70633
    endloop
  endfacet
  facet normal -1 0 0
    outer loop
      vertex 56.25 -6.09827 5.40789
      vertex 56.25 -4.73503 5.22842
      vertex 56.25 -4.75 5
    endloop
  endfacet
  facet normal -1 0 0
    outer loop
      vertex 56.25 -5.88712 3.80411
      vertex 56.25 -4.61679 4.3303
      vertex 56.25 -5.70633 3.4375
    endloop
  endfacet
  facet normal -1 -0 0
    outer loop
      vertex 56.25 -4.61679 4.3303
      vertex 56.25 -5.88712 3.80411
      vertex 56.25 -4.69037 4.54707
    endloop
  endfacet
  facet normal -1 0 0
    outer loop
      vertex 56.25 -4.23744 6.23744
      vertex 56.25 -5.20971 7.20971
      vertex 56.25 -4.90238 7.47923
    endloop
  endfacet
  facet normal -1 0 0
    outer loop
      vertex 56.25 -6.01852 4.19119
      vertex 56.25 -4.69037 4.54707
      vertex 56.25 -5.88712 3.80411
    endloop
  endfacet
  facet normal -1 0 0
    outer loop
      vertex 56.25 -4.38837 6.06533
      vertex 56.25 -5.47923 6.90238
      vertex 56.25 -5.20971 7.20971
    endloop
  endfacet
  facet normal -1 -0 0
    outer loop
      vertex 56.25 -4.69037 4.54707
      vertex 56.25 -6.01852 4.19119
      vertex 56.25 -4.73503 4.77158
    endloop
  endfacet
  facet normal -1 0 0
    outer loop
      vertex 56.25 -4.51554 5.875
      vertex 56.25 -5.70633 6.5625
      vertex 56.25 -5.47923 6.90238
    endloop
  endfacet
  facet normal -1 0 0
    outer loop
      vertex 56.25 -6.09827 4.59211
      vertex 56.25 -4.73503 4.77158
      vertex 56.25 -6.01852 4.19119
    endloop
  endfacet
  facet normal -1 0 0
    outer loop
      vertex 56.25 -4.61679 5.6697
      vertex 56.25 -5.88712 6.19589
      vertex 56.25 -5.70633 6.5625
    endloop
  endfacet
  facet normal -1 -0 0
    outer loop
      vertex 56.25 -4.73503 4.77158
      vertex 56.25 -6.09827 4.59211
      vertex 56.25 -4.75 5
    endloop
  endfacet
  facet normal -1 0 0
    outer loop
      vertex 56.25 -4.69037 5.45293
      vertex 56.25 -6.01852 5.80881
      vertex 56.25 -5.88712 6.19589
    endloop
  endfacet
  facet normal -1 0 0
    outer loop
      vertex 56.25 -6.125 5
      vertex 56.25 -4.75 5
      vertex 56.25 -6.09827 4.59211
    endloop
  endfacet
  facet normal -1 0 0
    outer loop
      vertex 56.25 -4.73503 5.22842
      vertex 56.25 -6.09827 5.40789
      vertex 56.25 -6.01852 5.80881
    endloop
  endfacet
  facet normal -1 0 0
    outer loop
      vertex 56.25 -4.75 5
      vertex 56.25 -6.125 5
      vertex 56.25 -6.09827 5.40789
    endloop
  endfacet
  facet normal 0 0.195076 -0.980788
    outer loop
      vertex 54 -3.80881 8.01852
      vertex 56.25 -3.4079 8.09826
      vertex 56.25 -3.80881 8.01852
    endloop
  endfacet
  facet normal 0 0.195076 -0.980788
    outer loop
      vertex 56.25 -3.4079 8.09826
      vertex 54 -3.80881 8.01852
      vertex 54 -3.4079 8.09826
    endloop
  endfacet
  facet normal 0 0.980783 0.1951
    outer loop
      vertex 61 -4.69037 4.54707
      vertex 56.25 -4.73503 4.77158
      vertex 61 -4.73503 4.77158
    endloop
  endfacet
  facet normal 0 0.980783 0.1951
    outer loop
      vertex 56.25 -4.73503 4.77158
      vertex 61 -4.69037 4.54707
      vertex 56.25 -4.69037 4.54707
    endloop
  endfacet
  facet normal 0 -0.831479 0.555557
    outer loop
      vertex 56.25 -1.61163 3.93467
      vertex 61 -1.48446 4.125
      vertex 56.25 -1.48446 4.125
    endloop
  endfacet
  facet normal 0 -0.831479 0.555557
    outer loop
      vertex 61 -1.48446 4.125
      vertex 56.25 -1.61163 3.93467
      vertex 61 -1.61163 3.93467
    endloop
  endfacet
  facet normal 0 -0.1951 -0.980783
    outer loop
      vertex 56.25 -2.77158 6.73503
      vertex 61 -2.54707 6.69037
      vertex 61 -2.77158 6.73503
    endloop
  endfacet
  facet normal -0 -0.1951 -0.980783
    outer loop
      vertex 61 -2.54707 6.69037
      vertex 56.25 -2.77158 6.73503
      vertex 56.25 -2.54707 6.69037
    endloop
  endfacet
  facet normal 0 -0.751854 -0.65933
    outer loop
      vertex 56.25 -1.61163 6.06533
      vertex 61 -1.76256 6.23744
      vertex 56.25 -1.76256 6.23744
    endloop
  endfacet
  facet normal 0 -0.751854 -0.65933
    outer loop
      vertex 61 -1.76256 6.23744
      vertex 56.25 -1.61163 6.06533
      vertex 61 -1.61163 6.06533
    endloop
  endfacet
  facet normal 0 -0.89686 0.442314
    outer loop
      vertex 56.25 -1.48446 4.125
      vertex 61 -1.38321 4.3303
      vertex 56.25 -1.38321 4.3303
    endloop
  endfacet
  facet normal 0 -0.89686 0.442314
    outer loop
      vertex 61 -1.38321 4.3303
      vertex 56.25 -1.48446 4.125
      vertex 61 -1.48446 4.125
    endloop
  endfacet
  facet normal 0 -0.65933 0.751854
    outer loop
      vertex 56.25 -1.76256 3.76256
      vertex 61 -1.93467 3.61163
      vertex 61 -1.76256 3.76256
    endloop
  endfacet
  facet normal 0 -0.65933 0.751854
    outer loop
      vertex 61 -1.93467 3.61163
      vertex 56.25 -1.76256 3.76256
      vertex 56.25 -1.93467 3.61163
    endloop
  endfacet
  facet normal 0 -0.997859 0.0653969
    outer loop
      vertex 56.25 -1.26497 4.77158
      vertex 61 -1.25 5
      vertex 56.25 -1.25 5
    endloop
  endfacet
  facet normal 0 -0.997859 0.0653969
    outer loop
      vertex 61 -1.25 5
      vertex 56.25 -1.26497 4.77158
      vertex 61 -1.26497 4.77158
    endloop
  endfacet
  facet normal 0 0.89686 -0.442314
    outer loop
      vertex 61 -4.61679 5.6697
      vertex 56.25 -4.51554 5.875
      vertex 61 -4.51554 5.875
    endloop
  endfacet
  facet normal 0 0.89686 -0.442314
    outer loop
      vertex 56.25 -4.51554 5.875
      vertex 61 -4.61679 5.6697
      vertex 56.25 -4.61679 5.6697
    endloop
  endfacet
  facet normal 0 -0.89686 -0.442314
    outer loop
      vertex 56.25 -1.38321 5.6697
      vertex 61 -1.48446 5.875
      vertex 56.25 -1.48446 5.875
    endloop
  endfacet
  facet normal 0 -0.89686 -0.442314
    outer loop
      vertex 61 -1.48446 5.875
      vertex 56.25 -1.38321 5.6697
      vertex 61 -1.38321 5.6697
    endloop
  endfacet
  facet normal 0 -0.831479 -0.555557
    outer loop
      vertex 56.25 -1.48446 5.875
      vertex 61 -1.61163 6.06533
      vertex 56.25 -1.61163 6.06533
    endloop
  endfacet
  facet normal 0 -0.831479 -0.555557
    outer loop
      vertex 61 -1.61163 6.06533
      vertex 56.25 -1.48446 5.875
      vertex 61 -1.48446 5.875
    endloop
  endfacet
  facet normal 0 0.997859 0.0653969
    outer loop
      vertex 61 -4.73503 4.77158
      vertex 56.25 -4.75 5
      vertex 61 -4.75 5
    endloop
  endfacet
  facet normal 0 0.997859 0.0653969
    outer loop
      vertex 56.25 -4.75 5
      vertex 61 -4.73503 4.77158
      vertex 56.25 -4.73503 4.77158
    endloop
  endfacet
  facet normal -0 0.555557 0.831479
    outer loop
      vertex 56.25 -3.875 3.48446
      vertex 61 -4.06533 3.61163
      vertex 61 -3.875 3.48446
    endloop
  endfacet
  facet normal 0 0.555557 0.831479
    outer loop
      vertex 61 -4.06533 3.61163
      vertex 56.25 -3.875 3.48446
      vertex 56.25 -4.06533 3.61163
    endloop
  endfacet
  facet normal 0 0.997859 -0.0653969
    outer loop
      vertex 61 -4.75 5
      vertex 56.25 -4.73503 5.22842
      vertex 61 -4.73503 5.22842
    endloop
  endfacet
  facet normal 0 0.997859 -0.0653969
    outer loop
      vertex 56.25 -4.73503 5.22842
      vertex 61 -4.75 5
      vertex 56.25 -4.75 5
    endloop
  endfacet
  facet normal 0 0.555557 -0.831479
    outer loop
      vertex 56.25 -4.06533 6.38837
      vertex 61 -3.875 6.51554
      vertex 61 -4.06533 6.38837
    endloop
  endfacet
  facet normal 0 0.555557 -0.831479
    outer loop
      vertex 61 -3.875 6.51554
      vertex 56.25 -4.06533 6.38837
      vertex 56.25 -3.875 6.51554
    endloop
  endfacet
  facet normal 0 0.946935 0.321426
    outer loop
      vertex 61 -4.61679 4.3303
      vertex 56.25 -4.69037 4.54707
      vertex 61 -4.69037 4.54707
    endloop
  endfacet
  facet normal 0 0.946935 0.321426
    outer loop
      vertex 56.25 -4.69037 4.54707
      vertex 61 -4.61679 4.3303
      vertex 56.25 -4.61679 4.3303
    endloop
  endfacet
  facet normal 0 0.831479 -0.555557
    outer loop
      vertex 61 -4.51554 5.875
      vertex 56.25 -4.38837 6.06533
      vertex 61 -4.38837 6.06533
    endloop
  endfacet
  facet normal 0 0.831479 -0.555557
    outer loop
      vertex 56.25 -4.38837 6.06533
      vertex 61 -4.51554 5.875
      vertex 56.25 -4.51554 5.875
    endloop
  endfacet
  facet normal 0 -0.751854 0.65933
    outer loop
      vertex 56.25 -1.76256 3.76256
      vertex 61 -1.61163 3.93467
      vertex 56.25 -1.61163 3.93467
    endloop
  endfacet
  facet normal 0 -0.751854 0.65933
    outer loop
      vertex 61 -1.61163 3.93467
      vertex 56.25 -1.76256 3.76256
      vertex 61 -1.76256 3.76256
    endloop
  endfacet
  facet normal 0 -0.946935 0.321426
    outer loop
      vertex 56.25 -1.38321 4.3303
      vertex 61 -1.30963 4.54707
      vertex 56.25 -1.30963 4.54707
    endloop
  endfacet
  facet normal 0 -0.946935 0.321426
    outer loop
      vertex 61 -1.30963 4.54707
      vertex 56.25 -1.38321 4.3303
      vertex 61 -1.38321 4.3303
    endloop
  endfacet
  facet normal 0 0.751854 0.65933
    outer loop
      vertex 61 -4.23744 3.76256
      vertex 56.25 -4.38837 3.93467
      vertex 61 -4.38837 3.93467
    endloop
  endfacet
  facet normal 0 0.751854 0.65933
    outer loop
      vertex 56.25 -4.38837 3.93467
      vertex 61 -4.23744 3.76256
      vertex 56.25 -4.23744 3.76256
    endloop
  endfacet
  facet normal 0 -0.555557 0.831479
    outer loop
      vertex 56.25 -1.93467 3.61163
      vertex 61 -2.125 3.48446
      vertex 61 -1.93467 3.61163
    endloop
  endfacet
  facet normal 0 -0.555557 0.831479
    outer loop
      vertex 61 -2.125 3.48446
      vertex 56.25 -1.93467 3.61163
      vertex 56.25 -2.125 3.48446
    endloop
  endfacet
  facet normal 0 -0.997859 -0.0653969
    outer loop
      vertex 56.25 -1.25 5
      vertex 61 -1.26497 5.22842
      vertex 56.25 -1.26497 5.22842
    endloop
  endfacet
  facet normal 0 -0.997859 -0.0653969
    outer loop
      vertex 61 -1.26497 5.22842
      vertex 56.25 -1.25 5
      vertex 61 -1.25 5
    endloop
  endfacet
  facet normal 0 -0.980783 0.1951
    outer loop
      vertex 56.25 -1.30963 4.54707
      vertex 61 -1.26497 4.77158
      vertex 56.25 -1.26497 4.77158
    endloop
  endfacet
  facet normal 0 -0.980783 0.1951
    outer loop
      vertex 61 -1.26497 4.77158
      vertex 56.25 -1.30963 4.54707
      vertex 61 -1.30963 4.54707
    endloop
  endfacet
  facet normal 0 -0.0653969 -0.997859
    outer loop
      vertex 56.25 -3 6.75
      vertex 61 -2.77158 6.73503
      vertex 61 -3 6.75
    endloop
  endfacet
  facet normal -0 -0.0653969 -0.997859
    outer loop
      vertex 61 -2.77158 6.73503
      vertex 56.25 -3 6.75
      vertex 56.25 -2.77158 6.73503
    endloop
  endfacet
  facet normal 0 0.751854 -0.65933
    outer loop
      vertex 61 -4.38837 6.06533
      vertex 56.25 -4.23744 6.23744
      vertex 61 -4.23744 6.23744
    endloop
  endfacet
  facet normal 0 0.751854 -0.65933
    outer loop
      vertex 56.25 -4.23744 6.23744
      vertex 61 -4.38837 6.06533
      vertex 56.25 -4.38837 6.06533
    endloop
  endfacet
  facet normal -0 0.1951 0.980783
    outer loop
      vertex 56.25 -3.22842 3.26497
      vertex 61 -3.45293 3.30963
      vertex 61 -3.22842 3.26497
    endloop
  endfacet
  facet normal 0 0.1951 0.980783
    outer loop
      vertex 61 -3.45293 3.30963
      vertex 56.25 -3.22842 3.26497
      vertex 56.25 -3.45293 3.30963
    endloop
  endfacet
  facet normal 0 -0.321426 0.946935
    outer loop
      vertex 56.25 -2.3303 3.38321
      vertex 61 -2.54707 3.30963
      vertex 61 -2.3303 3.38321
    endloop
  endfacet
  facet normal 0 -0.321426 0.946935
    outer loop
      vertex 61 -2.54707 3.30963
      vertex 56.25 -2.3303 3.38321
      vertex 56.25 -2.54707 3.30963
    endloop
  endfacet
  facet normal -0 0.0653969 0.997859
    outer loop
      vertex 56.25 -3 3.25
      vertex 61 -3.22842 3.26497
      vertex 61 -3 3.25
    endloop
  endfacet
  facet normal 0 0.0653969 0.997859
    outer loop
      vertex 61 -3.22842 3.26497
      vertex 56.25 -3 3.25
      vertex 56.25 -3.22842 3.26497
    endloop
  endfacet
  facet normal 0 -0.555557 -0.831479
    outer loop
      vertex 56.25 -2.125 6.51554
      vertex 61 -1.93467 6.38837
      vertex 61 -2.125 6.51554
    endloop
  endfacet
  facet normal -0 -0.555557 -0.831479
    outer loop
      vertex 61 -1.93467 6.38837
      vertex 56.25 -2.125 6.51554
      vertex 56.25 -1.93467 6.38837
    endloop
  endfacet
  facet normal 0 -0.321426 -0.946935
    outer loop
      vertex 56.25 -2.54707 6.69037
      vertex 61 -2.3303 6.61679
      vertex 61 -2.54707 6.69037
    endloop
  endfacet
  facet normal -0 -0.321426 -0.946935
    outer loop
      vertex 61 -2.3303 6.61679
      vertex 56.25 -2.54707 6.69037
      vertex 56.25 -2.3303 6.61679
    endloop
  endfacet
  facet normal 0 0.980783 -0.1951
    outer loop
      vertex 61 -4.73503 5.22842
      vertex 56.25 -4.69037 5.45293
      vertex 61 -4.69037 5.45293
    endloop
  endfacet
  facet normal 0 0.980783 -0.1951
    outer loop
      vertex 56.25 -4.69037 5.45293
      vertex 61 -4.73503 5.22842
      vertex 56.25 -4.73503 5.22842
    endloop
  endfacet
  facet normal 0 -0.0653969 0.997859
    outer loop
      vertex 56.25 -2.77158 3.26497
      vertex 61 -3 3.25
      vertex 61 -2.77158 3.26497
    endloop
  endfacet
  facet normal 0 -0.0653969 0.997859
    outer loop
      vertex 61 -3 3.25
      vertex 56.25 -2.77158 3.26497
      vertex 56.25 -3 3.25
    endloop
  endfacet
  facet normal 0 0.946935 -0.321426
    outer loop
      vertex 61 -4.69037 5.45293
      vertex 56.25 -4.61679 5.6697
      vertex 61 -4.61679 5.6697
    endloop
  endfacet
  facet normal 0 0.946935 -0.321426
    outer loop
      vertex 56.25 -4.61679 5.6697
      vertex 61 -4.69037 5.45293
      vertex 56.25 -4.69037 5.45293
    endloop
  endfacet
  facet normal 0 -0.442314 -0.89686
    outer loop
      vertex 56.25 -2.3303 6.61679
      vertex 61 -2.125 6.51554
      vertex 61 -2.3303 6.61679
    endloop
  endfacet
  facet normal -0 -0.442314 -0.89686
    outer loop
      vertex 61 -2.125 6.51554
      vertex 56.25 -2.3303 6.61679
      vertex 56.25 -2.125 6.51554
    endloop
  endfacet
  facet normal -0 0.442314 0.89686
    outer loop
      vertex 56.25 -3.6697 3.38321
      vertex 61 -3.875 3.48446
      vertex 61 -3.6697 3.38321
    endloop
  endfacet
  facet normal 0 0.442314 0.89686
    outer loop
      vertex 61 -3.875 3.48446
      vertex 56.25 -3.6697 3.38321
      vertex 56.25 -3.875 3.48446
    endloop
  endfacet
  facet normal 0 -0.442314 0.89686
    outer loop
      vertex 56.25 -2.125 3.48446
      vertex 61 -2.3303 3.38321
      vertex 61 -2.125 3.48446
    endloop
  endfacet
  facet normal 0 -0.442314 0.89686
    outer loop
      vertex 61 -2.3303 3.38321
      vertex 56.25 -2.125 3.48446
      vertex 56.25 -2.3303 3.38321
    endloop
  endfacet
  facet normal 0 -0.980783 -0.1951
    outer loop
      vertex 56.25 -1.26497 5.22842
      vertex 61 -1.30963 5.45293
      vertex 56.25 -1.30963 5.45293
    endloop
  endfacet
  facet normal 0 -0.980783 -0.1951
    outer loop
      vertex 61 -1.30963 5.45293
      vertex 56.25 -1.26497 5.22842
      vertex 61 -1.26497 5.22842
    endloop
  endfacet
  facet normal 0 -0.65933 -0.751854
    outer loop
      vertex 56.25 -1.93467 6.38837
      vertex 61 -1.76256 6.23744
      vertex 61 -1.93467 6.38837
    endloop
  endfacet
  facet normal -0 -0.65933 -0.751854
    outer loop
      vertex 61 -1.76256 6.23744
      vertex 56.25 -1.93467 6.38837
      vertex 56.25 -1.76256 6.23744
    endloop
  endfacet
  facet normal 0 0.89686 0.442314
    outer loop
      vertex 61 -4.51554 4.125
      vertex 56.25 -4.61679 4.3303
      vertex 61 -4.61679 4.3303
    endloop
  endfacet
  facet normal 0 0.89686 0.442314
    outer loop
      vertex 56.25 -4.61679 4.3303
      vertex 61 -4.51554 4.125
      vertex 56.25 -4.51554 4.125
    endloop
  endfacet
  facet normal -0 0.321426 0.946935
    outer loop
      vertex 56.25 -3.45293 3.30963
      vertex 61 -3.6697 3.38321
      vertex 61 -3.45293 3.30963
    endloop
  endfacet
  facet normal 0 0.321426 0.946935
    outer loop
      vertex 61 -3.6697 3.38321
      vertex 56.25 -3.45293 3.30963
      vertex 56.25 -3.6697 3.38321
    endloop
  endfacet
  facet normal 0 0.0653969 -0.997859
    outer loop
      vertex 56.25 -3.22842 6.73503
      vertex 61 -3 6.75
      vertex 61 -3.22842 6.73503
    endloop
  endfacet
  facet normal 0 0.0653969 -0.997859
    outer loop
      vertex 61 -3 6.75
      vertex 56.25 -3.22842 6.73503
      vertex 56.25 -3 6.75
    endloop
  endfacet
  facet normal 0 0.442314 -0.89686
    outer loop
      vertex 56.25 -3.875 6.51554
      vertex 61 -3.6697 6.61679
      vertex 61 -3.875 6.51554
    endloop
  endfacet
  facet normal 0 0.442314 -0.89686
    outer loop
      vertex 61 -3.6697 6.61679
      vertex 56.25 -3.875 6.51554
      vertex 56.25 -3.6697 6.61679
    endloop
  endfacet
  facet normal -0 0.65933 0.751854
    outer loop
      vertex 56.25 -4.06533 3.61163
      vertex 61 -4.23744 3.76256
      vertex 61 -4.06533 3.61163
    endloop
  endfacet
  facet normal 0 0.65933 0.751854
    outer loop
      vertex 61 -4.23744 3.76256
      vertex 56.25 -4.06533 3.61163
      vertex 56.25 -4.23744 3.76256
    endloop
  endfacet
  facet normal 0 0.321426 -0.946935
    outer loop
      vertex 56.25 -3.6697 6.61679
      vertex 61 -3.45293 6.69037
      vertex 61 -3.6697 6.61679
    endloop
  endfacet
  facet normal 0 0.321426 -0.946935
    outer loop
      vertex 61 -3.45293 6.69037
      vertex 56.25 -3.6697 6.61679
      vertex 56.25 -3.45293 6.69037
    endloop
  endfacet
  facet normal 0 -0.946935 -0.321426
    outer loop
      vertex 56.25 -1.30963 5.45293
      vertex 61 -1.38321 5.6697
      vertex 56.25 -1.38321 5.6697
    endloop
  endfacet
  facet normal 0 -0.946935 -0.321426
    outer loop
      vertex 61 -1.38321 5.6697
      vertex 56.25 -1.30963 5.45293
      vertex 61 -1.30963 5.45293
    endloop
  endfacet
  facet normal 0 0.65933 -0.751854
    outer loop
      vertex 56.25 -4.23744 6.23744
      vertex 61 -4.06533 6.38837
      vertex 61 -4.23744 6.23744
    endloop
  endfacet
  facet normal 0 0.65933 -0.751854
    outer loop
      vertex 61 -4.06533 6.38837
      vertex 56.25 -4.23744 6.23744
      vertex 56.25 -4.06533 6.38837
    endloop
  endfacet
  facet normal 0 0.831479 0.555557
    outer loop
      vertex 61 -4.38837 3.93467
      vertex 56.25 -4.51554 4.125
      vertex 61 -4.51554 4.125
    endloop
  endfacet
  facet normal 0 0.831479 0.555557
    outer loop
      vertex 56.25 -4.51554 4.125
      vertex 61 -4.38837 3.93467
      vertex 56.25 -4.38837 3.93467
    endloop
  endfacet
  facet normal 0 -0.1951 0.980783
    outer loop
      vertex 56.25 -2.54707 3.30963
      vertex 61 -2.77158 3.26497
      vertex 61 -2.54707 3.30963
    endloop
  endfacet
  facet normal 0 -0.1951 0.980783
    outer loop
      vertex 61 -2.77158 3.26497
      vertex 56.25 -2.54707 3.30963
      vertex 56.25 -2.77158 3.26497
    endloop
  endfacet
  facet normal 0 0.1951 -0.980783
    outer loop
      vertex 56.25 -3.45293 6.69037
      vertex 61 -3.22842 6.73503
      vertex 61 -3.45293 6.69037
    endloop
  endfacet
  facet normal 0 0.1951 -0.980783
    outer loop
      vertex 61 -3.22842 6.73503
      vertex 56.25 -3.45293 6.69037
      vertex 56.25 -3.22842 6.73503
    endloop
  endfacet
  facet normal 0 0 -1
    outer loop
      vertex 80.6388 -52.25 1.90735e-07
      vertex 86.6144 -48.8 1.90735e-07
      vertex 81.2565 -53.1745 1.90735e-07
    endloop
  endfacet
  facet normal -0 0 -1
    outer loop
      vertex 86.6144 -48.8 1.90735e-07
      vertex 80.6388 -52.25 1.90735e-07
      vertex 86.5218 -48.6123 1.90735e-07
    endloop
  endfacet
  facet normal 0 -0 -1
    outer loop
      vertex 84.7472 -40.147 1.90735e-07
      vertex 86.4 -48 1.90735e-07
      vertex 83.75 -40.6388 1.90735e-07
    endloop
  endfacet
  facet normal 0 0 -1
    outer loop
      vertex 86.4 -48 1.90735e-07
      vertex 84.7472 -40.147 1.90735e-07
      vertex 85 -40.0612 1.90735e-07
    endloop
  endfacet
  facet normal 0 0 -1
    outer loop
      vertex 80.147 -51.2528 1.90735e-07
      vertex 86.5218 -48.6123 1.90735e-07
      vertex 80.6388 -52.25 1.90735e-07
    endloop
  endfacet
  facet normal 0 0 -1
    outer loop
      vertex 86.4 -48 1.90735e-07
      vertex 82.8255 -41.2565 1.90735e-07
      vertex 83.75 -40.6388 1.90735e-07
    endloop
  endfacet
  facet normal -0 0 -1
    outer loop
      vertex 86.5218 -48.6123 1.90735e-07
      vertex 80.147 -51.2528 1.90735e-07
      vertex 86.4545 -48.4141 1.90735e-07
    endloop
  endfacet
  facet normal 0 0 -1
    outer loop
      vertex 86.4 -48 1.90735e-07
      vertex 81.9896 -41.9896 1.90735e-07
      vertex 82.8255 -41.2565 1.90735e-07
    endloop
  endfacet
  facet normal 0 0 -1
    outer loop
      vertex 79.7896 -50.2 1.90735e-07
      vertex 86.4545 -48.4141 1.90735e-07
      vertex 80.147 -51.2528 1.90735e-07
    endloop
  endfacet
  facet normal 0 0 -1
    outer loop
      vertex 86.4 -48 1.90735e-07
      vertex 81.2565 -42.8255 1.90735e-07
      vertex 81.9896 -41.9896 1.90735e-07
    endloop
  endfacet
  facet normal -0 0 -1
    outer loop
      vertex 86.4545 -48.4141 1.90735e-07
      vertex 79.7896 -50.2 1.90735e-07
      vertex 86.4137 -48.2088 1.90735e-07
    endloop
  endfacet
  facet normal 0 0 -1
    outer loop
      vertex 86.4 -48 1.90735e-07
      vertex 80.6388 -43.75 1.90735e-07
      vertex 81.2565 -42.8255 1.90735e-07
    endloop
  endfacet
  facet normal 0 0 -1
    outer loop
      vertex 79.5727 -49.1095 1.90735e-07
      vertex 86.4137 -48.2088 1.90735e-07
      vertex 79.7896 -50.2 1.90735e-07
    endloop
  endfacet
  facet normal 0 0 -1
    outer loop
      vertex 86.4 -48 1.90735e-07
      vertex 80.147 -44.7472 1.90735e-07
      vertex 80.6388 -43.75 1.90735e-07
    endloop
  endfacet
  facet normal -0 0 -1
    outer loop
      vertex 86.4137 -48.2088 1.90735e-07
      vertex 79.5727 -49.1095 1.90735e-07
      vertex 86.4 -48 1.90735e-07
    endloop
  endfacet
  facet normal 0 0 -1
    outer loop
      vertex 86.4 -48 1.90735e-07
      vertex 79.7896 -45.8 1.90735e-07
      vertex 80.147 -44.7472 1.90735e-07
    endloop
  endfacet
  facet normal 0 0 -1
    outer loop
      vertex 79.5 -48 1.90735e-07
      vertex 86.4 -48 1.90735e-07
      vertex 79.5727 -49.1095 1.90735e-07
    endloop
  endfacet
  facet normal 0 0 -1
    outer loop
      vertex 86.4 -48 1.90735e-07
      vertex 79.5727 -46.8905 1.90735e-07
      vertex 79.7896 -45.8 1.90735e-07
    endloop
  endfacet
  facet normal 0 0 -1
    outer loop
      vertex 86.4 -48 1.90735e-07
      vertex 79.5 -48 1.90735e-07
      vertex 79.5727 -46.8905 1.90735e-07
    endloop
  endfacet
  facet normal 0 0 -1
    outer loop
      vertex 89.6855 -0.221895 1.90735e-07
      vertex 91 5 1.90735e-07
      vertex 89.6855 -11.7781 1.90735e-07
    endloop
  endfacet
  facet normal 0 0 -1
    outer loop
      vertex 91 5 1.90735e-07
      vertex 89.6855 -0.221895 1.90735e-07
      vertex 89.7 0 1.90735e-07
    endloop
  endfacet
  facet normal 0 0 -1
    outer loop
      vertex 89.6421 -11.56 1.90735e-07
      vertex 89.6855 -0.221895 1.90735e-07
      vertex 89.6855 -11.7781 1.90735e-07
    endloop
  endfacet
  facet normal 0 0 -1
    outer loop
      vertex 89.6421 -11.56 1.90735e-07
      vertex 89.6421 -0.439993 1.90735e-07
      vertex 89.6855 -0.221895 1.90735e-07
    endloop
  endfacet
  facet normal 0 0 -1
    outer loop
      vertex 89.5706 -11.3494 1.90735e-07
      vertex 89.6421 -0.439993 1.90735e-07
      vertex 89.6421 -11.56 1.90735e-07
    endloop
  endfacet
  facet normal 0 0 -1
    outer loop
      vertex 89.5706 -11.3494 1.90735e-07
      vertex 89.5706 -0.650562 1.90735e-07
      vertex 89.6421 -0.439993 1.90735e-07
    endloop
  endfacet
  facet normal 0 0 -1
    outer loop
      vertex 89.4722 -11.15 1.90735e-07
      vertex 89.5706 -0.650562 1.90735e-07
      vertex 89.5706 -11.3494 1.90735e-07
    endloop
  endfacet
  facet normal 0 0 -1
    outer loop
      vertex 89.4722 -11.15 1.90735e-07
      vertex 89.4722 -0.85 1.90735e-07
      vertex 89.5706 -0.650562 1.90735e-07
    endloop
  endfacet
  facet normal 0 0 -1
    outer loop
      vertex 89.3487 -10.9651 1.90735e-07
      vertex 89.4722 -0.85 1.90735e-07
      vertex 89.4722 -11.15 1.90735e-07
    endloop
  endfacet
  facet normal 0 0 -1
    outer loop
      vertex 89.3487 -10.9651 1.90735e-07
      vertex 89.3487 -1.03489 1.90735e-07
      vertex 89.4722 -0.85 1.90735e-07
    endloop
  endfacet
  facet normal 0 0 -1
    outer loop
      vertex 89.2021 -10.7979 1.90735e-07
      vertex 89.3487 -1.03489 1.90735e-07
      vertex 89.3487 -10.9651 1.90735e-07
    endloop
  endfacet
  facet normal 0 0 -1
    outer loop
      vertex 89.2021 -10.7979 1.90735e-07
      vertex 89.2021 -1.20208 1.90735e-07
      vertex 89.3487 -1.03489 1.90735e-07
    endloop
  endfacet
  facet normal 0 0 -1
    outer loop
      vertex 89.0349 -10.6513 1.90735e-07
      vertex 89.2021 -1.20208 1.90735e-07
      vertex 89.2021 -10.7979 1.90735e-07
    endloop
  endfacet
  facet normal 0 0 -1
    outer loop
      vertex 89.0349 -10.6513 1.90735e-07
      vertex 89.0349 -1.3487 1.90735e-07
      vertex 89.2021 -1.20208 1.90735e-07
    endloop
  endfacet
  facet normal 0 0 -1
    outer loop
      vertex 88.85 -10.5278 1.90735e-07
      vertex 89.0349 -1.3487 1.90735e-07
      vertex 89.0349 -10.6513 1.90735e-07
    endloop
  endfacet
  facet normal 0 0 -1
    outer loop
      vertex 88.85 -10.5278 1.90735e-07
      vertex 88.85 -1.47224 1.90735e-07
      vertex 89.0349 -1.3487 1.90735e-07
    endloop
  endfacet
  facet normal 0 0 -1
    outer loop
      vertex 88.6506 -10.4294 1.90735e-07
      vertex 88.85 -1.47224 1.90735e-07
      vertex 88.85 -10.5278 1.90735e-07
    endloop
  endfacet
  facet normal 0 0 -1
    outer loop
      vertex 88.6506 -10.4294 1.90735e-07
      vertex 88.6506 -1.5706 1.90735e-07
      vertex 88.85 -1.47224 1.90735e-07
    endloop
  endfacet
  facet normal 0 0 -1
    outer loop
      vertex 88.44 -10.3579 1.90735e-07
      vertex 88.6506 -1.5706 1.90735e-07
      vertex 88.6506 -10.4294 1.90735e-07
    endloop
  endfacet
  facet normal 0 0 -1
    outer loop
      vertex 88.44 -10.3579 1.90735e-07
      vertex 88.44 -1.64207 1.90735e-07
      vertex 88.6506 -1.5706 1.90735e-07
    endloop
  endfacet
  facet normal 0 0 -1
    outer loop
      vertex 88.2219 -10.3145 1.90735e-07
      vertex 88.44 -1.64207 1.90735e-07
      vertex 88.44 -10.3579 1.90735e-07
    endloop
  endfacet
  facet normal 0 0 -1
    outer loop
      vertex 88.2219 -10.3145 1.90735e-07
      vertex 88.2219 -1.68546 1.90735e-07
      vertex 88.44 -1.64207 1.90735e-07
    endloop
  endfacet
  facet normal 0 0 -1
    outer loop
      vertex 88 -10.3 1.90735e-07
      vertex 88.2219 -1.68546 1.90735e-07
      vertex 88.2219 -10.3145 1.90735e-07
    endloop
  endfacet
  facet normal 0 0 -1
    outer loop
      vertex 88 -10.3 1.90735e-07
      vertex 88 -1.7 1.90735e-07
      vertex 88.2219 -1.68546 1.90735e-07
    endloop
  endfacet
  facet normal 0 0 -1
    outer loop
      vertex 87.7781 -10.3145 1.90735e-07
      vertex 88 -1.7 1.90735e-07
      vertex 88 -10.3 1.90735e-07
    endloop
  endfacet
  facet normal 0 0 -1
    outer loop
      vertex 87.7781 -10.3145 1.90735e-07
      vertex 87.7781 -1.68546 1.90735e-07
      vertex 88 -1.7 1.90735e-07
    endloop
  endfacet
  facet normal 0 0 -1
    outer loop
      vertex 87.56 -10.3579 1.90735e-07
      vertex 87.7781 -1.68546 1.90735e-07
      vertex 87.7781 -10.3145 1.90735e-07
    endloop
  endfacet
  facet normal 0 0 -1
    outer loop
      vertex 87.56 -10.3579 1.90735e-07
      vertex 87.56 -1.64207 1.90735e-07
      vertex 87.7781 -1.68546 1.90735e-07
    endloop
  endfacet
  facet normal 0 0 -1
    outer loop
      vertex 87.3494 -10.4294 1.90735e-07
      vertex 87.56 -1.64207 1.90735e-07
      vertex 87.56 -10.3579 1.90735e-07
    endloop
  endfacet
  facet normal 0 0 -1
    outer loop
      vertex 87.3494 -10.4294 1.90735e-07
      vertex 87.3494 -1.5706 1.90735e-07
      vertex 87.56 -1.64207 1.90735e-07
    endloop
  endfacet
  facet normal 0 0 -1
    outer loop
      vertex 87.15 -10.5278 1.90735e-07
      vertex 87.3494 -1.5706 1.90735e-07
      vertex 87.3494 -10.4294 1.90735e-07
    endloop
  endfacet
  facet normal 0 0 -1
    outer loop
      vertex 87.15 -10.5278 1.90735e-07
      vertex 87.15 -1.47224 1.90735e-07
      vertex 87.3494 -1.5706 1.90735e-07
    endloop
  endfacet
  facet normal 0 0 -1
    outer loop
      vertex 86.9651 -10.6513 1.90735e-07
      vertex 87.15 -1.47224 1.90735e-07
      vertex 87.15 -10.5278 1.90735e-07
    endloop
  endfacet
  facet normal 0 0 -1
    outer loop
      vertex 86.9651 -10.6513 1.90735e-07
      vertex 86.9651 -1.3487 1.90735e-07
      vertex 87.15 -1.47224 1.90735e-07
    endloop
  endfacet
  facet normal 0 0 -1
    outer loop
      vertex 86.7979 -10.7979 1.90735e-07
      vertex 86.9651 -1.3487 1.90735e-07
      vertex 86.9651 -10.6513 1.90735e-07
    endloop
  endfacet
  facet normal 0 0 -1
    outer loop
      vertex 86.7979 -10.7979 1.90735e-07
      vertex 86.7979 -1.20208 1.90735e-07
      vertex 86.9651 -1.3487 1.90735e-07
    endloop
  endfacet
  facet normal 0 0 -1
    outer loop
      vertex 86.6513 -10.9651 1.90735e-07
      vertex 86.7979 -1.20208 1.90735e-07
      vertex 86.7979 -10.7979 1.90735e-07
    endloop
  endfacet
  facet normal 0 0 -1
    outer loop
      vertex 86.6513 -10.9651 1.90735e-07
      vertex 86.6513 -1.03489 1.90735e-07
      vertex 86.7979 -1.20208 1.90735e-07
    endloop
  endfacet
  facet normal 0 0 -1
    outer loop
      vertex 86.5278 -11.15 1.90735e-07
      vertex 86.6513 -1.03489 1.90735e-07
      vertex 86.6513 -10.9651 1.90735e-07
    endloop
  endfacet
  facet normal 0 0 -1
    outer loop
      vertex 86.5278 -11.15 1.90735e-07
      vertex 86.5278 -0.85 1.90735e-07
      vertex 86.6513 -1.03489 1.90735e-07
    endloop
  endfacet
  facet normal 0 0 -1
    outer loop
      vertex 86.4294 -11.3494 1.90735e-07
      vertex 86.5278 -0.85 1.90735e-07
      vertex 86.5278 -11.15 1.90735e-07
    endloop
  endfacet
  facet normal 0 0 -1
    outer loop
      vertex 86.4294 -11.3494 1.90735e-07
      vertex 86.4294 -0.650562 1.90735e-07
      vertex 86.5278 -0.85 1.90735e-07
    endloop
  endfacet
  facet normal 0 0 -1
    outer loop
      vertex 86.3579 -11.56 1.90735e-07
      vertex 86.4294 -0.650562 1.90735e-07
      vertex 86.4294 -11.3494 1.90735e-07
    endloop
  endfacet
  facet normal 0 0 -1
    outer loop
      vertex 86.3579 -11.56 1.90735e-07
      vertex 86.3579 -0.439993 1.90735e-07
      vertex 86.4294 -0.650562 1.90735e-07
    endloop
  endfacet
  facet normal 0 0 -1
    outer loop
      vertex 86.3145 -11.7781 1.90735e-07
      vertex 86.3579 -0.439993 1.90735e-07
      vertex 86.3579 -11.56 1.90735e-07
    endloop
  endfacet
  facet normal 0 0 -1
    outer loop
      vertex 86.3145 -11.7781 1.90735e-07
      vertex 86.3145 -0.221895 1.90735e-07
      vertex 86.3579 -0.439993 1.90735e-07
    endloop
  endfacet
  facet normal 0 0 -1
    outer loop
      vertex 85 5 1.90735e-07
      vertex 86.3145 -11.7781 1.90735e-07
      vertex 86.3 -12 1.90735e-07
    endloop
  endfacet
  facet normal 0 0 -1
    outer loop
      vertex 86.3145 -11.7781 1.90735e-07
      vertex 85 5 1.90735e-07
      vertex 86.3145 -0.221895 1.90735e-07
    endloop
  endfacet
  facet normal 0 0 -1
    outer loop
      vertex 89.6855 -19.7781 1.90735e-07
      vertex 89.7 -12 1.90735e-07
      vertex 89.7 -20 1.90735e-07
    endloop
  endfacet
  facet normal 0 0 -1
    outer loop
      vertex 89.6855 -19.7781 1.90735e-07
      vertex 89.6855 -12.2219 1.90735e-07
      vertex 89.7 -12 1.90735e-07
    endloop
  endfacet
  facet normal 0 0 -1
    outer loop
      vertex 89.6421 -19.56 1.90735e-07
      vertex 89.6855 -12.2219 1.90735e-07
      vertex 89.6855 -19.7781 1.90735e-07
    endloop
  endfacet
  facet normal 0 0 -1
    outer loop
      vertex 89.6421 -19.56 1.90735e-07
      vertex 89.6421 -12.44 1.90735e-07
      vertex 89.6855 -12.2219 1.90735e-07
    endloop
  endfacet
  facet normal 0 0 -1
    outer loop
      vertex 89.5706 -19.3494 1.90735e-07
      vertex 89.6421 -12.44 1.90735e-07
      vertex 89.6421 -19.56 1.90735e-07
    endloop
  endfacet
  facet normal 0 0 -1
    outer loop
      vertex 89.5706 -19.3494 1.90735e-07
      vertex 89.5706 -12.6506 1.90735e-07
      vertex 89.6421 -12.44 1.90735e-07
    endloop
  endfacet
  facet normal 0 0 -1
    outer loop
      vertex 89.4722 -19.15 1.90735e-07
      vertex 89.5706 -12.6506 1.90735e-07
      vertex 89.5706 -19.3494 1.90735e-07
    endloop
  endfacet
  facet normal 0 0 -1
    outer loop
      vertex 89.4722 -19.15 1.90735e-07
      vertex 89.4722 -12.85 1.90735e-07
      vertex 89.5706 -12.6506 1.90735e-07
    endloop
  endfacet
  facet normal 0 0 -1
    outer loop
      vertex 89.3487 -18.9651 1.90735e-07
      vertex 89.4722 -12.85 1.90735e-07
      vertex 89.4722 -19.15 1.90735e-07
    endloop
  endfacet
  facet normal 0 0 -1
    outer loop
      vertex 89.3487 -18.9651 1.90735e-07
      vertex 89.3487 -13.0349 1.90735e-07
      vertex 89.4722 -12.85 1.90735e-07
    endloop
  endfacet
  facet normal 0 0 -1
    outer loop
      vertex 89.2021 -18.7979 1.90735e-07
      vertex 89.3487 -13.0349 1.90735e-07
      vertex 89.3487 -18.9651 1.90735e-07
    endloop
  endfacet
  facet normal 0 0 -1
    outer loop
      vertex 89.2021 -18.7979 1.90735e-07
      vertex 89.2021 -13.2021 1.90735e-07
      vertex 89.3487 -13.0349 1.90735e-07
    endloop
  endfacet
  facet normal 0 0 -1
    outer loop
      vertex 89.0349 -18.6513 1.90735e-07
      vertex 89.2021 -13.2021 1.90735e-07
      vertex 89.2021 -18.7979 1.90735e-07
    endloop
  endfacet
  facet normal 0 0 -1
    outer loop
      vertex 89.0349 -18.6513 1.90735e-07
      vertex 89.0349 -13.3487 1.90735e-07
      vertex 89.2021 -13.2021 1.90735e-07
    endloop
  endfacet
  facet normal 0 0 -1
    outer loop
      vertex 88.85 -18.5278 1.90735e-07
      vertex 89.0349 -13.3487 1.90735e-07
      vertex 89.0349 -18.6513 1.90735e-07
    endloop
  endfacet
  facet normal 0 0 -1
    outer loop
      vertex 88.85 -18.5278 1.90735e-07
      vertex 88.85 -13.4722 1.90735e-07
      vertex 89.0349 -13.3487 1.90735e-07
    endloop
  endfacet
  facet normal 0 0 -1
    outer loop
      vertex 88.6506 -18.4294 1.90735e-07
      vertex 88.85 -13.4722 1.90735e-07
      vertex 88.85 -18.5278 1.90735e-07
    endloop
  endfacet
  facet normal 0 0 -1
    outer loop
      vertex 88.6506 -18.4294 1.90735e-07
      vertex 88.6506 -13.5706 1.90735e-07
      vertex 88.85 -13.4722 1.90735e-07
    endloop
  endfacet
  facet normal 0 0 -1
    outer loop
      vertex 88.44 -18.3579 1.90735e-07
      vertex 88.6506 -13.5706 1.90735e-07
      vertex 88.6506 -18.4294 1.90735e-07
    endloop
  endfacet
  facet normal 0 0 -1
    outer loop
      vertex 88.44 -18.3579 1.90735e-07
      vertex 88.44 -13.6421 1.90735e-07
      vertex 88.6506 -13.5706 1.90735e-07
    endloop
  endfacet
  facet normal 0 0 -1
    outer loop
      vertex 88.2219 -18.3145 1.90735e-07
      vertex 88.44 -13.6421 1.90735e-07
      vertex 88.44 -18.3579 1.90735e-07
    endloop
  endfacet
  facet normal 0 0 -1
    outer loop
      vertex 88.2219 -18.3145 1.90735e-07
      vertex 88.2219 -13.6855 1.90735e-07
      vertex 88.44 -13.6421 1.90735e-07
    endloop
  endfacet
  facet normal 0 0 -1
    outer loop
      vertex 88 -18.3 1.90735e-07
      vertex 88.2219 -13.6855 1.90735e-07
      vertex 88.2219 -18.3145 1.90735e-07
    endloop
  endfacet
  facet normal 0 0 -1
    outer loop
      vertex 88 -18.3 1.90735e-07
      vertex 88 -13.7 1.90735e-07
      vertex 88.2219 -13.6855 1.90735e-07
    endloop
  endfacet
  facet normal 0 0 -1
    outer loop
      vertex 87.7781 -18.3145 1.90735e-07
      vertex 88 -13.7 1.90735e-07
      vertex 88 -18.3 1.90735e-07
    endloop
  endfacet
  facet normal 0 0 -1
    outer loop
      vertex 87.7781 -18.3145 1.90735e-07
      vertex 87.7781 -13.6855 1.90735e-07
      vertex 88 -13.7 1.90735e-07
    endloop
  endfacet
  facet normal 0 0 -1
    outer loop
      vertex 87.56 -18.3579 1.90735e-07
      vertex 87.7781 -13.6855 1.90735e-07
      vertex 87.7781 -18.3145 1.90735e-07
    endloop
  endfacet
  facet normal 0 0 -1
    outer loop
      vertex 87.56 -18.3579 1.90735e-07
      vertex 87.56 -13.6421 1.90735e-07
      vertex 87.7781 -13.6855 1.90735e-07
    endloop
  endfacet
  facet normal 0 0 -1
    outer loop
      vertex 87.3494 -18.4294 1.90735e-07
      vertex 87.56 -13.6421 1.90735e-07
      vertex 87.56 -18.3579 1.90735e-07
    endloop
  endfacet
  facet normal 0 0 -1
    outer loop
      vertex 87.3494 -18.4294 1.90735e-07
      vertex 87.3494 -13.5706 1.90735e-07
      vertex 87.56 -13.6421 1.90735e-07
    endloop
  endfacet
  facet normal 0 0 -1
    outer loop
      vertex 87.15 -18.5278 1.90735e-07
      vertex 87.3494 -13.5706 1.90735e-07
      vertex 87.3494 -18.4294 1.90735e-07
    endloop
  endfacet
  facet normal 0 0 -1
    outer loop
      vertex 87.15 -18.5278 1.90735e-07
      vertex 87.15 -13.4722 1.90735e-07
      vertex 87.3494 -13.5706 1.90735e-07
    endloop
  endfacet
  facet normal 0 0 -1
    outer loop
      vertex 86.9651 -18.6513 1.90735e-07
      vertex 87.15 -13.4722 1.90735e-07
      vertex 87.15 -18.5278 1.90735e-07
    endloop
  endfacet
  facet normal 0 0 -1
    outer loop
      vertex 86.9651 -18.6513 1.90735e-07
      vertex 86.9651 -13.3487 1.90735e-07
      vertex 87.15 -13.4722 1.90735e-07
    endloop
  endfacet
  facet normal 0 0 -1
    outer loop
      vertex 86.7979 -18.7979 1.90735e-07
      vertex 86.9651 -13.3487 1.90735e-07
      vertex 86.9651 -18.6513 1.90735e-07
    endloop
  endfacet
  facet normal 0 0 -1
    outer loop
      vertex 86.7979 -18.7979 1.90735e-07
      vertex 86.7979 -13.2021 1.90735e-07
      vertex 86.9651 -13.3487 1.90735e-07
    endloop
  endfacet
  facet normal 0 0 -1
    outer loop
      vertex 86.6513 -18.9651 1.90735e-07
      vertex 86.7979 -13.2021 1.90735e-07
      vertex 86.7979 -18.7979 1.90735e-07
    endloop
  endfacet
  facet normal 0 0 -1
    outer loop
      vertex 86.6513 -18.9651 1.90735e-07
      vertex 86.6513 -13.0349 1.90735e-07
      vertex 86.7979 -13.2021 1.90735e-07
    endloop
  endfacet
  facet normal 0 0 -1
    outer loop
      vertex 86.5278 -19.15 1.90735e-07
      vertex 86.6513 -13.0349 1.90735e-07
      vertex 86.6513 -18.9651 1.90735e-07
    endloop
  endfacet
  facet normal 0 0 -1
    outer loop
      vertex 86.5278 -19.15 1.90735e-07
      vertex 86.5278 -12.85 1.90735e-07
      vertex 86.6513 -13.0349 1.90735e-07
    endloop
  endfacet
  facet normal 0 0 -1
    outer loop
      vertex 86.4294 -19.3494 1.90735e-07
      vertex 86.5278 -12.85 1.90735e-07
      vertex 86.5278 -19.15 1.90735e-07
    endloop
  endfacet
  facet normal 0 0 -1
    outer loop
      vertex 86.4294 -19.3494 1.90735e-07
      vertex 86.4294 -12.6506 1.90735e-07
      vertex 86.5278 -12.85 1.90735e-07
    endloop
  endfacet
  facet normal 0 0 -1
    outer loop
      vertex 86.3579 -19.56 1.90735e-07
      vertex 86.4294 -12.6506 1.90735e-07
      vertex 86.4294 -19.3494 1.90735e-07
    endloop
  endfacet
  facet normal 0 0 -1
    outer loop
      vertex 86.3579 -19.56 1.90735e-07
      vertex 86.3579 -12.44 1.90735e-07
      vertex 86.4294 -12.6506 1.90735e-07
    endloop
  endfacet
  facet normal 0 0 -1
    outer loop
      vertex 86.3145 -19.7781 1.90735e-07
      vertex 86.3579 -12.44 1.90735e-07
      vertex 86.3579 -19.56 1.90735e-07
    endloop
  endfacet
  facet normal 0 0 -1
    outer loop
      vertex 86.3145 -19.7781 1.90735e-07
      vertex 86.3145 -12.2219 1.90735e-07
      vertex 86.3579 -12.44 1.90735e-07
    endloop
  endfacet
  facet normal 0 0 -1
    outer loop
      vertex 86.3 -20 1.90735e-07
      vertex 86.3145 -12.2219 1.90735e-07
      vertex 86.3145 -19.7781 1.90735e-07
    endloop
  endfacet
  facet normal -0 0 -1
    outer loop
      vertex 86.3145 -12.2219 1.90735e-07
      vertex 86.3 -20 1.90735e-07
      vertex 86.3 -12 1.90735e-07
    endloop
  endfacet
  facet normal 0 0 -1
    outer loop
      vertex 89.6855 -27.7781 1.90735e-07
      vertex 89.7 -20 1.90735e-07
      vertex 89.7 -28 1.90735e-07
    endloop
  endfacet
  facet normal 0 0 -1
    outer loop
      vertex 89.6855 -27.7781 1.90735e-07
      vertex 89.6855 -20.2219 1.90735e-07
      vertex 89.7 -20 1.90735e-07
    endloop
  endfacet
  facet normal 0 0 -1
    outer loop
      vertex 89.6421 -27.56 1.90735e-07
      vertex 89.6855 -20.2219 1.90735e-07
      vertex 89.6855 -27.7781 1.90735e-07
    endloop
  endfacet
  facet normal 0 0 -1
    outer loop
      vertex 89.6421 -27.56 1.90735e-07
      vertex 89.6421 -20.44 1.90735e-07
      vertex 89.6855 -20.2219 1.90735e-07
    endloop
  endfacet
  facet normal 0 0 -1
    outer loop
      vertex 89.5706 -27.3494 1.90735e-07
      vertex 89.6421 -20.44 1.90735e-07
      vertex 89.6421 -27.56 1.90735e-07
    endloop
  endfacet
  facet normal 0 0 -1
    outer loop
      vertex 89.5706 -27.3494 1.90735e-07
      vertex 89.5706 -20.6506 1.90735e-07
      vertex 89.6421 -20.44 1.90735e-07
    endloop
  endfacet
  facet normal 0 0 -1
    outer loop
      vertex 89.4722 -27.15 1.90735e-07
      vertex 89.5706 -20.6506 1.90735e-07
      vertex 89.5706 -27.3494 1.90735e-07
    endloop
  endfacet
  facet normal 0 0 -1
    outer loop
      vertex 89.4722 -27.15 1.90735e-07
      vertex 89.4722 -20.85 1.90735e-07
      vertex 89.5706 -20.6506 1.90735e-07
    endloop
  endfacet
  facet normal 0 0 -1
    outer loop
      vertex 89.3487 -26.9651 1.90735e-07
      vertex 89.4722 -20.85 1.90735e-07
      vertex 89.4722 -27.15 1.90735e-07
    endloop
  endfacet
  facet normal 0 0 -1
    outer loop
      vertex 89.3487 -26.9651 1.90735e-07
      vertex 89.3487 -21.0349 1.90735e-07
      vertex 89.4722 -20.85 1.90735e-07
    endloop
  endfacet
  facet normal 0 0 -1
    outer loop
      vertex 89.2021 -26.7979 1.90735e-07
      vertex 89.3487 -21.0349 1.90735e-07
      vertex 89.3487 -26.9651 1.90735e-07
    endloop
  endfacet
  facet normal 0 0 -1
    outer loop
      vertex 89.2021 -26.7979 1.90735e-07
      vertex 89.2021 -21.2021 1.90735e-07
      vertex 89.3487 -21.0349 1.90735e-07
    endloop
  endfacet
  facet normal 0 0 -1
    outer loop
      vertex 89.0349 -26.6513 1.90735e-07
      vertex 89.2021 -21.2021 1.90735e-07
      vertex 89.2021 -26.7979 1.90735e-07
    endloop
  endfacet
  facet normal 0 0 -1
    outer loop
      vertex 89.0349 -26.6513 1.90735e-07
      vertex 89.0349 -21.3487 1.90735e-07
      vertex 89.2021 -21.2021 1.90735e-07
    endloop
  endfacet
  facet normal 0 0 -1
    outer loop
      vertex 88.85 -26.5278 1.90735e-07
      vertex 89.0349 -21.3487 1.90735e-07
      vertex 89.0349 -26.6513 1.90735e-07
    endloop
  endfacet
  facet normal 0 0 -1
    outer loop
      vertex 88.85 -26.5278 1.90735e-07
      vertex 88.85 -21.4722 1.90735e-07
      vertex 89.0349 -21.3487 1.90735e-07
    endloop
  endfacet
  facet normal 0 0 -1
    outer loop
      vertex 88.6506 -26.4294 1.90735e-07
      vertex 88.85 -21.4722 1.90735e-07
      vertex 88.85 -26.5278 1.90735e-07
    endloop
  endfacet
  facet normal 0 0 -1
    outer loop
      vertex 88.6506 -26.4294 1.90735e-07
      vertex 88.6506 -21.5706 1.90735e-07
      vertex 88.85 -21.4722 1.90735e-07
    endloop
  endfacet
  facet normal 0 0 -1
    outer loop
      vertex 88.44 -26.3579 1.90735e-07
      vertex 88.6506 -21.5706 1.90735e-07
      vertex 88.6506 -26.4294 1.90735e-07
    endloop
  endfacet
  facet normal 0 0 -1
    outer loop
      vertex 88.44 -26.3579 1.90735e-07
      vertex 88.44 -21.6421 1.90735e-07
      vertex 88.6506 -21.5706 1.90735e-07
    endloop
  endfacet
  facet normal 0 0 -1
    outer loop
      vertex 88.2219 -26.3145 1.90735e-07
      vertex 88.44 -21.6421 1.90735e-07
      vertex 88.44 -26.3579 1.90735e-07
    endloop
  endfacet
  facet normal 0 0 -1
    outer loop
      vertex 88.2219 -26.3145 1.90735e-07
      vertex 88.2219 -21.6855 1.90735e-07
      vertex 88.44 -21.6421 1.90735e-07
    endloop
  endfacet
  facet normal 0 0 -1
    outer loop
      vertex 88 -26.3 1.90735e-07
      vertex 88.2219 -21.6855 1.90735e-07
      vertex 88.2219 -26.3145 1.90735e-07
    endloop
  endfacet
  facet normal 0 0 -1
    outer loop
      vertex 88 -26.3 1.90735e-07
      vertex 88 -21.7 1.90735e-07
      vertex 88.2219 -21.6855 1.90735e-07
    endloop
  endfacet
  facet normal 0 0 -1
    outer loop
      vertex 87.7781 -26.3145 1.90735e-07
      vertex 88 -21.7 1.90735e-07
      vertex 88 -26.3 1.90735e-07
    endloop
  endfacet
  facet normal 0 0 -1
    outer loop
      vertex 87.7781 -26.3145 1.90735e-07
      vertex 87.7781 -21.6855 1.90735e-07
      vertex 88 -21.7 1.90735e-07
    endloop
  endfacet
  facet normal 0 0 -1
    outer loop
      vertex 87.56 -26.3579 1.90735e-07
      vertex 87.7781 -21.6855 1.90735e-07
      vertex 87.7781 -26.3145 1.90735e-07
    endloop
  endfacet
  facet normal 0 0 -1
    outer loop
      vertex 87.56 -26.3579 1.90735e-07
      vertex 87.56 -21.6421 1.90735e-07
      vertex 87.7781 -21.6855 1.90735e-07
    endloop
  endfacet
  facet normal 0 0 -1
    outer loop
      vertex 87.3494 -26.4294 1.90735e-07
      vertex 87.56 -21.6421 1.90735e-07
      vertex 87.56 -26.3579 1.90735e-07
    endloop
  endfacet
  facet normal 0 0 -1
    outer loop
      vertex 87.3494 -26.4294 1.90735e-07
      vertex 87.3494 -21.5706 1.90735e-07
      vertex 87.56 -21.6421 1.90735e-07
    endloop
  endfacet
  facet normal 0 0 -1
    outer loop
      vertex 87.15 -26.5278 1.90735e-07
      vertex 87.3494 -21.5706 1.90735e-07
      vertex 87.3494 -26.4294 1.90735e-07
    endloop
  endfacet
  facet normal 0 0 -1
    outer loop
      vertex 87.15 -26.5278 1.90735e-07
      vertex 87.15 -21.4722 1.90735e-07
      vertex 87.3494 -21.5706 1.90735e-07
    endloop
  endfacet
  facet normal 0 0 -1
    outer loop
      vertex 86.9651 -26.6513 1.90735e-07
      vertex 87.15 -21.4722 1.90735e-07
      vertex 87.15 -26.5278 1.90735e-07
    endloop
  endfacet
  facet normal 0 0 -1
    outer loop
      vertex 86.9651 -26.6513 1.90735e-07
      vertex 86.9651 -21.3487 1.90735e-07
      vertex 87.15 -21.4722 1.90735e-07
    endloop
  endfacet
  facet normal 0 0 -1
    outer loop
      vertex 86.7979 -26.7979 1.90735e-07
      vertex 86.9651 -21.3487 1.90735e-07
      vertex 86.9651 -26.6513 1.90735e-07
    endloop
  endfacet
  facet normal 0 0 -1
    outer loop
      vertex 86.7979 -26.7979 1.90735e-07
      vertex 86.7979 -21.2021 1.90735e-07
      vertex 86.9651 -21.3487 1.90735e-07
    endloop
  endfacet
  facet normal 0 0 -1
    outer loop
      vertex 86.6513 -26.9651 1.90735e-07
      vertex 86.7979 -21.2021 1.90735e-07
      vertex 86.7979 -26.7979 1.90735e-07
    endloop
  endfacet
  facet normal 0 0 -1
    outer loop
      vertex 86.6513 -26.9651 1.90735e-07
      vertex 86.6513 -21.0349 1.90735e-07
      vertex 86.7979 -21.2021 1.90735e-07
    endloop
  endfacet
  facet normal 0 0 -1
    outer loop
      vertex 86.5278 -27.15 1.90735e-07
      vertex 86.6513 -21.0349 1.90735e-07
      vertex 86.6513 -26.9651 1.90735e-07
    endloop
  endfacet
  facet normal 0 0 -1
    outer loop
      vertex 86.5278 -27.15 1.90735e-07
      vertex 86.5278 -20.85 1.90735e-07
      vertex 86.6513 -21.0349 1.90735e-07
    endloop
  endfacet
  facet normal 0 0 -1
    outer loop
      vertex 86.4294 -27.3494 1.90735e-07
      vertex 86.5278 -20.85 1.90735e-07
      vertex 86.5278 -27.15 1.90735e-07
    endloop
  endfacet
  facet normal 0 0 -1
    outer loop
      vertex 86.4294 -27.3494 1.90735e-07
      vertex 86.4294 -20.6506 1.90735e-07
      vertex 86.5278 -20.85 1.90735e-07
    endloop
  endfacet
  facet normal 0 0 -1
    outer loop
      vertex 86.3579 -27.56 1.90735e-07
      vertex 86.4294 -20.6506 1.90735e-07
      vertex 86.4294 -27.3494 1.90735e-07
    endloop
  endfacet
  facet normal 0 0 -1
    outer loop
      vertex 86.3579 -27.56 1.90735e-07
      vertex 86.3579 -20.44 1.90735e-07
      vertex 86.4294 -20.6506 1.90735e-07
    endloop
  endfacet
  facet normal 0 0 -1
    outer loop
      vertex 86.3145 -27.7781 1.90735e-07
      vertex 86.3579 -20.44 1.90735e-07
      vertex 86.3579 -27.56 1.90735e-07
    endloop
  endfacet
  facet normal 0 0 -1
    outer loop
      vertex 86.3145 -27.7781 1.90735e-07
      vertex 86.3145 -20.2219 1.90735e-07
      vertex 86.3579 -20.44 1.90735e-07
    endloop
  endfacet
  facet normal 0 0 -1
    outer loop
      vertex 86.3 -28 1.90735e-07
      vertex 86.3145 -20.2219 1.90735e-07
      vertex 86.3145 -27.7781 1.90735e-07
    endloop
  endfacet
  facet normal -0 0 -1
    outer loop
      vertex 86.3145 -20.2219 1.90735e-07
      vertex 86.3 -28 1.90735e-07
      vertex 86.3 -20 1.90735e-07
    endloop
  endfacet
  facet normal 0 0 -1
    outer loop
      vertex 91 -40.0612 1.90735e-07
      vertex 89.6855 -28.2219 1.90735e-07
      vertex 89.7 -28 1.90735e-07
    endloop
  endfacet
  facet normal -0 0 -1
    outer loop
      vertex 94.7435 -42.8255 1.90735e-07
      vertex 89.2694 -47.026 1.90735e-07
      vertex 94.0104 -41.9896 1.90735e-07
    endloop
  endfacet
  facet normal 0 0 -1
    outer loop
      vertex 89.1314 -46.8686 1.90735e-07
      vertex 94.0104 -41.9896 1.90735e-07
      vertex 89.2694 -47.026 1.90735e-07
    endloop
  endfacet
  facet normal 0 0 -1
    outer loop
      vertex 90.2 -56.2104 1.90735e-07
      vertex 89.5863 -48.2088 1.90735e-07
      vertex 89.6 -48 1.90735e-07
    endloop
  endfacet
  facet normal 0 0 -1
    outer loop
      vertex 90.2 -56.2104 1.90735e-07
      vertex 89.5455 -48.4141 1.90735e-07
      vertex 89.5863 -48.2088 1.90735e-07
    endloop
  endfacet
  facet normal 0 0 -1
    outer loop
      vertex 90.2 -56.2104 1.90735e-07
      vertex 89.4782 -48.6123 1.90735e-07
      vertex 89.5455 -48.4141 1.90735e-07
    endloop
  endfacet
  facet normal 0 0 -1
    outer loop
      vertex 90.2 -56.2104 1.90735e-07
      vertex 89.3856 -48.8 1.90735e-07
      vertex 89.4782 -48.6123 1.90735e-07
    endloop
  endfacet
  facet normal 0 0 -1
    outer loop
      vertex 90.2 -56.2104 1.90735e-07
      vertex 89.2694 -48.974 1.90735e-07
      vertex 89.3856 -48.8 1.90735e-07
    endloop
  endfacet
  facet normal 0 0 -1
    outer loop
      vertex 90.2 -56.2104 1.90735e-07
      vertex 89.1314 -49.1314 1.90735e-07
      vertex 89.2694 -48.974 1.90735e-07
    endloop
  endfacet
  facet normal 0 0 -1
    outer loop
      vertex 88.4141 -49.5455 1.90735e-07
      vertex 90.2 -56.2104 1.90735e-07
      vertex 89.1095 -56.4273 1.90735e-07
    endloop
  endfacet
  facet normal 0 0 -1
    outer loop
      vertex 90.2 -56.2104 1.90735e-07
      vertex 88.974 -49.2694 1.90735e-07
      vertex 89.1314 -49.1314 1.90735e-07
    endloop
  endfacet
  facet normal 0 0 -1
    outer loop
      vertex 90.2 -56.2104 1.90735e-07
      vertex 88.8 -49.3856 1.90735e-07
      vertex 88.974 -49.2694 1.90735e-07
    endloop
  endfacet
  facet normal 0 0 -1
    outer loop
      vertex 90.2 -56.2104 1.90735e-07
      vertex 88.6123 -49.4782 1.90735e-07
      vertex 88.8 -49.3856 1.90735e-07
    endloop
  endfacet
  facet normal 0 0 -1
    outer loop
      vertex 90.2 -56.2104 1.90735e-07
      vertex 88.4141 -49.5455 1.90735e-07
      vertex 88.6123 -49.4782 1.90735e-07
    endloop
  endfacet
  facet normal 0 0 -1
    outer loop
      vertex 89.1095 -56.4273 1.90735e-07
      vertex 88.2088 -49.5863 1.90735e-07
      vertex 88.4141 -49.5455 1.90735e-07
    endloop
  endfacet
  facet normal 0 0 -1
    outer loop
      vertex 88 -56.5 1.90735e-07
      vertex 88.2088 -49.5863 1.90735e-07
      vertex 89.1095 -56.4273 1.90735e-07
    endloop
  endfacet
  facet normal 0 0 -1
    outer loop
      vertex 88 -56.5 1.90735e-07
      vertex 88 -49.6 1.90735e-07
      vertex 88.2088 -49.5863 1.90735e-07
    endloop
  endfacet
  facet normal 0 0 -1
    outer loop
      vertex 88 -56.5 1.90735e-07
      vertex 87.7912 -49.5863 1.90735e-07
      vertex 88 -49.6 1.90735e-07
    endloop
  endfacet
  facet normal 0 0 -1
    outer loop
      vertex 86.8905 -56.4273 1.90735e-07
      vertex 87.7912 -49.5863 1.90735e-07
      vertex 88 -56.5 1.90735e-07
    endloop
  endfacet
  facet normal -0 0 -1
    outer loop
      vertex 87.7912 -49.5863 1.90735e-07
      vertex 86.8905 -56.4273 1.90735e-07
      vertex 87.5859 -49.5455 1.90735e-07
    endloop
  endfacet
  facet normal 0 0 -1
    outer loop
      vertex 85.8 -56.2104 1.90735e-07
      vertex 87.5859 -49.5455 1.90735e-07
      vertex 86.8905 -56.4273 1.90735e-07
    endloop
  endfacet
  facet normal -0 0 -1
    outer loop
      vertex 87.5859 -49.5455 1.90735e-07
      vertex 85.8 -56.2104 1.90735e-07
      vertex 87.3877 -49.4782 1.90735e-07
    endloop
  endfacet
  facet normal 0 0 -1
    outer loop
      vertex 84.7472 -55.853 1.90735e-07
      vertex 87.3877 -49.4782 1.90735e-07
      vertex 85.8 -56.2104 1.90735e-07
    endloop
  endfacet
  facet normal -0 0 -1
    outer loop
      vertex 87.3877 -49.4782 1.90735e-07
      vertex 84.7472 -55.853 1.90735e-07
      vertex 87.2 -49.3856 1.90735e-07
    endloop
  endfacet
  facet normal 0 0 -1
    outer loop
      vertex 83.75 -55.3612 1.90735e-07
      vertex 87.2 -49.3856 1.90735e-07
      vertex 84.7472 -55.853 1.90735e-07
    endloop
  endfacet
  facet normal -0 0 -1
    outer loop
      vertex 87.2 -49.3856 1.90735e-07
      vertex 83.75 -55.3612 1.90735e-07
      vertex 87.026 -49.2694 1.90735e-07
    endloop
  endfacet
  facet normal 0 0 -1
    outer loop
      vertex 82.8255 -54.7435 1.90735e-07
      vertex 87.026 -49.2694 1.90735e-07
      vertex 83.75 -55.3612 1.90735e-07
    endloop
  endfacet
  facet normal -0 0 -1
    outer loop
      vertex 87.026 -49.2694 1.90735e-07
      vertex 82.8255 -54.7435 1.90735e-07
      vertex 86.8686 -49.1314 1.90735e-07
    endloop
  endfacet
  facet normal 0 0 -1
    outer loop
      vertex 81.9896 -54.0104 1.90735e-07
      vertex 86.8686 -49.1314 1.90735e-07
      vertex 82.8255 -54.7435 1.90735e-07
    endloop
  endfacet
  facet normal -0 0 -1
    outer loop
      vertex 86.8686 -49.1314 1.90735e-07
      vertex 81.9896 -54.0104 1.90735e-07
      vertex 86.7306 -48.974 1.90735e-07
    endloop
  endfacet
  facet normal 0 0 -1
    outer loop
      vertex 86.4137 -47.7912 1.90735e-07
      vertex 86.3145 -28.2219 1.90735e-07
      vertex 86.3579 -28.44 1.90735e-07
    endloop
  endfacet
  facet normal 0 0 -1
    outer loop
      vertex 86.4137 -47.7912 1.90735e-07
      vertex 85 -40.0612 1.90735e-07
      vertex 86.3145 -28.2219 1.90735e-07
    endloop
  endfacet
  facet normal 0 0 -1
    outer loop
      vertex 85 -40.0612 1.90735e-07
      vertex 86.3 -20 1.90735e-07
      vertex 86.3 -28 1.90735e-07
    endloop
  endfacet
  facet normal 0 0 -1
    outer loop
      vertex 85 5 1.90735e-07
      vertex 86.3 -20 1.90735e-07
      vertex 85 -40.0612 1.90735e-07
    endloop
  endfacet
  facet normal -0 0 -1
    outer loop
      vertex 86.3145 -28.2219 1.90735e-07
      vertex 85 -40.0612 1.90735e-07
      vertex 86.3 -28 1.90735e-07
    endloop
  endfacet
  facet normal -0 0 -1
    outer loop
      vertex 86.7306 -48.974 1.90735e-07
      vertex 81.2565 -53.1745 1.90735e-07
      vertex 86.6144 -48.8 1.90735e-07
    endloop
  endfacet
  facet normal 0 0 -1
    outer loop
      vertex 81.2565 -53.1745 1.90735e-07
      vertex 86.7306 -48.974 1.90735e-07
      vertex 81.9896 -54.0104 1.90735e-07
    endloop
  endfacet
  facet normal 0 0 -1
    outer loop
      vertex 89.6 -48 1.90735e-07
      vertex 96.5 -48 1.90735e-07
      vertex 96.4273 -49.1095 1.90735e-07
    endloop
  endfacet
  facet normal 0 0 -1
    outer loop
      vertex 89.6 -48 1.90735e-07
      vertex 96.4273 -49.1095 1.90735e-07
      vertex 96.2104 -50.2 1.90735e-07
    endloop
  endfacet
  facet normal 0 0 -1
    outer loop
      vertex 96.5 -48 1.90735e-07
      vertex 89.6 -48 1.90735e-07
      vertex 96.4273 -46.8905 1.90735e-07
    endloop
  endfacet
  facet normal 0 0 -1
    outer loop
      vertex 89.6 -48 1.90735e-07
      vertex 96.2104 -50.2 1.90735e-07
      vertex 95.853 -51.2528 1.90735e-07
    endloop
  endfacet
  facet normal 0 0 -1
    outer loop
      vertex 89.5863 -47.7912 1.90735e-07
      vertex 96.4273 -46.8905 1.90735e-07
      vertex 89.6 -48 1.90735e-07
    endloop
  endfacet
  facet normal 0 0 -1
    outer loop
      vertex 89.6 -48 1.90735e-07
      vertex 95.853 -51.2528 1.90735e-07
      vertex 95.3612 -52.25 1.90735e-07
    endloop
  endfacet
  facet normal -0 0 -1
    outer loop
      vertex 96.4273 -46.8905 1.90735e-07
      vertex 89.5863 -47.7912 1.90735e-07
      vertex 96.2104 -45.8 1.90735e-07
    endloop
  endfacet
  facet normal 0 0 -1
    outer loop
      vertex 89.6 -48 1.90735e-07
      vertex 95.3612 -52.25 1.90735e-07
      vertex 94.7435 -53.1745 1.90735e-07
    endloop
  endfacet
  facet normal 0 0 -1
    outer loop
      vertex 89.5455 -47.5859 1.90735e-07
      vertex 96.2104 -45.8 1.90735e-07
      vertex 89.5863 -47.7912 1.90735e-07
    endloop
  endfacet
  facet normal 0 0 -1
    outer loop
      vertex 89.6 -48 1.90735e-07
      vertex 94.7435 -53.1745 1.90735e-07
      vertex 94.0104 -54.0104 1.90735e-07
    endloop
  endfacet
  facet normal -0 0 -1
    outer loop
      vertex 96.2104 -45.8 1.90735e-07
      vertex 89.5455 -47.5859 1.90735e-07
      vertex 95.853 -44.7472 1.90735e-07
    endloop
  endfacet
  facet normal 0 0 -1
    outer loop
      vertex 89.6 -48 1.90735e-07
      vertex 94.0104 -54.0104 1.90735e-07
      vertex 93.1745 -54.7435 1.90735e-07
    endloop
  endfacet
  facet normal 0 0 -1
    outer loop
      vertex 89.4782 -47.3877 1.90735e-07
      vertex 95.853 -44.7472 1.90735e-07
      vertex 89.5455 -47.5859 1.90735e-07
    endloop
  endfacet
  facet normal 0 0 -1
    outer loop
      vertex 89.6 -48 1.90735e-07
      vertex 93.1745 -54.7435 1.90735e-07
      vertex 92.25 -55.3612 1.90735e-07
    endloop
  endfacet
  facet normal -0 0 -1
    outer loop
      vertex 95.853 -44.7472 1.90735e-07
      vertex 89.4782 -47.3877 1.90735e-07
      vertex 95.3612 -43.75 1.90735e-07
    endloop
  endfacet
  facet normal 0 0 -1
    outer loop
      vertex 89.6 -48 1.90735e-07
      vertex 92.25 -55.3612 1.90735e-07
      vertex 91.2528 -55.853 1.90735e-07
    endloop
  endfacet
  facet normal 0 0 -1
    outer loop
      vertex 89.3856 -47.2 1.90735e-07
      vertex 95.3612 -43.75 1.90735e-07
      vertex 89.4782 -47.3877 1.90735e-07
    endloop
  endfacet
  facet normal -0 0 -1
    outer loop
      vertex 95.3612 -43.75 1.90735e-07
      vertex 89.3856 -47.2 1.90735e-07
      vertex 94.7435 -42.8255 1.90735e-07
    endloop
  endfacet
  facet normal 0 0 -1
    outer loop
      vertex 89.6 -48 1.90735e-07
      vertex 91.2528 -55.853 1.90735e-07
      vertex 90.2 -56.2104 1.90735e-07
    endloop
  endfacet
  facet normal 0 0 -1
    outer loop
      vertex 89.2694 -47.026 1.90735e-07
      vertex 94.7435 -42.8255 1.90735e-07
      vertex 89.3856 -47.2 1.90735e-07
    endloop
  endfacet
  facet normal 0 0 -1
    outer loop
      vertex 89.7 -20 1.90735e-07
      vertex 91 -40.0612 1.90735e-07
      vertex 89.7 -28 1.90735e-07
    endloop
  endfacet
  facet normal 0 0 -1
    outer loop
      vertex 91 -40.0612 1.90735e-07
      vertex 89.7 -20 1.90735e-07
      vertex 91 5 1.90735e-07
    endloop
  endfacet
  facet normal 0 0 -1
    outer loop
      vertex 89.7 -12 1.90735e-07
      vertex 91 5 1.90735e-07
      vertex 89.7 -20 1.90735e-07
    endloop
  endfacet
  facet normal 0 0 -1
    outer loop
      vertex 89.6855 -11.7781 1.90735e-07
      vertex 91 5 1.90735e-07
      vertex 89.7 -12 1.90735e-07
    endloop
  endfacet
  facet normal 0 0 -1
    outer loop
      vertex 89.6855 0.221894 1.90735e-07
      vertex 91 5 1.90735e-07
      vertex 89.7 0 1.90735e-07
    endloop
  endfacet
  facet normal 0 0 -1
    outer loop
      vertex 89.6421 0.439992 1.90735e-07
      vertex 91 5 1.90735e-07
      vertex 89.6855 0.221894 1.90735e-07
    endloop
  endfacet
  facet normal 0 0 -1
    outer loop
      vertex 89.5706 0.650561 1.90735e-07
      vertex 91 5 1.90735e-07
      vertex 89.6421 0.439992 1.90735e-07
    endloop
  endfacet
  facet normal 0 0 -1
    outer loop
      vertex 89.4722 0.849999 1.90735e-07
      vertex 91 5 1.90735e-07
      vertex 89.5706 0.650561 1.90735e-07
    endloop
  endfacet
  facet normal 0 0 -1
    outer loop
      vertex 89.3487 1.03489 1.90735e-07
      vertex 91 5 1.90735e-07
      vertex 89.4722 0.849999 1.90735e-07
    endloop
  endfacet
  facet normal 0 0 -1
    outer loop
      vertex 89.2021 1.20208 1.90735e-07
      vertex 91 5 1.90735e-07
      vertex 89.3487 1.03489 1.90735e-07
    endloop
  endfacet
  facet normal 0 0 -1
    outer loop
      vertex 89.0349 1.3487 1.90735e-07
      vertex 91 5 1.90735e-07
      vertex 89.2021 1.20208 1.90735e-07
    endloop
  endfacet
  facet normal 0 0 -1
    outer loop
      vertex 88.85 1.47224 1.90735e-07
      vertex 91 5 1.90735e-07
      vertex 89.0349 1.3487 1.90735e-07
    endloop
  endfacet
  facet normal 0 0 -1
    outer loop
      vertex 88.6506 1.57059 1.90735e-07
      vertex 91 5 1.90735e-07
      vertex 88.85 1.47224 1.90735e-07
    endloop
  endfacet
  facet normal 0 0 -1
    outer loop
      vertex 88.44 1.64207 1.90735e-07
      vertex 91 5 1.90735e-07
      vertex 88.6506 1.57059 1.90735e-07
    endloop
  endfacet
  facet normal 0 0 -1
    outer loop
      vertex 88.2219 1.68546 1.90735e-07
      vertex 91 5 1.90735e-07
      vertex 88.44 1.64207 1.90735e-07
    endloop
  endfacet
  facet normal 0 0 -1
    outer loop
      vertex 88 1.7 1.90735e-07
      vertex 91 5 1.90735e-07
      vertex 88.2219 1.68546 1.90735e-07
    endloop
  endfacet
  facet normal 0 0 -1
    outer loop
      vertex 85 5 1.90735e-07
      vertex 88 1.7 1.90735e-07
      vertex 87.7781 1.68546 1.90735e-07
    endloop
  endfacet
  facet normal 0 0 -1
    outer loop
      vertex 85 5 1.90735e-07
      vertex 87.7781 1.68546 1.90735e-07
      vertex 87.56 1.64207 1.90735e-07
    endloop
  endfacet
  facet normal 0 0 -1
    outer loop
      vertex 85 5 1.90735e-07
      vertex 87.56 1.64207 1.90735e-07
      vertex 87.3494 1.57059 1.90735e-07
    endloop
  endfacet
  facet normal 0 0 -1
    outer loop
      vertex 85 5 1.90735e-07
      vertex 87.3494 1.57059 1.90735e-07
      vertex 87.15 1.47224 1.90735e-07
    endloop
  endfacet
  facet normal 0 0 -1
    outer loop
      vertex 85 5 1.90735e-07
      vertex 87.15 1.47224 1.90735e-07
      vertex 86.9651 1.3487 1.90735e-07
    endloop
  endfacet
  facet normal 0 0 -1
    outer loop
      vertex 85 5 1.90735e-07
      vertex 86.9651 1.3487 1.90735e-07
      vertex 86.7979 1.20208 1.90735e-07
    endloop
  endfacet
  facet normal 0 0 -1
    outer loop
      vertex 86.3 -20 1.90735e-07
      vertex 85 5 1.90735e-07
      vertex 86.3 -12 1.90735e-07
    endloop
  endfacet
  facet normal 0 0 -1
    outer loop
      vertex 88 1.7 1.90735e-07
      vertex 85 5 1.90735e-07
      vertex 91 5 1.90735e-07
    endloop
  endfacet
  facet normal 0 0 -1
    outer loop
      vertex 86.6513 1.03489 1.90735e-07
      vertex 85 5 1.90735e-07
      vertex 86.7979 1.20208 1.90735e-07
    endloop
  endfacet
  facet normal 0 0 -1
    outer loop
      vertex 86.5278 0.849999 1.90735e-07
      vertex 85 5 1.90735e-07
      vertex 86.6513 1.03489 1.90735e-07
    endloop
  endfacet
  facet normal 0 0 -1
    outer loop
      vertex 86.4294 0.650561 1.90735e-07
      vertex 85 5 1.90735e-07
      vertex 86.5278 0.849999 1.90735e-07
    endloop
  endfacet
  facet normal 0 0 -1
    outer loop
      vertex 86.3579 0.439992 1.90735e-07
      vertex 85 5 1.90735e-07
      vertex 86.4294 0.650561 1.90735e-07
    endloop
  endfacet
  facet normal 0 0 -1
    outer loop
      vertex 86.3145 0.221894 1.90735e-07
      vertex 85 5 1.90735e-07
      vertex 86.3579 0.439992 1.90735e-07
    endloop
  endfacet
  facet normal 0 0 -1
    outer loop
      vertex 86.3 0 1.90735e-07
      vertex 85 5 1.90735e-07
      vertex 86.3145 0.221894 1.90735e-07
    endloop
  endfacet
  facet normal 0 0 -1
    outer loop
      vertex 86.3145 -0.221895 1.90735e-07
      vertex 85 5 1.90735e-07
      vertex 86.3 0 1.90735e-07
    endloop
  endfacet
  facet normal 0 0 -1
    outer loop
      vertex 91 -40.0612 1.90735e-07
      vertex 89.6421 -28.44 1.90735e-07
      vertex 89.6855 -28.2219 1.90735e-07
    endloop
  endfacet
  facet normal -0 0 -1
    outer loop
      vertex 94.0104 -41.9896 1.90735e-07
      vertex 89.1314 -46.8686 1.90735e-07
      vertex 93.1745 -41.2565 1.90735e-07
    endloop
  endfacet
  facet normal 0 0 -1
    outer loop
      vertex 91 -40.0612 1.90735e-07
      vertex 89.5706 -28.6506 1.90735e-07
      vertex 89.6421 -28.44 1.90735e-07
    endloop
  endfacet
  facet normal 0 0 -1
    outer loop
      vertex 88.974 -46.7306 1.90735e-07
      vertex 93.1745 -41.2565 1.90735e-07
      vertex 89.1314 -46.8686 1.90735e-07
    endloop
  endfacet
  facet normal 0 0 -1
    outer loop
      vertex 91 -40.0612 1.90735e-07
      vertex 89.4722 -28.85 1.90735e-07
      vertex 89.5706 -28.6506 1.90735e-07
    endloop
  endfacet
  facet normal -0 0 -1
    outer loop
      vertex 93.1745 -41.2565 1.90735e-07
      vertex 88.974 -46.7306 1.90735e-07
      vertex 92.25 -40.6388 1.90735e-07
    endloop
  endfacet
  facet normal 0 0 -1
    outer loop
      vertex 91 -40.0612 1.90735e-07
      vertex 89.3487 -29.0349 1.90735e-07
      vertex 89.4722 -28.85 1.90735e-07
    endloop
  endfacet
  facet normal 0 0 -1
    outer loop
      vertex 88.8 -46.6144 1.90735e-07
      vertex 92.25 -40.6388 1.90735e-07
      vertex 88.974 -46.7306 1.90735e-07
    endloop
  endfacet
  facet normal 0 0 -1
    outer loop
      vertex 91 -40.0612 1.90735e-07
      vertex 89.2021 -29.2021 1.90735e-07
      vertex 89.3487 -29.0349 1.90735e-07
    endloop
  endfacet
  facet normal -0 0 -1
    outer loop
      vertex 92.25 -40.6388 1.90735e-07
      vertex 88.8 -46.6144 1.90735e-07
      vertex 91.2528 -40.147 1.90735e-07
    endloop
  endfacet
  facet normal 0 0 -1
    outer loop
      vertex 91 -40.0612 1.90735e-07
      vertex 89.0349 -29.3487 1.90735e-07
      vertex 89.2021 -29.2021 1.90735e-07
    endloop
  endfacet
  facet normal 0 0 -1
    outer loop
      vertex 88.6123 -46.5218 1.90735e-07
      vertex 91.2528 -40.147 1.90735e-07
      vertex 88.8 -46.6144 1.90735e-07
    endloop
  endfacet
  facet normal 0 0 -1
    outer loop
      vertex 91 -40.0612 1.90735e-07
      vertex 88.85 -29.4722 1.90735e-07
      vertex 89.0349 -29.3487 1.90735e-07
    endloop
  endfacet
  facet normal -0 0 -1
    outer loop
      vertex 91.2528 -40.147 1.90735e-07
      vertex 88.6123 -46.5218 1.90735e-07
      vertex 91 -40.0612 1.90735e-07
    endloop
  endfacet
  facet normal 0 0 -1
    outer loop
      vertex 91 -40.0612 1.90735e-07
      vertex 88.6506 -29.5706 1.90735e-07
      vertex 88.85 -29.4722 1.90735e-07
    endloop
  endfacet
  facet normal 0 0 -1
    outer loop
      vertex 88.4141 -46.4545 1.90735e-07
      vertex 91 -40.0612 1.90735e-07
      vertex 88.6123 -46.5218 1.90735e-07
    endloop
  endfacet
  facet normal 0 0 -1
    outer loop
      vertex 91 -40.0612 1.90735e-07
      vertex 88.44 -29.6421 1.90735e-07
      vertex 88.6506 -29.5706 1.90735e-07
    endloop
  endfacet
  facet normal 0 0 -1
    outer loop
      vertex 88.2088 -46.4137 1.90735e-07
      vertex 91 -40.0612 1.90735e-07
      vertex 88.4141 -46.4545 1.90735e-07
    endloop
  endfacet
  facet normal 0 0 -1
    outer loop
      vertex 91 -40.0612 1.90735e-07
      vertex 88.2219 -29.6855 1.90735e-07
      vertex 88.44 -29.6421 1.90735e-07
    endloop
  endfacet
  facet normal 0 0 -1
    outer loop
      vertex 88 -46.4 1.90735e-07
      vertex 91 -40.0612 1.90735e-07
      vertex 88.2088 -46.4137 1.90735e-07
    endloop
  endfacet
  facet normal 0 0 -1
    outer loop
      vertex 87.7912 -46.4137 1.90735e-07
      vertex 91 -40.0612 1.90735e-07
      vertex 88 -46.4 1.90735e-07
    endloop
  endfacet
  facet normal 0 0 -1
    outer loop
      vertex 91 -40.0612 1.90735e-07
      vertex 88 -29.7 1.90735e-07
      vertex 88.2219 -29.6855 1.90735e-07
    endloop
  endfacet
  facet normal 0 0 -1
    outer loop
      vertex 87.5859 -46.4545 1.90735e-07
      vertex 91 -40.0612 1.90735e-07
      vertex 87.7912 -46.4137 1.90735e-07
    endloop
  endfacet
  facet normal 0 0 -1
    outer loop
      vertex 91 -40.0612 1.90735e-07
      vertex 87.7781 -29.6855 1.90735e-07
      vertex 88 -29.7 1.90735e-07
    endloop
  endfacet
  facet normal 0 0 -1
    outer loop
      vertex 87.3877 -46.5218 1.90735e-07
      vertex 91 -40.0612 1.90735e-07
      vertex 87.5859 -46.4545 1.90735e-07
    endloop
  endfacet
  facet normal 0 0 -1
    outer loop
      vertex 91 -40.0612 1.90735e-07
      vertex 87.56 -29.6421 1.90735e-07
      vertex 87.7781 -29.6855 1.90735e-07
    endloop
  endfacet
  facet normal 0 0 -1
    outer loop
      vertex 87.2 -46.6144 1.90735e-07
      vertex 91 -40.0612 1.90735e-07
      vertex 87.3877 -46.5218 1.90735e-07
    endloop
  endfacet
  facet normal 0 0 -1
    outer loop
      vertex 91 -40.0612 1.90735e-07
      vertex 87.3494 -29.5706 1.90735e-07
      vertex 87.56 -29.6421 1.90735e-07
    endloop
  endfacet
  facet normal 0 0 -1
    outer loop
      vertex 87.026 -46.7306 1.90735e-07
      vertex 91 -40.0612 1.90735e-07
      vertex 87.2 -46.6144 1.90735e-07
    endloop
  endfacet
  facet normal 0 0 -1
    outer loop
      vertex 91 -40.0612 1.90735e-07
      vertex 87.15 -29.4722 1.90735e-07
      vertex 87.3494 -29.5706 1.90735e-07
    endloop
  endfacet
  facet normal 0 0 -1
    outer loop
      vertex 86.9651 -29.3487 1.90735e-07
      vertex 91 -40.0612 1.90735e-07
      vertex 87.026 -46.7306 1.90735e-07
    endloop
  endfacet
  facet normal 0 0 -1
    outer loop
      vertex 91 -40.0612 1.90735e-07
      vertex 86.9651 -29.3487 1.90735e-07
      vertex 87.15 -29.4722 1.90735e-07
    endloop
  endfacet
  facet normal 0 0 -1
    outer loop
      vertex 86.8686 -46.8686 1.90735e-07
      vertex 86.9651 -29.3487 1.90735e-07
      vertex 87.026 -46.7306 1.90735e-07
    endloop
  endfacet
  facet normal 0 0 -1
    outer loop
      vertex 86.8686 -46.8686 1.90735e-07
      vertex 86.7979 -29.2021 1.90735e-07
      vertex 86.9651 -29.3487 1.90735e-07
    endloop
  endfacet
  facet normal 0 0 -1
    outer loop
      vertex 86.7306 -47.026 1.90735e-07
      vertex 86.7979 -29.2021 1.90735e-07
      vertex 86.8686 -46.8686 1.90735e-07
    endloop
  endfacet
  facet normal 0 0 -1
    outer loop
      vertex 86.7306 -47.026 1.90735e-07
      vertex 86.6513 -29.0349 1.90735e-07
      vertex 86.7979 -29.2021 1.90735e-07
    endloop
  endfacet
  facet normal 0 0 -1
    outer loop
      vertex 86.6144 -47.2 1.90735e-07
      vertex 86.6513 -29.0349 1.90735e-07
      vertex 86.7306 -47.026 1.90735e-07
    endloop
  endfacet
  facet normal 0 0 -1
    outer loop
      vertex 86.6144 -47.2 1.90735e-07
      vertex 86.5278 -28.85 1.90735e-07
      vertex 86.6513 -29.0349 1.90735e-07
    endloop
  endfacet
  facet normal 0 0 -1
    outer loop
      vertex 86.5218 -47.3877 1.90735e-07
      vertex 86.5278 -28.85 1.90735e-07
      vertex 86.6144 -47.2 1.90735e-07
    endloop
  endfacet
  facet normal 0 0 -1
    outer loop
      vertex 86.4294 -28.6506 1.90735e-07
      vertex 86.5218 -47.3877 1.90735e-07
      vertex 86.4545 -47.5859 1.90735e-07
    endloop
  endfacet
  facet normal 0 0 -1
    outer loop
      vertex 86.5218 -47.3877 1.90735e-07
      vertex 86.4294 -28.6506 1.90735e-07
      vertex 86.5278 -28.85 1.90735e-07
    endloop
  endfacet
  facet normal 0 0 -1
    outer loop
      vertex 86.3579 -28.44 1.90735e-07
      vertex 86.4545 -47.5859 1.90735e-07
      vertex 86.4137 -47.7912 1.90735e-07
    endloop
  endfacet
  facet normal 0 0 -1
    outer loop
      vertex 85 -40.0612 1.90735e-07
      vertex 86.4137 -47.7912 1.90735e-07
      vertex 86.4 -48 1.90735e-07
    endloop
  endfacet
  facet normal 0 0 -1
    outer loop
      vertex 86.4545 -47.5859 1.90735e-07
      vertex 86.3579 -28.44 1.90735e-07
      vertex 86.4294 -28.6506 1.90735e-07
    endloop
  endfacet
  facet normal 0 0 1
    outer loop
      vertex 86.4 -48 4
      vertex 84 -48 4
      vertex 84.0291 -48.4436 4
    endloop
  endfacet
  facet normal 0 0 1
    outer loop
      vertex 86.4545 -47.5859 4
      vertex 84.0291 -47.5564 4
      vertex 86.4137 -47.7912 4
    endloop
  endfacet
  facet normal 0 0 1
    outer loop
      vertex 86.4137 -47.7912 4
      vertex 84.0291 -47.5564 4
      vertex 86.4 -48 4
    endloop
  endfacet
  facet normal 0 -0 1
    outer loop
      vertex 84.5359 -50 4
      vertex 86.4 -48 4
      vertex 84.3393 -49.6012 4
    endloop
  endfacet
  facet normal 0 0 1
    outer loop
      vertex 86.4 -48 4
      vertex 84.5359 -50 4
      vertex 84.7829 -50.3697 4
    endloop
  endfacet
  facet normal 0 0 1
    outer loop
      vertex 84 -48 4
      vertex 86.4 -48 4
      vertex 84.0291 -47.5564 4
    endloop
  endfacet
  facet normal 0 0 1
    outer loop
      vertex 81.5937 -45.1978 4
      vertex 84.0291 -47.5564 4
      vertex 84.3393 -46.3988 4
    endloop
  endfacet
  facet normal 0 0 1
    outer loop
      vertex 81.5937 -45.1978 4
      vertex 81.0509 -47.2236 4
      vertex 84.0291 -47.5564 4
    endloop
  endfacet
  facet normal 0 0 1
    outer loop
      vertex 81.9378 -44.5 4
      vertex 80.6388 -43.75 4
      vertex 81.5937 -45.1978 4
    endloop
  endfacet
  facet normal -0 0 1
    outer loop
      vertex 80.147 -44.7472 4
      vertex 81.5937 -45.1978 4
      vertex 80.6388 -43.75 4
    endloop
  endfacet
  facet normal 0 0 1
    outer loop
      vertex 79.7896 -45.8 4
      vertex 81.5937 -45.1978 4
      vertex 80.147 -44.7472 4
    endloop
  endfacet
  facet normal 0 0 1
    outer loop
      vertex 86.6144 -47.2 4
      vertex 84.3393 -46.3988 4
      vertex 86.5218 -47.3877 4
    endloop
  endfacet
  facet normal 0 0 1
    outer loop
      vertex 86.5218 -47.3877 4
      vertex 84.3393 -46.3988 4
      vertex 86.4545 -47.5859 4
    endloop
  endfacet
  facet normal 0 -0 1
    outer loop
      vertex 86 -51.4641 4
      vertex 86.4 -48 4
      vertex 85.6303 -51.2171 4
    endloop
  endfacet
  facet normal 0 0 1
    outer loop
      vertex 86.4 -48 4
      vertex 86 -51.4641 4
      vertex 86.3988 -51.6607 4
    endloop
  endfacet
  facet normal -0 0 1
    outer loop
      vertex 84.0291 -47.5564 4
      vertex 86.4545 -47.5859 4
      vertex 84.3393 -46.3988 4
    endloop
  endfacet
  facet normal 0 0 1
    outer loop
      vertex 83.8531 -42.3701 4
      vertex 84.7829 -45.6303 4
      vertex 85.6303 -44.7829 4
    endloop
  endfacet
  facet normal -0 0 1
    outer loop
      vertex 82.8255 -41.2565 4
      vertex 83.8531 -42.3701 4
      vertex 83.75 -40.6388 4
    endloop
  endfacet
  facet normal -0 0 1
    outer loop
      vertex 81.9896 -41.9896 4
      vertex 83.8531 -42.3701 4
      vertex 82.8255 -41.2565 4
    endloop
  endfacet
  facet normal 0 0 1
    outer loop
      vertex 83.8531 -42.3701 4
      vertex 82.3701 -43.8531 4
      vertex 84.7829 -45.6303 4
    endloop
  endfacet
  facet normal 0 0 1
    outer loop
      vertex 83.8531 -42.3701 4
      vertex 81.9896 -41.9896 4
      vertex 82.3701 -43.8531 4
    endloop
  endfacet
  facet normal -0 0 1
    outer loop
      vertex 81.2565 -42.8255 4
      vertex 82.3701 -43.8531 4
      vertex 81.9896 -41.9896 4
    endloop
  endfacet
  facet normal -0 0 1
    outer loop
      vertex 80.6388 -43.75 4
      vertex 82.3701 -43.8531 4
      vertex 81.2565 -42.8255 4
    endloop
  endfacet
  facet normal 0 0 1
    outer loop
      vertex 82.3701 -43.8531 4
      vertex 80.6388 -43.75 4
      vertex 81.9378 -44.5 4
    endloop
  endfacet
  facet normal 0 0 1
    outer loop
      vertex 86.4 -48 4
      vertex 84.7829 -50.3697 4
      vertex 85.6303 -51.2171 4
    endloop
  endfacet
  facet normal 0 0 1
    outer loop
      vertex 84.7829 -50.3697 4
      vertex 83.8531 -53.6299 4
      vertex 85.6303 -51.2171 4
    endloop
  endfacet
  facet normal 0 0 1
    outer loop
      vertex 83.8531 -53.6299 4
      vertex 82.8255 -54.7435 4
      vertex 83.75 -55.3612 4
    endloop
  endfacet
  facet normal -0 0 1
    outer loop
      vertex 82.3701 -52.1469 4
      vertex 83.8531 -53.6299 4
      vertex 84.7829 -50.3697 4
    endloop
  endfacet
  facet normal 0 0 1
    outer loop
      vertex 81.9896 -54.0104 4
      vertex 83.8531 -53.6299 4
      vertex 82.3701 -52.1469 4
    endloop
  endfacet
  facet normal 0 0 1
    outer loop
      vertex 83.8531 -53.6299 4
      vertex 81.9896 -54.0104 4
      vertex 82.8255 -54.7435 4
    endloop
  endfacet
  facet normal 0 0 1
    outer loop
      vertex 80.6388 -52.25 4
      vertex 82.3701 -52.1469 4
      vertex 81.9378 -51.5 4
    endloop
  endfacet
  facet normal 0 0 1
    outer loop
      vertex 80.6388 -52.25 4
      vertex 81.9378 -51.5 4
      vertex 81.5937 -50.8022 4
    endloop
  endfacet
  facet normal 0 0 1
    outer loop
      vertex 82.3701 -52.1469 4
      vertex 81.2565 -53.1745 4
      vertex 81.9896 -54.0104 4
    endloop
  endfacet
  facet normal 0 0 1
    outer loop
      vertex 86.4 -48 4
      vertex 84.0291 -48.4436 4
      vertex 84.3393 -49.6012 4
    endloop
  endfacet
  facet normal 0 0 1
    outer loop
      vertex 84.0291 -48.4436 4
      vertex 81.5937 -50.8022 4
      vertex 84.3393 -49.6012 4
    endloop
  endfacet
  facet normal -0 0 1
    outer loop
      vertex 81.0509 -48.7764 4
      vertex 81.5937 -50.8022 4
      vertex 84.0291 -48.4436 4
    endloop
  endfacet
  facet normal -0 0 1
    outer loop
      vertex 79.7896 -50.2 4
      vertex 81.5937 -50.8022 4
      vertex 81.0509 -48.7764 4
    endloop
  endfacet
  facet normal -0 0 1
    outer loop
      vertex 79.5 -48 4
      vertex 81.0509 -48.7764 4
      vertex 81 -48 4
    endloop
  endfacet
  facet normal 0 0 1
    outer loop
      vertex 81.5937 -45.1978 4
      vertex 79.7896 -45.8 4
      vertex 81.0509 -47.2236 4
    endloop
  endfacet
  facet normal 0 0 1
    outer loop
      vertex 82.3701 -52.1469 4
      vertex 80.6388 -52.25 4
      vertex 81.2565 -53.1745 4
    endloop
  endfacet
  facet normal -0 0 1
    outer loop
      vertex 79.5727 -46.8905 4
      vertex 81.0509 -47.2236 4
      vertex 79.7896 -45.8 4
    endloop
  endfacet
  facet normal 0 0 1
    outer loop
      vertex 81.5937 -50.8022 4
      vertex 80.147 -51.2528 4
      vertex 80.6388 -52.25 4
    endloop
  endfacet
  facet normal 0 0 1
    outer loop
      vertex 79.5 -48 4
      vertex 81.0509 -47.2236 4
      vertex 79.5727 -46.8905 4
    endloop
  endfacet
  facet normal 0 0 1
    outer loop
      vertex 81.5937 -50.8022 4
      vertex 79.7896 -50.2 4
      vertex 80.147 -51.2528 4
    endloop
  endfacet
  facet normal 0 0 1
    outer loop
      vertex 81.0509 -47.2236 4
      vertex 79.5 -48 4
      vertex 81 -48 4
    endloop
  endfacet
  facet normal 0 0 1
    outer loop
      vertex 81.0509 -48.7764 4
      vertex 79.5727 -49.1095 4
      vertex 79.7896 -50.2 4
    endloop
  endfacet
  facet normal 0 0 1
    outer loop
      vertex 81.0509 -48.7764 4
      vertex 79.5 -48 4
      vertex 79.5727 -49.1095 4
    endloop
  endfacet
  facet normal -0 0 1
    outer loop
      vertex 88.4141 -49.5455 4
      vertex 89.6012 -51.6607 4
      vertex 88.6123 -49.4782 4
    endloop
  endfacet
  facet normal 0 0 1
    outer loop
      vertex 89.6012 -51.6607 4
      vertex 88.4436 -51.9709 4
      vertex 88.7764 -54.9491 4
    endloop
  endfacet
  facet normal 0 0 1
    outer loop
      vertex 89.6012 -51.6607 4
      vertex 88.4141 -49.5455 4
      vertex 88.4436 -51.9709 4
    endloop
  endfacet
  facet normal -0 0 1
    outer loop
      vertex 88.2088 -49.5863 4
      vertex 88.4436 -51.9709 4
      vertex 88.4141 -49.5455 4
    endloop
  endfacet
  facet normal -0 0 1
    outer loop
      vertex 88 -49.6 4
      vertex 88.4436 -51.9709 4
      vertex 88.2088 -49.5863 4
    endloop
  endfacet
  facet normal 0 0 1
    outer loop
      vertex 88 -49.6 4
      vertex 88 -52 4
      vertex 88.4436 -51.9709 4
    endloop
  endfacet
  facet normal 0 0 1
    outer loop
      vertex 87.5564 -51.9709 4
      vertex 88 -49.6 4
      vertex 87.7912 -49.5863 4
    endloop
  endfacet
  facet normal 0 0 1
    outer loop
      vertex 87.5564 -51.9709 4
      vertex 87.7912 -49.5863 4
      vertex 87.5859 -49.5455 4
    endloop
  endfacet
  facet normal 0 0 1
    outer loop
      vertex 88 -49.6 4
      vertex 87.5564 -51.9709 4
      vertex 88 -52 4
    endloop
  endfacet
  facet normal 0 0 1
    outer loop
      vertex 86.3988 -51.6607 4
      vertex 87.5859 -49.5455 4
      vertex 87.3877 -49.4782 4
    endloop
  endfacet
  facet normal 0 0 1
    outer loop
      vertex 87.5859 -49.5455 4
      vertex 86.3988 -51.6607 4
      vertex 87.5564 -51.9709 4
    endloop
  endfacet
  facet normal 0 0 1
    outer loop
      vertex 86.3988 -51.6607 4
      vertex 87.3877 -49.4782 4
      vertex 87.2 -49.3856 4
    endloop
  endfacet
  facet normal -0 0 1
    outer loop
      vertex 89.6855 -20.2219 4
      vertex 89.7 -28 4
      vertex 89.7 -20 4
    endloop
  endfacet
  facet normal 0 0 1
    outer loop
      vertex 89.6855 -20.2219 4
      vertex 89.6855 -27.7781 4
      vertex 89.7 -28 4
    endloop
  endfacet
  facet normal -0 0 1
    outer loop
      vertex 89.6421 -20.44 4
      vertex 89.6855 -27.7781 4
      vertex 89.6855 -20.2219 4
    endloop
  endfacet
  facet normal 0 0 1
    outer loop
      vertex 89.6421 -20.44 4
      vertex 89.6421 -27.56 4
      vertex 89.6855 -27.7781 4
    endloop
  endfacet
  facet normal -0 0 1
    outer loop
      vertex 89.5706 -20.6506 4
      vertex 89.6421 -27.56 4
      vertex 89.6421 -20.44 4
    endloop
  endfacet
  facet normal 0 0 1
    outer loop
      vertex 89.5706 -20.6506 4
      vertex 89.5706 -27.3494 4
      vertex 89.6421 -27.56 4
    endloop
  endfacet
  facet normal -0 0 1
    outer loop
      vertex 89.4722 -20.85 4
      vertex 89.5706 -27.3494 4
      vertex 89.5706 -20.6506 4
    endloop
  endfacet
  facet normal 0 0 1
    outer loop
      vertex 89.4722 -20.85 4
      vertex 89.4722 -27.15 4
      vertex 89.5706 -27.3494 4
    endloop
  endfacet
  facet normal -0 0 1
    outer loop
      vertex 89.3487 -21.0349 4
      vertex 89.4722 -27.15 4
      vertex 89.4722 -20.85 4
    endloop
  endfacet
  facet normal 0 0 1
    outer loop
      vertex 89.3487 -21.0349 4
      vertex 89.3487 -26.9651 4
      vertex 89.4722 -27.15 4
    endloop
  endfacet
  facet normal -0 0 1
    outer loop
      vertex 89.2021 -21.2021 4
      vertex 89.3487 -26.9651 4
      vertex 89.3487 -21.0349 4
    endloop
  endfacet
  facet normal 0 0 1
    outer loop
      vertex 89.2021 -21.2021 4
      vertex 89.2021 -26.7979 4
      vertex 89.3487 -26.9651 4
    endloop
  endfacet
  facet normal -0 0 1
    outer loop
      vertex 89.0349 -21.3487 4
      vertex 89.2021 -26.7979 4
      vertex 89.2021 -21.2021 4
    endloop
  endfacet
  facet normal 0 0 1
    outer loop
      vertex 89.0349 -21.3487 4
      vertex 89.0349 -26.6513 4
      vertex 89.2021 -26.7979 4
    endloop
  endfacet
  facet normal -0 0 1
    outer loop
      vertex 88.85 -21.4722 4
      vertex 89.0349 -26.6513 4
      vertex 89.0349 -21.3487 4
    endloop
  endfacet
  facet normal 0 0 1
    outer loop
      vertex 88.85 -21.4722 4
      vertex 88.85 -26.5278 4
      vertex 89.0349 -26.6513 4
    endloop
  endfacet
  facet normal -0 0 1
    outer loop
      vertex 88.6506 -21.5706 4
      vertex 88.85 -26.5278 4
      vertex 88.85 -21.4722 4
    endloop
  endfacet
  facet normal 0 0 1
    outer loop
      vertex 88.6506 -21.5706 4
      vertex 88.6506 -26.4294 4
      vertex 88.85 -26.5278 4
    endloop
  endfacet
  facet normal -0 0 1
    outer loop
      vertex 88.44 -21.6421 4
      vertex 88.6506 -26.4294 4
      vertex 88.6506 -21.5706 4
    endloop
  endfacet
  facet normal 0 0 1
    outer loop
      vertex 88.44 -21.6421 4
      vertex 88.44 -26.3579 4
      vertex 88.6506 -26.4294 4
    endloop
  endfacet
  facet normal -0 0 1
    outer loop
      vertex 88.2219 -21.6855 4
      vertex 88.44 -26.3579 4
      vertex 88.44 -21.6421 4
    endloop
  endfacet
  facet normal 0 0 1
    outer loop
      vertex 88.2219 -21.6855 4
      vertex 88.2219 -26.3145 4
      vertex 88.44 -26.3579 4
    endloop
  endfacet
  facet normal -0 0 1
    outer loop
      vertex 88 -21.7 4
      vertex 88.2219 -26.3145 4
      vertex 88.2219 -21.6855 4
    endloop
  endfacet
  facet normal 0 0 1
    outer loop
      vertex 88 -21.7 4
      vertex 88 -26.3 4
      vertex 88.2219 -26.3145 4
    endloop
  endfacet
  facet normal 0 0 1
    outer loop
      vertex 87.7781 -21.6855 4
      vertex 88 -26.3 4
      vertex 88 -21.7 4
    endloop
  endfacet
  facet normal 0 0 1
    outer loop
      vertex 87.7781 -21.6855 4
      vertex 87.7781 -26.3145 4
      vertex 88 -26.3 4
    endloop
  endfacet
  facet normal 0 0 1
    outer loop
      vertex 87.56 -21.6421 4
      vertex 87.7781 -26.3145 4
      vertex 87.7781 -21.6855 4
    endloop
  endfacet
  facet normal 0 0 1
    outer loop
      vertex 87.56 -21.6421 4
      vertex 87.56 -26.3579 4
      vertex 87.7781 -26.3145 4
    endloop
  endfacet
  facet normal 0 0 1
    outer loop
      vertex 87.3494 -21.5706 4
      vertex 87.56 -26.3579 4
      vertex 87.56 -21.6421 4
    endloop
  endfacet
  facet normal 0 0 1
    outer loop
      vertex 87.3494 -21.5706 4
      vertex 87.3494 -26.4294 4
      vertex 87.56 -26.3579 4
    endloop
  endfacet
  facet normal 0 0 1
    outer loop
      vertex 87.15 -21.4722 4
      vertex 87.3494 -26.4294 4
      vertex 87.3494 -21.5706 4
    endloop
  endfacet
  facet normal 0 0 1
    outer loop
      vertex 87.15 -21.4722 4
      vertex 87.15 -26.5278 4
      vertex 87.3494 -26.4294 4
    endloop
  endfacet
  facet normal 0 0 1
    outer loop
      vertex 86.9651 -21.3487 4
      vertex 87.15 -26.5278 4
      vertex 87.15 -21.4722 4
    endloop
  endfacet
  facet normal 0 0 1
    outer loop
      vertex 86.9651 -21.3487 4
      vertex 86.9651 -26.6513 4
      vertex 87.15 -26.5278 4
    endloop
  endfacet
  facet normal 0 0 1
    outer loop
      vertex 86.7979 -21.2021 4
      vertex 86.9651 -26.6513 4
      vertex 86.9651 -21.3487 4
    endloop
  endfacet
  facet normal 0 0 1
    outer loop
      vertex 86.7979 -21.2021 4
      vertex 86.7979 -26.7979 4
      vertex 86.9651 -26.6513 4
    endloop
  endfacet
  facet normal 0 0 1
    outer loop
      vertex 86.6513 -21.0349 4
      vertex 86.7979 -26.7979 4
      vertex 86.7979 -21.2021 4
    endloop
  endfacet
  facet normal 0 0 1
    outer loop
      vertex 86.6513 -21.0349 4
      vertex 86.6513 -26.9651 4
      vertex 86.7979 -26.7979 4
    endloop
  endfacet
  facet normal 0 0 1
    outer loop
      vertex 86.5278 -20.85 4
      vertex 86.6513 -26.9651 4
      vertex 86.6513 -21.0349 4
    endloop
  endfacet
  facet normal 0 0 1
    outer loop
      vertex 86.5278 -20.85 4
      vertex 86.5278 -27.15 4
      vertex 86.6513 -26.9651 4
    endloop
  endfacet
  facet normal 0 0 1
    outer loop
      vertex 86.4294 -20.6506 4
      vertex 86.5278 -27.15 4
      vertex 86.5278 -20.85 4
    endloop
  endfacet
  facet normal 0 0 1
    outer loop
      vertex 86.4294 -20.6506 4
      vertex 86.4294 -27.3494 4
      vertex 86.5278 -27.15 4
    endloop
  endfacet
  facet normal 0 0 1
    outer loop
      vertex 86.3579 -20.44 4
      vertex 86.4294 -27.3494 4
      vertex 86.4294 -20.6506 4
    endloop
  endfacet
  facet normal 0 0 1
    outer loop
      vertex 86.3579 -20.44 4
      vertex 86.3579 -27.56 4
      vertex 86.4294 -27.3494 4
    endloop
  endfacet
  facet normal 0 0 1
    outer loop
      vertex 86.3145 -20.2219 4
      vertex 86.3579 -27.56 4
      vertex 86.3579 -20.44 4
    endloop
  endfacet
  facet normal 0 0 1
    outer loop
      vertex 86.3145 -20.2219 4
      vertex 86.3145 -27.7781 4
      vertex 86.3579 -27.56 4
    endloop
  endfacet
  facet normal 0 0 1
    outer loop
      vertex 86.3 -20 4
      vertex 86.3145 -27.7781 4
      vertex 86.3145 -20.2219 4
    endloop
  endfacet
  facet normal 0 0 1
    outer loop
      vertex 86.3145 -27.7781 4
      vertex 86.3 -20 4
      vertex 86.3 -28 4
    endloop
  endfacet
  facet normal -0 0 1
    outer loop
      vertex 89.6855 -12.2219 4
      vertex 89.7 -20 4
      vertex 89.7 -12 4
    endloop
  endfacet
  facet normal 0 0 1
    outer loop
      vertex 89.6855 -12.2219 4
      vertex 89.6855 -19.7781 4
      vertex 89.7 -20 4
    endloop
  endfacet
  facet normal -0 0 1
    outer loop
      vertex 89.6421 -12.44 4
      vertex 89.6855 -19.7781 4
      vertex 89.6855 -12.2219 4
    endloop
  endfacet
  facet normal 0 0 1
    outer loop
      vertex 89.6421 -12.44 4
      vertex 89.6421 -19.56 4
      vertex 89.6855 -19.7781 4
    endloop
  endfacet
  facet normal -0 0 1
    outer loop
      vertex 89.5706 -12.6506 4
      vertex 89.6421 -19.56 4
      vertex 89.6421 -12.44 4
    endloop
  endfacet
  facet normal 0 0 1
    outer loop
      vertex 89.5706 -12.6506 4
      vertex 89.5706 -19.3494 4
      vertex 89.6421 -19.56 4
    endloop
  endfacet
  facet normal -0 0 1
    outer loop
      vertex 89.4722 -12.85 4
      vertex 89.5706 -19.3494 4
      vertex 89.5706 -12.6506 4
    endloop
  endfacet
  facet normal 0 0 1
    outer loop
      vertex 89.4722 -12.85 4
      vertex 89.4722 -19.15 4
      vertex 89.5706 -19.3494 4
    endloop
  endfacet
  facet normal -0 0 1
    outer loop
      vertex 89.3487 -13.0349 4
      vertex 89.4722 -19.15 4
      vertex 89.4722 -12.85 4
    endloop
  endfacet
  facet normal 0 0 1
    outer loop
      vertex 89.3487 -13.0349 4
      vertex 89.3487 -18.9651 4
      vertex 89.4722 -19.15 4
    endloop
  endfacet
  facet normal -0 0 1
    outer loop
      vertex 89.2021 -13.2021 4
      vertex 89.3487 -18.9651 4
      vertex 89.3487 -13.0349 4
    endloop
  endfacet
  facet normal 0 0 1
    outer loop
      vertex 89.2021 -13.2021 4
      vertex 89.2021 -18.7979 4
      vertex 89.3487 -18.9651 4
    endloop
  endfacet
  facet normal -0 0 1
    outer loop
      vertex 89.0349 -13.3487 4
      vertex 89.2021 -18.7979 4
      vertex 89.2021 -13.2021 4
    endloop
  endfacet
  facet normal 0 0 1
    outer loop
      vertex 89.0349 -13.3487 4
      vertex 89.0349 -18.6513 4
      vertex 89.2021 -18.7979 4
    endloop
  endfacet
  facet normal -0 0 1
    outer loop
      vertex 88.85 -13.4722 4
      vertex 89.0349 -18.6513 4
      vertex 89.0349 -13.3487 4
    endloop
  endfacet
  facet normal 0 0 1
    outer loop
      vertex 88.85 -13.4722 4
      vertex 88.85 -18.5278 4
      vertex 89.0349 -18.6513 4
    endloop
  endfacet
  facet normal -0 0 1
    outer loop
      vertex 88.6506 -13.5706 4
      vertex 88.85 -18.5278 4
      vertex 88.85 -13.4722 4
    endloop
  endfacet
  facet normal 0 0 1
    outer loop
      vertex 88.6506 -13.5706 4
      vertex 88.6506 -18.4294 4
      vertex 88.85 -18.5278 4
    endloop
  endfacet
  facet normal -0 0 1
    outer loop
      vertex 88.44 -13.6421 4
      vertex 88.6506 -18.4294 4
      vertex 88.6506 -13.5706 4
    endloop
  endfacet
  facet normal 0 0 1
    outer loop
      vertex 88.44 -13.6421 4
      vertex 88.44 -18.3579 4
      vertex 88.6506 -18.4294 4
    endloop
  endfacet
  facet normal -0 0 1
    outer loop
      vertex 88.2219 -13.6855 4
      vertex 88.44 -18.3579 4
      vertex 88.44 -13.6421 4
    endloop
  endfacet
  facet normal 0 0 1
    outer loop
      vertex 88.2219 -13.6855 4
      vertex 88.2219 -18.3145 4
      vertex 88.44 -18.3579 4
    endloop
  endfacet
  facet normal -0 0 1
    outer loop
      vertex 88 -13.7 4
      vertex 88.2219 -18.3145 4
      vertex 88.2219 -13.6855 4
    endloop
  endfacet
  facet normal 0 0 1
    outer loop
      vertex 88 -13.7 4
      vertex 88 -18.3 4
      vertex 88.2219 -18.3145 4
    endloop
  endfacet
  facet normal 0 0 1
    outer loop
      vertex 87.7781 -13.6855 4
      vertex 88 -18.3 4
      vertex 88 -13.7 4
    endloop
  endfacet
  facet normal 0 0 1
    outer loop
      vertex 87.7781 -13.6855 4
      vertex 87.7781 -18.3145 4
      vertex 88 -18.3 4
    endloop
  endfacet
  facet normal 0 0 1
    outer loop
      vertex 87.56 -13.6421 4
      vertex 87.7781 -18.3145 4
      vertex 87.7781 -13.6855 4
    endloop
  endfacet
  facet normal 0 0 1
    outer loop
      vertex 87.56 -13.6421 4
      vertex 87.56 -18.3579 4
      vertex 87.7781 -18.3145 4
    endloop
  endfacet
  facet normal 0 0 1
    outer loop
      vertex 87.3494 -13.5706 4
      vertex 87.56 -18.3579 4
      vertex 87.56 -13.6421 4
    endloop
  endfacet
  facet normal 0 0 1
    outer loop
      vertex 87.3494 -13.5706 4
      vertex 87.3494 -18.4294 4
      vertex 87.56 -18.3579 4
    endloop
  endfacet
  facet normal 0 0 1
    outer loop
      vertex 87.15 -13.4722 4
      vertex 87.3494 -18.4294 4
      vertex 87.3494 -13.5706 4
    endloop
  endfacet
  facet normal 0 0 1
    outer loop
      vertex 87.15 -13.4722 4
      vertex 87.15 -18.5278 4
      vertex 87.3494 -18.4294 4
    endloop
  endfacet
  facet normal 0 0 1
    outer loop
      vertex 86.9651 -13.3487 4
      vertex 87.15 -18.5278 4
      vertex 87.15 -13.4722 4
    endloop
  endfacet
  facet normal 0 0 1
    outer loop
      vertex 86.9651 -13.3487 4
      vertex 86.9651 -18.6513 4
      vertex 87.15 -18.5278 4
    endloop
  endfacet
  facet normal 0 0 1
    outer loop
      vertex 86.7979 -13.2021 4
      vertex 86.9651 -18.6513 4
      vertex 86.9651 -13.3487 4
    endloop
  endfacet
  facet normal 0 0 1
    outer loop
      vertex 86.7979 -13.2021 4
      vertex 86.7979 -18.7979 4
      vertex 86.9651 -18.6513 4
    endloop
  endfacet
  facet normal 0 0 1
    outer loop
      vertex 86.6513 -13.0349 4
      vertex 86.7979 -18.7979 4
      vertex 86.7979 -13.2021 4
    endloop
  endfacet
  facet normal 0 0 1
    outer loop
      vertex 86.6513 -13.0349 4
      vertex 86.6513 -18.9651 4
      vertex 86.7979 -18.7979 4
    endloop
  endfacet
  facet normal 0 0 1
    outer loop
      vertex 86.5278 -12.85 4
      vertex 86.6513 -18.9651 4
      vertex 86.6513 -13.0349 4
    endloop
  endfacet
  facet normal 0 0 1
    outer loop
      vertex 86.5278 -12.85 4
      vertex 86.5278 -19.15 4
      vertex 86.6513 -18.9651 4
    endloop
  endfacet
  facet normal 0 0 1
    outer loop
      vertex 86.4294 -12.6506 4
      vertex 86.5278 -19.15 4
      vertex 86.5278 -12.85 4
    endloop
  endfacet
  facet normal 0 0 1
    outer loop
      vertex 86.4294 -12.6506 4
      vertex 86.4294 -19.3494 4
      vertex 86.5278 -19.15 4
    endloop
  endfacet
  facet normal 0 0 1
    outer loop
      vertex 86.3579 -12.44 4
      vertex 86.4294 -19.3494 4
      vertex 86.4294 -12.6506 4
    endloop
  endfacet
  facet normal 0 0 1
    outer loop
      vertex 86.3579 -12.44 4
      vertex 86.3579 -19.56 4
      vertex 86.4294 -19.3494 4
    endloop
  endfacet
  facet normal 0 0 1
    outer loop
      vertex 86.3145 -12.2219 4
      vertex 86.3579 -19.56 4
      vertex 86.3579 -12.44 4
    endloop
  endfacet
  facet normal 0 0 1
    outer loop
      vertex 86.3145 -12.2219 4
      vertex 86.3145 -19.7781 4
      vertex 86.3579 -19.56 4
    endloop
  endfacet
  facet normal 0 0 1
    outer loop
      vertex 86.3 -12 4
      vertex 86.3145 -19.7781 4
      vertex 86.3145 -12.2219 4
    endloop
  endfacet
  facet normal 0 0 1
    outer loop
      vertex 86.3145 -19.7781 4
      vertex 86.3 -12 4
      vertex 86.3 -20 4
    endloop
  endfacet
  facet normal 0 0 1
    outer loop
      vertex 89.6855 -11.7781 4
      vertex 91 5 4
      vertex 89.6855 -0.221895 4
    endloop
  endfacet
  facet normal 0 0 1
    outer loop
      vertex 91 5 4
      vertex 89.6855 -11.7781 4
      vertex 89.7 -12 4
    endloop
  endfacet
  facet normal -0 0 1
    outer loop
      vertex 89.6421 -0.439993 4
      vertex 89.6855 -11.7781 4
      vertex 89.6855 -0.221895 4
    endloop
  endfacet
  facet normal 0 0 1
    outer loop
      vertex 89.6421 -0.439993 4
      vertex 89.6421 -11.56 4
      vertex 89.6855 -11.7781 4
    endloop
  endfacet
  facet normal -0 0 1
    outer loop
      vertex 89.5706 -0.650562 4
      vertex 89.6421 -11.56 4
      vertex 89.6421 -0.439993 4
    endloop
  endfacet
  facet normal 0 0 1
    outer loop
      vertex 89.5706 -0.650562 4
      vertex 89.5706 -11.3494 4
      vertex 89.6421 -11.56 4
    endloop
  endfacet
  facet normal -0 0 1
    outer loop
      vertex 89.4722 -0.85 4
      vertex 89.5706 -11.3494 4
      vertex 89.5706 -0.650562 4
    endloop
  endfacet
  facet normal 0 0 1
    outer loop
      vertex 89.4722 -0.85 4
      vertex 89.4722 -11.15 4
      vertex 89.5706 -11.3494 4
    endloop
  endfacet
  facet normal -0 0 1
    outer loop
      vertex 89.3487 -1.03489 4
      vertex 89.4722 -11.15 4
      vertex 89.4722 -0.85 4
    endloop
  endfacet
  facet normal 0 0 1
    outer loop
      vertex 89.3487 -1.03489 4
      vertex 89.3487 -10.9651 4
      vertex 89.4722 -11.15 4
    endloop
  endfacet
  facet normal -0 0 1
    outer loop
      vertex 89.2021 -1.20208 4
      vertex 89.3487 -10.9651 4
      vertex 89.3487 -1.03489 4
    endloop
  endfacet
  facet normal 0 0 1
    outer loop
      vertex 89.2021 -1.20208 4
      vertex 89.2021 -10.7979 4
      vertex 89.3487 -10.9651 4
    endloop
  endfacet
  facet normal -0 0 1
    outer loop
      vertex 89.0349 -1.3487 4
      vertex 89.2021 -10.7979 4
      vertex 89.2021 -1.20208 4
    endloop
  endfacet
  facet normal 0 0 1
    outer loop
      vertex 89.0349 -1.3487 4
      vertex 89.0349 -10.6513 4
      vertex 89.2021 -10.7979 4
    endloop
  endfacet
  facet normal -0 0 1
    outer loop
      vertex 88.85 -1.47224 4
      vertex 89.0349 -10.6513 4
      vertex 89.0349 -1.3487 4
    endloop
  endfacet
  facet normal 0 0 1
    outer loop
      vertex 88.85 -1.47224 4
      vertex 88.85 -10.5278 4
      vertex 89.0349 -10.6513 4
    endloop
  endfacet
  facet normal -0 0 1
    outer loop
      vertex 88.6506 -1.5706 4
      vertex 88.85 -10.5278 4
      vertex 88.85 -1.47224 4
    endloop
  endfacet
  facet normal 0 0 1
    outer loop
      vertex 88.6506 -1.5706 4
      vertex 88.6506 -10.4294 4
      vertex 88.85 -10.5278 4
    endloop
  endfacet
  facet normal -0 0 1
    outer loop
      vertex 88.44 -1.64207 4
      vertex 88.6506 -10.4294 4
      vertex 88.6506 -1.5706 4
    endloop
  endfacet
  facet normal 0 0 1
    outer loop
      vertex 88.44 -1.64207 4
      vertex 88.44 -10.3579 4
      vertex 88.6506 -10.4294 4
    endloop
  endfacet
  facet normal -0 0 1
    outer loop
      vertex 88.2219 -1.68546 4
      vertex 88.44 -10.3579 4
      vertex 88.44 -1.64207 4
    endloop
  endfacet
  facet normal 0 0 1
    outer loop
      vertex 88.2219 -1.68546 4
      vertex 88.2219 -10.3145 4
      vertex 88.44 -10.3579 4
    endloop
  endfacet
  facet normal -0 0 1
    outer loop
      vertex 88 -1.7 4
      vertex 88.2219 -10.3145 4
      vertex 88.2219 -1.68546 4
    endloop
  endfacet
  facet normal 0 0 1
    outer loop
      vertex 88 -1.7 4
      vertex 88 -10.3 4
      vertex 88.2219 -10.3145 4
    endloop
  endfacet
  facet normal 0 0 1
    outer loop
      vertex 87.7781 -1.68546 4
      vertex 88 -10.3 4
      vertex 88 -1.7 4
    endloop
  endfacet
  facet normal 0 0 1
    outer loop
      vertex 87.7781 -1.68546 4
      vertex 87.7781 -10.3145 4
      vertex 88 -10.3 4
    endloop
  endfacet
  facet normal 0 0 1
    outer loop
      vertex 87.56 -1.64207 4
      vertex 87.7781 -10.3145 4
      vertex 87.7781 -1.68546 4
    endloop
  endfacet
  facet normal 0 0 1
    outer loop
      vertex 87.56 -1.64207 4
      vertex 87.56 -10.3579 4
      vertex 87.7781 -10.3145 4
    endloop
  endfacet
  facet normal 0 0 1
    outer loop
      vertex 87.3494 -1.5706 4
      vertex 87.56 -10.3579 4
      vertex 87.56 -1.64207 4
    endloop
  endfacet
  facet normal 0 0 1
    outer loop
      vertex 87.3494 -1.5706 4
      vertex 87.3494 -10.4294 4
      vertex 87.56 -10.3579 4
    endloop
  endfacet
  facet normal 0 0 1
    outer loop
      vertex 87.15 -1.47224 4
      vertex 87.3494 -10.4294 4
      vertex 87.3494 -1.5706 4
    endloop
  endfacet
  facet normal 0 0 1
    outer loop
      vertex 87.15 -1.47224 4
      vertex 87.15 -10.5278 4
      vertex 87.3494 -10.4294 4
    endloop
  endfacet
  facet normal 0 0 1
    outer loop
      vertex 86.9651 -1.3487 4
      vertex 87.15 -10.5278 4
      vertex 87.15 -1.47224 4
    endloop
  endfacet
  facet normal 0 0 1
    outer loop
      vertex 86.9651 -1.3487 4
      vertex 86.9651 -10.6513 4
      vertex 87.15 -10.5278 4
    endloop
  endfacet
  facet normal 0 0 1
    outer loop
      vertex 86.7979 -1.20208 4
      vertex 86.9651 -10.6513 4
      vertex 86.9651 -1.3487 4
    endloop
  endfacet
  facet normal 0 0 1
    outer loop
      vertex 86.7979 -1.20208 4
      vertex 86.7979 -10.7979 4
      vertex 86.9651 -10.6513 4
    endloop
  endfacet
  facet normal 0 0 1
    outer loop
      vertex 86.6513 -1.03489 4
      vertex 86.7979 -10.7979 4
      vertex 86.7979 -1.20208 4
    endloop
  endfacet
  facet normal 0 0 1
    outer loop
      vertex 86.6513 -1.03489 4
      vertex 86.6513 -10.9651 4
      vertex 86.7979 -10.7979 4
    endloop
  endfacet
  facet normal 0 0 1
    outer loop
      vertex 86.5278 -0.85 4
      vertex 86.6513 -10.9651 4
      vertex 86.6513 -1.03489 4
    endloop
  endfacet
  facet normal 0 0 1
    outer loop
      vertex 86.5278 -0.85 4
      vertex 86.5278 -11.15 4
      vertex 86.6513 -10.9651 4
    endloop
  endfacet
  facet normal 0 0 1
    outer loop
      vertex 86.4294 -0.650562 4
      vertex 86.5278 -11.15 4
      vertex 86.5278 -0.85 4
    endloop
  endfacet
  facet normal 0 0 1
    outer loop
      vertex 86.4294 -0.650562 4
      vertex 86.4294 -11.3494 4
      vertex 86.5278 -11.15 4
    endloop
  endfacet
  facet normal 0 0 1
    outer loop
      vertex 86.3579 -0.439993 4
      vertex 86.4294 -11.3494 4
      vertex 86.4294 -0.650562 4
    endloop
  endfacet
  facet normal 0 0 1
    outer loop
      vertex 86.3579 -0.439993 4
      vertex 86.3579 -11.56 4
      vertex 86.4294 -11.3494 4
    endloop
  endfacet
  facet normal 0 0 1
    outer loop
      vertex 86.3145 -0.221895 4
      vertex 86.3579 -11.56 4
      vertex 86.3579 -0.439993 4
    endloop
  endfacet
  facet normal 0 0 1
    outer loop
      vertex 86.3145 -0.221895 4
      vertex 86.3145 -11.7781 4
      vertex 86.3579 -11.56 4
    endloop
  endfacet
  facet normal 0 0 1
    outer loop
      vertex 85 5 4
      vertex 86.3145 -0.221895 4
      vertex 86.3 0 4
    endloop
  endfacet
  facet normal 0 0 1
    outer loop
      vertex 86.3145 -0.221895 4
      vertex 85 5 4
      vertex 86.3145 -11.7781 4
    endloop
  endfacet
  facet normal -0 0 1
    outer loop
      vertex 89.7 -20 4
      vertex 91 -40.0612 4
      vertex 91 5 4
    endloop
  endfacet
  facet normal 0 0 1
    outer loop
      vertex 89.6855 -0.221895 4
      vertex 91 5 4
      vertex 89.7 0 4
    endloop
  endfacet
  facet normal 0 0 1
    outer loop
      vertex 91 5 4
      vertex 89.6855 0.221894 4
      vertex 89.7 0 4
    endloop
  endfacet
  facet normal 0 0 1
    outer loop
      vertex 91 5 4
      vertex 89.6421 0.439992 4
      vertex 89.6855 0.221894 4
    endloop
  endfacet
  facet normal 0 0 1
    outer loop
      vertex 91 5 4
      vertex 89.5706 0.650561 4
      vertex 89.6421 0.439992 4
    endloop
  endfacet
  facet normal 0 0 1
    outer loop
      vertex 91 5 4
      vertex 89.4722 0.849999 4
      vertex 89.5706 0.650561 4
    endloop
  endfacet
  facet normal 0 0 1
    outer loop
      vertex 91 5 4
      vertex 89.3487 1.03489 4
      vertex 89.4722 0.849999 4
    endloop
  endfacet
  facet normal 0 0 1
    outer loop
      vertex 91 5 4
      vertex 89.2021 1.20208 4
      vertex 89.3487 1.03489 4
    endloop
  endfacet
  facet normal 0 0 1
    outer loop
      vertex 91 5 4
      vertex 89.0349 1.3487 4
      vertex 89.2021 1.20208 4
    endloop
  endfacet
  facet normal 0 0 1
    outer loop
      vertex 91 5 4
      vertex 88.85 1.47224 4
      vertex 89.0349 1.3487 4
    endloop
  endfacet
  facet normal 0 0 1
    outer loop
      vertex 91 5 4
      vertex 88.6506 1.57059 4
      vertex 88.85 1.47224 4
    endloop
  endfacet
  facet normal 0 0 1
    outer loop
      vertex 91 5 4
      vertex 88.44 1.64207 4
      vertex 88.6506 1.57059 4
    endloop
  endfacet
  facet normal 0 0 1
    outer loop
      vertex 91 5 4
      vertex 88.2219 1.68546 4
      vertex 88.44 1.64207 4
    endloop
  endfacet
  facet normal 0 0 1
    outer loop
      vertex 91 5 4
      vertex 88 1.7 4
      vertex 88.2219 1.68546 4
    endloop
  endfacet
  facet normal -0 0 1
    outer loop
      vertex 85 5 4
      vertex 88 1.7 4
      vertex 91 5 4
    endloop
  endfacet
  facet normal 0 0 1
    outer loop
      vertex 88 1.7 4
      vertex 85 5 4
      vertex 87.7781 1.68546 4
    endloop
  endfacet
  facet normal 0 0 1
    outer loop
      vertex 87.7781 1.68546 4
      vertex 85 5 4
      vertex 87.56 1.64207 4
    endloop
  endfacet
  facet normal 0 0 1
    outer loop
      vertex 87.56 1.64207 4
      vertex 85 5 4
      vertex 87.3494 1.57059 4
    endloop
  endfacet
  facet normal 0 0 1
    outer loop
      vertex 87.3494 1.57059 4
      vertex 85 5 4
      vertex 87.15 1.47224 4
    endloop
  endfacet
  facet normal 0 0 1
    outer loop
      vertex 87.15 1.47224 4
      vertex 85 5 4
      vertex 86.9651 1.3487 4
    endloop
  endfacet
  facet normal 0 0 1
    outer loop
      vertex 86.3145 -11.7781 4
      vertex 85 5 4
      vertex 86.3 -12 4
    endloop
  endfacet
  facet normal 0 0 1
    outer loop
      vertex 86.3 -12 4
      vertex 85 5 4
      vertex 86.3 -20 4
    endloop
  endfacet
  facet normal 0 0 1
    outer loop
      vertex 85 -40.0612 4
      vertex 86.3 -20 4
      vertex 85 5 4
    endloop
  endfacet
  facet normal 0 0 1
    outer loop
      vertex 86.9651 1.3487 4
      vertex 85 5 4
      vertex 86.7979 1.20208 4
    endloop
  endfacet
  facet normal 0 0 1
    outer loop
      vertex 85 5 4
      vertex 86.6513 1.03489 4
      vertex 86.7979 1.20208 4
    endloop
  endfacet
  facet normal 0 0 1
    outer loop
      vertex 85 5 4
      vertex 86.5278 0.849999 4
      vertex 86.6513 1.03489 4
    endloop
  endfacet
  facet normal 0 0 1
    outer loop
      vertex 85 5 4
      vertex 86.4294 0.650561 4
      vertex 86.5278 0.849999 4
    endloop
  endfacet
  facet normal 0 0 1
    outer loop
      vertex 85 5 4
      vertex 86.3579 0.439992 4
      vertex 86.4294 0.650561 4
    endloop
  endfacet
  facet normal 0 0 1
    outer loop
      vertex 85 5 4
      vertex 86.3145 0.221894 4
      vertex 86.3579 0.439992 4
    endloop
  endfacet
  facet normal 0 0 1
    outer loop
      vertex 85 5 4
      vertex 86.3 0 4
      vertex 86.3145 0.221894 4
    endloop
  endfacet
  facet normal 0 0 1
    outer loop
      vertex 86.3 -20 4
      vertex 85 -40.0612 4
      vertex 86.3 -28 4
    endloop
  endfacet
  facet normal 0 0 1
    outer loop
      vertex 86.3 -28 4
      vertex 85 -40.0612 4
      vertex 85.1978 -41.5937 4
    endloop
  endfacet
  facet normal -0 0 1
    outer loop
      vertex 84.7472 -40.147 4
      vertex 85.1978 -41.5937 4
      vertex 85 -40.0612 4
    endloop
  endfacet
  facet normal -0 0 1
    outer loop
      vertex 83.75 -40.6388 4
      vertex 85.1978 -41.5937 4
      vertex 84.7472 -40.147 4
    endloop
  endfacet
  facet normal 0 0 1
    outer loop
      vertex 85.1978 -41.5937 4
      vertex 83.75 -40.6388 4
      vertex 84.5 -41.9378 4
    endloop
  endfacet
  facet normal 0 0 1
    outer loop
      vertex 84.5 -41.9378 4
      vertex 83.75 -40.6388 4
      vertex 83.8531 -42.3701 4
    endloop
  endfacet
  facet normal 0 0 1
    outer loop
      vertex 89.7 -20 4
      vertex 91 5 4
      vertex 89.7 -12 4
    endloop
  endfacet
  facet normal -0 0 1
    outer loop
      vertex 89.7 -28 4
      vertex 91 -40.0612 4
      vertex 89.7 -20 4
    endloop
  endfacet
  facet normal -0 0 1
    outer loop
      vertex 89.6855 -28.2219 4
      vertex 91 -40.0612 4
      vertex 89.7 -28 4
    endloop
  endfacet
  facet normal -0 0 1
    outer loop
      vertex 89.6421 -28.44 4
      vertex 91 -40.0612 4
      vertex 89.6855 -28.2219 4
    endloop
  endfacet
  facet normal -0 0 1
    outer loop
      vertex 89.5706 -28.6506 4
      vertex 91 -40.0612 4
      vertex 89.6421 -28.44 4
    endloop
  endfacet
  facet normal -0 0 1
    outer loop
      vertex 89.4722 -28.85 4
      vertex 91 -40.0612 4
      vertex 89.5706 -28.6506 4
    endloop
  endfacet
  facet normal 0 0 1
    outer loop
      vertex 91.6607 -49.6012 4
      vertex 89.3856 -48.8 4
      vertex 91.4641 -50 4
    endloop
  endfacet
  facet normal 0 0 1
    outer loop
      vertex 90 -44.5359 4
      vertex 89.5863 -47.7912 4
      vertex 89.6 -48 4
    endloop
  endfacet
  facet normal 0 0 1
    outer loop
      vertex 90.8022 -41.5937 4
      vertex 88.7764 -41.0509 4
      vertex 89.6012 -44.3393 4
    endloop
  endfacet
  facet normal -0 0 1
    outer loop
      vertex 89.3487 -29.0349 4
      vertex 91 -40.0612 4
      vertex 89.4722 -28.85 4
    endloop
  endfacet
  facet normal -0 0 1
    outer loop
      vertex 88.4436 -44.0291 4
      vertex 89.6012 -44.3393 4
      vertex 88.7764 -41.0509 4
    endloop
  endfacet
  facet normal 0 0 1
    outer loop
      vertex 90 -44.5359 4
      vertex 89.5455 -47.5859 4
      vertex 89.5863 -47.7912 4
    endloop
  endfacet
  facet normal -0 0 1
    outer loop
      vertex 89.2021 -29.2021 4
      vertex 91 -40.0612 4
      vertex 89.3487 -29.0349 4
    endloop
  endfacet
  facet normal 0 0 1
    outer loop
      vertex 90 -44.5359 4
      vertex 89.4782 -47.3877 4
      vertex 89.5455 -47.5859 4
    endloop
  endfacet
  facet normal -0 0 1
    outer loop
      vertex 89.0349 -29.3487 4
      vertex 91 -40.0612 4
      vertex 89.2021 -29.2021 4
    endloop
  endfacet
  facet normal 0 0 1
    outer loop
      vertex 90 -44.5359 4
      vertex 89.3856 -47.2 4
      vertex 89.4782 -47.3877 4
    endloop
  endfacet
  facet normal -0 0 1
    outer loop
      vertex 88.85 -29.4722 4
      vertex 91 -40.0612 4
      vertex 89.0349 -29.3487 4
    endloop
  endfacet
  facet normal 0 0 1
    outer loop
      vertex 88.4141 -46.4545 4
      vertex 89.6012 -44.3393 4
      vertex 88.4436 -44.0291 4
    endloop
  endfacet
  facet normal -0 0 1
    outer loop
      vertex 88.6506 -29.5706 4
      vertex 91 -40.0612 4
      vertex 88.85 -29.4722 4
    endloop
  endfacet
  facet normal 0 0 1
    outer loop
      vertex 90 -44.5359 4
      vertex 89.2694 -47.026 4
      vertex 89.3856 -47.2 4
    endloop
  endfacet
  facet normal -0 0 1
    outer loop
      vertex 88.44 -29.6421 4
      vertex 91 -40.0612 4
      vertex 88.6506 -29.5706 4
    endloop
  endfacet
  facet normal 0 0 1
    outer loop
      vertex 90 -44.5359 4
      vertex 89.1314 -46.8686 4
      vertex 89.2694 -47.026 4
    endloop
  endfacet
  facet normal 0 0 1
    outer loop
      vertex 90 -44.5359 4
      vertex 88.974 -46.7306 4
      vertex 89.1314 -46.8686 4
    endloop
  endfacet
  facet normal 0 0 1
    outer loop
      vertex 91 -40.0612 4
      vertex 88.7764 -41.0509 4
      vertex 90.8022 -41.5937 4
    endloop
  endfacet
  facet normal -0 0 1
    outer loop
      vertex 88.2219 -29.6855 4
      vertex 91 -40.0612 4
      vertex 88.44 -29.6421 4
    endloop
  endfacet
  facet normal -0 0 1
    outer loop
      vertex 88 -29.7 4
      vertex 91 -40.0612 4
      vertex 88.2219 -29.6855 4
    endloop
  endfacet
  facet normal 0 0 1
    outer loop
      vertex 91 -40.0612 4
      vertex 88 -29.7 4
      vertex 88 -41 4
    endloop
  endfacet
  facet normal 0 0 1
    outer loop
      vertex 91 -40.0612 4
      vertex 88 -41 4
      vertex 88.7764 -41.0509 4
    endloop
  endfacet
  facet normal 0 0 1
    outer loop
      vertex 87.7781 -29.6855 4
      vertex 88 -41 4
      vertex 88 -29.7 4
    endloop
  endfacet
  facet normal 0 0 1
    outer loop
      vertex 87.2236 -41.0509 4
      vertex 87.7781 -29.6855 4
      vertex 87.56 -29.6421 4
    endloop
  endfacet
  facet normal 0 0 1
    outer loop
      vertex 87.2236 -41.0509 4
      vertex 87.56 -29.6421 4
      vertex 87.3494 -29.5706 4
    endloop
  endfacet
  facet normal 0 0 1
    outer loop
      vertex 87.7781 -29.6855 4
      vertex 87.2236 -41.0509 4
      vertex 88 -41 4
    endloop
  endfacet
  facet normal 0 0 1
    outer loop
      vertex 85.1978 -41.5937 4
      vertex 87.3494 -29.5706 4
      vertex 87.15 -29.4722 4
    endloop
  endfacet
  facet normal 0 0 1
    outer loop
      vertex 87.3494 -29.5706 4
      vertex 85.1978 -41.5937 4
      vertex 87.2236 -41.0509 4
    endloop
  endfacet
  facet normal 0 0 1
    outer loop
      vertex 87.2236 -41.0509 4
      vertex 86.3988 -44.3393 4
      vertex 87.2 -46.6144 4
    endloop
  endfacet
  facet normal 0 0 1
    outer loop
      vertex 85.1978 -41.5937 4
      vertex 87.15 -29.4722 4
      vertex 86.9651 -29.3487 4
    endloop
  endfacet
  facet normal -0 0 1
    outer loop
      vertex 86 -44.5359 4
      vertex 87.2 -46.6144 4
      vertex 86.3988 -44.3393 4
    endloop
  endfacet
  facet normal 0 0 1
    outer loop
      vertex 85.1978 -41.5937 4
      vertex 86.9651 -29.3487 4
      vertex 86.7979 -29.2021 4
    endloop
  endfacet
  facet normal -0 0 1
    outer loop
      vertex 85.6303 -44.7829 4
      vertex 87.2 -46.6144 4
      vertex 86 -44.5359 4
    endloop
  endfacet
  facet normal 0 0 1
    outer loop
      vertex 85.1978 -41.5937 4
      vertex 86.7979 -29.2021 4
      vertex 86.6513 -29.0349 4
    endloop
  endfacet
  facet normal 0 0 1
    outer loop
      vertex 87.2 -46.6144 4
      vertex 85.6303 -44.7829 4
      vertex 87.026 -46.7306 4
    endloop
  endfacet
  facet normal 0 0 1
    outer loop
      vertex 85.1978 -41.5937 4
      vertex 86.6513 -29.0349 4
      vertex 86.5278 -28.85 4
    endloop
  endfacet
  facet normal 0 0 1
    outer loop
      vertex 87.026 -46.7306 4
      vertex 85.6303 -44.7829 4
      vertex 86.8686 -46.8686 4
    endloop
  endfacet
  facet normal -0 0 1
    outer loop
      vertex 84.7829 -45.6303 4
      vertex 86.8686 -46.8686 4
      vertex 85.6303 -44.7829 4
    endloop
  endfacet
  facet normal 0 0 1
    outer loop
      vertex 85.1978 -41.5937 4
      vertex 86.5278 -28.85 4
      vertex 86.4294 -28.6506 4
    endloop
  endfacet
  facet normal 0 0 1
    outer loop
      vertex 86.8686 -46.8686 4
      vertex 84.7829 -45.6303 4
      vertex 86.7306 -47.026 4
    endloop
  endfacet
  facet normal 0 0 1
    outer loop
      vertex 86.7306 -47.026 4
      vertex 84.7829 -45.6303 4
      vertex 86.6144 -47.2 4
    endloop
  endfacet
  facet normal -0 0 1
    outer loop
      vertex 84.5359 -46 4
      vertex 86.6144 -47.2 4
      vertex 84.7829 -45.6303 4
    endloop
  endfacet
  facet normal 0 0 1
    outer loop
      vertex 85.1978 -41.5937 4
      vertex 86.4294 -28.6506 4
      vertex 86.3579 -28.44 4
    endloop
  endfacet
  facet normal 0 0 1
    outer loop
      vertex 85.1978 -41.5937 4
      vertex 86.3579 -28.44 4
      vertex 86.3145 -28.2219 4
    endloop
  endfacet
  facet normal 0 0 1
    outer loop
      vertex 85.1978 -41.5937 4
      vertex 86.3145 -28.2219 4
      vertex 86.3 -28 4
    endloop
  endfacet
  facet normal 0 0 1
    outer loop
      vertex 87.2236 -41.0509 4
      vertex 85.1978 -41.5937 4
      vertex 86.3988 -44.3393 4
    endloop
  endfacet
  facet normal 0 0 1
    outer loop
      vertex 90 -44.5359 4
      vertex 88.8 -46.6144 4
      vertex 88.974 -46.7306 4
    endloop
  endfacet
  facet normal 0 0 1
    outer loop
      vertex 89.6012 -44.3393 4
      vertex 88.6123 -46.5218 4
      vertex 88.8 -46.6144 4
    endloop
  endfacet
  facet normal 0 0 1
    outer loop
      vertex 89.6012 -44.3393 4
      vertex 88.4141 -46.4545 4
      vertex 88.6123 -46.5218 4
    endloop
  endfacet
  facet normal 0 0 1
    outer loop
      vertex 88.4436 -44.0291 4
      vertex 88.2088 -46.4137 4
      vertex 88.4141 -46.4545 4
    endloop
  endfacet
  facet normal 0 0 1
    outer loop
      vertex 88 -46.4 4
      vertex 88.4436 -44.0291 4
      vertex 88 -44 4
    endloop
  endfacet
  facet normal 0 0 1
    outer loop
      vertex 88.4436 -44.0291 4
      vertex 88 -46.4 4
      vertex 88.2088 -46.4137 4
    endloop
  endfacet
  facet normal -0 0 1
    outer loop
      vertex 87.5564 -44.0291 4
      vertex 88 -46.4 4
      vertex 88 -44 4
    endloop
  endfacet
  facet normal 0 0 1
    outer loop
      vertex 88 -46.4 4
      vertex 87.5564 -44.0291 4
      vertex 87.7912 -46.4137 4
    endloop
  endfacet
  facet normal 0 0 1
    outer loop
      vertex 87.7912 -46.4137 4
      vertex 87.5564 -44.0291 4
      vertex 87.5859 -46.4545 4
    endloop
  endfacet
  facet normal 0 0 1
    outer loop
      vertex 87.5564 -44.0291 4
      vertex 87.3877 -46.5218 4
      vertex 87.5859 -46.4545 4
    endloop
  endfacet
  facet normal 0 0 1
    outer loop
      vertex 87.2 -46.6144 4
      vertex 87.5564 -44.0291 4
      vertex 87.2236 -41.0509 4
    endloop
  endfacet
  facet normal 0 0 1
    outer loop
      vertex 87.5564 -44.0291 4
      vertex 87.2 -46.6144 4
      vertex 87.3877 -46.5218 4
    endloop
  endfacet
  facet normal 0 0 1
    outer loop
      vertex 92.25 -40.6388 4
      vertex 91.5 -41.9378 4
      vertex 92.1469 -42.3701 4
    endloop
  endfacet
  facet normal 0 0 1
    outer loop
      vertex 90.8022 -41.5937 4
      vertex 92.25 -40.6388 4
      vertex 91.2528 -40.147 4
    endloop
  endfacet
  facet normal 0 0 1
    outer loop
      vertex 90.8022 -41.5937 4
      vertex 91.2528 -40.147 4
      vertex 91 -40.0612 4
    endloop
  endfacet
  facet normal 0 0 1
    outer loop
      vertex 92.25 -40.6388 4
      vertex 90.8022 -41.5937 4
      vertex 91.5 -41.9378 4
    endloop
  endfacet
  facet normal 0 0 1
    outer loop
      vertex 95.3612 -43.75 4
      vertex 94.0622 -44.5 4
      vertex 94.4063 -45.1978 4
    endloop
  endfacet
  facet normal 0 0 1
    outer loop
      vertex 93.6299 -43.8531 4
      vertex 94.7435 -42.8255 4
      vertex 94.0104 -41.9896 4
    endloop
  endfacet
  facet normal 0 0 1
    outer loop
      vertex 95.3612 -43.75 4
      vertex 93.6299 -43.8531 4
      vertex 94.0622 -44.5 4
    endloop
  endfacet
  facet normal 0 0 1
    outer loop
      vertex 92.1469 -42.3701 4
      vertex 94.0104 -41.9896 4
      vertex 93.1745 -41.2565 4
    endloop
  endfacet
  facet normal 0 0 1
    outer loop
      vertex 92.1469 -42.3701 4
      vertex 93.1745 -41.2565 4
      vertex 92.25 -40.6388 4
    endloop
  endfacet
  facet normal 0 0 1
    outer loop
      vertex 94.0104 -41.9896 4
      vertex 92.1469 -42.3701 4
      vertex 93.6299 -43.8531 4
    endloop
  endfacet
  facet normal 0 0 1
    outer loop
      vertex 92.1469 -42.3701 4
      vertex 91.2171 -45.6303 4
      vertex 93.6299 -43.8531 4
    endloop
  endfacet
  facet normal 0 0 1
    outer loop
      vertex 89.6 -48 4
      vertex 91.2171 -45.6303 4
      vertex 90.3697 -44.7829 4
    endloop
  endfacet
  facet normal -0 0 1
    outer loop
      vertex 90.3697 -44.7829 4
      vertex 91.2171 -45.6303 4
      vertex 92.1469 -42.3701 4
    endloop
  endfacet
  facet normal -0 0 1
    outer loop
      vertex 94.9491 -47.2236 4
      vertex 96.5 -48 4
      vertex 96.4273 -46.8905 4
    endloop
  endfacet
  facet normal 0 0 1
    outer loop
      vertex 94.9491 -47.2236 4
      vertex 96.4273 -46.8905 4
      vertex 96.2104 -45.8 4
    endloop
  endfacet
  facet normal 0 0 1
    outer loop
      vertex 96.5 -48 4
      vertex 94.9491 -47.2236 4
      vertex 95 -48 4
    endloop
  endfacet
  facet normal -0 0 1
    outer loop
      vertex 94.4063 -45.1978 4
      vertex 96.2104 -45.8 4
      vertex 95.853 -44.7472 4
    endloop
  endfacet
  facet normal 0 0 1
    outer loop
      vertex 94.9491 -48.7764 4
      vertex 96.5 -48 4
      vertex 95 -48 4
    endloop
  endfacet
  facet normal 0 0 1
    outer loop
      vertex 94.4063 -45.1978 4
      vertex 95.853 -44.7472 4
      vertex 95.3612 -43.75 4
    endloop
  endfacet
  facet normal 0 0 1
    outer loop
      vertex 96.4273 -49.1095 4
      vertex 94.9491 -48.7764 4
      vertex 96.2104 -50.2 4
    endloop
  endfacet
  facet normal 0 0 1
    outer loop
      vertex 94.4063 -50.8022 4
      vertex 96.2104 -50.2 4
      vertex 94.9491 -48.7764 4
    endloop
  endfacet
  facet normal 0 0 1
    outer loop
      vertex 96.5 -48 4
      vertex 94.9491 -48.7764 4
      vertex 96.4273 -49.1095 4
    endloop
  endfacet
  facet normal 0 0 1
    outer loop
      vertex 93.6299 -43.8531 4
      vertex 95.3612 -43.75 4
      vertex 94.7435 -42.8255 4
    endloop
  endfacet
  facet normal 0 0 1
    outer loop
      vertex 96.2104 -45.8 4
      vertex 94.4063 -45.1978 4
      vertex 94.9491 -47.2236 4
    endloop
  endfacet
  facet normal 0 0 1
    outer loop
      vertex 94.4063 -45.1978 4
      vertex 91.9709 -47.5564 4
      vertex 94.9491 -47.2236 4
    endloop
  endfacet
  facet normal 0 0 1
    outer loop
      vertex 89.6 -48 4
      vertex 91.9709 -47.5564 4
      vertex 91.6607 -46.3988 4
    endloop
  endfacet
  facet normal -0 0 1
    outer loop
      vertex 91.6607 -46.3988 4
      vertex 91.9709 -47.5564 4
      vertex 94.4063 -45.1978 4
    endloop
  endfacet
  facet normal 0 0 1
    outer loop
      vertex 96.2104 -50.2 4
      vertex 94.4063 -50.8022 4
      vertex 95.853 -51.2528 4
    endloop
  endfacet
  facet normal 0 0 1
    outer loop
      vertex 95.853 -51.2528 4
      vertex 94.4063 -50.8022 4
      vertex 95.3612 -52.25 4
    endloop
  endfacet
  facet normal -0 0 1
    outer loop
      vertex 94.0622 -51.5 4
      vertex 95.3612 -52.25 4
      vertex 94.4063 -50.8022 4
    endloop
  endfacet
  facet normal 0 0 1
    outer loop
      vertex 91.9709 -48.4436 4
      vertex 94.4063 -50.8022 4
      vertex 94.9491 -48.7764 4
    endloop
  endfacet
  facet normal 0 0 1
    outer loop
      vertex 91.9709 -48.4436 4
      vertex 91.6607 -49.6012 4
      vertex 94.4063 -50.8022 4
    endloop
  endfacet
  facet normal 0 0 1
    outer loop
      vertex 92 -48 4
      vertex 89.6 -48 4
      vertex 91.9709 -48.4436 4
    endloop
  endfacet
  facet normal 0 0 1
    outer loop
      vertex 89.6 -48 4
      vertex 91.4641 -46 4
      vertex 91.2171 -45.6303 4
    endloop
  endfacet
  facet normal 0 0 1
    outer loop
      vertex 91.4641 -46 4
      vertex 89.6 -48 4
      vertex 91.6607 -46.3988 4
    endloop
  endfacet
  facet normal -0 0 1
    outer loop
      vertex 89.5863 -48.2088 4
      vertex 91.9709 -48.4436 4
      vertex 89.6 -48 4
    endloop
  endfacet
  facet normal -0 0 1
    outer loop
      vertex 89.5455 -48.4141 4
      vertex 91.9709 -48.4436 4
      vertex 89.5863 -48.2088 4
    endloop
  endfacet
  facet normal -0 0 1
    outer loop
      vertex 93.6299 -52.1469 4
      vertex 95.3612 -52.25 4
      vertex 94.0622 -51.5 4
    endloop
  endfacet
  facet normal 0 0 1
    outer loop
      vertex 95.3612 -52.25 4
      vertex 93.6299 -52.1469 4
      vertex 94.7435 -53.1745 4
    endloop
  endfacet
  facet normal 0 0 1
    outer loop
      vertex 94.7435 -53.1745 4
      vertex 93.6299 -52.1469 4
      vertex 94.0104 -54.0104 4
    endloop
  endfacet
  facet normal -0 0 1
    outer loop
      vertex 92.1469 -53.6299 4
      vertex 94.0104 -54.0104 4
      vertex 93.6299 -52.1469 4
    endloop
  endfacet
  facet normal 0 0 1
    outer loop
      vertex 94.0104 -54.0104 4
      vertex 92.1469 -53.6299 4
      vertex 93.1745 -54.7435 4
    endloop
  endfacet
  facet normal 0 0 1
    outer loop
      vertex 93.1745 -54.7435 4
      vertex 92.1469 -53.6299 4
      vertex 92.25 -55.3612 4
    endloop
  endfacet
  facet normal 0 0 1
    outer loop
      vertex 91.2171 -50.3697 4
      vertex 92.1469 -53.6299 4
      vertex 93.6299 -52.1469 4
    endloop
  endfacet
  facet normal 0 0 1
    outer loop
      vertex 91.2171 -50.3697 4
      vertex 90.3697 -51.2171 4
      vertex 92.1469 -53.6299 4
    endloop
  endfacet
  facet normal 0 0 1
    outer loop
      vertex 91.9709 -48.4436 4
      vertex 89.5455 -48.4141 4
      vertex 91.6607 -49.6012 4
    endloop
  endfacet
  facet normal 0 0 1
    outer loop
      vertex 88.8 -46.6144 4
      vertex 90 -44.5359 4
      vertex 89.6012 -44.3393 4
    endloop
  endfacet
  facet normal 0 0 1
    outer loop
      vertex 90 -44.5359 4
      vertex 89.6 -48 4
      vertex 90.3697 -44.7829 4
    endloop
  endfacet
  facet normal -0 0 1
    outer loop
      vertex 89.4782 -48.6123 4
      vertex 91.6607 -49.6012 4
      vertex 89.5455 -48.4141 4
    endloop
  endfacet
  facet normal -0 0 1
    outer loop
      vertex 89.3856 -48.8 4
      vertex 91.6607 -49.6012 4
      vertex 89.4782 -48.6123 4
    endloop
  endfacet
  facet normal -0 0 1
    outer loop
      vertex 91.5 -54.0622 4
      vertex 92.25 -55.3612 4
      vertex 92.1469 -53.6299 4
    endloop
  endfacet
  facet normal -0 0 1
    outer loop
      vertex 90.8022 -54.4063 4
      vertex 92.25 -55.3612 4
      vertex 91.5 -54.0622 4
    endloop
  endfacet
  facet normal 0 0 1
    outer loop
      vertex 92.25 -55.3612 4
      vertex 90.8022 -54.4063 4
      vertex 91.2528 -55.853 4
    endloop
  endfacet
  facet normal 0 0 1
    outer loop
      vertex 90.8022 -54.4063 4
      vertex 90.2 -56.2104 4
      vertex 91.2528 -55.853 4
    endloop
  endfacet
  facet normal 0 0 1
    outer loop
      vertex 88.7764 -54.9491 4
      vertex 90.8022 -54.4063 4
      vertex 89.6012 -51.6607 4
    endloop
  endfacet
  facet normal 0 0 1
    outer loop
      vertex 91.4641 -50 4
      vertex 89.3856 -48.8 4
      vertex 91.2171 -50.3697 4
    endloop
  endfacet
  facet normal -0 0 1
    outer loop
      vertex 89.2694 -48.974 4
      vertex 91.2171 -50.3697 4
      vertex 89.3856 -48.8 4
    endloop
  endfacet
  facet normal -0 0 1
    outer loop
      vertex 89.1314 -49.1314 4
      vertex 91.2171 -50.3697 4
      vertex 89.2694 -48.974 4
    endloop
  endfacet
  facet normal 0 0 1
    outer loop
      vertex 91.2171 -50.3697 4
      vertex 89.1314 -49.1314 4
      vertex 90.3697 -51.2171 4
    endloop
  endfacet
  facet normal -0 0 1
    outer loop
      vertex 88.974 -49.2694 4
      vertex 90.3697 -51.2171 4
      vertex 89.1314 -49.1314 4
    endloop
  endfacet
  facet normal -0 0 1
    outer loop
      vertex 88.8 -49.3856 4
      vertex 90.3697 -51.2171 4
      vertex 88.974 -49.2694 4
    endloop
  endfacet
  facet normal 0 0 1
    outer loop
      vertex 90.3697 -51.2171 4
      vertex 88.8 -49.3856 4
      vertex 90 -51.4641 4
    endloop
  endfacet
  facet normal 0 0 1
    outer loop
      vertex 90.8022 -54.4063 4
      vertex 88.7764 -54.9491 4
      vertex 90.2 -56.2104 4
    endloop
  endfacet
  facet normal 0 0 1
    outer loop
      vertex 90 -51.4641 4
      vertex 88.8 -49.3856 4
      vertex 89.6012 -51.6607 4
    endloop
  endfacet
  facet normal -0 0 1
    outer loop
      vertex 88.6123 -49.4782 4
      vertex 89.6012 -51.6607 4
      vertex 88.8 -49.3856 4
    endloop
  endfacet
  facet normal 0 0 1
    outer loop
      vertex 90.2 -56.2104 4
      vertex 88.7764 -54.9491 4
      vertex 89.1095 -56.4273 4
    endloop
  endfacet
  facet normal 0 0 1
    outer loop
      vertex 88 -56.5 4
      vertex 88.7764 -54.9491 4
      vertex 88 -55 4
    endloop
  endfacet
  facet normal 0 0 1
    outer loop
      vertex 88.7764 -54.9491 4
      vertex 88 -56.5 4
      vertex 89.1095 -56.4273 4
    endloop
  endfacet
  facet normal 0 0 1
    outer loop
      vertex 87.2236 -54.9491 4
      vertex 88 -56.5 4
      vertex 88 -55 4
    endloop
  endfacet
  facet normal 0 0 1
    outer loop
      vertex 86.3988 -51.6607 4
      vertex 87.2 -49.3856 4
      vertex 87.026 -49.2694 4
    endloop
  endfacet
  facet normal 0 0 1
    outer loop
      vertex 87.2236 -54.9491 4
      vertex 86.8905 -56.4273 4
      vertex 88 -56.5 4
    endloop
  endfacet
  facet normal 0 0 1
    outer loop
      vertex 87.5564 -51.9709 4
      vertex 86.3988 -51.6607 4
      vertex 87.2236 -54.9491 4
    endloop
  endfacet
  facet normal 0 0 1
    outer loop
      vertex 86.3988 -51.6607 4
      vertex 87.026 -49.2694 4
      vertex 86.8686 -49.1314 4
    endloop
  endfacet
  facet normal 0 0 1
    outer loop
      vertex 86.3988 -51.6607 4
      vertex 86.8686 -49.1314 4
      vertex 86.7306 -48.974 4
    endloop
  endfacet
  facet normal 0 0 1
    outer loop
      vertex 86.3988 -51.6607 4
      vertex 86.7306 -48.974 4
      vertex 86.6144 -48.8 4
    endloop
  endfacet
  facet normal 0 0 1
    outer loop
      vertex 86.3988 -51.6607 4
      vertex 86.6144 -48.8 4
      vertex 86.5218 -48.6123 4
    endloop
  endfacet
  facet normal 0 0 1
    outer loop
      vertex 86.3988 -51.6607 4
      vertex 86.5218 -48.6123 4
      vertex 86.4545 -48.4141 4
    endloop
  endfacet
  facet normal 0 0 1
    outer loop
      vertex 86.3988 -51.6607 4
      vertex 86.4545 -48.4141 4
      vertex 86.4137 -48.2088 4
    endloop
  endfacet
  facet normal 0 0 1
    outer loop
      vertex 86.3988 -51.6607 4
      vertex 86.4137 -48.2088 4
      vertex 86.4 -48 4
    endloop
  endfacet
  facet normal -0 0 1
    outer loop
      vertex 84.3393 -46.3988 4
      vertex 86.6144 -47.2 4
      vertex 84.5359 -46 4
    endloop
  endfacet
  facet normal -0 0 1
    outer loop
      vertex 85.1978 -54.4063 4
      vertex 87.2236 -54.9491 4
      vertex 86.3988 -51.6607 4
    endloop
  endfacet
  facet normal 0 -0 1
    outer loop
      vertex 85.8 -56.2104 4
      vertex 87.2236 -54.9491 4
      vertex 85.1978 -54.4063 4
    endloop
  endfacet
  facet normal 0 0 1
    outer loop
      vertex 87.2236 -54.9491 4
      vertex 85.8 -56.2104 4
      vertex 86.8905 -56.4273 4
    endloop
  endfacet
  facet normal 0 0 1
    outer loop
      vertex 85.1978 -54.4063 4
      vertex 84.7472 -55.853 4
      vertex 85.8 -56.2104 4
    endloop
  endfacet
  facet normal 0 0 1
    outer loop
      vertex 83.75 -55.3612 4
      vertex 85.1978 -54.4063 4
      vertex 84.5 -54.0622 4
    endloop
  endfacet
  facet normal 0 0 1
    outer loop
      vertex 83.75 -55.3612 4
      vertex 84.5 -54.0622 4
      vertex 83.8531 -53.6299 4
    endloop
  endfacet
  facet normal 0 0 1
    outer loop
      vertex 85.1978 -54.4063 4
      vertex 83.75 -55.3612 4
      vertex 84.7472 -55.853 4
    endloop
  endfacet
  facet normal 0 0 1
    outer loop
      vertex 89.6 -48 4
      vertex 92 -48 4
      vertex 91.9709 -47.5564 4
    endloop
  endfacet
  facet normal -0.980788 -0.195078 0
    outer loop
      vertex 79.7896 -50.2 1.90735e-07
      vertex 79.5727 -49.1095 4
      vertex 79.5727 -49.1095 1.90735e-07
    endloop
  endfacet
  facet normal -0.980788 -0.195078 0
    outer loop
      vertex 79.5727 -49.1095 4
      vertex 79.7896 -50.2 1.90735e-07
      vertex 79.7896 -50.2 4
    endloop
  endfacet
  facet normal -0.946924 -0.321458 0
    outer loop
      vertex 80.147 -51.2528 1.90735e-07
      vertex 79.7896 -50.2 4
      vertex 79.7896 -50.2 1.90735e-07
    endloop
  endfacet
  facet normal -0.946924 -0.321458 0
    outer loop
      vertex 79.7896 -50.2 4
      vertex 80.147 -51.2528 1.90735e-07
      vertex 80.147 -51.2528 4
    endloop
  endfacet
  facet normal -0.89686 -0.442314 0
    outer loop
      vertex 80.6388 -52.25 1.90735e-07
      vertex 80.147 -51.2528 4
      vertex 80.147 -51.2528 1.90735e-07
    endloop
  endfacet
  facet normal -0.89686 -0.442314 0
    outer loop
      vertex 80.147 -51.2528 4
      vertex 80.6388 -52.25 1.90735e-07
      vertex 80.6388 -52.25 4
    endloop
  endfacet
  facet normal -0.831483 -0.555551 0
    outer loop
      vertex 81.2565 -53.1745 1.90735e-07
      vertex 80.6388 -52.25 4
      vertex 80.6388 -52.25 1.90735e-07
    endloop
  endfacet
  facet normal -0.831483 -0.555551 0
    outer loop
      vertex 80.6388 -52.25 4
      vertex 81.2565 -53.1745 1.90735e-07
      vertex 81.2565 -53.1745 4
    endloop
  endfacet
  facet normal -0.751824 -0.659364 0
    outer loop
      vertex 81.9896 -54.0104 1.90735e-07
      vertex 81.2565 -53.1745 4
      vertex 81.2565 -53.1745 1.90735e-07
    endloop
  endfacet
  facet normal -0.751824 -0.659364 0
    outer loop
      vertex 81.2565 -53.1745 4
      vertex 81.9896 -54.0104 1.90735e-07
      vertex 81.9896 -54.0104 4
    endloop
  endfacet
  facet normal -0.659364 -0.751824 0
    outer loop
      vertex 81.9896 -54.0104 1.90735e-07
      vertex 82.8255 -54.7435 4
      vertex 81.9896 -54.0104 4
    endloop
  endfacet
  facet normal -0.659364 -0.751824 -0
    outer loop
      vertex 82.8255 -54.7435 4
      vertex 81.9896 -54.0104 1.90735e-07
      vertex 82.8255 -54.7435 1.90735e-07
    endloop
  endfacet
  facet normal -0.555551 -0.831483 0
    outer loop
      vertex 82.8255 -54.7435 1.90735e-07
      vertex 83.75 -55.3612 4
      vertex 82.8255 -54.7435 4
    endloop
  endfacet
  facet normal -0.555551 -0.831483 -0
    outer loop
      vertex 83.75 -55.3612 4
      vertex 82.8255 -54.7435 1.90735e-07
      vertex 83.75 -55.3612 1.90735e-07
    endloop
  endfacet
  facet normal -0.442314 -0.89686 0
    outer loop
      vertex 83.75 -55.3612 1.90735e-07
      vertex 84.7472 -55.853 4
      vertex 83.75 -55.3612 4
    endloop
  endfacet
  facet normal -0.442314 -0.89686 -0
    outer loop
      vertex 84.7472 -55.853 4
      vertex 83.75 -55.3612 1.90735e-07
      vertex 84.7472 -55.853 1.90735e-07
    endloop
  endfacet
  facet normal -0.321458 -0.946924 0
    outer loop
      vertex 84.7472 -55.853 1.90735e-07
      vertex 85.8 -56.2104 4
      vertex 84.7472 -55.853 4
    endloop
  endfacet
  facet normal -0.321458 -0.946924 -0
    outer loop
      vertex 85.8 -56.2104 4
      vertex 84.7472 -55.853 1.90735e-07
      vertex 85.8 -56.2104 1.90735e-07
    endloop
  endfacet
  facet normal -0.195078 -0.980788 0
    outer loop
      vertex 85.8 -56.2104 1.90735e-07
      vertex 86.8905 -56.4273 4
      vertex 85.8 -56.2104 4
    endloop
  endfacet
  facet normal -0.195078 -0.980788 -0
    outer loop
      vertex 86.8905 -56.4273 4
      vertex 85.8 -56.2104 1.90735e-07
      vertex 86.8905 -56.4273 1.90735e-07
    endloop
  endfacet
  facet normal -0.0653848 -0.99786 0
    outer loop
      vertex 86.8905 -56.4273 1.90735e-07
      vertex 88 -56.5 4
      vertex 86.8905 -56.4273 4
    endloop
  endfacet
  facet normal -0.0653848 -0.99786 -0
    outer loop
      vertex 88 -56.5 4
      vertex 86.8905 -56.4273 1.90735e-07
      vertex 88 -56.5 1.90735e-07
    endloop
  endfacet
  facet normal 0.0653848 -0.99786 0
    outer loop
      vertex 88 -56.5 1.90735e-07
      vertex 89.1095 -56.4273 4
      vertex 88 -56.5 4
    endloop
  endfacet
  facet normal 0.0653848 -0.99786 0
    outer loop
      vertex 89.1095 -56.4273 4
      vertex 88 -56.5 1.90735e-07
      vertex 89.1095 -56.4273 1.90735e-07
    endloop
  endfacet
  facet normal 0.195078 -0.980788 0
    outer loop
      vertex 89.1095 -56.4273 1.90735e-07
      vertex 90.2 -56.2104 4
      vertex 89.1095 -56.4273 4
    endloop
  endfacet
  facet normal 0.195078 -0.980788 0
    outer loop
      vertex 90.2 -56.2104 4
      vertex 89.1095 -56.4273 1.90735e-07
      vertex 90.2 -56.2104 1.90735e-07
    endloop
  endfacet
  facet normal 0.321458 -0.946924 0
    outer loop
      vertex 90.2 -56.2104 1.90735e-07
      vertex 91.2528 -55.853 4
      vertex 90.2 -56.2104 4
    endloop
  endfacet
  facet normal 0.321458 -0.946924 0
    outer loop
      vertex 91.2528 -55.853 4
      vertex 90.2 -56.2104 1.90735e-07
      vertex 91.2528 -55.853 1.90735e-07
    endloop
  endfacet
  facet normal 0.442314 -0.89686 0
    outer loop
      vertex 91.2528 -55.853 1.90735e-07
      vertex 92.25 -55.3612 4
      vertex 91.2528 -55.853 4
    endloop
  endfacet
  facet normal 0.442314 -0.89686 0
    outer loop
      vertex 92.25 -55.3612 4
      vertex 91.2528 -55.853 1.90735e-07
      vertex 92.25 -55.3612 1.90735e-07
    endloop
  endfacet
  facet normal 0.555551 -0.831483 0
    outer loop
      vertex 92.25 -55.3612 1.90735e-07
      vertex 93.1745 -54.7435 4
      vertex 92.25 -55.3612 4
    endloop
  endfacet
  facet normal 0.555551 -0.831483 0
    outer loop
      vertex 93.1745 -54.7435 4
      vertex 92.25 -55.3612 1.90735e-07
      vertex 93.1745 -54.7435 1.90735e-07
    endloop
  endfacet
  facet normal 0.659364 -0.751824 0
    outer loop
      vertex 93.1745 -54.7435 1.90735e-07
      vertex 94.0104 -54.0104 4
      vertex 93.1745 -54.7435 4
    endloop
  endfacet
  facet normal 0.659364 -0.751824 0
    outer loop
      vertex 94.0104 -54.0104 4
      vertex 93.1745 -54.7435 1.90735e-07
      vertex 94.0104 -54.0104 1.90735e-07
    endloop
  endfacet
  facet normal 0.751824 -0.659364 0
    outer loop
      vertex 94.0104 -54.0104 4
      vertex 94.7435 -53.1745 1.90735e-07
      vertex 94.7435 -53.1745 4
    endloop
  endfacet
  facet normal 0.751824 -0.659364 0
    outer loop
      vertex 94.7435 -53.1745 1.90735e-07
      vertex 94.0104 -54.0104 4
      vertex 94.0104 -54.0104 1.90735e-07
    endloop
  endfacet
  facet normal 0.831483 -0.555551 0
    outer loop
      vertex 94.7435 -53.1745 4
      vertex 95.3612 -52.25 1.90735e-07
      vertex 95.3612 -52.25 4
    endloop
  endfacet
  facet normal 0.831483 -0.555551 0
    outer loop
      vertex 95.3612 -52.25 1.90735e-07
      vertex 94.7435 -53.1745 4
      vertex 94.7435 -53.1745 1.90735e-07
    endloop
  endfacet
  facet normal 0.89686 -0.442314 0
    outer loop
      vertex 95.3612 -52.25 4
      vertex 95.853 -51.2528 1.90735e-07
      vertex 95.853 -51.2528 4
    endloop
  endfacet
  facet normal 0.89686 -0.442314 0
    outer loop
      vertex 95.853 -51.2528 1.90735e-07
      vertex 95.3612 -52.25 4
      vertex 95.3612 -52.25 1.90735e-07
    endloop
  endfacet
  facet normal 0.946924 -0.321458 0
    outer loop
      vertex 95.853 -51.2528 4
      vertex 96.2104 -50.2 1.90735e-07
      vertex 96.2104 -50.2 4
    endloop
  endfacet
  facet normal 0.946924 -0.321458 0
    outer loop
      vertex 96.2104 -50.2 1.90735e-07
      vertex 95.853 -51.2528 4
      vertex 95.853 -51.2528 1.90735e-07
    endloop
  endfacet
  facet normal 0.980788 -0.195078 0
    outer loop
      vertex 96.2104 -50.2 4
      vertex 96.4273 -49.1095 1.90735e-07
      vertex 96.4273 -49.1095 4
    endloop
  endfacet
  facet normal 0.980788 -0.195078 0
    outer loop
      vertex 96.4273 -49.1095 1.90735e-07
      vertex 96.2104 -50.2 4
      vertex 96.2104 -50.2 1.90735e-07
    endloop
  endfacet
  facet normal 0.99786 -0.0653848 0
    outer loop
      vertex 96.4273 -49.1095 4
      vertex 96.5 -48 1.90735e-07
      vertex 96.5 -48 4
    endloop
  endfacet
  facet normal 0.99786 -0.0653848 0
    outer loop
      vertex 96.5 -48 1.90735e-07
      vertex 96.4273 -49.1095 4
      vertex 96.4273 -49.1095 1.90735e-07
    endloop
  endfacet
  facet normal 0.99786 0.0653848 0
    outer loop
      vertex 96.5 -48 4
      vertex 96.4273 -46.8905 1.90735e-07
      vertex 96.4273 -46.8905 4
    endloop
  endfacet
  facet normal 0.99786 0.0653848 0
    outer loop
      vertex 96.4273 -46.8905 1.90735e-07
      vertex 96.5 -48 4
      vertex 96.5 -48 1.90735e-07
    endloop
  endfacet
  facet normal 0.980788 0.195078 0
    outer loop
      vertex 96.4273 -46.8905 4
      vertex 96.2104 -45.8 1.90735e-07
      vertex 96.2104 -45.8 4
    endloop
  endfacet
  facet normal 0.980788 0.195078 0
    outer loop
      vertex 96.2104 -45.8 1.90735e-07
      vertex 96.4273 -46.8905 4
      vertex 96.4273 -46.8905 1.90735e-07
    endloop
  endfacet
  facet normal 0.946924 0.321458 0
    outer loop
      vertex 96.2104 -45.8 4
      vertex 95.853 -44.7472 1.90735e-07
      vertex 95.853 -44.7472 4
    endloop
  endfacet
  facet normal 0.946924 0.321458 0
    outer loop
      vertex 95.853 -44.7472 1.90735e-07
      vertex 96.2104 -45.8 4
      vertex 96.2104 -45.8 1.90735e-07
    endloop
  endfacet
  facet normal 0.89686 0.442314 0
    outer loop
      vertex 95.853 -44.7472 4
      vertex 95.3612 -43.75 1.90735e-07
      vertex 95.3612 -43.75 4
    endloop
  endfacet
  facet normal 0.89686 0.442314 0
    outer loop
      vertex 95.3612 -43.75 1.90735e-07
      vertex 95.853 -44.7472 4
      vertex 95.853 -44.7472 1.90735e-07
    endloop
  endfacet
  facet normal 0.831483 0.555551 0
    outer loop
      vertex 95.3612 -43.75 4
      vertex 94.7435 -42.8255 1.90735e-07
      vertex 94.7435 -42.8255 4
    endloop
  endfacet
  facet normal 0.831483 0.555551 0
    outer loop
      vertex 94.7435 -42.8255 1.90735e-07
      vertex 95.3612 -43.75 4
      vertex 95.3612 -43.75 1.90735e-07
    endloop
  endfacet
  facet normal 0.751824 0.659364 0
    outer loop
      vertex 94.7435 -42.8255 4
      vertex 94.0104 -41.9896 1.90735e-07
      vertex 94.0104 -41.9896 4
    endloop
  endfacet
  facet normal 0.751824 0.659364 0
    outer loop
      vertex 94.0104 -41.9896 1.90735e-07
      vertex 94.7435 -42.8255 4
      vertex 94.7435 -42.8255 1.90735e-07
    endloop
  endfacet
  facet normal 0.659364 0.751824 -0
    outer loop
      vertex 94.0104 -41.9896 1.90735e-07
      vertex 93.1745 -41.2565 4
      vertex 94.0104 -41.9896 4
    endloop
  endfacet
  facet normal 0.659364 0.751824 0
    outer loop
      vertex 93.1745 -41.2565 4
      vertex 94.0104 -41.9896 1.90735e-07
      vertex 93.1745 -41.2565 1.90735e-07
    endloop
  endfacet
  facet normal 0.555551 0.831483 -0
    outer loop
      vertex 93.1745 -41.2565 1.90735e-07
      vertex 92.25 -40.6388 4
      vertex 93.1745 -41.2565 4
    endloop
  endfacet
  facet normal 0.555551 0.831483 0
    outer loop
      vertex 92.25 -40.6388 4
      vertex 93.1745 -41.2565 1.90735e-07
      vertex 92.25 -40.6388 1.90735e-07
    endloop
  endfacet
  facet normal 0.442314 0.89686 -0
    outer loop
      vertex 92.25 -40.6388 1.90735e-07
      vertex 91.2528 -40.147 4
      vertex 92.25 -40.6388 4
    endloop
  endfacet
  facet normal 0.442314 0.89686 0
    outer loop
      vertex 91.2528 -40.147 4
      vertex 92.25 -40.6388 1.90735e-07
      vertex 91.2528 -40.147 1.90735e-07
    endloop
  endfacet
  facet normal 0.321392 0.946946 -0
    outer loop
      vertex 91.2528 -40.147 1.90735e-07
      vertex 91 -40.0612 4
      vertex 91.2528 -40.147 4
    endloop
  endfacet
  facet normal 0.321392 0.946946 0
    outer loop
      vertex 91 -40.0612 4
      vertex 91.2528 -40.147 1.90735e-07
      vertex 91 -40.0612 1.90735e-07
    endloop
  endfacet
  facet normal 1 -0 0
    outer loop
      vertex 91 -40.0612 4
      vertex 91 5 1.90735e-07
      vertex 91 5 4
    endloop
  endfacet
  facet normal 1 0 0
    outer loop
      vertex 91 5 1.90735e-07
      vertex 91 -40.0612 4
      vertex 91 -40.0612 1.90735e-07
    endloop
  endfacet
  facet normal 0 1 -0
    outer loop
      vertex 91 5 1.90735e-07
      vertex 85 5 4
      vertex 91 5 4
    endloop
  endfacet
  facet normal 0 1 0
    outer loop
      vertex 85 5 4
      vertex 91 5 1.90735e-07
      vertex 85 5 1.90735e-07
    endloop
  endfacet
  facet normal -1 0 0
    outer loop
      vertex 85 -40.0612 1.90735e-07
      vertex 85 5 4
      vertex 85 5 1.90735e-07
    endloop
  endfacet
  facet normal -1 -0 0
    outer loop
      vertex 85 5 4
      vertex 85 -40.0612 1.90735e-07
      vertex 85 -40.0612 4
    endloop
  endfacet
  facet normal -0.321392 0.946946 0
    outer loop
      vertex 85 -40.0612 1.90735e-07
      vertex 84.7472 -40.147 4
      vertex 85 -40.0612 4
    endloop
  endfacet
  facet normal -0.321392 0.946946 0
    outer loop
      vertex 84.7472 -40.147 4
      vertex 85 -40.0612 1.90735e-07
      vertex 84.7472 -40.147 1.90735e-07
    endloop
  endfacet
  facet normal -0.442314 0.89686 0
    outer loop
      vertex 84.7472 -40.147 1.90735e-07
      vertex 83.75 -40.6388 4
      vertex 84.7472 -40.147 4
    endloop
  endfacet
  facet normal -0.442314 0.89686 0
    outer loop
      vertex 83.75 -40.6388 4
      vertex 84.7472 -40.147 1.90735e-07
      vertex 83.75 -40.6388 1.90735e-07
    endloop
  endfacet
  facet normal -0.555551 0.831483 0
    outer loop
      vertex 83.75 -40.6388 1.90735e-07
      vertex 82.8255 -41.2565 4
      vertex 83.75 -40.6388 4
    endloop
  endfacet
  facet normal -0.555551 0.831483 0
    outer loop
      vertex 82.8255 -41.2565 4
      vertex 83.75 -40.6388 1.90735e-07
      vertex 82.8255 -41.2565 1.90735e-07
    endloop
  endfacet
  facet normal -0.659364 0.751824 0
    outer loop
      vertex 82.8255 -41.2565 1.90735e-07
      vertex 81.9896 -41.9896 4
      vertex 82.8255 -41.2565 4
    endloop
  endfacet
  facet normal -0.659364 0.751824 0
    outer loop
      vertex 81.9896 -41.9896 4
      vertex 82.8255 -41.2565 1.90735e-07
      vertex 81.9896 -41.9896 1.90735e-07
    endloop
  endfacet
  facet normal -0.751824 0.659364 0
    outer loop
      vertex 81.2565 -42.8255 1.90735e-07
      vertex 81.9896 -41.9896 4
      vertex 81.9896 -41.9896 1.90735e-07
    endloop
  endfacet
  facet normal -0.751824 0.659364 0
    outer loop
      vertex 81.9896 -41.9896 4
      vertex 81.2565 -42.8255 1.90735e-07
      vertex 81.2565 -42.8255 4
    endloop
  endfacet
  facet normal -0.831483 0.555551 0
    outer loop
      vertex 80.6388 -43.75 1.90735e-07
      vertex 81.2565 -42.8255 4
      vertex 81.2565 -42.8255 1.90735e-07
    endloop
  endfacet
  facet normal -0.831483 0.555551 0
    outer loop
      vertex 81.2565 -42.8255 4
      vertex 80.6388 -43.75 1.90735e-07
      vertex 80.6388 -43.75 4
    endloop
  endfacet
  facet normal -0.89686 0.442314 0
    outer loop
      vertex 80.147 -44.7472 1.90735e-07
      vertex 80.6388 -43.75 4
      vertex 80.6388 -43.75 1.90735e-07
    endloop
  endfacet
  facet normal -0.89686 0.442314 0
    outer loop
      vertex 80.6388 -43.75 4
      vertex 80.147 -44.7472 1.90735e-07
      vertex 80.147 -44.7472 4
    endloop
  endfacet
  facet normal -0.946924 0.321458 0
    outer loop
      vertex 79.7896 -45.8 1.90735e-07
      vertex 80.147 -44.7472 4
      vertex 80.147 -44.7472 1.90735e-07
    endloop
  endfacet
  facet normal -0.946924 0.321458 0
    outer loop
      vertex 80.147 -44.7472 4
      vertex 79.7896 -45.8 1.90735e-07
      vertex 79.7896 -45.8 4
    endloop
  endfacet
  facet normal -0.980788 0.195078 0
    outer loop
      vertex 79.5727 -46.8905 1.90735e-07
      vertex 79.7896 -45.8 4
      vertex 79.7896 -45.8 1.90735e-07
    endloop
  endfacet
  facet normal -0.980788 0.195078 0
    outer loop
      vertex 79.7896 -45.8 4
      vertex 79.5727 -46.8905 1.90735e-07
      vertex 79.5727 -46.8905 4
    endloop
  endfacet
  facet normal -0.99786 0.0653848 0
    outer loop
      vertex 79.5 -48 1.90735e-07
      vertex 79.5727 -46.8905 4
      vertex 79.5727 -46.8905 1.90735e-07
    endloop
  endfacet
  facet normal -0.99786 0.0653848 0
    outer loop
      vertex 79.5727 -46.8905 4
      vertex 79.5 -48 1.90735e-07
      vertex 79.5 -48 4
    endloop
  endfacet
  facet normal -0.99786 -0.0653848 0
    outer loop
      vertex 79.5727 -49.1095 1.90735e-07
      vertex 79.5 -48 4
      vertex 79.5 -48 1.90735e-07
    endloop
  endfacet
  facet normal -0.99786 -0.0653848 0
    outer loop
      vertex 79.5 -48 4
      vertex 79.5727 -49.1095 1.90735e-07
      vertex 79.5727 -49.1095 4
    endloop
  endfacet
  facet normal 0 0 1
    outer loop
      vertex 92 -48 5.4
      vertex 95 -48 5.4
      vertex 94.9491 -47.2236 5.4
    endloop
  endfacet
  facet normal 0 0 1
    outer loop
      vertex 95 -48 5.4
      vertex 92 -48 5.4
      vertex 94.9491 -48.7764 5.4
    endloop
  endfacet
  facet normal 0 -0 1
    outer loop
      vertex 92 -48 5.4
      vertex 94.9491 -47.2236 5.4
      vertex 91.9709 -47.5564 5.4
    endloop
  endfacet
  facet normal 0 0 1
    outer loop
      vertex 94.9491 -48.7764 5.4
      vertex 92 -48 5.4
      vertex 91.9709 -48.4436 5.4
    endloop
  endfacet
  facet normal 0 0 1
    outer loop
      vertex 91.4641 -50 5.4
      vertex 94.0622 -51.5 5.4
      vertex 94.4063 -50.8022 5.4
    endloop
  endfacet
  facet normal -0 0 1
    outer loop
      vertex 91.4641 -50 5.4
      vertex 94.4063 -50.8022 5.4
      vertex 91.6607 -49.6012 5.4
    endloop
  endfacet
  facet normal 0 0 1
    outer loop
      vertex 94.0622 -51.5 5.4
      vertex 91.4641 -50 5.4
      vertex 93.6299 -52.1469 5.4
    endloop
  endfacet
  facet normal 0 0 1
    outer loop
      vertex 93.6299 -52.1469 5.4
      vertex 91.4641 -50 5.4
      vertex 91.2171 -50.3697 5.4
    endloop
  endfacet
  facet normal 0 0 1
    outer loop
      vertex 90 -51.4641 5.4
      vertex 91.5 -54.0622 5.4
      vertex 92.1469 -53.6299 5.4
    endloop
  endfacet
  facet normal -0 0 1
    outer loop
      vertex 90 -51.4641 5.4
      vertex 92.1469 -53.6299 5.4
      vertex 90.3697 -51.2171 5.4
    endloop
  endfacet
  facet normal 0 0 1
    outer loop
      vertex 91.5 -54.0622 5.4
      vertex 90 -51.4641 5.4
      vertex 90.8022 -54.4063 5.4
    endloop
  endfacet
  facet normal 0 0 1
    outer loop
      vertex 90.8022 -54.4063 5.4
      vertex 90 -51.4641 5.4
      vertex 89.6012 -51.6607 5.4
    endloop
  endfacet
  facet normal 0 0 1
    outer loop
      vertex 91.4641 -46 5.4
      vertex 94.0622 -44.5 5.4
      vertex 93.6299 -43.8531 5.4
    endloop
  endfacet
  facet normal 0 0 1
    outer loop
      vertex 94.0622 -44.5 5.4
      vertex 91.4641 -46 5.4
      vertex 94.4063 -45.1978 5.4
    endloop
  endfacet
  facet normal 0 0 1
    outer loop
      vertex 94.4063 -45.1978 5.4
      vertex 91.4641 -46 5.4
      vertex 91.6607 -46.3988 5.4
    endloop
  endfacet
  facet normal 0 -0 1
    outer loop
      vertex 91.4641 -46 5.4
      vertex 93.6299 -43.8531 5.4
      vertex 91.2171 -45.6303 5.4
    endloop
  endfacet
  facet normal -0 0 1
    outer loop
      vertex 88 -52 5.4
      vertex 88.7764 -54.9491 5.4
      vertex 88.4436 -51.9709 5.4
    endloop
  endfacet
  facet normal 0 0 1
    outer loop
      vertex 88 -52 5.4
      vertex 88 -55 5.4
      vertex 88.7764 -54.9491 5.4
    endloop
  endfacet
  facet normal 0 0 1
    outer loop
      vertex 87.2236 -54.9491 5.4
      vertex 88 -52 5.4
      vertex 87.5564 -51.9709 5.4
    endloop
  endfacet
  facet normal 0 0 1
    outer loop
      vertex 88 -52 5.4
      vertex 87.2236 -54.9491 5.4
      vertex 88 -55 5.4
    endloop
  endfacet
  facet normal 0 0 1
    outer loop
      vertex 90 -44.5359 5.4
      vertex 91.5 -41.9378 5.4
      vertex 90.8022 -41.5937 5.4
    endloop
  endfacet
  facet normal 0 0 1
    outer loop
      vertex 91.5 -41.9378 5.4
      vertex 90 -44.5359 5.4
      vertex 92.1469 -42.3701 5.4
    endloop
  endfacet
  facet normal 0 0 1
    outer loop
      vertex 92.1469 -42.3701 5.4
      vertex 90 -44.5359 5.4
      vertex 90.3697 -44.7829 5.4
    endloop
  endfacet
  facet normal 0 -0 1
    outer loop
      vertex 90 -44.5359 5.4
      vertex 90.8022 -41.5937 5.4
      vertex 89.6012 -44.3393 5.4
    endloop
  endfacet
  facet normal 0 0 1
    outer loop
      vertex 88 -44 5.4
      vertex 88.7764 -41.0509 5.4
      vertex 88 -41 5.4
    endloop
  endfacet
  facet normal 0 0 1
    outer loop
      vertex 88.7764 -41.0509 5.4
      vertex 88 -44 5.4
      vertex 88.4436 -44.0291 5.4
    endloop
  endfacet
  facet normal -0 0 1
    outer loop
      vertex 87.2236 -41.0509 5.4
      vertex 88 -44 5.4
      vertex 88 -41 5.4
    endloop
  endfacet
  facet normal 0 0 1
    outer loop
      vertex 88 -44 5.4
      vertex 87.2236 -41.0509 5.4
      vertex 87.5564 -44.0291 5.4
    endloop
  endfacet
  facet normal 0 0 1
    outer loop
      vertex 85.1978 -41.5937 5.4
      vertex 86 -44.5359 5.4
      vertex 86.3988 -44.3393 5.4
    endloop
  endfacet
  facet normal -0 0 1
    outer loop
      vertex 84.5 -41.9378 5.4
      vertex 86 -44.5359 5.4
      vertex 85.1978 -41.5937 5.4
    endloop
  endfacet
  facet normal -0 0 1
    outer loop
      vertex 83.8531 -42.3701 5.4
      vertex 86 -44.5359 5.4
      vertex 84.5 -41.9378 5.4
    endloop
  endfacet
  facet normal 0 0 1
    outer loop
      vertex 86 -44.5359 5.4
      vertex 83.8531 -42.3701 5.4
      vertex 85.6303 -44.7829 5.4
    endloop
  endfacet
  facet normal 0 0 1
    outer loop
      vertex 86 -51.4641 5.4
      vertex 85.1978 -54.4063 5.4
      vertex 86.3988 -51.6607 5.4
    endloop
  endfacet
  facet normal 0 0 1
    outer loop
      vertex 83.8531 -53.6299 5.4
      vertex 86 -51.4641 5.4
      vertex 85.6303 -51.2171 5.4
    endloop
  endfacet
  facet normal 0 0 1
    outer loop
      vertex 86 -51.4641 5.4
      vertex 84.5 -54.0622 5.4
      vertex 85.1978 -54.4063 5.4
    endloop
  endfacet
  facet normal 0 0 1
    outer loop
      vertex 86 -51.4641 5.4
      vertex 83.8531 -53.6299 5.4
      vertex 84.5 -54.0622 5.4
    endloop
  endfacet
  facet normal 0 0 1
    outer loop
      vertex 82.3701 -43.8531 5.4
      vertex 84.5359 -46 5.4
      vertex 84.7829 -45.6303 5.4
    endloop
  endfacet
  facet normal -0 0 1
    outer loop
      vertex 81.9378 -44.5 5.4
      vertex 84.5359 -46 5.4
      vertex 82.3701 -43.8531 5.4
    endloop
  endfacet
  facet normal -0 0 1
    outer loop
      vertex 81.5937 -45.1978 5.4
      vertex 84.5359 -46 5.4
      vertex 81.9378 -44.5 5.4
    endloop
  endfacet
  facet normal 0 0 1
    outer loop
      vertex 84.5359 -46 5.4
      vertex 81.5937 -45.1978 5.4
      vertex 84.3393 -46.3988 5.4
    endloop
  endfacet
  facet normal 0 0 1
    outer loop
      vertex 84.5359 -50 5.4
      vertex 82.3701 -52.1469 5.4
      vertex 84.7829 -50.3697 5.4
    endloop
  endfacet
  facet normal 0 0 1
    outer loop
      vertex 81.5937 -50.8022 5.4
      vertex 84.5359 -50 5.4
      vertex 84.3393 -49.6012 5.4
    endloop
  endfacet
  facet normal 0 0 1
    outer loop
      vertex 84.5359 -50 5.4
      vertex 81.9378 -51.5 5.4
      vertex 82.3701 -52.1469 5.4
    endloop
  endfacet
  facet normal 0 0 1
    outer loop
      vertex 84.5359 -50 5.4
      vertex 81.5937 -50.8022 5.4
      vertex 81.9378 -51.5 5.4
    endloop
  endfacet
  facet normal 0 0 1
    outer loop
      vertex 84.0291 -47.5564 5.4
      vertex 81.0509 -47.2236 5.4
      vertex 84 -48 5.4
    endloop
  endfacet
  facet normal 0 0 1
    outer loop
      vertex 81 -48 5.4
      vertex 84 -48 5.4
      vertex 81.0509 -47.2236 5.4
    endloop
  endfacet
  facet normal 0 -0 1
    outer loop
      vertex 81.0509 -48.7764 5.4
      vertex 84 -48 5.4
      vertex 81 -48 5.4
    endloop
  endfacet
  facet normal 0 0 1
    outer loop
      vertex 84 -48 5.4
      vertex 81.0509 -48.7764 5.4
      vertex 84.0291 -48.4436 5.4
    endloop
  endfacet
  facet normal 0.997858 -0.0654186 0
    outer loop
      vertex 94.9491 -48.7764 5.4
      vertex 95 -48 4
      vertex 95 -48 5.4
    endloop
  endfacet
  facet normal 0.997858 -0.0654186 0
    outer loop
      vertex 95 -48 4
      vertex 94.9491 -48.7764 5.4
      vertex 94.9491 -48.7764 4
    endloop
  endfacet
  facet normal 0.997858 0.0654186 0
    outer loop
      vertex 95 -48 5.4
      vertex 94.9491 -47.2236 4
      vertex 94.9491 -47.2236 5.4
    endloop
  endfacet
  facet normal 0.997858 0.0654186 0
    outer loop
      vertex 94.9491 -47.2236 4
      vertex 95 -48 5.4
      vertex 95 -48 4
    endloop
  endfacet
  facet normal -0.111054 0.993814 0
    outer loop
      vertex 94.9491 -47.2236 4
      vertex 91.9709 -47.5564 5.4
      vertex 94.9491 -47.2236 5.4
    endloop
  endfacet
  facet normal -0.111054 0.993814 0
    outer loop
      vertex 91.9709 -47.5564 5.4
      vertex 94.9491 -47.2236 4
      vertex 91.9709 -47.5564 4
    endloop
  endfacet
  facet normal -0.997855 -0.0654589 0
    outer loop
      vertex 92 -48 4
      vertex 91.9709 -47.5564 5.4
      vertex 91.9709 -47.5564 4
    endloop
  endfacet
  facet normal -0.997855 -0.0654589 0
    outer loop
      vertex 91.9709 -47.5564 5.4
      vertex 92 -48 4
      vertex 92 -48 5.4
    endloop
  endfacet
  facet normal -0.997855 0.0654589 0
    outer loop
      vertex 91.9709 -48.4436 4
      vertex 92 -48 5.4
      vertex 92 -48 4
    endloop
  endfacet
  facet normal -0.997855 0.0654589 0
    outer loop
      vertex 92 -48 5.4
      vertex 91.9709 -48.4436 4
      vertex 91.9709 -48.4436 5.4
    endloop
  endfacet
  facet normal -0.111054 -0.993814 0
    outer loop
      vertex 91.9709 -48.4436 4
      vertex 94.9491 -48.7764 5.4
      vertex 91.9709 -48.4436 5.4
    endloop
  endfacet
  facet normal -0.111054 -0.993814 -0
    outer loop
      vertex 94.9491 -48.7764 5.4
      vertex 91.9709 -48.4436 4
      vertex 94.9491 -48.7764 4
    endloop
  endfacet
  facet normal 0.831437 -0.555619 0
    outer loop
      vertex 93.6299 -52.1469 5.4
      vertex 94.0622 -51.5 4
      vertex 94.0622 -51.5 5.4
    endloop
  endfacet
  facet normal 0.831437 -0.555619 0
    outer loop
      vertex 94.0622 -51.5 4
      vertex 93.6299 -52.1469 5.4
      vertex 93.6299 -52.1469 4
    endloop
  endfacet
  facet normal 0.896881 -0.442271 0
    outer loop
      vertex 94.0622 -51.5 5.4
      vertex 94.4063 -50.8022 4
      vertex 94.4063 -50.8022 5.4
    endloop
  endfacet
  facet normal 0.896881 -0.442271 0
    outer loop
      vertex 94.4063 -50.8022 4
      vertex 94.0622 -51.5 5.4
      vertex 94.0622 -51.5 4
    endloop
  endfacet
  facet normal 0.400763 0.916182 -0
    outer loop
      vertex 94.4063 -50.8022 4
      vertex 91.6607 -49.6012 5.4
      vertex 94.4063 -50.8022 5.4
    endloop
  endfacet
  facet normal 0.400763 0.916182 0
    outer loop
      vertex 91.6607 -49.6012 5.4
      vertex 94.4063 -50.8022 4
      vertex 91.6607 -49.6012 4
    endloop
  endfacet
  facet normal -0.896932 0.442169 0
    outer loop
      vertex 91.4641 -50 4
      vertex 91.6607 -49.6012 5.4
      vertex 91.6607 -49.6012 4
    endloop
  endfacet
  facet normal -0.896932 0.442169 0
    outer loop
      vertex 91.6607 -49.6012 5.4
      vertex 91.4641 -50 4
      vertex 91.4641 -50 5.4
    endloop
  endfacet
  facet normal -0.831496 0.55553 0
    outer loop
      vertex 91.2171 -50.3697 4
      vertex 91.4641 -50 5.4
      vertex 91.4641 -50 4
    endloop
  endfacet
  facet normal -0.831496 0.55553 0
    outer loop
      vertex 91.4641 -50 5.4
      vertex 91.2171 -50.3697 4
      vertex 91.2171 -50.3697 5.4
    endloop
  endfacet
  facet normal -0.593058 -0.80516 0
    outer loop
      vertex 91.2171 -50.3697 4
      vertex 93.6299 -52.1469 5.4
      vertex 91.2171 -50.3697 5.4
    endloop
  endfacet
  facet normal -0.593058 -0.80516 -0
    outer loop
      vertex 93.6299 -52.1469 5.4
      vertex 91.2171 -50.3697 4
      vertex 93.6299 -52.1469 4
    endloop
  endfacet
  facet normal -0.896932 -0.442169 0
    outer loop
      vertex 91.6607 -46.3988 4
      vertex 91.4641 -46 5.4
      vertex 91.4641 -46 4
    endloop
  endfacet
  facet normal -0.896932 -0.442169 0
    outer loop
      vertex 91.4641 -46 5.4
      vertex 91.6607 -46.3988 4
      vertex 91.6607 -46.3988 5.4
    endloop
  endfacet
  facet normal 0.400763 -0.916182 0
    outer loop
      vertex 91.6607 -46.3988 4
      vertex 94.4063 -45.1978 5.4
      vertex 91.6607 -46.3988 5.4
    endloop
  endfacet
  facet normal 0.400763 -0.916182 0
    outer loop
      vertex 94.4063 -45.1978 5.4
      vertex 91.6607 -46.3988 4
      vertex 94.4063 -45.1978 4
    endloop
  endfacet
  facet normal 0.896881 0.442271 0
    outer loop
      vertex 94.4063 -45.1978 5.4
      vertex 94.0622 -44.5 4
      vertex 94.0622 -44.5 5.4
    endloop
  endfacet
  facet normal 0.896881 0.442271 0
    outer loop
      vertex 94.0622 -44.5 4
      vertex 94.4063 -45.1978 5.4
      vertex 94.4063 -45.1978 4
    endloop
  endfacet
  facet normal 0.831437 0.555619 0
    outer loop
      vertex 94.0622 -44.5 5.4
      vertex 93.6299 -43.8531 4
      vertex 93.6299 -43.8531 5.4
    endloop
  endfacet
  facet normal 0.831437 0.555619 0
    outer loop
      vertex 93.6299 -43.8531 4
      vertex 94.0622 -44.5 5.4
      vertex 94.0622 -44.5 4
    endloop
  endfacet
  facet normal -0.593058 0.80516 0
    outer loop
      vertex 93.6299 -43.8531 4
      vertex 91.2171 -45.6303 5.4
      vertex 93.6299 -43.8531 5.4
    endloop
  endfacet
  facet normal -0.593058 0.80516 0
    outer loop
      vertex 91.2171 -45.6303 5.4
      vertex 93.6299 -43.8531 4
      vertex 91.2171 -45.6303 4
    endloop
  endfacet
  facet normal -0.831496 -0.55553 0
    outer loop
      vertex 91.4641 -46 4
      vertex 91.2171 -45.6303 5.4
      vertex 91.2171 -45.6303 4
    endloop
  endfacet
  facet normal -0.831496 -0.55553 0
    outer loop
      vertex 91.2171 -45.6303 5.4
      vertex 91.4641 -46 4
      vertex 91.4641 -46 5.4
    endloop
  endfacet
  facet normal 0.442271 -0.896881 0
    outer loop
      vertex 90.8022 -54.4063 4
      vertex 91.5 -54.0622 5.4
      vertex 90.8022 -54.4063 5.4
    endloop
  endfacet
  facet normal 0.442271 -0.896881 0
    outer loop
      vertex 91.5 -54.0622 5.4
      vertex 90.8022 -54.4063 4
      vertex 91.5 -54.0622 4
    endloop
  endfacet
  facet normal 0.555619 -0.831437 0
    outer loop
      vertex 91.5 -54.0622 4
      vertex 92.1469 -53.6299 5.4
      vertex 91.5 -54.0622 5.4
    endloop
  endfacet
  facet normal 0.555619 -0.831437 0
    outer loop
      vertex 92.1469 -53.6299 5.4
      vertex 91.5 -54.0622 4
      vertex 92.1469 -53.6299 4
    endloop
  endfacet
  facet normal 0.80516 0.593058 0
    outer loop
      vertex 92.1469 -53.6299 5.4
      vertex 90.3697 -51.2171 4
      vertex 90.3697 -51.2171 5.4
    endloop
  endfacet
  facet normal 0.80516 0.593058 0
    outer loop
      vertex 90.3697 -51.2171 4
      vertex 92.1469 -53.6299 5.4
      vertex 92.1469 -53.6299 4
    endloop
  endfacet
  facet normal -0.55553 0.831496 0
    outer loop
      vertex 90.3697 -51.2171 4
      vertex 90 -51.4641 5.4
      vertex 90.3697 -51.2171 5.4
    endloop
  endfacet
  facet normal -0.55553 0.831496 0
    outer loop
      vertex 90 -51.4641 5.4
      vertex 90.3697 -51.2171 4
      vertex 90 -51.4641 4
    endloop
  endfacet
  facet normal -0.442169 0.896932 0
    outer loop
      vertex 90 -51.4641 4
      vertex 89.6012 -51.6607 5.4
      vertex 90 -51.4641 5.4
    endloop
  endfacet
  facet normal -0.442169 0.896932 0
    outer loop
      vertex 89.6012 -51.6607 5.4
      vertex 90 -51.4641 4
      vertex 89.6012 -51.6607 4
    endloop
  endfacet
  facet normal -0.916182 -0.400763 0
    outer loop
      vertex 90.8022 -54.4063 4
      vertex 89.6012 -51.6607 5.4
      vertex 89.6012 -51.6607 4
    endloop
  endfacet
  facet normal -0.916182 -0.400763 0
    outer loop
      vertex 89.6012 -51.6607 5.4
      vertex 90.8022 -54.4063 4
      vertex 90.8022 -54.4063 5.4
    endloop
  endfacet
  facet normal -0.55553 -0.831496 0
    outer loop
      vertex 90 -44.5359 4
      vertex 90.3697 -44.7829 5.4
      vertex 90 -44.5359 5.4
    endloop
  endfacet
  facet normal -0.55553 -0.831496 -0
    outer loop
      vertex 90.3697 -44.7829 5.4
      vertex 90 -44.5359 4
      vertex 90.3697 -44.7829 4
    endloop
  endfacet
  facet normal 0.80516 -0.593058 0
    outer loop
      vertex 90.3697 -44.7829 5.4
      vertex 92.1469 -42.3701 4
      vertex 92.1469 -42.3701 5.4
    endloop
  endfacet
  facet normal 0.80516 -0.593058 0
    outer loop
      vertex 92.1469 -42.3701 4
      vertex 90.3697 -44.7829 5.4
      vertex 90.3697 -44.7829 4
    endloop
  endfacet
  facet normal 0.555619 0.831437 -0
    outer loop
      vertex 92.1469 -42.3701 4
      vertex 91.5 -41.9378 5.4
      vertex 92.1469 -42.3701 5.4
    endloop
  endfacet
  facet normal 0.555619 0.831437 0
    outer loop
      vertex 91.5 -41.9378 5.4
      vertex 92.1469 -42.3701 4
      vertex 91.5 -41.9378 4
    endloop
  endfacet
  facet normal 0.442271 0.896881 -0
    outer loop
      vertex 91.5 -41.9378 4
      vertex 90.8022 -41.5937 5.4
      vertex 91.5 -41.9378 5.4
    endloop
  endfacet
  facet normal 0.442271 0.896881 0
    outer loop
      vertex 90.8022 -41.5937 5.4
      vertex 91.5 -41.9378 4
      vertex 90.8022 -41.5937 4
    endloop
  endfacet
  facet normal -0.916182 0.400763 0
    outer loop
      vertex 89.6012 -44.3393 4
      vertex 90.8022 -41.5937 5.4
      vertex 90.8022 -41.5937 4
    endloop
  endfacet
  facet normal -0.916182 0.400763 0
    outer loop
      vertex 90.8022 -41.5937 5.4
      vertex 89.6012 -44.3393 4
      vertex 89.6012 -44.3393 5.4
    endloop
  endfacet
  facet normal -0.442169 -0.896932 0
    outer loop
      vertex 89.6012 -44.3393 4
      vertex 90 -44.5359 5.4
      vertex 89.6012 -44.3393 5.4
    endloop
  endfacet
  facet normal -0.442169 -0.896932 -0
    outer loop
      vertex 90 -44.5359 5.4
      vertex 89.6012 -44.3393 4
      vertex 90 -44.5359 4
    endloop
  endfacet
  facet normal 0.0654186 -0.997858 0
    outer loop
      vertex 88 -55 4
      vertex 88.7764 -54.9491 5.4
      vertex 88 -55 5.4
    endloop
  endfacet
  facet normal 0.0654186 -0.997858 0
    outer loop
      vertex 88.7764 -54.9491 5.4
      vertex 88 -55 4
      vertex 88.7764 -54.9491 4
    endloop
  endfacet
  facet normal 0.993814 0.111054 0
    outer loop
      vertex 88.7764 -54.9491 5.4
      vertex 88.4436 -51.9709 4
      vertex 88.4436 -51.9709 5.4
    endloop
  endfacet
  facet normal 0.993814 0.111054 0
    outer loop
      vertex 88.4436 -51.9709 4
      vertex 88.7764 -54.9491 5.4
      vertex 88.7764 -54.9491 4
    endloop
  endfacet
  facet normal -0.0654589 0.997855 0
    outer loop
      vertex 88.4436 -51.9709 4
      vertex 88 -52 5.4
      vertex 88.4436 -51.9709 5.4
    endloop
  endfacet
  facet normal -0.0654589 0.997855 0
    outer loop
      vertex 88 -52 5.4
      vertex 88.4436 -51.9709 4
      vertex 88 -52 4
    endloop
  endfacet
  facet normal 0.0654589 0.997855 -0
    outer loop
      vertex 88 -52 4
      vertex 87.5564 -51.9709 5.4
      vertex 88 -52 5.4
    endloop
  endfacet
  facet normal 0.0654589 0.997855 0
    outer loop
      vertex 87.5564 -51.9709 5.4
      vertex 88 -52 4
      vertex 87.5564 -51.9709 4
    endloop
  endfacet
  facet normal -0.993814 0.111054 0
    outer loop
      vertex 87.2236 -54.9491 4
      vertex 87.5564 -51.9709 5.4
      vertex 87.5564 -51.9709 4
    endloop
  endfacet
  facet normal -0.993814 0.111054 0
    outer loop
      vertex 87.5564 -51.9709 5.4
      vertex 87.2236 -54.9491 4
      vertex 87.2236 -54.9491 5.4
    endloop
  endfacet
  facet normal -0.0654186 -0.997858 0
    outer loop
      vertex 87.2236 -54.9491 4
      vertex 88 -55 5.4
      vertex 87.2236 -54.9491 5.4
    endloop
  endfacet
  facet normal -0.0654186 -0.997858 -0
    outer loop
      vertex 88 -55 5.4
      vertex 87.2236 -54.9491 4
      vertex 88 -55 4
    endloop
  endfacet
  facet normal 0.0654589 -0.997855 0
    outer loop
      vertex 87.5564 -44.0291 4
      vertex 88 -44 5.4
      vertex 87.5564 -44.0291 5.4
    endloop
  endfacet
  facet normal 0.0654589 -0.997855 0
    outer loop
      vertex 88 -44 5.4
      vertex 87.5564 -44.0291 4
      vertex 88 -44 4
    endloop
  endfacet
  facet normal -0.0654589 -0.997855 0
    outer loop
      vertex 88 -44 4
      vertex 88.4436 -44.0291 5.4
      vertex 88 -44 5.4
    endloop
  endfacet
  facet normal -0.0654589 -0.997855 -0
    outer loop
      vertex 88.4436 -44.0291 5.4
      vertex 88 -44 4
      vertex 88.4436 -44.0291 4
    endloop
  endfacet
  facet normal 0.993814 -0.111054 0
    outer loop
      vertex 88.4436 -44.0291 5.4
      vertex 88.7764 -41.0509 4
      vertex 88.7764 -41.0509 5.4
    endloop
  endfacet
  facet normal 0.993814 -0.111054 0
    outer loop
      vertex 88.7764 -41.0509 4
      vertex 88.4436 -44.0291 5.4
      vertex 88.4436 -44.0291 4
    endloop
  endfacet
  facet normal 0.0654186 0.997858 -0
    outer loop
      vertex 88.7764 -41.0509 4
      vertex 88 -41 5.4
      vertex 88.7764 -41.0509 5.4
    endloop
  endfacet
  facet normal 0.0654186 0.997858 0
    outer loop
      vertex 88 -41 5.4
      vertex 88.7764 -41.0509 4
      vertex 88 -41 4
    endloop
  endfacet
  facet normal -0.0654186 0.997858 0
    outer loop
      vertex 88 -41 4
      vertex 87.2236 -41.0509 5.4
      vertex 88 -41 5.4
    endloop
  endfacet
  facet normal -0.0654186 0.997858 0
    outer loop
      vertex 87.2236 -41.0509 5.4
      vertex 88 -41 4
      vertex 87.2236 -41.0509 4
    endloop
  endfacet
  facet normal -0.993814 -0.111054 0
    outer loop
      vertex 87.5564 -44.0291 4
      vertex 87.2236 -41.0509 5.4
      vertex 87.2236 -41.0509 4
    endloop
  endfacet
  facet normal -0.993814 -0.111054 0
    outer loop
      vertex 87.2236 -41.0509 5.4
      vertex 87.5564 -44.0291 4
      vertex 87.5564 -44.0291 5.4
    endloop
  endfacet
  facet normal 0.55553 -0.831496 0
    outer loop
      vertex 85.6303 -44.7829 4
      vertex 86 -44.5359 5.4
      vertex 85.6303 -44.7829 5.4
    endloop
  endfacet
  facet normal 0.55553 -0.831496 0
    outer loop
      vertex 86 -44.5359 5.4
      vertex 85.6303 -44.7829 4
      vertex 86 -44.5359 4
    endloop
  endfacet
  facet normal 0.442169 -0.896932 0
    outer loop
      vertex 86 -44.5359 4
      vertex 86.3988 -44.3393 5.4
      vertex 86 -44.5359 5.4
    endloop
  endfacet
  facet normal 0.442169 -0.896932 0
    outer loop
      vertex 86.3988 -44.3393 5.4
      vertex 86 -44.5359 4
      vertex 86.3988 -44.3393 4
    endloop
  endfacet
  facet normal 0.916182 0.400763 0
    outer loop
      vertex 86.3988 -44.3393 5.4
      vertex 85.1978 -41.5937 4
      vertex 85.1978 -41.5937 5.4
    endloop
  endfacet
  facet normal 0.916182 0.400763 0
    outer loop
      vertex 85.1978 -41.5937 4
      vertex 86.3988 -44.3393 5.4
      vertex 86.3988 -44.3393 4
    endloop
  endfacet
  facet normal -0.442271 0.896881 0
    outer loop
      vertex 85.1978 -41.5937 4
      vertex 84.5 -41.9378 5.4
      vertex 85.1978 -41.5937 5.4
    endloop
  endfacet
  facet normal -0.442271 0.896881 0
    outer loop
      vertex 84.5 -41.9378 5.4
      vertex 85.1978 -41.5937 4
      vertex 84.5 -41.9378 4
    endloop
  endfacet
  facet normal -0.555619 0.831437 0
    outer loop
      vertex 84.5 -41.9378 4
      vertex 83.8531 -42.3701 5.4
      vertex 84.5 -41.9378 5.4
    endloop
  endfacet
  facet normal -0.555619 0.831437 0
    outer loop
      vertex 83.8531 -42.3701 5.4
      vertex 84.5 -41.9378 4
      vertex 83.8531 -42.3701 4
    endloop
  endfacet
  facet normal -0.80516 -0.593058 0
    outer loop
      vertex 85.6303 -44.7829 4
      vertex 83.8531 -42.3701 5.4
      vertex 83.8531 -42.3701 4
    endloop
  endfacet
  facet normal -0.80516 -0.593058 0
    outer loop
      vertex 83.8531 -42.3701 5.4
      vertex 85.6303 -44.7829 4
      vertex 85.6303 -44.7829 5.4
    endloop
  endfacet
  facet normal -0.442271 -0.896881 0
    outer loop
      vertex 84.5 -54.0622 4
      vertex 85.1978 -54.4063 5.4
      vertex 84.5 -54.0622 5.4
    endloop
  endfacet
  facet normal -0.442271 -0.896881 -0
    outer loop
      vertex 85.1978 -54.4063 5.4
      vertex 84.5 -54.0622 4
      vertex 85.1978 -54.4063 4
    endloop
  endfacet
  facet normal 0.916182 -0.400763 0
    outer loop
      vertex 85.1978 -54.4063 5.4
      vertex 86.3988 -51.6607 4
      vertex 86.3988 -51.6607 5.4
    endloop
  endfacet
  facet normal 0.916182 -0.400763 0
    outer loop
      vertex 86.3988 -51.6607 4
      vertex 85.1978 -54.4063 5.4
      vertex 85.1978 -54.4063 4
    endloop
  endfacet
  facet normal 0.442169 0.896932 -0
    outer loop
      vertex 86.3988 -51.6607 4
      vertex 86 -51.4641 5.4
      vertex 86.3988 -51.6607 5.4
    endloop
  endfacet
  facet normal 0.442169 0.896932 0
    outer loop
      vertex 86 -51.4641 5.4
      vertex 86.3988 -51.6607 4
      vertex 86 -51.4641 4
    endloop
  endfacet
  facet normal 0.55553 0.831496 -0
    outer loop
      vertex 86 -51.4641 4
      vertex 85.6303 -51.2171 5.4
      vertex 86 -51.4641 5.4
    endloop
  endfacet
  facet normal 0.55553 0.831496 0
    outer loop
      vertex 85.6303 -51.2171 5.4
      vertex 86 -51.4641 4
      vertex 85.6303 -51.2171 4
    endloop
  endfacet
  facet normal -0.80516 0.593058 0
    outer loop
      vertex 83.8531 -53.6299 4
      vertex 85.6303 -51.2171 5.4
      vertex 85.6303 -51.2171 4
    endloop
  endfacet
  facet normal -0.80516 0.593058 0
    outer loop
      vertex 85.6303 -51.2171 5.4
      vertex 83.8531 -53.6299 4
      vertex 83.8531 -53.6299 5.4
    endloop
  endfacet
  facet normal -0.555619 -0.831437 0
    outer loop
      vertex 83.8531 -53.6299 4
      vertex 84.5 -54.0622 5.4
      vertex 83.8531 -53.6299 5.4
    endloop
  endfacet
  facet normal -0.555619 -0.831437 -0
    outer loop
      vertex 84.5 -54.0622 5.4
      vertex 83.8531 -53.6299 4
      vertex 84.5 -54.0622 4
    endloop
  endfacet
  facet normal 0.896932 -0.442169 0
    outer loop
      vertex 84.3393 -46.3988 5.4
      vertex 84.5359 -46 4
      vertex 84.5359 -46 5.4
    endloop
  endfacet
  facet normal 0.896932 -0.442169 0
    outer loop
      vertex 84.5359 -46 4
      vertex 84.3393 -46.3988 5.4
      vertex 84.3393 -46.3988 4
    endloop
  endfacet
  facet normal 0.831496 -0.55553 0
    outer loop
      vertex 84.5359 -46 5.4
      vertex 84.7829 -45.6303 4
      vertex 84.7829 -45.6303 5.4
    endloop
  endfacet
  facet normal 0.831496 -0.55553 0
    outer loop
      vertex 84.7829 -45.6303 4
      vertex 84.5359 -46 5.4
      vertex 84.5359 -46 4
    endloop
  endfacet
  facet normal 0.593058 0.80516 -0
    outer loop
      vertex 84.7829 -45.6303 4
      vertex 82.3701 -43.8531 5.4
      vertex 84.7829 -45.6303 5.4
    endloop
  endfacet
  facet normal 0.593058 0.80516 0
    outer loop
      vertex 82.3701 -43.8531 5.4
      vertex 84.7829 -45.6303 4
      vertex 82.3701 -43.8531 4
    endloop
  endfacet
  facet normal -0.831437 0.555619 0
    outer loop
      vertex 81.9378 -44.5 4
      vertex 82.3701 -43.8531 5.4
      vertex 82.3701 -43.8531 4
    endloop
  endfacet
  facet normal -0.831437 0.555619 0
    outer loop
      vertex 82.3701 -43.8531 5.4
      vertex 81.9378 -44.5 4
      vertex 81.9378 -44.5 5.4
    endloop
  endfacet
  facet normal -0.896881 0.442271 0
    outer loop
      vertex 81.5937 -45.1978 4
      vertex 81.9378 -44.5 5.4
      vertex 81.9378 -44.5 4
    endloop
  endfacet
  facet normal -0.896881 0.442271 0
    outer loop
      vertex 81.9378 -44.5 5.4
      vertex 81.5937 -45.1978 4
      vertex 81.5937 -45.1978 5.4
    endloop
  endfacet
  facet normal -0.400763 -0.916182 0
    outer loop
      vertex 81.5937 -45.1978 4
      vertex 84.3393 -46.3988 5.4
      vertex 81.5937 -45.1978 5.4
    endloop
  endfacet
  facet normal -0.400763 -0.916182 -0
    outer loop
      vertex 84.3393 -46.3988 5.4
      vertex 81.5937 -45.1978 4
      vertex 84.3393 -46.3988 4
    endloop
  endfacet
  facet normal -0.831437 -0.555619 0
    outer loop
      vertex 82.3701 -52.1469 4
      vertex 81.9378 -51.5 5.4
      vertex 81.9378 -51.5 4
    endloop
  endfacet
  facet normal -0.831437 -0.555619 0
    outer loop
      vertex 81.9378 -51.5 5.4
      vertex 82.3701 -52.1469 4
      vertex 82.3701 -52.1469 5.4
    endloop
  endfacet
  facet normal 0.593058 -0.80516 0
    outer loop
      vertex 82.3701 -52.1469 4
      vertex 84.7829 -50.3697 5.4
      vertex 82.3701 -52.1469 5.4
    endloop
  endfacet
  facet normal 0.593058 -0.80516 0
    outer loop
      vertex 84.7829 -50.3697 5.4
      vertex 82.3701 -52.1469 4
      vertex 84.7829 -50.3697 4
    endloop
  endfacet
  facet normal 0.831496 0.55553 0
    outer loop
      vertex 84.7829 -50.3697 5.4
      vertex 84.5359 -50 4
      vertex 84.5359 -50 5.4
    endloop
  endfacet
  facet normal 0.831496 0.55553 0
    outer loop
      vertex 84.5359 -50 4
      vertex 84.7829 -50.3697 5.4
      vertex 84.7829 -50.3697 4
    endloop
  endfacet
  facet normal 0.896932 0.442169 0
    outer loop
      vertex 84.5359 -50 5.4
      vertex 84.3393 -49.6012 4
      vertex 84.3393 -49.6012 5.4
    endloop
  endfacet
  facet normal 0.896932 0.442169 0
    outer loop
      vertex 84.3393 -49.6012 4
      vertex 84.5359 -50 5.4
      vertex 84.5359 -50 4
    endloop
  endfacet
  facet normal -0.400763 0.916182 0
    outer loop
      vertex 84.3393 -49.6012 4
      vertex 81.5937 -50.8022 5.4
      vertex 84.3393 -49.6012 5.4
    endloop
  endfacet
  facet normal -0.400763 0.916182 0
    outer loop
      vertex 81.5937 -50.8022 5.4
      vertex 84.3393 -49.6012 4
      vertex 81.5937 -50.8022 4
    endloop
  endfacet
  facet normal -0.896881 -0.442271 0
    outer loop
      vertex 81.9378 -51.5 4
      vertex 81.5937 -50.8022 5.4
      vertex 81.5937 -50.8022 4
    endloop
  endfacet
  facet normal -0.896881 -0.442271 0
    outer loop
      vertex 81.5937 -50.8022 5.4
      vertex 81.9378 -51.5 4
      vertex 81.9378 -51.5 5.4
    endloop
  endfacet
  facet normal 0.111054 -0.993814 0
    outer loop
      vertex 81.0509 -48.7764 4
      vertex 84.0291 -48.4436 5.4
      vertex 81.0509 -48.7764 5.4
    endloop
  endfacet
  facet normal 0.111054 -0.993814 0
    outer loop
      vertex 84.0291 -48.4436 5.4
      vertex 81.0509 -48.7764 4
      vertex 84.0291 -48.4436 4
    endloop
  endfacet
  facet normal 0.997855 0.0654589 0
    outer loop
      vertex 84.0291 -48.4436 5.4
      vertex 84 -48 4
      vertex 84 -48 5.4
    endloop
  endfacet
  facet normal 0.997855 0.0654589 0
    outer loop
      vertex 84 -48 4
      vertex 84.0291 -48.4436 5.4
      vertex 84.0291 -48.4436 4
    endloop
  endfacet
  facet normal 0.997855 -0.0654589 0
    outer loop
      vertex 84 -48 5.4
      vertex 84.0291 -47.5564 4
      vertex 84.0291 -47.5564 5.4
    endloop
  endfacet
  facet normal 0.997855 -0.0654589 0
    outer loop
      vertex 84.0291 -47.5564 4
      vertex 84 -48 5.4
      vertex 84 -48 4
    endloop
  endfacet
  facet normal 0.111054 0.993814 -0
    outer loop
      vertex 84.0291 -47.5564 4
      vertex 81.0509 -47.2236 5.4
      vertex 84.0291 -47.5564 5.4
    endloop
  endfacet
  facet normal 0.111054 0.993814 0
    outer loop
      vertex 81.0509 -47.2236 5.4
      vertex 84.0291 -47.5564 4
      vertex 81.0509 -47.2236 4
    endloop
  endfacet
  facet normal -0.997858 0.0654186 0
    outer loop
      vertex 81 -48 4
      vertex 81.0509 -47.2236 5.4
      vertex 81.0509 -47.2236 4
    endloop
  endfacet
  facet normal -0.997858 0.0654186 0
    outer loop
      vertex 81.0509 -47.2236 5.4
      vertex 81 -48 4
      vertex 81 -48 5.4
    endloop
  endfacet
  facet normal -0.997858 -0.0654186 0
    outer loop
      vertex 81.0509 -48.7764 4
      vertex 81 -48 5.4
      vertex 81 -48 4
    endloop
  endfacet
  facet normal -0.997858 -0.0654186 0
    outer loop
      vertex 81 -48 5.4
      vertex 81.0509 -48.7764 4
      vertex 81.0509 -48.7764 5.4
    endloop
  endfacet
  facet normal -0.195165 0.98077 0
    outer loop
      vertex 88.44 -29.6421 1.90735e-07
      vertex 88.2219 -29.6855 4
      vertex 88.44 -29.6421 4
    endloop
  endfacet
  facet normal -0.195165 0.98077 0
    outer loop
      vertex 88.2219 -29.6855 4
      vertex 88.44 -29.6421 1.90735e-07
      vertex 88.2219 -29.6855 1.90735e-07
    endloop
  endfacet
  facet normal -0.751908 -0.659268 0
    outer loop
      vertex 89.3487 -26.9651 1.90735e-07
      vertex 89.2021 -26.7979 4
      vertex 89.2021 -26.7979 1.90735e-07
    endloop
  endfacet
  facet normal -0.751908 -0.659268 0
    outer loop
      vertex 89.2021 -26.7979 4
      vertex 89.3487 -26.9651 1.90735e-07
      vertex 89.3487 -26.9651 4
    endloop
  endfacet
  facet normal -0.44253 0.896754 0
    outer loop
      vertex 88.85 -29.4722 1.90735e-07
      vertex 88.6506 -29.5706 4
      vertex 88.85 -29.4722 4
    endloop
  endfacet
  facet normal -0.44253 0.896754 0
    outer loop
      vertex 88.6506 -29.5706 4
      vertex 88.85 -29.4722 1.90735e-07
      vertex 88.6506 -29.5706 1.90735e-07
    endloop
  endfacet
  facet normal 0.659268 0.751908 -0
    outer loop
      vertex 86.9651 -29.3487 1.90735e-07
      vertex 86.7979 -29.2021 4
      vertex 86.9651 -29.3487 4
    endloop
  endfacet
  facet normal 0.659268 0.751908 0
    outer loop
      vertex 86.7979 -29.2021 4
      vertex 86.9651 -29.3487 1.90735e-07
      vertex 86.7979 -29.2021 1.90735e-07
    endloop
  endfacet
  facet normal 0.831566 0.555426 0
    outer loop
      vertex 86.6513 -29.0349 4
      vertex 86.5278 -28.85 1.90735e-07
      vertex 86.5278 -28.85 4
    endloop
  endfacet
  facet normal 0.831566 0.555426 0
    outer loop
      vertex 86.5278 -28.85 1.90735e-07
      vertex 86.6513 -29.0349 4
      vertex 86.6513 -29.0349 1.90735e-07
    endloop
  endfacet
  facet normal 0.946915 -0.321484 0
    outer loop
      vertex 86.3579 -27.56 4
      vertex 86.4294 -27.3494 1.90735e-07
      vertex 86.4294 -27.3494 4
    endloop
  endfacet
  facet normal 0.946915 -0.321484 0
    outer loop
      vertex 86.4294 -27.3494 1.90735e-07
      vertex 86.3579 -27.56 4
      vertex 86.3579 -27.56 1.90735e-07
    endloop
  endfacet
  facet normal -0.751908 0.659268 0
    outer loop
      vertex 89.2021 -29.2021 1.90735e-07
      vertex 89.3487 -29.0349 4
      vertex 89.3487 -29.0349 1.90735e-07
    endloop
  endfacet
  facet normal -0.751908 0.659268 0
    outer loop
      vertex 89.3487 -29.0349 4
      vertex 89.2021 -29.2021 1.90735e-07
      vertex 89.2021 -29.2021 4
    endloop
  endfacet
  facet normal -0.0652057 0.997872 0
    outer loop
      vertex 88.2219 -29.6855 1.90735e-07
      vertex 88 -29.7 4
      vertex 88.2219 -29.6855 4
    endloop
  endfacet
  facet normal -0.0652057 0.997872 0
    outer loop
      vertex 88 -29.7 4
      vertex 88.2219 -29.6855 1.90735e-07
      vertex 88 -29.7 1.90735e-07
    endloop
  endfacet
  facet normal 0.896754 -0.44253 0
    outer loop
      vertex 86.4294 -27.3494 4
      vertex 86.5278 -27.15 1.90735e-07
      vertex 86.5278 -27.15 4
    endloop
  endfacet
  facet normal 0.896754 -0.44253 0
    outer loop
      vertex 86.5278 -27.15 1.90735e-07
      vertex 86.4294 -27.3494 4
      vertex 86.4294 -27.3494 1.90735e-07
    endloop
  endfacet
  facet normal 0.195165 -0.98077 0
    outer loop
      vertex 87.56 -26.3579 1.90735e-07
      vertex 87.7781 -26.3145 4
      vertex 87.56 -26.3579 4
    endloop
  endfacet
  facet normal 0.195165 -0.98077 0
    outer loop
      vertex 87.7781 -26.3145 4
      vertex 87.56 -26.3579 1.90735e-07
      vertex 87.7781 -26.3145 1.90735e-07
    endloop
  endfacet
  facet normal -0.896754 -0.44253 0
    outer loop
      vertex 89.5706 -27.3494 1.90735e-07
      vertex 89.4722 -27.15 4
      vertex 89.4722 -27.15 1.90735e-07
    endloop
  endfacet
  facet normal -0.896754 -0.44253 0
    outer loop
      vertex 89.4722 -27.15 4
      vertex 89.5706 -27.3494 1.90735e-07
      vertex 89.5706 -27.3494 4
    endloop
  endfacet
  facet normal 0.997872 0.0652057 0
    outer loop
      vertex 86.3145 -28.2219 4
      vertex 86.3 -28 1.90735e-07
      vertex 86.3 -28 4
    endloop
  endfacet
  facet normal 0.997872 0.0652057 0
    outer loop
      vertex 86.3 -28 1.90735e-07
      vertex 86.3145 -28.2219 4
      vertex 86.3145 -28.2219 1.90735e-07
    endloop
  endfacet
  facet normal -0.946915 0.321484 0
    outer loop
      vertex 89.5706 -28.6506 1.90735e-07
      vertex 89.6421 -28.44 4
      vertex 89.6421 -28.44 1.90735e-07
    endloop
  endfacet
  facet normal -0.946915 0.321484 0
    outer loop
      vertex 89.6421 -28.44 4
      vertex 89.5706 -28.6506 1.90735e-07
      vertex 89.5706 -28.6506 4
    endloop
  endfacet
  facet normal -0.997872 -0.0652057 0
    outer loop
      vertex 89.7 -28 1.90735e-07
      vertex 89.6855 -27.7781 4
      vertex 89.6855 -27.7781 1.90735e-07
    endloop
  endfacet
  facet normal -0.997872 -0.0652057 0
    outer loop
      vertex 89.6855 -27.7781 4
      vertex 89.7 -28 1.90735e-07
      vertex 89.7 -28 4
    endloop
  endfacet
  facet normal 0.321484 -0.946915 0
    outer loop
      vertex 87.3494 -26.4294 1.90735e-07
      vertex 87.56 -26.3579 4
      vertex 87.3494 -26.4294 4
    endloop
  endfacet
  facet normal 0.321484 -0.946915 0
    outer loop
      vertex 87.56 -26.3579 4
      vertex 87.3494 -26.4294 1.90735e-07
      vertex 87.56 -26.3579 1.90735e-07
    endloop
  endfacet
  facet normal -0.946915 -0.321484 0
    outer loop
      vertex 89.6421 -27.56 1.90735e-07
      vertex 89.5706 -27.3494 4
      vertex 89.5706 -27.3494 1.90735e-07
    endloop
  endfacet
  facet normal -0.946915 -0.321484 0
    outer loop
      vertex 89.5706 -27.3494 4
      vertex 89.6421 -27.56 1.90735e-07
      vertex 89.6421 -27.56 4
    endloop
  endfacet
  facet normal 0.321484 0.946915 -0
    outer loop
      vertex 87.56 -29.6421 1.90735e-07
      vertex 87.3494 -29.5706 4
      vertex 87.56 -29.6421 4
    endloop
  endfacet
  facet normal 0.321484 0.946915 0
    outer loop
      vertex 87.3494 -29.5706 4
      vertex 87.56 -29.6421 1.90735e-07
      vertex 87.3494 -29.5706 1.90735e-07
    endloop
  endfacet
  facet normal -0.98077 0.195165 0
    outer loop
      vertex 89.6421 -28.44 1.90735e-07
      vertex 89.6855 -28.2219 4
      vertex 89.6855 -28.2219 1.90735e-07
    endloop
  endfacet
  facet normal -0.98077 0.195165 0
    outer loop
      vertex 89.6855 -28.2219 4
      vertex 89.6421 -28.44 1.90735e-07
      vertex 89.6421 -28.44 4
    endloop
  endfacet
  facet normal 0.0652057 0.997872 -0
    outer loop
      vertex 88 -29.7 1.90735e-07
      vertex 87.7781 -29.6855 4
      vertex 88 -29.7 4
    endloop
  endfacet
  facet normal 0.0652057 0.997872 0
    outer loop
      vertex 87.7781 -29.6855 4
      vertex 88 -29.7 1.90735e-07
      vertex 87.7781 -29.6855 1.90735e-07
    endloop
  endfacet
  facet normal 0.751908 0.659268 0
    outer loop
      vertex 86.7979 -29.2021 4
      vertex 86.6513 -29.0349 1.90735e-07
      vertex 86.6513 -29.0349 4
    endloop
  endfacet
  facet normal 0.751908 0.659268 0
    outer loop
      vertex 86.6513 -29.0349 1.90735e-07
      vertex 86.7979 -29.2021 4
      vertex 86.7979 -29.2021 1.90735e-07
    endloop
  endfacet
  facet normal -0.831566 0.555426 0
    outer loop
      vertex 89.3487 -29.0349 1.90735e-07
      vertex 89.4722 -28.85 4
      vertex 89.4722 -28.85 1.90735e-07
    endloop
  endfacet
  facet normal -0.831566 0.555426 0
    outer loop
      vertex 89.4722 -28.85 4
      vertex 89.3487 -29.0349 1.90735e-07
      vertex 89.3487 -29.0349 4
    endloop
  endfacet
  facet normal -0.659268 0.751908 0
    outer loop
      vertex 89.2021 -29.2021 1.90735e-07
      vertex 89.0349 -29.3487 4
      vertex 89.2021 -29.2021 4
    endloop
  endfacet
  facet normal -0.659268 0.751908 0
    outer loop
      vertex 89.0349 -29.3487 4
      vertex 89.2021 -29.2021 1.90735e-07
      vertex 89.0349 -29.3487 1.90735e-07
    endloop
  endfacet
  facet normal 0.946915 0.321484 0
    outer loop
      vertex 86.4294 -28.6506 4
      vertex 86.3579 -28.44 1.90735e-07
      vertex 86.3579 -28.44 4
    endloop
  endfacet
  facet normal 0.946915 0.321484 0
    outer loop
      vertex 86.3579 -28.44 1.90735e-07
      vertex 86.4294 -28.6506 4
      vertex 86.4294 -28.6506 1.90735e-07
    endloop
  endfacet
  facet normal -0.555426 0.831566 0
    outer loop
      vertex 89.0349 -29.3487 1.90735e-07
      vertex 88.85 -29.4722 4
      vertex 89.0349 -29.3487 4
    endloop
  endfacet
  facet normal -0.555426 0.831566 0
    outer loop
      vertex 88.85 -29.4722 4
      vertex 89.0349 -29.3487 1.90735e-07
      vertex 88.85 -29.4722 1.90735e-07
    endloop
  endfacet
  facet normal -0.0652057 -0.997872 0
    outer loop
      vertex 88 -26.3 1.90735e-07
      vertex 88.2219 -26.3145 4
      vertex 88 -26.3 4
    endloop
  endfacet
  facet normal -0.0652057 -0.997872 -0
    outer loop
      vertex 88.2219 -26.3145 4
      vertex 88 -26.3 1.90735e-07
      vertex 88.2219 -26.3145 1.90735e-07
    endloop
  endfacet
  facet normal 0.98077 -0.195165 0
    outer loop
      vertex 86.3145 -27.7781 4
      vertex 86.3579 -27.56 1.90735e-07
      vertex 86.3579 -27.56 4
    endloop
  endfacet
  facet normal 0.98077 -0.195165 0
    outer loop
      vertex 86.3579 -27.56 1.90735e-07
      vertex 86.3145 -27.7781 4
      vertex 86.3145 -27.7781 1.90735e-07
    endloop
  endfacet
  facet normal 0.751908 -0.659268 0
    outer loop
      vertex 86.6513 -26.9651 4
      vertex 86.7979 -26.7979 1.90735e-07
      vertex 86.7979 -26.7979 4
    endloop
  endfacet
  facet normal 0.751908 -0.659268 0
    outer loop
      vertex 86.7979 -26.7979 1.90735e-07
      vertex 86.6513 -26.9651 4
      vertex 86.6513 -26.9651 1.90735e-07
    endloop
  endfacet
  facet normal -0.321484 -0.946915 0
    outer loop
      vertex 88.44 -26.3579 1.90735e-07
      vertex 88.6506 -26.4294 4
      vertex 88.44 -26.3579 4
    endloop
  endfacet
  facet normal -0.321484 -0.946915 -0
    outer loop
      vertex 88.6506 -26.4294 4
      vertex 88.44 -26.3579 1.90735e-07
      vertex 88.6506 -26.4294 1.90735e-07
    endloop
  endfacet
  facet normal -0.896754 0.44253 0
    outer loop
      vertex 89.4722 -28.85 1.90735e-07
      vertex 89.5706 -28.6506 4
      vertex 89.5706 -28.6506 1.90735e-07
    endloop
  endfacet
  facet normal -0.896754 0.44253 0
    outer loop
      vertex 89.5706 -28.6506 4
      vertex 89.4722 -28.85 1.90735e-07
      vertex 89.4722 -28.85 4
    endloop
  endfacet
  facet normal -0.98077 -0.195165 0
    outer loop
      vertex 89.6855 -27.7781 1.90735e-07
      vertex 89.6421 -27.56 4
      vertex 89.6421 -27.56 1.90735e-07
    endloop
  endfacet
  facet normal -0.98077 -0.195165 0
    outer loop
      vertex 89.6421 -27.56 4
      vertex 89.6855 -27.7781 1.90735e-07
      vertex 89.6855 -27.7781 4
    endloop
  endfacet
  facet normal -0.44253 -0.896754 0
    outer loop
      vertex 88.6506 -26.4294 1.90735e-07
      vertex 88.85 -26.5278 4
      vertex 88.6506 -26.4294 4
    endloop
  endfacet
  facet normal -0.44253 -0.896754 -0
    outer loop
      vertex 88.85 -26.5278 4
      vertex 88.6506 -26.4294 1.90735e-07
      vertex 88.85 -26.5278 1.90735e-07
    endloop
  endfacet
  facet normal 0.896754 0.44253 0
    outer loop
      vertex 86.5278 -28.85 4
      vertex 86.4294 -28.6506 1.90735e-07
      vertex 86.4294 -28.6506 4
    endloop
  endfacet
  facet normal 0.896754 0.44253 0
    outer loop
      vertex 86.4294 -28.6506 1.90735e-07
      vertex 86.5278 -28.85 4
      vertex 86.5278 -28.85 1.90735e-07
    endloop
  endfacet
  facet normal -0.321484 0.946915 0
    outer loop
      vertex 88.6506 -29.5706 1.90735e-07
      vertex 88.44 -29.6421 4
      vertex 88.6506 -29.5706 4
    endloop
  endfacet
  facet normal -0.321484 0.946915 0
    outer loop
      vertex 88.44 -29.6421 4
      vertex 88.6506 -29.5706 1.90735e-07
      vertex 88.44 -29.6421 1.90735e-07
    endloop
  endfacet
  facet normal 0.659268 -0.751908 0
    outer loop
      vertex 86.7979 -26.7979 1.90735e-07
      vertex 86.9651 -26.6513 4
      vertex 86.7979 -26.7979 4
    endloop
  endfacet
  facet normal 0.659268 -0.751908 0
    outer loop
      vertex 86.9651 -26.6513 4
      vertex 86.7979 -26.7979 1.90735e-07
      vertex 86.9651 -26.6513 1.90735e-07
    endloop
  endfacet
  facet normal 0.98077 0.195165 0
    outer loop
      vertex 86.3579 -28.44 4
      vertex 86.3145 -28.2219 1.90735e-07
      vertex 86.3145 -28.2219 4
    endloop
  endfacet
  facet normal 0.98077 0.195165 0
    outer loop
      vertex 86.3145 -28.2219 1.90735e-07
      vertex 86.3579 -28.44 4
      vertex 86.3579 -28.44 1.90735e-07
    endloop
  endfacet
  facet normal 0.44253 0.896754 -0
    outer loop
      vertex 87.3494 -29.5706 1.90735e-07
      vertex 87.15 -29.4722 4
      vertex 87.3494 -29.5706 4
    endloop
  endfacet
  facet normal 0.44253 0.896754 0
    outer loop
      vertex 87.15 -29.4722 4
      vertex 87.3494 -29.5706 1.90735e-07
      vertex 87.15 -29.4722 1.90735e-07
    endloop
  endfacet
  facet normal 0.555426 0.831566 -0
    outer loop
      vertex 87.15 -29.4722 1.90735e-07
      vertex 86.9651 -29.3487 4
      vertex 87.15 -29.4722 4
    endloop
  endfacet
  facet normal 0.555426 0.831566 0
    outer loop
      vertex 86.9651 -29.3487 4
      vertex 87.15 -29.4722 1.90735e-07
      vertex 86.9651 -29.3487 1.90735e-07
    endloop
  endfacet
  facet normal 0.195165 0.98077 -0
    outer loop
      vertex 87.7781 -29.6855 1.90735e-07
      vertex 87.56 -29.6421 4
      vertex 87.7781 -29.6855 4
    endloop
  endfacet
  facet normal 0.195165 0.98077 0
    outer loop
      vertex 87.56 -29.6421 4
      vertex 87.7781 -29.6855 1.90735e-07
      vertex 87.56 -29.6421 1.90735e-07
    endloop
  endfacet
  facet normal -0.997872 0.0652057 0
    outer loop
      vertex 89.6855 -28.2219 1.90735e-07
      vertex 89.7 -28 4
      vertex 89.7 -28 1.90735e-07
    endloop
  endfacet
  facet normal -0.997872 0.0652057 0
    outer loop
      vertex 89.7 -28 4
      vertex 89.6855 -28.2219 1.90735e-07
      vertex 89.6855 -28.2219 4
    endloop
  endfacet
  facet normal -0.195165 -0.98077 0
    outer loop
      vertex 88.2219 -26.3145 1.90735e-07
      vertex 88.44 -26.3579 4
      vertex 88.2219 -26.3145 4
    endloop
  endfacet
  facet normal -0.195165 -0.98077 -0
    outer loop
      vertex 88.44 -26.3579 4
      vertex 88.2219 -26.3145 1.90735e-07
      vertex 88.44 -26.3579 1.90735e-07
    endloop
  endfacet
  facet normal -0.555426 -0.831566 0
    outer loop
      vertex 88.85 -26.5278 1.90735e-07
      vertex 89.0349 -26.6513 4
      vertex 88.85 -26.5278 4
    endloop
  endfacet
  facet normal -0.555426 -0.831566 -0
    outer loop
      vertex 89.0349 -26.6513 4
      vertex 88.85 -26.5278 1.90735e-07
      vertex 89.0349 -26.6513 1.90735e-07
    endloop
  endfacet
  facet normal 0.997872 -0.0652057 0
    outer loop
      vertex 86.3 -28 4
      vertex 86.3145 -27.7781 1.90735e-07
      vertex 86.3145 -27.7781 4
    endloop
  endfacet
  facet normal 0.997872 -0.0652057 0
    outer loop
      vertex 86.3145 -27.7781 1.90735e-07
      vertex 86.3 -28 4
      vertex 86.3 -28 1.90735e-07
    endloop
  endfacet
  facet normal 0.44253 -0.896754 0
    outer loop
      vertex 87.15 -26.5278 1.90735e-07
      vertex 87.3494 -26.4294 4
      vertex 87.15 -26.5278 4
    endloop
  endfacet
  facet normal 0.44253 -0.896754 0
    outer loop
      vertex 87.3494 -26.4294 4
      vertex 87.15 -26.5278 1.90735e-07
      vertex 87.3494 -26.4294 1.90735e-07
    endloop
  endfacet
  facet normal 0.555426 -0.831566 0
    outer loop
      vertex 86.9651 -26.6513 1.90735e-07
      vertex 87.15 -26.5278 4
      vertex 86.9651 -26.6513 4
    endloop
  endfacet
  facet normal 0.555426 -0.831566 0
    outer loop
      vertex 87.15 -26.5278 4
      vertex 86.9651 -26.6513 1.90735e-07
      vertex 87.15 -26.5278 1.90735e-07
    endloop
  endfacet
  facet normal 0.0652057 -0.997872 0
    outer loop
      vertex 87.7781 -26.3145 1.90735e-07
      vertex 88 -26.3 4
      vertex 87.7781 -26.3145 4
    endloop
  endfacet
  facet normal 0.0652057 -0.997872 0
    outer loop
      vertex 88 -26.3 4
      vertex 87.7781 -26.3145 1.90735e-07
      vertex 88 -26.3 1.90735e-07
    endloop
  endfacet
  facet normal -0.831566 -0.555426 0
    outer loop
      vertex 89.4722 -27.15 1.90735e-07
      vertex 89.3487 -26.9651 4
      vertex 89.3487 -26.9651 1.90735e-07
    endloop
  endfacet
  facet normal -0.831566 -0.555426 0
    outer loop
      vertex 89.3487 -26.9651 4
      vertex 89.4722 -27.15 1.90735e-07
      vertex 89.4722 -27.15 4
    endloop
  endfacet
  facet normal 0.831566 -0.555426 0
    outer loop
      vertex 86.5278 -27.15 4
      vertex 86.6513 -26.9651 1.90735e-07
      vertex 86.6513 -26.9651 4
    endloop
  endfacet
  facet normal 0.831566 -0.555426 0
    outer loop
      vertex 86.6513 -26.9651 1.90735e-07
      vertex 86.5278 -27.15 4
      vertex 86.5278 -27.15 1.90735e-07
    endloop
  endfacet
  facet normal -0.659268 -0.751908 0
    outer loop
      vertex 89.0349 -26.6513 1.90735e-07
      vertex 89.2021 -26.7979 4
      vertex 89.0349 -26.6513 4
    endloop
  endfacet
  facet normal -0.659268 -0.751908 -0
    outer loop
      vertex 89.2021 -26.7979 4
      vertex 89.0349 -26.6513 1.90735e-07
      vertex 89.2021 -26.7979 1.90735e-07
    endloop
  endfacet
  facet normal 0.195165 0.98077 -0
    outer loop
      vertex 87.7781 -21.6855 1.90735e-07
      vertex 87.56 -21.6421 4
      vertex 87.7781 -21.6855 4
    endloop
  endfacet
  facet normal 0.195165 0.98077 0
    outer loop
      vertex 87.56 -21.6421 4
      vertex 87.7781 -21.6855 1.90735e-07
      vertex 87.56 -21.6421 1.90735e-07
    endloop
  endfacet
  facet normal -0.195165 0.98077 0
    outer loop
      vertex 88.44 -21.6421 1.90735e-07
      vertex 88.2219 -21.6855 4
      vertex 88.44 -21.6421 4
    endloop
  endfacet
  facet normal -0.195165 0.98077 0
    outer loop
      vertex 88.2219 -21.6855 4
      vertex 88.44 -21.6421 1.90735e-07
      vertex 88.2219 -21.6855 1.90735e-07
    endloop
  endfacet
  facet normal -0.946915 0.321484 0
    outer loop
      vertex 89.5706 -20.6506 1.90735e-07
      vertex 89.6421 -20.44 4
      vertex 89.6421 -20.44 1.90735e-07
    endloop
  endfacet
  facet normal -0.946915 0.321484 0
    outer loop
      vertex 89.6421 -20.44 4
      vertex 89.5706 -20.6506 1.90735e-07
      vertex 89.5706 -20.6506 4
    endloop
  endfacet
  facet normal -0.321484 -0.946915 0
    outer loop
      vertex 88.44 -18.3579 1.90735e-07
      vertex 88.6506 -18.4294 4
      vertex 88.44 -18.3579 4
    endloop
  endfacet
  facet normal -0.321484 -0.946915 -0
    outer loop
      vertex 88.6506 -18.4294 4
      vertex 88.44 -18.3579 1.90735e-07
      vertex 88.6506 -18.4294 1.90735e-07
    endloop
  endfacet
  facet normal 0.321484 0.946915 -0
    outer loop
      vertex 87.56 -21.6421 1.90735e-07
      vertex 87.3494 -21.5706 4
      vertex 87.56 -21.6421 4
    endloop
  endfacet
  facet normal 0.321484 0.946915 0
    outer loop
      vertex 87.3494 -21.5706 4
      vertex 87.56 -21.6421 1.90735e-07
      vertex 87.3494 -21.5706 1.90735e-07
    endloop
  endfacet
  facet normal 0.555426 -0.831566 0
    outer loop
      vertex 86.9651 -18.6513 1.90735e-07
      vertex 87.15 -18.5278 4
      vertex 86.9651 -18.6513 4
    endloop
  endfacet
  facet normal 0.555426 -0.831566 0
    outer loop
      vertex 87.15 -18.5278 4
      vertex 86.9651 -18.6513 1.90735e-07
      vertex 87.15 -18.5278 1.90735e-07
    endloop
  endfacet
  facet normal -0.321484 0.946915 0
    outer loop
      vertex 88.6506 -21.5706 1.90735e-07
      vertex 88.44 -21.6421 4
      vertex 88.6506 -21.5706 4
    endloop
  endfacet
  facet normal -0.321484 0.946915 0
    outer loop
      vertex 88.44 -21.6421 4
      vertex 88.6506 -21.5706 1.90735e-07
      vertex 88.44 -21.6421 1.90735e-07
    endloop
  endfacet
  facet normal -0.0652057 0.997872 0
    outer loop
      vertex 88.2219 -21.6855 1.90735e-07
      vertex 88 -21.7 4
      vertex 88.2219 -21.6855 4
    endloop
  endfacet
  facet normal -0.0652057 0.997872 0
    outer loop
      vertex 88 -21.7 4
      vertex 88.2219 -21.6855 1.90735e-07
      vertex 88 -21.7 1.90735e-07
    endloop
  endfacet
  facet normal -0.751908 0.659268 0
    outer loop
      vertex 89.2021 -21.2021 1.90735e-07
      vertex 89.3487 -21.0349 4
      vertex 89.3487 -21.0349 1.90735e-07
    endloop
  endfacet
  facet normal -0.751908 0.659268 0
    outer loop
      vertex 89.3487 -21.0349 4
      vertex 89.2021 -21.2021 1.90735e-07
      vertex 89.2021 -21.2021 4
    endloop
  endfacet
  facet normal -0.195165 -0.98077 0
    outer loop
      vertex 88.2219 -18.3145 1.90735e-07
      vertex 88.44 -18.3579 4
      vertex 88.2219 -18.3145 4
    endloop
  endfacet
  facet normal -0.195165 -0.98077 -0
    outer loop
      vertex 88.44 -18.3579 4
      vertex 88.2219 -18.3145 1.90735e-07
      vertex 88.44 -18.3579 1.90735e-07
    endloop
  endfacet
  facet normal -0.751908 -0.659268 0
    outer loop
      vertex 89.3487 -18.9651 1.90735e-07
      vertex 89.2021 -18.7979 4
      vertex 89.2021 -18.7979 1.90735e-07
    endloop
  endfacet
  facet normal -0.751908 -0.659268 0
    outer loop
      vertex 89.2021 -18.7979 4
      vertex 89.3487 -18.9651 1.90735e-07
      vertex 89.3487 -18.9651 4
    endloop
  endfacet
  facet normal 0.997872 0.0652057 0
    outer loop
      vertex 86.3145 -20.2219 4
      vertex 86.3 -20 1.90735e-07
      vertex 86.3 -20 4
    endloop
  endfacet
  facet normal 0.997872 0.0652057 0
    outer loop
      vertex 86.3 -20 1.90735e-07
      vertex 86.3145 -20.2219 4
      vertex 86.3145 -20.2219 1.90735e-07
    endloop
  endfacet
  facet normal -0.997872 0.0652057 0
    outer loop
      vertex 89.6855 -20.2219 1.90735e-07
      vertex 89.7 -20 4
      vertex 89.7 -20 1.90735e-07
    endloop
  endfacet
  facet normal -0.997872 0.0652057 0
    outer loop
      vertex 89.7 -20 4
      vertex 89.6855 -20.2219 1.90735e-07
      vertex 89.6855 -20.2219 4
    endloop
  endfacet
  facet normal -0.997872 -0.0652057 0
    outer loop
      vertex 89.7 -20 1.90735e-07
      vertex 89.6855 -19.7781 4
      vertex 89.6855 -19.7781 1.90735e-07
    endloop
  endfacet
  facet normal -0.997872 -0.0652057 0
    outer loop
      vertex 89.6855 -19.7781 4
      vertex 89.7 -20 1.90735e-07
      vertex 89.7 -20 4
    endloop
  endfacet
  facet normal -0.659268 -0.751908 0
    outer loop
      vertex 89.0349 -18.6513 1.90735e-07
      vertex 89.2021 -18.7979 4
      vertex 89.0349 -18.6513 4
    endloop
  endfacet
  facet normal -0.659268 -0.751908 -0
    outer loop
      vertex 89.2021 -18.7979 4
      vertex 89.0349 -18.6513 1.90735e-07
      vertex 89.2021 -18.7979 1.90735e-07
    endloop
  endfacet
  facet normal -0.831566 0.555426 0
    outer loop
      vertex 89.3487 -21.0349 1.90735e-07
      vertex 89.4722 -20.85 4
      vertex 89.4722 -20.85 1.90735e-07
    endloop
  endfacet
  facet normal -0.831566 0.555426 0
    outer loop
      vertex 89.4722 -20.85 4
      vertex 89.3487 -21.0349 1.90735e-07
      vertex 89.3487 -21.0349 4
    endloop
  endfacet
  facet normal 0.751908 0.659268 0
    outer loop
      vertex 86.7979 -21.2021 4
      vertex 86.6513 -21.0349 1.90735e-07
      vertex 86.6513 -21.0349 4
    endloop
  endfacet
  facet normal 0.751908 0.659268 0
    outer loop
      vertex 86.6513 -21.0349 1.90735e-07
      vertex 86.7979 -21.2021 4
      vertex 86.7979 -21.2021 1.90735e-07
    endloop
  endfacet
  facet normal -0.98077 -0.195165 0
    outer loop
      vertex 89.6855 -19.7781 1.90735e-07
      vertex 89.6421 -19.56 4
      vertex 89.6421 -19.56 1.90735e-07
    endloop
  endfacet
  facet normal -0.98077 -0.195165 0
    outer loop
      vertex 89.6421 -19.56 4
      vertex 89.6855 -19.7781 1.90735e-07
      vertex 89.6855 -19.7781 4
    endloop
  endfacet
  facet normal 0.896754 0.44253 0
    outer loop
      vertex 86.5278 -20.85 4
      vertex 86.4294 -20.6506 1.90735e-07
      vertex 86.4294 -20.6506 4
    endloop
  endfacet
  facet normal 0.896754 0.44253 0
    outer loop
      vertex 86.4294 -20.6506 1.90735e-07
      vertex 86.5278 -20.85 4
      vertex 86.5278 -20.85 1.90735e-07
    endloop
  endfacet
  facet normal 0.321484 -0.946915 0
    outer loop
      vertex 87.3494 -18.4294 1.90735e-07
      vertex 87.56 -18.3579 4
      vertex 87.3494 -18.4294 4
    endloop
  endfacet
  facet normal 0.321484 -0.946915 0
    outer loop
      vertex 87.56 -18.3579 4
      vertex 87.3494 -18.4294 1.90735e-07
      vertex 87.56 -18.3579 1.90735e-07
    endloop
  endfacet
  facet normal 0.659268 -0.751908 0
    outer loop
      vertex 86.7979 -18.7979 1.90735e-07
      vertex 86.9651 -18.6513 4
      vertex 86.7979 -18.7979 4
    endloop
  endfacet
  facet normal 0.659268 -0.751908 0
    outer loop
      vertex 86.9651 -18.6513 4
      vertex 86.7979 -18.7979 1.90735e-07
      vertex 86.9651 -18.6513 1.90735e-07
    endloop
  endfacet
  facet normal 0.946915 0.321484 0
    outer loop
      vertex 86.4294 -20.6506 4
      vertex 86.3579 -20.44 1.90735e-07
      vertex 86.3579 -20.44 4
    endloop
  endfacet
  facet normal 0.946915 0.321484 0
    outer loop
      vertex 86.3579 -20.44 1.90735e-07
      vertex 86.4294 -20.6506 4
      vertex 86.4294 -20.6506 1.90735e-07
    endloop
  endfacet
  facet normal 0.659268 0.751908 -0
    outer loop
      vertex 86.9651 -21.3487 1.90735e-07
      vertex 86.7979 -21.2021 4
      vertex 86.9651 -21.3487 4
    endloop
  endfacet
  facet normal 0.659268 0.751908 0
    outer loop
      vertex 86.7979 -21.2021 4
      vertex 86.9651 -21.3487 1.90735e-07
      vertex 86.7979 -21.2021 1.90735e-07
    endloop
  endfacet
  facet normal -0.555426 0.831566 0
    outer loop
      vertex 89.0349 -21.3487 1.90735e-07
      vertex 88.85 -21.4722 4
      vertex 89.0349 -21.3487 4
    endloop
  endfacet
  facet normal -0.555426 0.831566 0
    outer loop
      vertex 88.85 -21.4722 4
      vertex 89.0349 -21.3487 1.90735e-07
      vertex 88.85 -21.4722 1.90735e-07
    endloop
  endfacet
  facet normal -0.659268 0.751908 0
    outer loop
      vertex 89.2021 -21.2021 1.90735e-07
      vertex 89.0349 -21.3487 4
      vertex 89.2021 -21.2021 4
    endloop
  endfacet
  facet normal -0.659268 0.751908 0
    outer loop
      vertex 89.0349 -21.3487 4
      vertex 89.2021 -21.2021 1.90735e-07
      vertex 89.0349 -21.3487 1.90735e-07
    endloop
  endfacet
  facet normal 0.0652057 0.997872 -0
    outer loop
      vertex 88 -21.7 1.90735e-07
      vertex 87.7781 -21.6855 4
      vertex 88 -21.7 4
    endloop
  endfacet
  facet normal 0.0652057 0.997872 0
    outer loop
      vertex 87.7781 -21.6855 4
      vertex 88 -21.7 1.90735e-07
      vertex 87.7781 -21.6855 1.90735e-07
    endloop
  endfacet
  facet normal 0.98077 -0.195165 0
    outer loop
      vertex 86.3145 -19.7781 4
      vertex 86.3579 -19.56 1.90735e-07
      vertex 86.3579 -19.56 4
    endloop
  endfacet
  facet normal 0.98077 -0.195165 0
    outer loop
      vertex 86.3579 -19.56 1.90735e-07
      vertex 86.3145 -19.7781 4
      vertex 86.3145 -19.7781 1.90735e-07
    endloop
  endfacet
  facet normal -0.0652057 -0.997872 0
    outer loop
      vertex 88 -18.3 1.90735e-07
      vertex 88.2219 -18.3145 4
      vertex 88 -18.3 4
    endloop
  endfacet
  facet normal -0.0652057 -0.997872 -0
    outer loop
      vertex 88.2219 -18.3145 4
      vertex 88 -18.3 1.90735e-07
      vertex 88.2219 -18.3145 1.90735e-07
    endloop
  endfacet
  facet normal 0.997872 -0.0652057 0
    outer loop
      vertex 86.3 -20 4
      vertex 86.3145 -19.7781 1.90735e-07
      vertex 86.3145 -19.7781 4
    endloop
  endfacet
  facet normal 0.997872 -0.0652057 0
    outer loop
      vertex 86.3145 -19.7781 1.90735e-07
      vertex 86.3 -20 4
      vertex 86.3 -20 1.90735e-07
    endloop
  endfacet
  facet normal -0.98077 0.195165 0
    outer loop
      vertex 89.6421 -20.44 1.90735e-07
      vertex 89.6855 -20.2219 4
      vertex 89.6855 -20.2219 1.90735e-07
    endloop
  endfacet
  facet normal -0.98077 0.195165 0
    outer loop
      vertex 89.6855 -20.2219 4
      vertex 89.6421 -20.44 1.90735e-07
      vertex 89.6421 -20.44 4
    endloop
  endfacet
  facet normal -0.946915 -0.321484 0
    outer loop
      vertex 89.6421 -19.56 1.90735e-07
      vertex 89.5706 -19.3494 4
      vertex 89.5706 -19.3494 1.90735e-07
    endloop
  endfacet
  facet normal -0.946915 -0.321484 0
    outer loop
      vertex 89.5706 -19.3494 4
      vertex 89.6421 -19.56 1.90735e-07
      vertex 89.6421 -19.56 4
    endloop
  endfacet
  facet normal -0.555426 -0.831566 0
    outer loop
      vertex 88.85 -18.5278 1.90735e-07
      vertex 89.0349 -18.6513 4
      vertex 88.85 -18.5278 4
    endloop
  endfacet
  facet normal -0.555426 -0.831566 -0
    outer loop
      vertex 89.0349 -18.6513 4
      vertex 88.85 -18.5278 1.90735e-07
      vertex 89.0349 -18.6513 1.90735e-07
    endloop
  endfacet
  facet normal 0.946915 -0.321484 0
    outer loop
      vertex 86.3579 -19.56 4
      vertex 86.4294 -19.3494 1.90735e-07
      vertex 86.4294 -19.3494 4
    endloop
  endfacet
  facet normal 0.946915 -0.321484 0
    outer loop
      vertex 86.4294 -19.3494 1.90735e-07
      vertex 86.3579 -19.56 4
      vertex 86.3579 -19.56 1.90735e-07
    endloop
  endfacet
  facet normal 0.195165 -0.98077 0
    outer loop
      vertex 87.56 -18.3579 1.90735e-07
      vertex 87.7781 -18.3145 4
      vertex 87.56 -18.3579 4
    endloop
  endfacet
  facet normal 0.195165 -0.98077 0
    outer loop
      vertex 87.7781 -18.3145 4
      vertex 87.56 -18.3579 1.90735e-07
      vertex 87.7781 -18.3145 1.90735e-07
    endloop
  endfacet
  facet normal 0.44253 0.896754 -0
    outer loop
      vertex 87.3494 -21.5706 1.90735e-07
      vertex 87.15 -21.4722 4
      vertex 87.3494 -21.5706 4
    endloop
  endfacet
  facet normal 0.44253 0.896754 0
    outer loop
      vertex 87.15 -21.4722 4
      vertex 87.3494 -21.5706 1.90735e-07
      vertex 87.15 -21.4722 1.90735e-07
    endloop
  endfacet
  facet normal 0.831566 -0.555426 0
    outer loop
      vertex 86.5278 -19.15 4
      vertex 86.6513 -18.9651 1.90735e-07
      vertex 86.6513 -18.9651 4
    endloop
  endfacet
  facet normal 0.831566 -0.555426 0
    outer loop
      vertex 86.6513 -18.9651 1.90735e-07
      vertex 86.5278 -19.15 4
      vertex 86.5278 -19.15 1.90735e-07
    endloop
  endfacet
  facet normal -0.896754 0.44253 0
    outer loop
      vertex 89.4722 -20.85 1.90735e-07
      vertex 89.5706 -20.6506 4
      vertex 89.5706 -20.6506 1.90735e-07
    endloop
  endfacet
  facet normal -0.896754 0.44253 0
    outer loop
      vertex 89.5706 -20.6506 4
      vertex 89.4722 -20.85 1.90735e-07
      vertex 89.4722 -20.85 4
    endloop
  endfacet
  facet normal 0.98077 0.195165 0
    outer loop
      vertex 86.3579 -20.44 4
      vertex 86.3145 -20.2219 1.90735e-07
      vertex 86.3145 -20.2219 4
    endloop
  endfacet
  facet normal 0.98077 0.195165 0
    outer loop
      vertex 86.3145 -20.2219 1.90735e-07
      vertex 86.3579 -20.44 4
      vertex 86.3579 -20.44 1.90735e-07
    endloop
  endfacet
  facet normal -0.44253 0.896754 0
    outer loop
      vertex 88.85 -21.4722 1.90735e-07
      vertex 88.6506 -21.5706 4
      vertex 88.85 -21.4722 4
    endloop
  endfacet
  facet normal -0.44253 0.896754 0
    outer loop
      vertex 88.6506 -21.5706 4
      vertex 88.85 -21.4722 1.90735e-07
      vertex 88.6506 -21.5706 1.90735e-07
    endloop
  endfacet
  facet normal 0.0652057 -0.997872 0
    outer loop
      vertex 87.7781 -18.3145 1.90735e-07
      vertex 88 -18.3 4
      vertex 87.7781 -18.3145 4
    endloop
  endfacet
  facet normal 0.0652057 -0.997872 0
    outer loop
      vertex 88 -18.3 4
      vertex 87.7781 -18.3145 1.90735e-07
      vertex 88 -18.3 1.90735e-07
    endloop
  endfacet
  facet normal 0.751908 -0.659268 0
    outer loop
      vertex 86.6513 -18.9651 4
      vertex 86.7979 -18.7979 1.90735e-07
      vertex 86.7979 -18.7979 4
    endloop
  endfacet
  facet normal 0.751908 -0.659268 0
    outer loop
      vertex 86.7979 -18.7979 1.90735e-07
      vertex 86.6513 -18.9651 4
      vertex 86.6513 -18.9651 1.90735e-07
    endloop
  endfacet
  facet normal -0.831566 -0.555426 0
    outer loop
      vertex 89.4722 -19.15 1.90735e-07
      vertex 89.3487 -18.9651 4
      vertex 89.3487 -18.9651 1.90735e-07
    endloop
  endfacet
  facet normal -0.831566 -0.555426 0
    outer loop
      vertex 89.3487 -18.9651 4
      vertex 89.4722 -19.15 1.90735e-07
      vertex 89.4722 -19.15 4
    endloop
  endfacet
  facet normal 0.896754 -0.44253 0
    outer loop
      vertex 86.4294 -19.3494 4
      vertex 86.5278 -19.15 1.90735e-07
      vertex 86.5278 -19.15 4
    endloop
  endfacet
  facet normal 0.896754 -0.44253 0
    outer loop
      vertex 86.5278 -19.15 1.90735e-07
      vertex 86.4294 -19.3494 4
      vertex 86.4294 -19.3494 1.90735e-07
    endloop
  endfacet
  facet normal 0.555426 0.831566 -0
    outer loop
      vertex 87.15 -21.4722 1.90735e-07
      vertex 86.9651 -21.3487 4
      vertex 87.15 -21.4722 4
    endloop
  endfacet
  facet normal 0.555426 0.831566 0
    outer loop
      vertex 86.9651 -21.3487 4
      vertex 87.15 -21.4722 1.90735e-07
      vertex 86.9651 -21.3487 1.90735e-07
    endloop
  endfacet
  facet normal -0.896754 -0.44253 0
    outer loop
      vertex 89.5706 -19.3494 1.90735e-07
      vertex 89.4722 -19.15 4
      vertex 89.4722 -19.15 1.90735e-07
    endloop
  endfacet
  facet normal -0.896754 -0.44253 0
    outer loop
      vertex 89.4722 -19.15 4
      vertex 89.5706 -19.3494 1.90735e-07
      vertex 89.5706 -19.3494 4
    endloop
  endfacet
  facet normal 0.831566 0.555426 0
    outer loop
      vertex 86.6513 -21.0349 4
      vertex 86.5278 -20.85 1.90735e-07
      vertex 86.5278 -20.85 4
    endloop
  endfacet
  facet normal 0.831566 0.555426 0
    outer loop
      vertex 86.5278 -20.85 1.90735e-07
      vertex 86.6513 -21.0349 4
      vertex 86.6513 -21.0349 1.90735e-07
    endloop
  endfacet
  facet normal 0.44253 -0.896754 0
    outer loop
      vertex 87.15 -18.5278 1.90735e-07
      vertex 87.3494 -18.4294 4
      vertex 87.15 -18.5278 4
    endloop
  endfacet
  facet normal 0.44253 -0.896754 0
    outer loop
      vertex 87.3494 -18.4294 4
      vertex 87.15 -18.5278 1.90735e-07
      vertex 87.3494 -18.4294 1.90735e-07
    endloop
  endfacet
  facet normal -0.44253 -0.896754 0
    outer loop
      vertex 88.6506 -18.4294 1.90735e-07
      vertex 88.85 -18.5278 4
      vertex 88.6506 -18.4294 4
    endloop
  endfacet
  facet normal -0.44253 -0.896754 -0
    outer loop
      vertex 88.85 -18.5278 4
      vertex 88.6506 -18.4294 1.90735e-07
      vertex 88.85 -18.5278 1.90735e-07
    endloop
  endfacet
  facet normal 0.195165 0.98077 -0
    outer loop
      vertex 87.7781 -13.6855 1.90735e-07
      vertex 87.56 -13.6421 4
      vertex 87.7781 -13.6855 4
    endloop
  endfacet
  facet normal 0.195165 0.98077 0
    outer loop
      vertex 87.56 -13.6421 4
      vertex 87.7781 -13.6855 1.90735e-07
      vertex 87.56 -13.6421 1.90735e-07
    endloop
  endfacet
  facet normal -0.195165 0.98077 0
    outer loop
      vertex 88.44 -13.6421 1.90735e-07
      vertex 88.2219 -13.6855 4
      vertex 88.44 -13.6421 4
    endloop
  endfacet
  facet normal -0.195165 0.98077 0
    outer loop
      vertex 88.2219 -13.6855 4
      vertex 88.44 -13.6421 1.90735e-07
      vertex 88.2219 -13.6855 1.90735e-07
    endloop
  endfacet
  facet normal 0.831566 0.555426 0
    outer loop
      vertex 86.6513 -13.0349 4
      vertex 86.5278 -12.85 1.90735e-07
      vertex 86.5278 -12.85 4
    endloop
  endfacet
  facet normal 0.831566 0.555426 0
    outer loop
      vertex 86.5278 -12.85 1.90735e-07
      vertex 86.6513 -13.0349 4
      vertex 86.6513 -13.0349 1.90735e-07
    endloop
  endfacet
  facet normal -0.946915 0.321484 0
    outer loop
      vertex 89.5706 -12.6506 1.90735e-07
      vertex 89.6421 -12.44 4
      vertex 89.6421 -12.44 1.90735e-07
    endloop
  endfacet
  facet normal -0.946915 0.321484 0
    outer loop
      vertex 89.6421 -12.44 4
      vertex 89.5706 -12.6506 1.90735e-07
      vertex 89.5706 -12.6506 4
    endloop
  endfacet
  facet normal -0.321484 -0.946915 0
    outer loop
      vertex 88.44 -10.3579 1.90735e-07
      vertex 88.6506 -10.4294 4
      vertex 88.44 -10.3579 4
    endloop
  endfacet
  facet normal -0.321484 -0.946915 -0
    outer loop
      vertex 88.6506 -10.4294 4
      vertex 88.44 -10.3579 1.90735e-07
      vertex 88.6506 -10.4294 1.90735e-07
    endloop
  endfacet
  facet normal 0.321484 0.946915 -0
    outer loop
      vertex 87.56 -13.6421 1.90735e-07
      vertex 87.3494 -13.5706 4
      vertex 87.56 -13.6421 4
    endloop
  endfacet
  facet normal 0.321484 0.946915 0
    outer loop
      vertex 87.3494 -13.5706 4
      vertex 87.56 -13.6421 1.90735e-07
      vertex 87.3494 -13.5706 1.90735e-07
    endloop
  endfacet
  facet normal 0.555426 -0.831566 0
    outer loop
      vertex 86.9651 -10.6513 1.90735e-07
      vertex 87.15 -10.5278 4
      vertex 86.9651 -10.6513 4
    endloop
  endfacet
  facet normal 0.555426 -0.831566 0
    outer loop
      vertex 87.15 -10.5278 4
      vertex 86.9651 -10.6513 1.90735e-07
      vertex 87.15 -10.5278 1.90735e-07
    endloop
  endfacet
  facet normal -0.321484 0.946915 0
    outer loop
      vertex 88.6506 -13.5706 1.90735e-07
      vertex 88.44 -13.6421 4
      vertex 88.6506 -13.5706 4
    endloop
  endfacet
  facet normal -0.321484 0.946915 0
    outer loop
      vertex 88.44 -13.6421 4
      vertex 88.6506 -13.5706 1.90735e-07
      vertex 88.44 -13.6421 1.90735e-07
    endloop
  endfacet
  facet normal -0.0652057 0.997872 0
    outer loop
      vertex 88.2219 -13.6855 1.90735e-07
      vertex 88 -13.7 4
      vertex 88.2219 -13.6855 4
    endloop
  endfacet
  facet normal -0.0652057 0.997872 0
    outer loop
      vertex 88 -13.7 4
      vertex 88.2219 -13.6855 1.90735e-07
      vertex 88 -13.7 1.90735e-07
    endloop
  endfacet
  facet normal -0.751908 0.659268 0
    outer loop
      vertex 89.2021 -13.2021 1.90735e-07
      vertex 89.3487 -13.0349 4
      vertex 89.3487 -13.0349 1.90735e-07
    endloop
  endfacet
  facet normal -0.751908 0.659268 0
    outer loop
      vertex 89.3487 -13.0349 4
      vertex 89.2021 -13.2021 1.90735e-07
      vertex 89.2021 -13.2021 4
    endloop
  endfacet
  facet normal -0.195165 -0.98077 0
    outer loop
      vertex 88.2219 -10.3145 1.90735e-07
      vertex 88.44 -10.3579 4
      vertex 88.2219 -10.3145 4
    endloop
  endfacet
  facet normal -0.195165 -0.98077 -0
    outer loop
      vertex 88.44 -10.3579 4
      vertex 88.2219 -10.3145 1.90735e-07
      vertex 88.44 -10.3579 1.90735e-07
    endloop
  endfacet
  facet normal -0.751908 -0.659268 0
    outer loop
      vertex 89.3487 -10.9651 1.90735e-07
      vertex 89.2021 -10.7979 4
      vertex 89.2021 -10.7979 1.90735e-07
    endloop
  endfacet
  facet normal -0.751908 -0.659268 0
    outer loop
      vertex 89.2021 -10.7979 4
      vertex 89.3487 -10.9651 1.90735e-07
      vertex 89.3487 -10.9651 4
    endloop
  endfacet
  facet normal 0.997872 0.0652057 0
    outer loop
      vertex 86.3145 -12.2219 4
      vertex 86.3 -12 1.90735e-07
      vertex 86.3 -12 4
    endloop
  endfacet
  facet normal 0.997872 0.0652057 0
    outer loop
      vertex 86.3 -12 1.90735e-07
      vertex 86.3145 -12.2219 4
      vertex 86.3145 -12.2219 1.90735e-07
    endloop
  endfacet
  facet normal -0.997872 0.0652057 0
    outer loop
      vertex 89.6855 -12.2219 1.90735e-07
      vertex 89.7 -12 4
      vertex 89.7 -12 1.90735e-07
    endloop
  endfacet
  facet normal -0.997872 0.0652057 0
    outer loop
      vertex 89.7 -12 4
      vertex 89.6855 -12.2219 1.90735e-07
      vertex 89.6855 -12.2219 4
    endloop
  endfacet
  facet normal -0.997872 -0.0652057 0
    outer loop
      vertex 89.7 -12 1.90735e-07
      vertex 89.6855 -11.7781 4
      vertex 89.6855 -11.7781 1.90735e-07
    endloop
  endfacet
  facet normal -0.997872 -0.0652057 0
    outer loop
      vertex 89.6855 -11.7781 4
      vertex 89.7 -12 1.90735e-07
      vertex 89.7 -12 4
    endloop
  endfacet
  facet normal -0.659268 -0.751908 0
    outer loop
      vertex 89.0349 -10.6513 1.90735e-07
      vertex 89.2021 -10.7979 4
      vertex 89.0349 -10.6513 4
    endloop
  endfacet
  facet normal -0.659268 -0.751908 -0
    outer loop
      vertex 89.2021 -10.7979 4
      vertex 89.0349 -10.6513 1.90735e-07
      vertex 89.2021 -10.7979 1.90735e-07
    endloop
  endfacet
  facet normal -0.831566 0.555426 0
    outer loop
      vertex 89.3487 -13.0349 1.90735e-07
      vertex 89.4722 -12.85 4
      vertex 89.4722 -12.85 1.90735e-07
    endloop
  endfacet
  facet normal -0.831566 0.555426 0
    outer loop
      vertex 89.4722 -12.85 4
      vertex 89.3487 -13.0349 1.90735e-07
      vertex 89.3487 -13.0349 4
    endloop
  endfacet
  facet normal 0.751908 0.659268 0
    outer loop
      vertex 86.7979 -13.2021 4
      vertex 86.6513 -13.0349 1.90735e-07
      vertex 86.6513 -13.0349 4
    endloop
  endfacet
  facet normal 0.751908 0.659268 0
    outer loop
      vertex 86.6513 -13.0349 1.90735e-07
      vertex 86.7979 -13.2021 4
      vertex 86.7979 -13.2021 1.90735e-07
    endloop
  endfacet
  facet normal -0.98077 -0.195165 0
    outer loop
      vertex 89.6855 -11.7781 1.90735e-07
      vertex 89.6421 -11.56 4
      vertex 89.6421 -11.56 1.90735e-07
    endloop
  endfacet
  facet normal -0.98077 -0.195165 0
    outer loop
      vertex 89.6421 -11.56 4
      vertex 89.6855 -11.7781 1.90735e-07
      vertex 89.6855 -11.7781 4
    endloop
  endfacet
  facet normal 0.896754 0.44253 0
    outer loop
      vertex 86.5278 -12.85 4
      vertex 86.4294 -12.6506 1.90735e-07
      vertex 86.4294 -12.6506 4
    endloop
  endfacet
  facet normal 0.896754 0.44253 0
    outer loop
      vertex 86.4294 -12.6506 1.90735e-07
      vertex 86.5278 -12.85 4
      vertex 86.5278 -12.85 1.90735e-07
    endloop
  endfacet
  facet normal 0.321484 -0.946915 0
    outer loop
      vertex 87.3494 -10.4294 1.90735e-07
      vertex 87.56 -10.3579 4
      vertex 87.3494 -10.4294 4
    endloop
  endfacet
  facet normal 0.321484 -0.946915 0
    outer loop
      vertex 87.56 -10.3579 4
      vertex 87.3494 -10.4294 1.90735e-07
      vertex 87.56 -10.3579 1.90735e-07
    endloop
  endfacet
  facet normal 0.659268 -0.751908 0
    outer loop
      vertex 86.7979 -10.7979 1.90735e-07
      vertex 86.9651 -10.6513 4
      vertex 86.7979 -10.7979 4
    endloop
  endfacet
  facet normal 0.659268 -0.751908 0
    outer loop
      vertex 86.9651 -10.6513 4
      vertex 86.7979 -10.7979 1.90735e-07
      vertex 86.9651 -10.6513 1.90735e-07
    endloop
  endfacet
  facet normal 0.946915 0.321484 0
    outer loop
      vertex 86.4294 -12.6506 4
      vertex 86.3579 -12.44 1.90735e-07
      vertex 86.3579 -12.44 4
    endloop
  endfacet
  facet normal 0.946915 0.321484 0
    outer loop
      vertex 86.3579 -12.44 1.90735e-07
      vertex 86.4294 -12.6506 4
      vertex 86.4294 -12.6506 1.90735e-07
    endloop
  endfacet
  facet normal 0.659268 0.751908 -0
    outer loop
      vertex 86.9651 -13.3487 1.90735e-07
      vertex 86.7979 -13.2021 4
      vertex 86.9651 -13.3487 4
    endloop
  endfacet
  facet normal 0.659268 0.751908 0
    outer loop
      vertex 86.7979 -13.2021 4
      vertex 86.9651 -13.3487 1.90735e-07
      vertex 86.7979 -13.2021 1.90735e-07
    endloop
  endfacet
  facet normal -0.555426 0.831566 0
    outer loop
      vertex 89.0349 -13.3487 1.90735e-07
      vertex 88.85 -13.4722 4
      vertex 89.0349 -13.3487 4
    endloop
  endfacet
  facet normal -0.555426 0.831566 0
    outer loop
      vertex 88.85 -13.4722 4
      vertex 89.0349 -13.3487 1.90735e-07
      vertex 88.85 -13.4722 1.90735e-07
    endloop
  endfacet
  facet normal -0.659268 0.751908 0
    outer loop
      vertex 89.2021 -13.2021 1.90735e-07
      vertex 89.0349 -13.3487 4
      vertex 89.2021 -13.2021 4
    endloop
  endfacet
  facet normal -0.659268 0.751908 0
    outer loop
      vertex 89.0349 -13.3487 4
      vertex 89.2021 -13.2021 1.90735e-07
      vertex 89.0349 -13.3487 1.90735e-07
    endloop
  endfacet
  facet normal 0.44253 -0.896754 0
    outer loop
      vertex 87.15 -10.5278 1.90735e-07
      vertex 87.3494 -10.4294 4
      vertex 87.15 -10.5278 4
    endloop
  endfacet
  facet normal 0.44253 -0.896754 0
    outer loop
      vertex 87.3494 -10.4294 4
      vertex 87.15 -10.5278 1.90735e-07
      vertex 87.3494 -10.4294 1.90735e-07
    endloop
  endfacet
  facet normal 0.0652057 0.997872 -0
    outer loop
      vertex 88 -13.7 1.90735e-07
      vertex 87.7781 -13.6855 4
      vertex 88 -13.7 4
    endloop
  endfacet
  facet normal 0.0652057 0.997872 0
    outer loop
      vertex 87.7781 -13.6855 4
      vertex 88 -13.7 1.90735e-07
      vertex 87.7781 -13.6855 1.90735e-07
    endloop
  endfacet
  facet normal 0.98077 -0.195165 0
    outer loop
      vertex 86.3145 -11.7781 4
      vertex 86.3579 -11.56 1.90735e-07
      vertex 86.3579 -11.56 4
    endloop
  endfacet
  facet normal 0.98077 -0.195165 0
    outer loop
      vertex 86.3579 -11.56 1.90735e-07
      vertex 86.3145 -11.7781 4
      vertex 86.3145 -11.7781 1.90735e-07
    endloop
  endfacet
  facet normal -0.0652057 -0.997872 0
    outer loop
      vertex 88 -10.3 1.90735e-07
      vertex 88.2219 -10.3145 4
      vertex 88 -10.3 4
    endloop
  endfacet
  facet normal -0.0652057 -0.997872 -0
    outer loop
      vertex 88.2219 -10.3145 4
      vertex 88 -10.3 1.90735e-07
      vertex 88.2219 -10.3145 1.90735e-07
    endloop
  endfacet
  facet normal 0.997872 -0.0652057 0
    outer loop
      vertex 86.3 -12 4
      vertex 86.3145 -11.7781 1.90735e-07
      vertex 86.3145 -11.7781 4
    endloop
  endfacet
  facet normal 0.997872 -0.0652057 0
    outer loop
      vertex 86.3145 -11.7781 1.90735e-07
      vertex 86.3 -12 4
      vertex 86.3 -12 1.90735e-07
    endloop
  endfacet
  facet normal -0.98077 0.195165 0
    outer loop
      vertex 89.6421 -12.44 1.90735e-07
      vertex 89.6855 -12.2219 4
      vertex 89.6855 -12.2219 1.90735e-07
    endloop
  endfacet
  facet normal -0.98077 0.195165 0
    outer loop
      vertex 89.6855 -12.2219 4
      vertex 89.6421 -12.44 1.90735e-07
      vertex 89.6421 -12.44 4
    endloop
  endfacet
  facet normal -0.946915 -0.321484 0
    outer loop
      vertex 89.6421 -11.56 1.90735e-07
      vertex 89.5706 -11.3494 4
      vertex 89.5706 -11.3494 1.90735e-07
    endloop
  endfacet
  facet normal -0.946915 -0.321484 0
    outer loop
      vertex 89.5706 -11.3494 4
      vertex 89.6421 -11.56 1.90735e-07
      vertex 89.6421 -11.56 4
    endloop
  endfacet
  facet normal -0.555426 -0.831566 0
    outer loop
      vertex 88.85 -10.5278 1.90735e-07
      vertex 89.0349 -10.6513 4
      vertex 88.85 -10.5278 4
    endloop
  endfacet
  facet normal -0.555426 -0.831566 -0
    outer loop
      vertex 89.0349 -10.6513 4
      vertex 88.85 -10.5278 1.90735e-07
      vertex 89.0349 -10.6513 1.90735e-07
    endloop
  endfacet
  facet normal 0.946915 -0.321484 0
    outer loop
      vertex 86.3579 -11.56 4
      vertex 86.4294 -11.3494 1.90735e-07
      vertex 86.4294 -11.3494 4
    endloop
  endfacet
  facet normal 0.946915 -0.321484 0
    outer loop
      vertex 86.4294 -11.3494 1.90735e-07
      vertex 86.3579 -11.56 4
      vertex 86.3579 -11.56 1.90735e-07
    endloop
  endfacet
  facet normal 0.195165 -0.98077 0
    outer loop
      vertex 87.56 -10.3579 1.90735e-07
      vertex 87.7781 -10.3145 4
      vertex 87.56 -10.3579 4
    endloop
  endfacet
  facet normal 0.195165 -0.98077 0
    outer loop
      vertex 87.7781 -10.3145 4
      vertex 87.56 -10.3579 1.90735e-07
      vertex 87.7781 -10.3145 1.90735e-07
    endloop
  endfacet
  facet normal 0.44253 0.896754 -0
    outer loop
      vertex 87.3494 -13.5706 1.90735e-07
      vertex 87.15 -13.4722 4
      vertex 87.3494 -13.5706 4
    endloop
  endfacet
  facet normal 0.44253 0.896754 0
    outer loop
      vertex 87.15 -13.4722 4
      vertex 87.3494 -13.5706 1.90735e-07
      vertex 87.15 -13.4722 1.90735e-07
    endloop
  endfacet
  facet normal 0.831566 -0.555426 0
    outer loop
      vertex 86.5278 -11.15 4
      vertex 86.6513 -10.9651 1.90735e-07
      vertex 86.6513 -10.9651 4
    endloop
  endfacet
  facet normal 0.831566 -0.555426 0
    outer loop
      vertex 86.6513 -10.9651 1.90735e-07
      vertex 86.5278 -11.15 4
      vertex 86.5278 -11.15 1.90735e-07
    endloop
  endfacet
  facet normal -0.896754 0.44253 0
    outer loop
      vertex 89.4722 -12.85 1.90735e-07
      vertex 89.5706 -12.6506 4
      vertex 89.5706 -12.6506 1.90735e-07
    endloop
  endfacet
  facet normal -0.896754 0.44253 0
    outer loop
      vertex 89.5706 -12.6506 4
      vertex 89.4722 -12.85 1.90735e-07
      vertex 89.4722 -12.85 4
    endloop
  endfacet
  facet normal 0.98077 0.195165 0
    outer loop
      vertex 86.3579 -12.44 4
      vertex 86.3145 -12.2219 1.90735e-07
      vertex 86.3145 -12.2219 4
    endloop
  endfacet
  facet normal 0.98077 0.195165 0
    outer loop
      vertex 86.3145 -12.2219 1.90735e-07
      vertex 86.3579 -12.44 4
      vertex 86.3579 -12.44 1.90735e-07
    endloop
  endfacet
  facet normal -0.44253 0.896754 0
    outer loop
      vertex 88.85 -13.4722 1.90735e-07
      vertex 88.6506 -13.5706 4
      vertex 88.85 -13.4722 4
    endloop
  endfacet
  facet normal -0.44253 0.896754 0
    outer loop
      vertex 88.6506 -13.5706 4
      vertex 88.85 -13.4722 1.90735e-07
      vertex 88.6506 -13.5706 1.90735e-07
    endloop
  endfacet
  facet normal 0.0652057 -0.997872 0
    outer loop
      vertex 87.7781 -10.3145 1.90735e-07
      vertex 88 -10.3 4
      vertex 87.7781 -10.3145 4
    endloop
  endfacet
  facet normal 0.0652057 -0.997872 0
    outer loop
      vertex 88 -10.3 4
      vertex 87.7781 -10.3145 1.90735e-07
      vertex 88 -10.3 1.90735e-07
    endloop
  endfacet
  facet normal 0.751908 -0.659268 0
    outer loop
      vertex 86.6513 -10.9651 4
      vertex 86.7979 -10.7979 1.90735e-07
      vertex 86.7979 -10.7979 4
    endloop
  endfacet
  facet normal 0.751908 -0.659268 0
    outer loop
      vertex 86.7979 -10.7979 1.90735e-07
      vertex 86.6513 -10.9651 4
      vertex 86.6513 -10.9651 1.90735e-07
    endloop
  endfacet
  facet normal -0.831566 -0.555426 0
    outer loop
      vertex 89.4722 -11.15 1.90735e-07
      vertex 89.3487 -10.9651 4
      vertex 89.3487 -10.9651 1.90735e-07
    endloop
  endfacet
  facet normal -0.831566 -0.555426 0
    outer loop
      vertex 89.3487 -10.9651 4
      vertex 89.4722 -11.15 1.90735e-07
      vertex 89.4722 -11.15 4
    endloop
  endfacet
  facet normal 0.896754 -0.44253 0
    outer loop
      vertex 86.4294 -11.3494 4
      vertex 86.5278 -11.15 1.90735e-07
      vertex 86.5278 -11.15 4
    endloop
  endfacet
  facet normal 0.896754 -0.44253 0
    outer loop
      vertex 86.5278 -11.15 1.90735e-07
      vertex 86.4294 -11.3494 4
      vertex 86.4294 -11.3494 1.90735e-07
    endloop
  endfacet
  facet normal 0.555426 0.831566 -0
    outer loop
      vertex 87.15 -13.4722 1.90735e-07
      vertex 86.9651 -13.3487 4
      vertex 87.15 -13.4722 4
    endloop
  endfacet
  facet normal 0.555426 0.831566 0
    outer loop
      vertex 86.9651 -13.3487 4
      vertex 87.15 -13.4722 1.90735e-07
      vertex 86.9651 -13.3487 1.90735e-07
    endloop
  endfacet
  facet normal -0.896754 -0.44253 0
    outer loop
      vertex 89.5706 -11.3494 1.90735e-07
      vertex 89.4722 -11.15 4
      vertex 89.4722 -11.15 1.90735e-07
    endloop
  endfacet
  facet normal -0.896754 -0.44253 0
    outer loop
      vertex 89.4722 -11.15 4
      vertex 89.5706 -11.3494 1.90735e-07
      vertex 89.5706 -11.3494 4
    endloop
  endfacet
  facet normal -0.44253 -0.896754 0
    outer loop
      vertex 88.6506 -10.4294 1.90735e-07
      vertex 88.85 -10.5278 4
      vertex 88.6506 -10.4294 4
    endloop
  endfacet
  facet normal -0.44253 -0.896754 -0
    outer loop
      vertex 88.85 -10.5278 4
      vertex 88.6506 -10.4294 1.90735e-07
      vertex 88.85 -10.5278 1.90735e-07
    endloop
  endfacet
  facet normal -0.555362 -0.831609 0
    outer loop
      vertex 88.8 -46.6144 1.90735e-07
      vertex 88.974 -46.7306 4
      vertex 88.8 -46.6144 4
    endloop
  endfacet
  facet normal -0.555362 -0.831609 -0
    outer loop
      vertex 88.974 -46.7306 4
      vertex 88.8 -46.6144 1.90735e-07
      vertex 88.974 -46.7306 1.90735e-07
    endloop
  endfacet
  facet normal 0.442429 0.896803 -0
    outer loop
      vertex 87.3877 -49.4782 1.90735e-07
      vertex 87.2 -49.3856 4
      vertex 87.3877 -49.4782 4
    endloop
  endfacet
  facet normal 0.442429 0.896803 0
    outer loop
      vertex 87.2 -49.3856 4
      vertex 87.3877 -49.4782 1.90735e-07
      vertex 87.2 -49.3856 1.90735e-07
    endloop
  endfacet
  facet normal 0.896803 -0.442429 0
    outer loop
      vertex 86.5218 -47.3877 4
      vertex 86.6144 -47.2 1.90735e-07
      vertex 86.6144 -47.2 4
    endloop
  endfacet
  facet normal 0.896803 -0.442429 0
    outer loop
      vertex 86.6144 -47.2 1.90735e-07
      vertex 86.5218 -47.3877 4
      vertex 86.5218 -47.3877 1.90735e-07
    endloop
  endfacet
  facet normal 0.980819 0.194922 0
    outer loop
      vertex 86.4545 -48.4141 4
      vertex 86.4137 -48.2088 1.90735e-07
      vertex 86.4137 -48.2088 4
    endloop
  endfacet
  facet normal 0.980819 0.194922 0
    outer loop
      vertex 86.4137 -48.2088 1.90735e-07
      vertex 86.4545 -48.4141 4
      vertex 86.4545 -48.4141 1.90735e-07
    endloop
  endfacet
  facet normal -0.555362 0.831609 0
    outer loop
      vertex 88.974 -49.2694 1.90735e-07
      vertex 88.8 -49.3856 4
      vertex 88.974 -49.2694 4
    endloop
  endfacet
  facet normal -0.555362 0.831609 0
    outer loop
      vertex 88.8 -49.3856 4
      vertex 88.974 -49.2694 1.90735e-07
      vertex 88.8 -49.3856 1.90735e-07
    endloop
  endfacet
  facet normal 0.831609 -0.555362 0
    outer loop
      vertex 86.6144 -47.2 4
      vertex 86.7306 -47.026 1.90735e-07
      vertex 86.7306 -47.026 4
    endloop
  endfacet
  facet normal 0.831609 -0.555362 0
    outer loop
      vertex 86.7306 -47.026 1.90735e-07
      vertex 86.6144 -47.2 4
      vertex 86.6144 -47.2 1.90735e-07
    endloop
  endfacet
  facet normal 0.831609 0.555362 0
    outer loop
      vertex 86.7306 -48.974 4
      vertex 86.6144 -48.8 1.90735e-07
      vertex 86.6144 -48.8 4
    endloop
  endfacet
  facet normal 0.831609 0.555362 0
    outer loop
      vertex 86.6144 -48.8 1.90735e-07
      vertex 86.7306 -48.974 4
      vertex 86.7306 -48.974 1.90735e-07
    endloop
  endfacet
  facet normal -0.442429 -0.896803 0
    outer loop
      vertex 88.6123 -46.5218 1.90735e-07
      vertex 88.8 -46.6144 4
      vertex 88.6123 -46.5218 4
    endloop
  endfacet
  facet normal -0.442429 -0.896803 -0
    outer loop
      vertex 88.8 -46.6144 4
      vertex 88.6123 -46.5218 1.90735e-07
      vertex 88.8 -46.6144 1.90735e-07
    endloop
  endfacet
  facet normal -0.442429 0.896803 0
    outer loop
      vertex 88.8 -49.3856 1.90735e-07
      vertex 88.6123 -49.4782 4
      vertex 88.8 -49.3856 4
    endloop
  endfacet
  facet normal -0.442429 0.896803 0
    outer loop
      vertex 88.6123 -49.4782 4
      vertex 88.8 -49.3856 1.90735e-07
      vertex 88.6123 -49.4782 1.90735e-07
    endloop
  endfacet
  facet normal 0.751925 -0.659248 0
    outer loop
      vertex 86.7306 -47.026 4
      vertex 86.8686 -46.8686 1.90735e-07
      vertex 86.8686 -46.8686 4
    endloop
  endfacet
  facet normal 0.751925 -0.659248 0
    outer loop
      vertex 86.8686 -46.8686 1.90735e-07
      vertex 86.7306 -47.026 4
      vertex 86.7306 -47.026 1.90735e-07
    endloop
  endfacet
  facet normal -0.659248 0.751925 0
    outer loop
      vertex 89.1314 -49.1314 1.90735e-07
      vertex 88.974 -49.2694 4
      vertex 89.1314 -49.1314 4
    endloop
  endfacet
  facet normal -0.659248 0.751925 0
    outer loop
      vertex 88.974 -49.2694 4
      vertex 89.1314 -49.1314 1.90735e-07
      vertex 88.974 -49.2694 1.90735e-07
    endloop
  endfacet
  facet normal 0.946901 -0.321526 0
    outer loop
      vertex 86.4545 -47.5859 4
      vertex 86.5218 -47.3877 1.90735e-07
      vertex 86.5218 -47.3877 4
    endloop
  endfacet
  facet normal 0.946901 -0.321526 0
    outer loop
      vertex 86.5218 -47.3877 1.90735e-07
      vertex 86.4545 -47.5859 4
      vertex 86.4545 -47.5859 1.90735e-07
    endloop
  endfacet
  facet normal -0.194922 -0.980819 0
    outer loop
      vertex 88.2088 -46.4137 1.90735e-07
      vertex 88.4141 -46.4545 4
      vertex 88.2088 -46.4137 4
    endloop
  endfacet
  facet normal -0.194922 -0.980819 -0
    outer loop
      vertex 88.4141 -46.4545 4
      vertex 88.2088 -46.4137 1.90735e-07
      vertex 88.4141 -46.4545 1.90735e-07
    endloop
  endfacet
  facet normal 0.659248 0.751925 -0
    outer loop
      vertex 87.026 -49.2694 1.90735e-07
      vertex 86.8686 -49.1314 4
      vertex 87.026 -49.2694 4
    endloop
  endfacet
  facet normal 0.659248 0.751925 0
    outer loop
      vertex 86.8686 -49.1314 4
      vertex 87.026 -49.2694 1.90735e-07
      vertex 86.8686 -49.1314 1.90735e-07
    endloop
  endfacet
  facet normal -0.980819 -0.194922 0
    outer loop
      vertex 89.5863 -47.7912 1.90735e-07
      vertex 89.5455 -47.5859 4
      vertex 89.5455 -47.5859 1.90735e-07
    endloop
  endfacet
  facet normal -0.980819 -0.194922 0
    outer loop
      vertex 89.5455 -47.5859 4
      vertex 89.5863 -47.7912 1.90735e-07
      vertex 89.5863 -47.7912 4
    endloop
  endfacet
  facet normal -0.0654722 -0.997854 0
    outer loop
      vertex 88 -46.4 1.90735e-07
      vertex 88.2088 -46.4137 4
      vertex 88 -46.4 4
    endloop
  endfacet
  facet normal -0.0654722 -0.997854 -0
    outer loop
      vertex 88.2088 -46.4137 4
      vertex 88 -46.4 1.90735e-07
      vertex 88.2088 -46.4137 1.90735e-07
    endloop
  endfacet
  facet normal -0.751925 -0.659248 0
    outer loop
      vertex 89.2694 -47.026 1.90735e-07
      vertex 89.1314 -46.8686 4
      vertex 89.1314 -46.8686 1.90735e-07
    endloop
  endfacet
  facet normal -0.751925 -0.659248 0
    outer loop
      vertex 89.1314 -46.8686 4
      vertex 89.2694 -47.026 1.90735e-07
      vertex 89.2694 -47.026 4
    endloop
  endfacet
  facet normal -0.831609 -0.555362 0
    outer loop
      vertex 89.3856 -47.2 1.90735e-07
      vertex 89.2694 -47.026 4
      vertex 89.2694 -47.026 1.90735e-07
    endloop
  endfacet
  facet normal -0.831609 -0.555362 0
    outer loop
      vertex 89.2694 -47.026 4
      vertex 89.3856 -47.2 1.90735e-07
      vertex 89.3856 -47.2 4
    endloop
  endfacet
  facet normal -0.659248 -0.751925 0
    outer loop
      vertex 88.974 -46.7306 1.90735e-07
      vertex 89.1314 -46.8686 4
      vertex 88.974 -46.7306 4
    endloop
  endfacet
  facet normal -0.659248 -0.751925 -0
    outer loop
      vertex 89.1314 -46.8686 4
      vertex 88.974 -46.7306 1.90735e-07
      vertex 89.1314 -46.8686 1.90735e-07
    endloop
  endfacet
  facet normal 0.0654722 0.997854 -0
    outer loop
      vertex 88 -49.6 1.90735e-07
      vertex 87.7912 -49.5863 4
      vertex 88 -49.6 4
    endloop
  endfacet
  facet normal 0.0654722 0.997854 0
    outer loop
      vertex 87.7912 -49.5863 4
      vertex 88 -49.6 1.90735e-07
      vertex 87.7912 -49.5863 1.90735e-07
    endloop
  endfacet
  facet normal -0.194922 0.980819 0
    outer loop
      vertex 88.4141 -49.5455 1.90735e-07
      vertex 88.2088 -49.5863 4
      vertex 88.4141 -49.5455 4
    endloop
  endfacet
  facet normal -0.194922 0.980819 0
    outer loop
      vertex 88.2088 -49.5863 4
      vertex 88.4141 -49.5455 1.90735e-07
      vertex 88.2088 -49.5863 1.90735e-07
    endloop
  endfacet
  facet normal -0.997854 0.0654722 0
    outer loop
      vertex 89.5863 -48.2088 1.90735e-07
      vertex 89.6 -48 4
      vertex 89.6 -48 1.90735e-07
    endloop
  endfacet
  facet normal -0.997854 0.0654722 0
    outer loop
      vertex 89.6 -48 4
      vertex 89.5863 -48.2088 1.90735e-07
      vertex 89.5863 -48.2088 4
    endloop
  endfacet
  facet normal 0.896803 0.442429 0
    outer loop
      vertex 86.6144 -48.8 4
      vertex 86.5218 -48.6123 1.90735e-07
      vertex 86.5218 -48.6123 4
    endloop
  endfacet
  facet normal 0.896803 0.442429 0
    outer loop
      vertex 86.5218 -48.6123 1.90735e-07
      vertex 86.6144 -48.8 4
      vertex 86.6144 -48.8 1.90735e-07
    endloop
  endfacet
  facet normal -0.0654722 0.997854 0
    outer loop
      vertex 88.2088 -49.5863 1.90735e-07
      vertex 88 -49.6 4
      vertex 88.2088 -49.5863 4
    endloop
  endfacet
  facet normal -0.0654722 0.997854 0
    outer loop
      vertex 88 -49.6 4
      vertex 88.2088 -49.5863 1.90735e-07
      vertex 88 -49.6 1.90735e-07
    endloop
  endfacet
  facet normal 0.442429 -0.896803 0
    outer loop
      vertex 87.2 -46.6144 1.90735e-07
      vertex 87.3877 -46.5218 4
      vertex 87.2 -46.6144 4
    endloop
  endfacet
  facet normal 0.442429 -0.896803 0
    outer loop
      vertex 87.3877 -46.5218 4
      vertex 87.2 -46.6144 1.90735e-07
      vertex 87.3877 -46.5218 1.90735e-07
    endloop
  endfacet
  facet normal -0.946901 -0.321526 0
    outer loop
      vertex 89.5455 -47.5859 1.90735e-07
      vertex 89.4782 -47.3877 4
      vertex 89.4782 -47.3877 1.90735e-07
    endloop
  endfacet
  facet normal -0.946901 -0.321526 0
    outer loop
      vertex 89.4782 -47.3877 4
      vertex 89.5455 -47.5859 1.90735e-07
      vertex 89.5455 -47.5859 4
    endloop
  endfacet
  facet normal -0.831609 0.555362 0
    outer loop
      vertex 89.2694 -48.974 1.90735e-07
      vertex 89.3856 -48.8 4
      vertex 89.3856 -48.8 1.90735e-07
    endloop
  endfacet
  facet normal -0.831609 0.555362 0
    outer loop
      vertex 89.3856 -48.8 4
      vertex 89.2694 -48.974 1.90735e-07
      vertex 89.2694 -48.974 4
    endloop
  endfacet
  facet normal 0.997854 -0.0654722 0
    outer loop
      vertex 86.4 -48 4
      vertex 86.4137 -47.7912 1.90735e-07
      vertex 86.4137 -47.7912 4
    endloop
  endfacet
  facet normal 0.997854 -0.0654722 0
    outer loop
      vertex 86.4137 -47.7912 1.90735e-07
      vertex 86.4 -48 4
      vertex 86.4 -48 1.90735e-07
    endloop
  endfacet
  facet normal 0.980819 -0.194922 0
    outer loop
      vertex 86.4137 -47.7912 4
      vertex 86.4545 -47.5859 1.90735e-07
      vertex 86.4545 -47.5859 4
    endloop
  endfacet
  facet normal 0.980819 -0.194922 0
    outer loop
      vertex 86.4545 -47.5859 1.90735e-07
      vertex 86.4137 -47.7912 4
      vertex 86.4137 -47.7912 1.90735e-07
    endloop
  endfacet
  facet normal 0.321526 0.946901 -0
    outer loop
      vertex 87.5859 -49.5455 1.90735e-07
      vertex 87.3877 -49.4782 4
      vertex 87.5859 -49.5455 4
    endloop
  endfacet
  facet normal 0.321526 0.946901 0
    outer loop
      vertex 87.3877 -49.4782 4
      vertex 87.5859 -49.5455 1.90735e-07
      vertex 87.3877 -49.4782 1.90735e-07
    endloop
  endfacet
  facet normal -0.321526 0.946901 0
    outer loop
      vertex 88.6123 -49.4782 1.90735e-07
      vertex 88.4141 -49.5455 4
      vertex 88.6123 -49.4782 4
    endloop
  endfacet
  facet normal -0.321526 0.946901 0
    outer loop
      vertex 88.4141 -49.5455 4
      vertex 88.6123 -49.4782 1.90735e-07
      vertex 88.4141 -49.5455 1.90735e-07
    endloop
  endfacet
  facet normal -0.946901 0.321526 0
    outer loop
      vertex 89.4782 -48.6123 1.90735e-07
      vertex 89.5455 -48.4141 4
      vertex 89.5455 -48.4141 1.90735e-07
    endloop
  endfacet
  facet normal -0.946901 0.321526 0
    outer loop
      vertex 89.5455 -48.4141 4
      vertex 89.4782 -48.6123 1.90735e-07
      vertex 89.4782 -48.6123 4
    endloop
  endfacet
  facet normal 0.321526 -0.946901 0
    outer loop
      vertex 87.3877 -46.5218 1.90735e-07
      vertex 87.5859 -46.4545 4
      vertex 87.3877 -46.5218 4
    endloop
  endfacet
  facet normal 0.321526 -0.946901 0
    outer loop
      vertex 87.5859 -46.4545 4
      vertex 87.3877 -46.5218 1.90735e-07
      vertex 87.5859 -46.4545 1.90735e-07
    endloop
  endfacet
  facet normal 0.997854 0.0654722 0
    outer loop
      vertex 86.4137 -48.2088 4
      vertex 86.4 -48 1.90735e-07
      vertex 86.4 -48 4
    endloop
  endfacet
  facet normal 0.997854 0.0654722 0
    outer loop
      vertex 86.4 -48 1.90735e-07
      vertex 86.4137 -48.2088 4
      vertex 86.4137 -48.2088 1.90735e-07
    endloop
  endfacet
  facet normal 0.555362 0.831609 -0
    outer loop
      vertex 87.2 -49.3856 1.90735e-07
      vertex 87.026 -49.2694 4
      vertex 87.2 -49.3856 4
    endloop
  endfacet
  facet normal 0.555362 0.831609 0
    outer loop
      vertex 87.026 -49.2694 4
      vertex 87.2 -49.3856 1.90735e-07
      vertex 87.026 -49.2694 1.90735e-07
    endloop
  endfacet
  facet normal -0.896803 -0.442429 0
    outer loop
      vertex 89.4782 -47.3877 1.90735e-07
      vertex 89.3856 -47.2 4
      vertex 89.3856 -47.2 1.90735e-07
    endloop
  endfacet
  facet normal -0.896803 -0.442429 0
    outer loop
      vertex 89.3856 -47.2 4
      vertex 89.4782 -47.3877 1.90735e-07
      vertex 89.4782 -47.3877 4
    endloop
  endfacet
  facet normal 0.194922 0.980819 -0
    outer loop
      vertex 87.7912 -49.5863 1.90735e-07
      vertex 87.5859 -49.5455 4
      vertex 87.7912 -49.5863 4
    endloop
  endfacet
  facet normal 0.194922 0.980819 0
    outer loop
      vertex 87.5859 -49.5455 4
      vertex 87.7912 -49.5863 1.90735e-07
      vertex 87.5859 -49.5455 1.90735e-07
    endloop
  endfacet
  facet normal -0.980819 0.194922 0
    outer loop
      vertex 89.5455 -48.4141 1.90735e-07
      vertex 89.5863 -48.2088 4
      vertex 89.5863 -48.2088 1.90735e-07
    endloop
  endfacet
  facet normal -0.980819 0.194922 0
    outer loop
      vertex 89.5863 -48.2088 4
      vertex 89.5455 -48.4141 1.90735e-07
      vertex 89.5455 -48.4141 4
    endloop
  endfacet
  facet normal 0.946901 0.321526 0
    outer loop
      vertex 86.5218 -48.6123 4
      vertex 86.4545 -48.4141 1.90735e-07
      vertex 86.4545 -48.4141 4
    endloop
  endfacet
  facet normal 0.946901 0.321526 0
    outer loop
      vertex 86.4545 -48.4141 1.90735e-07
      vertex 86.5218 -48.6123 4
      vertex 86.5218 -48.6123 1.90735e-07
    endloop
  endfacet
  facet normal 0.659248 -0.751925 0
    outer loop
      vertex 86.8686 -46.8686 1.90735e-07
      vertex 87.026 -46.7306 4
      vertex 86.8686 -46.8686 4
    endloop
  endfacet
  facet normal 0.659248 -0.751925 0
    outer loop
      vertex 87.026 -46.7306 4
      vertex 86.8686 -46.8686 1.90735e-07
      vertex 87.026 -46.7306 1.90735e-07
    endloop
  endfacet
  facet normal -0.896803 0.442429 0
    outer loop
      vertex 89.3856 -48.8 1.90735e-07
      vertex 89.4782 -48.6123 4
      vertex 89.4782 -48.6123 1.90735e-07
    endloop
  endfacet
  facet normal -0.896803 0.442429 0
    outer loop
      vertex 89.4782 -48.6123 4
      vertex 89.3856 -48.8 1.90735e-07
      vertex 89.3856 -48.8 4
    endloop
  endfacet
  facet normal 0.555362 -0.831609 0
    outer loop
      vertex 87.026 -46.7306 1.90735e-07
      vertex 87.2 -46.6144 4
      vertex 87.026 -46.7306 4
    endloop
  endfacet
  facet normal 0.555362 -0.831609 0
    outer loop
      vertex 87.2 -46.6144 4
      vertex 87.026 -46.7306 1.90735e-07
      vertex 87.2 -46.6144 1.90735e-07
    endloop
  endfacet
  facet normal -0.997854 -0.0654722 0
    outer loop
      vertex 89.6 -48 1.90735e-07
      vertex 89.5863 -47.7912 4
      vertex 89.5863 -47.7912 1.90735e-07
    endloop
  endfacet
  facet normal -0.997854 -0.0654722 0
    outer loop
      vertex 89.5863 -47.7912 4
      vertex 89.6 -48 1.90735e-07
      vertex 89.6 -48 4
    endloop
  endfacet
  facet normal 0.751925 0.659248 0
    outer loop
      vertex 86.8686 -49.1314 4
      vertex 86.7306 -48.974 1.90735e-07
      vertex 86.7306 -48.974 4
    endloop
  endfacet
  facet normal 0.751925 0.659248 0
    outer loop
      vertex 86.7306 -48.974 1.90735e-07
      vertex 86.8686 -49.1314 4
      vertex 86.8686 -49.1314 1.90735e-07
    endloop
  endfacet
  facet normal -0.751925 0.659248 0
    outer loop
      vertex 89.1314 -49.1314 1.90735e-07
      vertex 89.2694 -48.974 4
      vertex 89.2694 -48.974 1.90735e-07
    endloop
  endfacet
  facet normal -0.751925 0.659248 0
    outer loop
      vertex 89.2694 -48.974 4
      vertex 89.1314 -49.1314 1.90735e-07
      vertex 89.1314 -49.1314 4
    endloop
  endfacet
  facet normal 0.194922 -0.980819 0
    outer loop
      vertex 87.5859 -46.4545 1.90735e-07
      vertex 87.7912 -46.4137 4
      vertex 87.5859 -46.4545 4
    endloop
  endfacet
  facet normal 0.194922 -0.980819 0
    outer loop
      vertex 87.7912 -46.4137 4
      vertex 87.5859 -46.4545 1.90735e-07
      vertex 87.7912 -46.4137 1.90735e-07
    endloop
  endfacet
  facet normal 0.0654722 -0.997854 0
    outer loop
      vertex 87.7912 -46.4137 1.90735e-07
      vertex 88 -46.4 4
      vertex 87.7912 -46.4137 4
    endloop
  endfacet
  facet normal 0.0654722 -0.997854 0
    outer loop
      vertex 88 -46.4 4
      vertex 87.7912 -46.4137 1.90735e-07
      vertex 88 -46.4 1.90735e-07
    endloop
  endfacet
  facet normal -0.321526 -0.946901 0
    outer loop
      vertex 88.4141 -46.4545 1.90735e-07
      vertex 88.6123 -46.5218 4
      vertex 88.4141 -46.4545 4
    endloop
  endfacet
  facet normal -0.321526 -0.946901 -0
    outer loop
      vertex 88.6123 -46.5218 4
      vertex 88.4141 -46.4545 1.90735e-07
      vertex 88.6123 -46.5218 1.90735e-07
    endloop
  endfacet
  facet normal -0.195122 0.980779 0
    outer loop
      vertex 88.44 -1.64207 1.90735e-07
      vertex 88.2219 -1.68546 4
      vertex 88.44 -1.64207 4
    endloop
  endfacet
  facet normal -0.195122 0.980779 0
    outer loop
      vertex 88.2219 -1.68546 4
      vertex 88.44 -1.64207 1.90735e-07
      vertex 88.2219 -1.68546 1.90735e-07
    endloop
  endfacet
  facet normal -0.751888 -0.659291 0
    outer loop
      vertex 89.3487 1.03489 1.90735e-07
      vertex 89.2021 1.20208 4
      vertex 89.2021 1.20208 1.90735e-07
    endloop
  endfacet
  facet normal -0.751888 -0.659291 0
    outer loop
      vertex 89.2021 1.20208 4
      vertex 89.3487 1.03489 1.90735e-07
      vertex 89.3487 1.03489 4
    endloop
  endfacet
  facet normal -0.442386 0.896825 0
    outer loop
      vertex 88.85 -1.47224 1.90735e-07
      vertex 88.6506 -1.5706 4
      vertex 88.85 -1.47224 4
    endloop
  endfacet
  facet normal -0.442386 0.896825 0
    outer loop
      vertex 88.6506 -1.5706 4
      vertex 88.85 -1.47224 1.90735e-07
      vertex 88.6506 -1.5706 1.90735e-07
    endloop
  endfacet
  facet normal 0.659319 0.751863 -0
    outer loop
      vertex 86.9651 -1.3487 1.90735e-07
      vertex 86.7979 -1.20208 4
      vertex 86.9651 -1.3487 4
    endloop
  endfacet
  facet normal 0.659319 0.751863 0
    outer loop
      vertex 86.7979 -1.20208 4
      vertex 86.9651 -1.3487 1.90735e-07
      vertex 86.7979 -1.20208 1.90735e-07
    endloop
  endfacet
  facet normal 0.831552 0.555447 0
    outer loop
      vertex 86.6513 -1.03489 4
      vertex 86.5278 -0.85 1.90735e-07
      vertex 86.5278 -0.85 4
    endloop
  endfacet
  facet normal 0.831552 0.555447 0
    outer loop
      vertex 86.5278 -0.85 1.90735e-07
      vertex 86.6513 -1.03489 4
      vertex 86.6513 -1.03489 1.90735e-07
    endloop
  endfacet
  facet normal 0.946901 -0.321526 0
    outer loop
      vertex 86.3579 0.439992 4
      vertex 86.4294 0.650561 1.90735e-07
      vertex 86.4294 0.650561 4
    endloop
  endfacet
  facet normal 0.946901 -0.321526 0
    outer loop
      vertex 86.4294 0.650561 1.90735e-07
      vertex 86.3579 0.439992 4
      vertex 86.3579 0.439992 1.90735e-07
    endloop
  endfacet
  facet normal -0.751888 0.659291 0
    outer loop
      vertex 89.2021 -1.20208 1.90735e-07
      vertex 89.3487 -1.03489 4
      vertex 89.3487 -1.03489 1.90735e-07
    endloop
  endfacet
  facet normal -0.751888 0.659291 0
    outer loop
      vertex 89.3487 -1.03489 4
      vertex 89.2021 -1.20208 1.90735e-07
      vertex 89.2021 -1.20208 4
    endloop
  endfacet
  facet normal -0.0653848 0.99786 0
    outer loop
      vertex 88.2219 -1.68546 1.90735e-07
      vertex 88 -1.7 4
      vertex 88.2219 -1.68546 4
    endloop
  endfacet
  facet normal -0.0653848 0.99786 0
    outer loop
      vertex 88 -1.7 4
      vertex 88.2219 -1.68546 1.90735e-07
      vertex 88 -1.7 1.90735e-07
    endloop
  endfacet
  facet normal 0.896787 -0.442463 0
    outer loop
      vertex 86.4294 0.650561 4
      vertex 86.5278 0.849999 1.90735e-07
      vertex 86.5278 0.849999 4
    endloop
  endfacet
  facet normal 0.896787 -0.442463 0
    outer loop
      vertex 86.5278 0.849999 1.90735e-07
      vertex 86.4294 0.650561 4
      vertex 86.4294 0.650561 1.90735e-07
    endloop
  endfacet
  facet normal 0.195122 -0.980779 0
    outer loop
      vertex 87.56 1.64207 1.90735e-07
      vertex 87.7781 1.68546 4
      vertex 87.56 1.64207 4
    endloop
  endfacet
  facet normal 0.195122 -0.980779 0
    outer loop
      vertex 87.7781 1.68546 4
      vertex 87.56 1.64207 1.90735e-07
      vertex 87.7781 1.68546 1.90735e-07
    endloop
  endfacet
  facet normal -0.896787 -0.442463 0
    outer loop
      vertex 89.5706 0.650561 1.90735e-07
      vertex 89.4722 0.849999 4
      vertex 89.4722 0.849999 1.90735e-07
    endloop
  endfacet
  facet normal -0.896787 -0.442463 0
    outer loop
      vertex 89.4722 0.849999 4
      vertex 89.5706 0.650561 1.90735e-07
      vertex 89.5706 0.650561 4
    endloop
  endfacet
  facet normal 0.997872 0.0652071 0
    outer loop
      vertex 86.3145 -0.221895 4
      vertex 86.3 0 1.90735e-07
      vertex 86.3 0 4
    endloop
  endfacet
  facet normal 0.997872 0.0652071 0
    outer loop
      vertex 86.3 0 1.90735e-07
      vertex 86.3145 -0.221895 4
      vertex 86.3145 -0.221895 1.90735e-07
    endloop
  endfacet
  facet normal -0.946901 0.321526 0
    outer loop
      vertex 89.5706 -0.650562 1.90735e-07
      vertex 89.6421 -0.439993 4
      vertex 89.6421 -0.439993 1.90735e-07
    endloop
  endfacet
  facet normal -0.946901 0.321526 0
    outer loop
      vertex 89.6421 -0.439993 4
      vertex 89.5706 -0.650562 1.90735e-07
      vertex 89.5706 -0.650562 4
    endloop
  endfacet
  facet normal -0.997872 -0.0652074 0
    outer loop
      vertex 89.7 0 1.90735e-07
      vertex 89.6855 0.221894 4
      vertex 89.6855 0.221894 1.90735e-07
    endloop
  endfacet
  facet normal -0.997872 -0.0652074 0
    outer loop
      vertex 89.6855 0.221894 4
      vertex 89.7 0 1.90735e-07
      vertex 89.7 0 4
    endloop
  endfacet
  facet normal 0.98077 -0.195167 0
    outer loop
      vertex 86.3145 0.221894 4
      vertex 86.3579 0.439992 1.90735e-07
      vertex 86.3579 0.439992 4
    endloop
  endfacet
  facet normal 0.98077 -0.195167 0
    outer loop
      vertex 86.3579 0.439992 1.90735e-07
      vertex 86.3145 0.221894 4
      vertex 86.3145 0.221894 1.90735e-07
    endloop
  endfacet
  facet normal 0.321403 -0.946943 0
    outer loop
      vertex 87.3494 1.57059 1.90735e-07
      vertex 87.56 1.64207 4
      vertex 87.3494 1.57059 4
    endloop
  endfacet
  facet normal 0.321403 -0.946943 0
    outer loop
      vertex 87.56 1.64207 4
      vertex 87.3494 1.57059 1.90735e-07
      vertex 87.56 1.64207 1.90735e-07
    endloop
  endfacet
  facet normal -0.946901 -0.321526 0
    outer loop
      vertex 89.6421 0.439992 1.90735e-07
      vertex 89.5706 0.650561 4
      vertex 89.5706 0.650561 1.90735e-07
    endloop
  endfacet
  facet normal -0.946901 -0.321526 0
    outer loop
      vertex 89.5706 0.650561 4
      vertex 89.6421 0.439992 1.90735e-07
      vertex 89.6421 0.439992 4
    endloop
  endfacet
  facet normal 0.321363 0.946956 -0
    outer loop
      vertex 87.56 -1.64207 1.90735e-07
      vertex 87.3494 -1.5706 4
      vertex 87.56 -1.64207 4
    endloop
  endfacet
  facet normal 0.321363 0.946956 0
    outer loop
      vertex 87.3494 -1.5706 4
      vertex 87.56 -1.64207 1.90735e-07
      vertex 87.3494 -1.5706 1.90735e-07
    endloop
  endfacet
  facet normal -0.98077 0.195167 0
    outer loop
      vertex 89.6421 -0.439993 1.90735e-07
      vertex 89.6855 -0.221895 4
      vertex 89.6855 -0.221895 1.90735e-07
    endloop
  endfacet
  facet normal -0.98077 0.195167 0
    outer loop
      vertex 89.6855 -0.221895 4
      vertex 89.6421 -0.439993 1.90735e-07
      vertex 89.6421 -0.439993 4
    endloop
  endfacet
  facet normal 0.0653848 0.99786 -0
    outer loop
      vertex 88 -1.7 1.90735e-07
      vertex 87.7781 -1.68546 4
      vertex 88 -1.7 4
    endloop
  endfacet
  facet normal 0.0653848 0.99786 0
    outer loop
      vertex 87.7781 -1.68546 4
      vertex 88 -1.7 1.90735e-07
      vertex 87.7781 -1.68546 1.90735e-07
    endloop
  endfacet
  facet normal 0.751888 0.659291 0
    outer loop
      vertex 86.7979 -1.20208 4
      vertex 86.6513 -1.03489 1.90735e-07
      vertex 86.6513 -1.03489 4
    endloop
  endfacet
  facet normal 0.751888 0.659291 0
    outer loop
      vertex 86.6513 -1.03489 1.90735e-07
      vertex 86.7979 -1.20208 4
      vertex 86.7979 -1.20208 1.90735e-07
    endloop
  endfacet
  facet normal -0.831552 0.555447 0
    outer loop
      vertex 89.3487 -1.03489 1.90735e-07
      vertex 89.4722 -0.85 4
      vertex 89.4722 -0.85 1.90735e-07
    endloop
  endfacet
  facet normal -0.831552 0.555447 0
    outer loop
      vertex 89.4722 -0.85 4
      vertex 89.3487 -1.03489 1.90735e-07
      vertex 89.3487 -1.03489 4
    endloop
  endfacet
  facet normal -0.659319 0.751863 0
    outer loop
      vertex 89.2021 -1.20208 1.90735e-07
      vertex 89.0349 -1.3487 4
      vertex 89.2021 -1.20208 4
    endloop
  endfacet
  facet normal -0.659319 0.751863 0
    outer loop
      vertex 89.0349 -1.3487 4
      vertex 89.2021 -1.20208 1.90735e-07
      vertex 89.0349 -1.3487 1.90735e-07
    endloop
  endfacet
  facet normal 0.946901 0.321526 0
    outer loop
      vertex 86.4294 -0.650562 4
      vertex 86.3579 -0.439993 1.90735e-07
      vertex 86.3579 -0.439993 4
    endloop
  endfacet
  facet normal 0.946901 0.321526 0
    outer loop
      vertex 86.3579 -0.439993 1.90735e-07
      vertex 86.4294 -0.650562 4
      vertex 86.4294 -0.650562 1.90735e-07
    endloop
  endfacet
  facet normal -0.555551 0.831483 0
    outer loop
      vertex 89.0349 -1.3487 1.90735e-07
      vertex 88.85 -1.47224 4
      vertex 89.0349 -1.3487 4
    endloop
  endfacet
  facet normal -0.555551 0.831483 0
    outer loop
      vertex 88.85 -1.47224 4
      vertex 89.0349 -1.3487 1.90735e-07
      vertex 88.85 -1.47224 1.90735e-07
    endloop
  endfacet
  facet normal -0.0653848 -0.99786 0
    outer loop
      vertex 88 1.7 1.90735e-07
      vertex 88.2219 1.68546 4
      vertex 88 1.7 4
    endloop
  endfacet
  facet normal -0.0653848 -0.99786 -0
    outer loop
      vertex 88.2219 1.68546 4
      vertex 88 1.7 1.90735e-07
      vertex 88.2219 1.68546 1.90735e-07
    endloop
  endfacet
  facet normal 0.751888 -0.659291 0
    outer loop
      vertex 86.6513 1.03489 4
      vertex 86.7979 1.20208 1.90735e-07
      vertex 86.7979 1.20208 4
    endloop
  endfacet
  facet normal 0.751888 -0.659291 0
    outer loop
      vertex 86.7979 1.20208 1.90735e-07
      vertex 86.6513 1.03489 4
      vertex 86.6513 1.03489 1.90735e-07
    endloop
  endfacet
  facet normal -0.321403 -0.946943 0
    outer loop
      vertex 88.44 1.64207 1.90735e-07
      vertex 88.6506 1.57059 4
      vertex 88.44 1.64207 4
    endloop
  endfacet
  facet normal -0.321403 -0.946943 -0
    outer loop
      vertex 88.6506 1.57059 4
      vertex 88.44 1.64207 1.90735e-07
      vertex 88.6506 1.57059 1.90735e-07
    endloop
  endfacet
  facet normal -0.896787 0.442463 0
    outer loop
      vertex 89.4722 -0.85 1.90735e-07
      vertex 89.5706 -0.650562 4
      vertex 89.5706 -0.650562 1.90735e-07
    endloop
  endfacet
  facet normal -0.896787 0.442463 0
    outer loop
      vertex 89.5706 -0.650562 4
      vertex 89.4722 -0.85 1.90735e-07
      vertex 89.4722 -0.85 4
    endloop
  endfacet
  facet normal -0.98077 -0.195167 0
    outer loop
      vertex 89.6855 0.221894 1.90735e-07
      vertex 89.6421 0.439992 4
      vertex 89.6421 0.439992 1.90735e-07
    endloop
  endfacet
  facet normal -0.98077 -0.195167 0
    outer loop
      vertex 89.6421 0.439992 4
      vertex 89.6855 0.221894 1.90735e-07
      vertex 89.6855 0.221894 4
    endloop
  endfacet
  facet normal -0.442349 -0.896843 0
    outer loop
      vertex 88.6506 1.57059 1.90735e-07
      vertex 88.85 1.47224 4
      vertex 88.6506 1.57059 4
    endloop
  endfacet
  facet normal -0.442349 -0.896843 -0
    outer loop
      vertex 88.85 1.47224 4
      vertex 88.6506 1.57059 1.90735e-07
      vertex 88.85 1.47224 1.90735e-07
    endloop
  endfacet
  facet normal 0.896787 0.442463 0
    outer loop
      vertex 86.5278 -0.85 4
      vertex 86.4294 -0.650562 1.90735e-07
      vertex 86.4294 -0.650562 4
    endloop
  endfacet
  facet normal 0.896787 0.442463 0
    outer loop
      vertex 86.4294 -0.650562 1.90735e-07
      vertex 86.5278 -0.85 4
      vertex 86.5278 -0.85 1.90735e-07
    endloop
  endfacet
  facet normal -0.321363 0.946956 0
    outer loop
      vertex 88.6506 -1.5706 1.90735e-07
      vertex 88.44 -1.64207 4
      vertex 88.6506 -1.5706 4
    endloop
  endfacet
  facet normal -0.321363 0.946956 0
    outer loop
      vertex 88.44 -1.64207 4
      vertex 88.6506 -1.5706 1.90735e-07
      vertex 88.44 -1.64207 1.90735e-07
    endloop
  endfacet
  facet normal 0.659319 -0.751863 0
    outer loop
      vertex 86.7979 1.20208 1.90735e-07
      vertex 86.9651 1.3487 4
      vertex 86.7979 1.20208 4
    endloop
  endfacet
  facet normal 0.659319 -0.751863 0
    outer loop
      vertex 86.9651 1.3487 4
      vertex 86.7979 1.20208 1.90735e-07
      vertex 86.9651 1.3487 1.90735e-07
    endloop
  endfacet
  facet normal 0.98077 0.195167 0
    outer loop
      vertex 86.3579 -0.439993 4
      vertex 86.3145 -0.221895 1.90735e-07
      vertex 86.3145 -0.221895 4
    endloop
  endfacet
  facet normal 0.98077 0.195167 0
    outer loop
      vertex 86.3145 -0.221895 1.90735e-07
      vertex 86.3579 -0.439993 4
      vertex 86.3579 -0.439993 1.90735e-07
    endloop
  endfacet
  facet normal 0.442386 0.896825 -0
    outer loop
      vertex 87.3494 -1.5706 1.90735e-07
      vertex 87.15 -1.47224 4
      vertex 87.3494 -1.5706 4
    endloop
  endfacet
  facet normal 0.442386 0.896825 0
    outer loop
      vertex 87.15 -1.47224 4
      vertex 87.3494 -1.5706 1.90735e-07
      vertex 87.15 -1.47224 1.90735e-07
    endloop
  endfacet
  facet normal 0.555551 0.831483 -0
    outer loop
      vertex 87.15 -1.47224 1.90735e-07
      vertex 86.9651 -1.3487 4
      vertex 87.15 -1.47224 4
    endloop
  endfacet
  facet normal 0.555551 0.831483 0
    outer loop
      vertex 86.9651 -1.3487 4
      vertex 87.15 -1.47224 1.90735e-07
      vertex 86.9651 -1.3487 1.90735e-07
    endloop
  endfacet
  facet normal 0.195122 0.980779 -0
    outer loop
      vertex 87.7781 -1.68546 1.90735e-07
      vertex 87.56 -1.64207 4
      vertex 87.7781 -1.68546 4
    endloop
  endfacet
  facet normal 0.195122 0.980779 0
    outer loop
      vertex 87.56 -1.64207 4
      vertex 87.7781 -1.68546 1.90735e-07
      vertex 87.56 -1.64207 1.90735e-07
    endloop
  endfacet
  facet normal -0.997872 0.0652071 0
    outer loop
      vertex 89.6855 -0.221895 1.90735e-07
      vertex 89.7 0 4
      vertex 89.7 0 1.90735e-07
    endloop
  endfacet
  facet normal -0.997872 0.0652071 0
    outer loop
      vertex 89.7 0 4
      vertex 89.6855 -0.221895 1.90735e-07
      vertex 89.6855 -0.221895 4
    endloop
  endfacet
  facet normal -0.195122 -0.980779 0
    outer loop
      vertex 88.2219 1.68546 1.90735e-07
      vertex 88.44 1.64207 4
      vertex 88.2219 1.68546 4
    endloop
  endfacet
  facet normal -0.195122 -0.980779 -0
    outer loop
      vertex 88.44 1.64207 4
      vertex 88.2219 1.68546 1.90735e-07
      vertex 88.44 1.64207 1.90735e-07
    endloop
  endfacet
  facet normal -0.659319 -0.751863 0
    outer loop
      vertex 89.0349 1.3487 1.90735e-07
      vertex 89.2021 1.20208 4
      vertex 89.0349 1.3487 4
    endloop
  endfacet
  facet normal -0.659319 -0.751863 -0
    outer loop
      vertex 89.2021 1.20208 4
      vertex 89.0349 1.3487 1.90735e-07
      vertex 89.2021 1.20208 1.90735e-07
    endloop
  endfacet
  facet normal -0.555551 -0.831483 0
    outer loop
      vertex 88.85 1.47224 1.90735e-07
      vertex 89.0349 1.3487 4
      vertex 88.85 1.47224 4
    endloop
  endfacet
  facet normal -0.555551 -0.831483 -0
    outer loop
      vertex 89.0349 1.3487 4
      vertex 88.85 1.47224 1.90735e-07
      vertex 89.0349 1.3487 1.90735e-07
    endloop
  endfacet
  facet normal 0.997872 -0.0652074 0
    outer loop
      vertex 86.3 0 4
      vertex 86.3145 0.221894 1.90735e-07
      vertex 86.3145 0.221894 4
    endloop
  endfacet
  facet normal 0.997872 -0.0652074 0
    outer loop
      vertex 86.3145 0.221894 1.90735e-07
      vertex 86.3 0 4
      vertex 86.3 0 1.90735e-07
    endloop
  endfacet
  facet normal 0.442349 -0.896843 0
    outer loop
      vertex 87.15 1.47224 1.90735e-07
      vertex 87.3494 1.57059 4
      vertex 87.15 1.47224 4
    endloop
  endfacet
  facet normal 0.442349 -0.896843 0
    outer loop
      vertex 87.3494 1.57059 4
      vertex 87.15 1.47224 1.90735e-07
      vertex 87.3494 1.57059 1.90735e-07
    endloop
  endfacet
  facet normal 0.555551 -0.831483 0
    outer loop
      vertex 86.9651 1.3487 1.90735e-07
      vertex 87.15 1.47224 4
      vertex 86.9651 1.3487 4
    endloop
  endfacet
  facet normal 0.555551 -0.831483 0
    outer loop
      vertex 87.15 1.47224 4
      vertex 86.9651 1.3487 1.90735e-07
      vertex 87.15 1.47224 1.90735e-07
    endloop
  endfacet
  facet normal 0.0653848 -0.99786 0
    outer loop
      vertex 87.7781 1.68546 1.90735e-07
      vertex 88 1.7 4
      vertex 87.7781 1.68546 4
    endloop
  endfacet
  facet normal 0.0653848 -0.99786 0
    outer loop
      vertex 88 1.7 4
      vertex 87.7781 1.68546 1.90735e-07
      vertex 88 1.7 1.90735e-07
    endloop
  endfacet
  facet normal -0.831553 -0.555445 0
    outer loop
      vertex 89.4722 0.849999 1.90735e-07
      vertex 89.3487 1.03489 4
      vertex 89.3487 1.03489 1.90735e-07
    endloop
  endfacet
  facet normal -0.831553 -0.555445 0
    outer loop
      vertex 89.3487 1.03489 4
      vertex 89.4722 0.849999 1.90735e-07
      vertex 89.4722 0.849999 4
    endloop
  endfacet
  facet normal 0.831553 -0.555445 0
    outer loop
      vertex 86.5278 0.849999 4
      vertex 86.6513 1.03489 1.90735e-07
      vertex 86.6513 1.03489 4
    endloop
  endfacet
  facet normal 0.831553 -0.555445 0
    outer loop
      vertex 86.6513 1.03489 1.90735e-07
      vertex 86.5278 0.849999 4
      vertex 86.5278 0.849999 1.90735e-07
    endloop
  endfacet
  facet normal 1 0 0
    outer loop
      vertex 119 -35.85 14.3
      vertex 119 -37.85 12.3
      vertex 119 -35.85 4
    endloop
  endfacet
  facet normal 1 0 0
    outer loop
      vertex 119 -35.85 14.3
      vertex 119 -42.15 12.3
      vertex 119 -37.85 12.3
    endloop
  endfacet
  facet normal 1 0 0
    outer loop
      vertex 119 -42.15 12.3
      vertex 119 -44.15 14.3
      vertex 119 -42.15 6
    endloop
  endfacet
  facet normal 1 -0 0
    outer loop
      vertex 119 -44.15 14.3
      vertex 119 -42.15 12.3
      vertex 119 -35.85 14.3
    endloop
  endfacet
  facet normal 1 -0 0
    outer loop
      vertex 119 -37.85 6
      vertex 119 -35.85 4
      vertex 119 -37.85 12.3
    endloop
  endfacet
  facet normal 1 -0 0
    outer loop
      vertex 119 -42.15 6
      vertex 119 -35.85 4
      vertex 119 -37.85 6
    endloop
  endfacet
  facet normal 1 0 0
    outer loop
      vertex 119 -42.15 6
      vertex 119 -44.15 4
      vertex 119 -35.85 4
    endloop
  endfacet
  facet normal 1 0 0
    outer loop
      vertex 119 -44.15 4
      vertex 119 -42.15 6
      vertex 119 -44.15 14.3
    endloop
  endfacet
  facet normal -0 0 1
    outer loop
      vertex 105 -35.85 14.3
      vertex 119 -44.15 14.3
      vertex 119 -35.85 14.3
    endloop
  endfacet
  facet normal 0 0 1
    outer loop
      vertex 119 -44.15 14.3
      vertex 105 -35.85 14.3
      vertex 105 -44.15 14.3
    endloop
  endfacet
  facet normal 0 0 1
    outer loop
      vertex 121.888 -38.5511 4
      vertex 124 -37 4
      vertex 123.974 -36.6084 4
    endloop
  endfacet
  facet normal 0 0 1
    outer loop
      vertex 124 -37 4
      vertex 123 -40 4
      vertex 124 -43 4
    endloop
  endfacet
  facet normal 0 0 1
    outer loop
      vertex 121.888 -38.5511 4
      vertex 123.974 -36.6084 4
      vertex 123.898 -36.2236 4
    endloop
  endfacet
  facet normal -0 0 1
    outer loop
      vertex 122.987 -40.1958 4
      vertex 124 -43 4
      vertex 123 -40 4
    endloop
  endfacet
  facet normal 0 0 1
    outer loop
      vertex 121.696 -38.5128 4
      vertex 123.898 -36.2236 4
      vertex 123.772 -35.852 4
    endloop
  endfacet
  facet normal -0 0 1
    outer loop
      vertex 122.949 -40.3882 4
      vertex 124 -43 4
      vertex 122.987 -40.1958 4
    endloop
  endfacet
  facet normal 0 0 1
    outer loop
      vertex 121.696 -38.5128 4
      vertex 123.772 -35.852 4
      vertex 123.598 -35.5 4
    endloop
  endfacet
  facet normal -0 0 1
    outer loop
      vertex 122.886 -40.574 4
      vertex 124 -43 4
      vertex 122.949 -40.3882 4
    endloop
  endfacet
  facet normal 0 0 1
    outer loop
      vertex 121.696 -38.5128 4
      vertex 123.598 -35.5 4
      vertex 123.38 -35.1737 4
    endloop
  endfacet
  facet normal -0 0 1
    outer loop
      vertex 122.799 -40.75 4
      vertex 124 -43 4
      vertex 122.886 -40.574 4
    endloop
  endfacet
  facet normal 0 0 1
    outer loop
      vertex 121.5 -38.5 4
      vertex 123.38 -35.1737 4
      vertex 123.121 -34.8787 4
    endloop
  endfacet
  facet normal -0 0 1
    outer loop
      vertex 122.69 -40.9131 4
      vertex 124 -43 4
      vertex 122.799 -40.75 4
    endloop
  endfacet
  facet normal -0 0 1
    outer loop
      vertex 122.561 -41.0607 4
      vertex 124 -43 4
      vertex 122.69 -40.9131 4
    endloop
  endfacet
  facet normal 0 0 1
    outer loop
      vertex 124 -37 4
      vertex 122.987 -39.8042 4
      vertex 123 -40 4
    endloop
  endfacet
  facet normal 0 0 1
    outer loop
      vertex 124 -37 4
      vertex 122.949 -39.6118 4
      vertex 122.987 -39.8042 4
    endloop
  endfacet
  facet normal 0 0 1
    outer loop
      vertex 124 -37 4
      vertex 122.886 -39.426 4
      vertex 122.949 -39.6118 4
    endloop
  endfacet
  facet normal 0 0 1
    outer loop
      vertex 121.5 -38.5 4
      vertex 123.121 -34.8787 4
      vertex 122.826 -34.6199 4
    endloop
  endfacet
  facet normal 0 0 1
    outer loop
      vertex 124 -37 4
      vertex 122.799 -39.25 4
      vertex 122.886 -39.426 4
    endloop
  endfacet
  facet normal 0 0 1
    outer loop
      vertex 124 -37 4
      vertex 122.69 -39.0869 4
      vertex 122.799 -39.25 4
    endloop
  endfacet
  facet normal 0 0 1
    outer loop
      vertex 124 -37 4
      vertex 122.561 -38.9393 4
      vertex 122.69 -39.0869 4
    endloop
  endfacet
  facet normal 0 0 1
    outer loop
      vertex 121.5 -38.5 4
      vertex 122.826 -34.6199 4
      vertex 122.5 -34.4019 4
    endloop
  endfacet
  facet normal 0 0 1
    outer loop
      vertex 124 -37 4
      vertex 122.413 -38.81 4
      vertex 122.561 -38.9393 4
    endloop
  endfacet
  facet normal 0 0 1
    outer loop
      vertex 124 -37 4
      vertex 122.25 -38.701 4
      vertex 122.413 -38.81 4
    endloop
  endfacet
  facet normal 0 0 1
    outer loop
      vertex 121.5 -38.5 4
      vertex 122.5 -34.4019 4
      vertex 122.148 -34.2284 4
    endloop
  endfacet
  facet normal 0 0 1
    outer loop
      vertex 124 -37 4
      vertex 122.074 -38.6142 4
      vertex 122.25 -38.701 4
    endloop
  endfacet
  facet normal 0 0 1
    outer loop
      vertex 124 -37 4
      vertex 121.888 -38.5511 4
      vertex 122.074 -38.6142 4
    endloop
  endfacet
  facet normal 0 0 1
    outer loop
      vertex 121.5 -38.5 4
      vertex 122.148 -34.2284 4
      vertex 121.776 -34.1022 4
    endloop
  endfacet
  facet normal 0 0 1
    outer loop
      vertex 123.898 -36.2236 4
      vertex 121.696 -38.5128 4
      vertex 121.888 -38.5511 4
    endloop
  endfacet
  facet normal 0 0 1
    outer loop
      vertex 123.38 -35.1737 4
      vertex 121.5 -38.5 4
      vertex 121.696 -38.5128 4
    endloop
  endfacet
  facet normal 0 0 1
    outer loop
      vertex 119 -35.85 4
      vertex 121.776 -34.1022 4
      vertex 121.392 -34.0257 4
    endloop
  endfacet
  facet normal 0 0 1
    outer loop
      vertex 121.776 -34.1022 4
      vertex 121.304 -38.5128 4
      vertex 121.5 -38.5 4
    endloop
  endfacet
  facet normal 0 0 1
    outer loop
      vertex 121.776 -34.1022 4
      vertex 119 -35.85 4
      vertex 121.304 -38.5128 4
    endloop
  endfacet
  facet normal 0 0 1
    outer loop
      vertex 119 -35.85 4
      vertex 121.392 -34.0257 4
      vertex 121 -34 4
    endloop
  endfacet
  facet normal 0 0 1
    outer loop
      vertex 121.304 -38.5128 4
      vertex 119 -35.85 4
      vertex 121.112 -38.5511 4
    endloop
  endfacet
  facet normal 0 0 1
    outer loop
      vertex 121.112 -38.5511 4
      vertex 119 -35.85 4
      vertex 120.926 -38.6142 4
    endloop
  endfacet
  facet normal 0 0 1
    outer loop
      vertex 120.926 -38.6142 4
      vertex 119 -35.85 4
      vertex 120.75 -38.701 4
    endloop
  endfacet
  facet normal 0 0 1
    outer loop
      vertex 120.75 -38.701 4
      vertex 119 -35.85 4
      vertex 120.587 -38.81 4
    endloop
  endfacet
  facet normal 0 0 1
    outer loop
      vertex 120.587 -38.81 4
      vertex 119 -35.85 4
      vertex 120.439 -38.9393 4
    endloop
  endfacet
  facet normal 0 0 1
    outer loop
      vertex 120.439 -38.9393 4
      vertex 119 -35.85 4
      vertex 120.31 -39.0869 4
    endloop
  endfacet
  facet normal 0 0 1
    outer loop
      vertex 120.31 -39.0869 4
      vertex 119 -35.85 4
      vertex 120.201 -39.25 4
    endloop
  endfacet
  facet normal 0 0 1
    outer loop
      vertex 120.201 -39.25 4
      vertex 119 -35.85 4
      vertex 120.114 -39.426 4
    endloop
  endfacet
  facet normal 0 0 1
    outer loop
      vertex 120.114 -39.426 4
      vertex 119 -35.85 4
      vertex 120.051 -39.6118 4
    endloop
  endfacet
  facet normal 0 0 1
    outer loop
      vertex 120.013 -39.8042 4
      vertex 119 -35.85 4
      vertex 120 -40 4
    endloop
  endfacet
  facet normal 0 0 1
    outer loop
      vertex 120.051 -39.6118 4
      vertex 119 -35.85 4
      vertex 120.013 -39.8042 4
    endloop
  endfacet
  facet normal 0 0 1
    outer loop
      vertex 121 -34 4
      vertex 105 -35.85 4
      vertex 119 -35.85 4
    endloop
  endfacet
  facet normal 0 0 1
    outer loop
      vertex 105 -35.85 4
      vertex 104 -40 4
      vertex 105 -44.15 4
    endloop
  endfacet
  facet normal 0 0 1
    outer loop
      vertex 105 -35.85 4
      vertex 103.987 -39.8042 4
      vertex 104 -40 4
    endloop
  endfacet
  facet normal 0 0 1
    outer loop
      vertex 105 -35.85 4
      vertex 103.949 -39.6118 4
      vertex 103.987 -39.8042 4
    endloop
  endfacet
  facet normal 0 0 1
    outer loop
      vertex 105 -35.85 4
      vertex 103.886 -39.426 4
      vertex 103.949 -39.6118 4
    endloop
  endfacet
  facet normal 0 0 1
    outer loop
      vertex 105 -35.85 4
      vertex 103.799 -39.25 4
      vertex 103.886 -39.426 4
    endloop
  endfacet
  facet normal 0 0 1
    outer loop
      vertex 105 -35.85 4
      vertex 103.69 -39.0869 4
      vertex 103.799 -39.25 4
    endloop
  endfacet
  facet normal 0 0 1
    outer loop
      vertex 105 -35.85 4
      vertex 103.561 -38.9393 4
      vertex 103.69 -39.0869 4
    endloop
  endfacet
  facet normal 0 0 1
    outer loop
      vertex 105 -35.85 4
      vertex 103.413 -38.81 4
      vertex 103.561 -38.9393 4
    endloop
  endfacet
  facet normal 0 0 1
    outer loop
      vertex 105 -35.85 4
      vertex 103.25 -38.701 4
      vertex 103.413 -38.81 4
    endloop
  endfacet
  facet normal 0 0 1
    outer loop
      vertex 105 -35.85 4
      vertex 103.074 -38.6142 4
      vertex 103.25 -38.701 4
    endloop
  endfacet
  facet normal -0 0 1
    outer loop
      vertex 103 -34 4
      vertex 105 -35.85 4
      vertex 121 -34 4
    endloop
  endfacet
  facet normal -0 0 1
    outer loop
      vertex 102.608 -34.0257 4
      vertex 105 -35.85 4
      vertex 103 -34 4
    endloop
  endfacet
  facet normal 0 0 1
    outer loop
      vertex 105 -35.85 4
      vertex 102.888 -38.5511 4
      vertex 103.074 -38.6142 4
    endloop
  endfacet
  facet normal 0 0 1
    outer loop
      vertex 105 -35.85 4
      vertex 102.696 -38.5128 4
      vertex 102.888 -38.5511 4
    endloop
  endfacet
  facet normal -0 0 1
    outer loop
      vertex 102.224 -34.1022 4
      vertex 105 -35.85 4
      vertex 102.608 -34.0257 4
    endloop
  endfacet
  facet normal 0 0 1
    outer loop
      vertex 105 -35.85 4
      vertex 102.224 -34.1022 4
      vertex 102.696 -38.5128 4
    endloop
  endfacet
  facet normal 0 0 1
    outer loop
      vertex 102.696 -38.5128 4
      vertex 102.224 -34.1022 4
      vertex 102.5 -38.5 4
    endloop
  endfacet
  facet normal -0 0 1
    outer loop
      vertex 101.852 -34.2284 4
      vertex 102.5 -38.5 4
      vertex 102.224 -34.1022 4
    endloop
  endfacet
  facet normal -0 0 1
    outer loop
      vertex 101.5 -34.4019 4
      vertex 102.5 -38.5 4
      vertex 101.852 -34.2284 4
    endloop
  endfacet
  facet normal -0 0 1
    outer loop
      vertex 101.174 -34.6199 4
      vertex 102.5 -38.5 4
      vertex 101.5 -34.4019 4
    endloop
  endfacet
  facet normal -0 0 1
    outer loop
      vertex 100.879 -34.8787 4
      vertex 102.5 -38.5 4
      vertex 101.174 -34.6199 4
    endloop
  endfacet
  facet normal -0 0 1
    outer loop
      vertex 100.62 -35.1737 4
      vertex 102.5 -38.5 4
      vertex 100.879 -34.8787 4
    endloop
  endfacet
  facet normal 0 0 1
    outer loop
      vertex 102.5 -38.5 4
      vertex 100.62 -35.1737 4
      vertex 102.304 -38.5128 4
    endloop
  endfacet
  facet normal -0 0 1
    outer loop
      vertex 100.402 -35.5 4
      vertex 102.304 -38.5128 4
      vertex 100.62 -35.1737 4
    endloop
  endfacet
  facet normal -0 0 1
    outer loop
      vertex 100.228 -35.852 4
      vertex 102.304 -38.5128 4
      vertex 100.402 -35.5 4
    endloop
  endfacet
  facet normal -0 0 1
    outer loop
      vertex 100.102 -36.2236 4
      vertex 102.304 -38.5128 4
      vertex 100.228 -35.852 4
    endloop
  endfacet
  facet normal 0 0 1
    outer loop
      vertex 102.304 -38.5128 4
      vertex 100.102 -36.2236 4
      vertex 102.112 -38.5511 4
    endloop
  endfacet
  facet normal -0 0 1
    outer loop
      vertex 100.026 -36.6084 4
      vertex 102.112 -38.5511 4
      vertex 100.102 -36.2236 4
    endloop
  endfacet
  facet normal -0 0 1
    outer loop
      vertex 100 -37 4
      vertex 102.112 -38.5511 4
      vertex 100.026 -36.6084 4
    endloop
  endfacet
  facet normal 0 0 1
    outer loop
      vertex 101.201 -39.25 4
      vertex 100 -37 4
      vertex 101.114 -39.426 4
    endloop
  endfacet
  facet normal 0 0 1
    outer loop
      vertex 101.114 -39.426 4
      vertex 100 -37 4
      vertex 101.051 -39.6118 4
    endloop
  endfacet
  facet normal 0 0 1
    outer loop
      vertex 101.051 -39.6118 4
      vertex 100 -37 4
      vertex 101.013 -39.8042 4
    endloop
  endfacet
  facet normal 0 0 1
    outer loop
      vertex 102.112 -38.5511 4
      vertex 100 -37 4
      vertex 101.926 -38.6142 4
    endloop
  endfacet
  facet normal -0 0 1
    outer loop
      vertex 122.413 -41.19 4
      vertex 124 -43 4
      vertex 122.561 -41.0607 4
    endloop
  endfacet
  facet normal -0 0 1
    outer loop
      vertex 122.25 -41.299 4
      vertex 124 -43 4
      vertex 122.413 -41.19 4
    endloop
  endfacet
  facet normal -0 0 1
    outer loop
      vertex 122.074 -41.3858 4
      vertex 124 -43 4
      vertex 122.25 -41.299 4
    endloop
  endfacet
  facet normal -0 0 1
    outer loop
      vertex 121.888 -41.4489 4
      vertex 124 -43 4
      vertex 122.074 -41.3858 4
    endloop
  endfacet
  facet normal 0 0 1
    outer loop
      vertex 124 -43 4
      vertex 121.888 -41.4489 4
      vertex 123.974 -43.3916 4
    endloop
  endfacet
  facet normal 0 0 1
    outer loop
      vertex 123.974 -43.3916 4
      vertex 121.888 -41.4489 4
      vertex 123.898 -43.7764 4
    endloop
  endfacet
  facet normal -0 0 1
    outer loop
      vertex 121.696 -41.4872 4
      vertex 123.898 -43.7764 4
      vertex 121.888 -41.4489 4
    endloop
  endfacet
  facet normal 0 0 1
    outer loop
      vertex 123.898 -43.7764 4
      vertex 121.696 -41.4872 4
      vertex 123.772 -44.148 4
    endloop
  endfacet
  facet normal 0 0 1
    outer loop
      vertex 123.772 -44.148 4
      vertex 121.696 -41.4872 4
      vertex 123.598 -44.5 4
    endloop
  endfacet
  facet normal 0 0 1
    outer loop
      vertex 123.598 -44.5 4
      vertex 121.696 -41.4872 4
      vertex 123.38 -44.8263 4
    endloop
  endfacet
  facet normal -0 0 1
    outer loop
      vertex 121.5 -41.5 4
      vertex 123.38 -44.8263 4
      vertex 121.696 -41.4872 4
    endloop
  endfacet
  facet normal 0 0 1
    outer loop
      vertex 123.38 -44.8263 4
      vertex 121.5 -41.5 4
      vertex 123.121 -45.1213 4
    endloop
  endfacet
  facet normal 0 0 1
    outer loop
      vertex 123.121 -45.1213 4
      vertex 121.5 -41.5 4
      vertex 122.826 -45.3801 4
    endloop
  endfacet
  facet normal 0 0 1
    outer loop
      vertex 122.826 -45.3801 4
      vertex 121.5 -41.5 4
      vertex 122.5 -45.5981 4
    endloop
  endfacet
  facet normal 0 0 1
    outer loop
      vertex 122.5 -45.5981 4
      vertex 121.5 -41.5 4
      vertex 122.148 -45.7716 4
    endloop
  endfacet
  facet normal 0 0 1
    outer loop
      vertex 122.148 -45.7716 4
      vertex 121.5 -41.5 4
      vertex 121.776 -45.8978 4
    endloop
  endfacet
  facet normal 0 0 1
    outer loop
      vertex 121.304 -41.4872 4
      vertex 121.776 -45.8978 4
      vertex 121.5 -41.5 4
    endloop
  endfacet
  facet normal -0 0 1
    outer loop
      vertex 119 -44.15 4
      vertex 121.776 -45.8978 4
      vertex 121.304 -41.4872 4
    endloop
  endfacet
  facet normal 0 0 1
    outer loop
      vertex 119 -44.15 4
      vertex 121.304 -41.4872 4
      vertex 121.112 -41.4489 4
    endloop
  endfacet
  facet normal 0 0 1
    outer loop
      vertex 121.776 -45.8978 4
      vertex 119 -44.15 4
      vertex 121.392 -45.9743 4
    endloop
  endfacet
  facet normal 0 0 1
    outer loop
      vertex 119 -44.15 4
      vertex 121.112 -41.4489 4
      vertex 120.926 -41.3858 4
    endloop
  endfacet
  facet normal 0 0 1
    outer loop
      vertex 119 -44.15 4
      vertex 120.926 -41.3858 4
      vertex 120.75 -41.299 4
    endloop
  endfacet
  facet normal 0 0 1
    outer loop
      vertex 119 -44.15 4
      vertex 120.75 -41.299 4
      vertex 120.587 -41.19 4
    endloop
  endfacet
  facet normal 0 0 1
    outer loop
      vertex 119 -44.15 4
      vertex 120.587 -41.19 4
      vertex 120.439 -41.0607 4
    endloop
  endfacet
  facet normal 0 0 1
    outer loop
      vertex 119 -44.15 4
      vertex 120.439 -41.0607 4
      vertex 120.31 -40.9131 4
    endloop
  endfacet
  facet normal 0 0 1
    outer loop
      vertex 119 -44.15 4
      vertex 120.31 -40.9131 4
      vertex 120.201 -40.75 4
    endloop
  endfacet
  facet normal 0 0 1
    outer loop
      vertex 119 -44.15 4
      vertex 120.201 -40.75 4
      vertex 120.114 -40.574 4
    endloop
  endfacet
  facet normal 0 0 1
    outer loop
      vertex 119 -44.15 4
      vertex 120.114 -40.574 4
      vertex 120.051 -40.3882 4
    endloop
  endfacet
  facet normal 0 0 1
    outer loop
      vertex 119 -44.15 4
      vertex 120.051 -40.3882 4
      vertex 120.013 -40.1958 4
    endloop
  endfacet
  facet normal 0 0 1
    outer loop
      vertex 119 -44.15 4
      vertex 120 -40 4
      vertex 119 -35.85 4
    endloop
  endfacet
  facet normal 0 0 1
    outer loop
      vertex 120 -40 4
      vertex 119 -44.15 4
      vertex 120.013 -40.1958 4
    endloop
  endfacet
  facet normal 0 0 1
    outer loop
      vertex 121.392 -45.9743 4
      vertex 119 -44.15 4
      vertex 121 -46 4
    endloop
  endfacet
  facet normal -0 0 1
    outer loop
      vertex 105 -44.15 4
      vertex 121 -46 4
      vertex 119 -44.15 4
    endloop
  endfacet
  facet normal -0 0 1
    outer loop
      vertex 103.987 -40.1958 4
      vertex 105 -44.15 4
      vertex 104 -40 4
    endloop
  endfacet
  facet normal -0 0 1
    outer loop
      vertex 103.949 -40.3882 4
      vertex 105 -44.15 4
      vertex 103.987 -40.1958 4
    endloop
  endfacet
  facet normal -0 0 1
    outer loop
      vertex 103.886 -40.574 4
      vertex 105 -44.15 4
      vertex 103.949 -40.3882 4
    endloop
  endfacet
  facet normal -0 0 1
    outer loop
      vertex 103.799 -40.75 4
      vertex 105 -44.15 4
      vertex 103.886 -40.574 4
    endloop
  endfacet
  facet normal -0 0 1
    outer loop
      vertex 103.69 -40.9131 4
      vertex 105 -44.15 4
      vertex 103.799 -40.75 4
    endloop
  endfacet
  facet normal -0 0 1
    outer loop
      vertex 103.561 -41.0607 4
      vertex 105 -44.15 4
      vertex 103.69 -40.9131 4
    endloop
  endfacet
  facet normal -0 0 1
    outer loop
      vertex 103.413 -41.19 4
      vertex 105 -44.15 4
      vertex 103.561 -41.0607 4
    endloop
  endfacet
  facet normal -0 0 1
    outer loop
      vertex 103.25 -41.299 4
      vertex 105 -44.15 4
      vertex 103.413 -41.19 4
    endloop
  endfacet
  facet normal -0 0 1
    outer loop
      vertex 103.074 -41.3858 4
      vertex 105 -44.15 4
      vertex 103.25 -41.299 4
    endloop
  endfacet
  facet normal 0 0 1
    outer loop
      vertex 105 -44.15 4
      vertex 103 -46 4
      vertex 121 -46 4
    endloop
  endfacet
  facet normal -0 0 1
    outer loop
      vertex 102.888 -41.4489 4
      vertex 105 -44.15 4
      vertex 103.074 -41.3858 4
    endloop
  endfacet
  facet normal -0 0 1
    outer loop
      vertex 102.696 -41.4872 4
      vertex 105 -44.15 4
      vertex 102.888 -41.4489 4
    endloop
  endfacet
  facet normal 0 0 1
    outer loop
      vertex 102.224 -45.8978 4
      vertex 105 -44.15 4
      vertex 102.696 -41.4872 4
    endloop
  endfacet
  facet normal 0 0 1
    outer loop
      vertex 105 -44.15 4
      vertex 102.608 -45.9743 4
      vertex 103 -46 4
    endloop
  endfacet
  facet normal 0 0 1
    outer loop
      vertex 102.224 -45.8978 4
      vertex 102.696 -41.4872 4
      vertex 102.5 -41.5 4
    endloop
  endfacet
  facet normal 0 0 1
    outer loop
      vertex 100.62 -44.8263 4
      vertex 102.5 -41.5 4
      vertex 102.304 -41.4872 4
    endloop
  endfacet
  facet normal 0 0 1
    outer loop
      vertex 105 -44.15 4
      vertex 102.224 -45.8978 4
      vertex 102.608 -45.9743 4
    endloop
  endfacet
  facet normal 0 0 1
    outer loop
      vertex 100.102 -43.7764 4
      vertex 102.304 -41.4872 4
      vertex 102.112 -41.4489 4
    endloop
  endfacet
  facet normal 0 0 1
    outer loop
      vertex 100 -43 4
      vertex 102.112 -41.4489 4
      vertex 101.926 -41.3858 4
    endloop
  endfacet
  facet normal 0 0 1
    outer loop
      vertex 102.5 -41.5 4
      vertex 101.852 -45.7716 4
      vertex 102.224 -45.8978 4
    endloop
  endfacet
  facet normal 0 0 1
    outer loop
      vertex 100 -43 4
      vertex 101.926 -41.3858 4
      vertex 101.75 -41.299 4
    endloop
  endfacet
  facet normal 0 0 1
    outer loop
      vertex 100 -43 4
      vertex 101.75 -41.299 4
      vertex 101.587 -41.19 4
    endloop
  endfacet
  facet normal 0 0 1
    outer loop
      vertex 102.5 -41.5 4
      vertex 101.5 -45.5981 4
      vertex 101.852 -45.7716 4
    endloop
  endfacet
  facet normal 0 0 1
    outer loop
      vertex 100 -43 4
      vertex 101.587 -41.19 4
      vertex 101.439 -41.0607 4
    endloop
  endfacet
  facet normal 0 0 1
    outer loop
      vertex 100 -43 4
      vertex 101.439 -41.0607 4
      vertex 101.31 -40.9131 4
    endloop
  endfacet
  facet normal 0 0 1
    outer loop
      vertex 100 -43 4
      vertex 101.31 -40.9131 4
      vertex 101.201 -40.75 4
    endloop
  endfacet
  facet normal 0 0 1
    outer loop
      vertex 102.5 -41.5 4
      vertex 101.174 -45.3801 4
      vertex 101.5 -45.5981 4
    endloop
  endfacet
  facet normal 0 0 1
    outer loop
      vertex 100 -43 4
      vertex 101.201 -40.75 4
      vertex 101.114 -40.574 4
    endloop
  endfacet
  facet normal 0 0 1
    outer loop
      vertex 100 -43 4
      vertex 101.114 -40.574 4
      vertex 101.051 -40.3882 4
    endloop
  endfacet
  facet normal 0 0 1
    outer loop
      vertex 100 -43 4
      vertex 101.051 -40.3882 4
      vertex 101.013 -40.1958 4
    endloop
  endfacet
  facet normal 0 0 1
    outer loop
      vertex 100 -43 4
      vertex 101.013 -40.1958 4
      vertex 101 -40 4
    endloop
  endfacet
  facet normal 0 0 1
    outer loop
      vertex 102.112 -41.4489 4
      vertex 100 -43 4
      vertex 100.026 -43.3916 4
    endloop
  endfacet
  facet normal 0 0 1
    outer loop
      vertex 101.013 -39.8042 4
      vertex 100 -37 4
      vertex 101 -40 4
    endloop
  endfacet
  facet normal 0 0 1
    outer loop
      vertex 101.926 -38.6142 4
      vertex 100 -37 4
      vertex 101.75 -38.701 4
    endloop
  endfacet
  facet normal 0 0 1
    outer loop
      vertex 100 -43 4
      vertex 101 -40 4
      vertex 100 -37 4
    endloop
  endfacet
  facet normal 0 0 1
    outer loop
      vertex 101.75 -38.701 4
      vertex 100 -37 4
      vertex 101.587 -38.81 4
    endloop
  endfacet
  facet normal 0 0 1
    outer loop
      vertex 102.5 -41.5 4
      vertex 100.879 -45.1213 4
      vertex 101.174 -45.3801 4
    endloop
  endfacet
  facet normal 0 0 1
    outer loop
      vertex 101.587 -38.81 4
      vertex 100 -37 4
      vertex 101.439 -38.9393 4
    endloop
  endfacet
  facet normal 0 0 1
    outer loop
      vertex 102.5 -41.5 4
      vertex 100.62 -44.8263 4
      vertex 100.879 -45.1213 4
    endloop
  endfacet
  facet normal 0 0 1
    outer loop
      vertex 101.439 -38.9393 4
      vertex 100 -37 4
      vertex 101.31 -39.0869 4
    endloop
  endfacet
  facet normal 0 0 1
    outer loop
      vertex 102.304 -41.4872 4
      vertex 100.402 -44.5 4
      vertex 100.62 -44.8263 4
    endloop
  endfacet
  facet normal 0 0 1
    outer loop
      vertex 101.31 -39.0869 4
      vertex 100 -37 4
      vertex 101.201 -39.25 4
    endloop
  endfacet
  facet normal 0 0 1
    outer loop
      vertex 102.304 -41.4872 4
      vertex 100.228 -44.148 4
      vertex 100.402 -44.5 4
    endloop
  endfacet
  facet normal 0 0 1
    outer loop
      vertex 102.304 -41.4872 4
      vertex 100.102 -43.7764 4
      vertex 100.228 -44.148 4
    endloop
  endfacet
  facet normal 0 0 1
    outer loop
      vertex 102.112 -41.4489 4
      vertex 100.026 -43.3916 4
      vertex 100.102 -43.7764 4
    endloop
  endfacet
  facet normal -1 0 0
    outer loop
      vertex 105 -44.15 4
      vertex 105 -35.85 14.3
      vertex 105 -35.85 4
    endloop
  endfacet
  facet normal -1 -0 0
    outer loop
      vertex 105 -35.85 14.3
      vertex 105 -44.15 4
      vertex 105 -44.15 14.3
    endloop
  endfacet
  facet normal 0 1 0
    outer loop
      vertex 113.778 -35.85 10.8355
      vertex 119 -35.85 14.3
      vertex 114 -35.85 10.85
    endloop
  endfacet
  facet normal 0 1 0
    outer loop
      vertex 119 -35.85 14.3
      vertex 114.222 -35.85 10.8355
      vertex 114 -35.85 10.85
    endloop
  endfacet
  facet normal 0 1 0
    outer loop
      vertex 119 -35.85 14.3
      vertex 114.44 -35.85 10.7921
      vertex 114.222 -35.85 10.8355
    endloop
  endfacet
  facet normal 0 1 0
    outer loop
      vertex 119 -35.85 14.3
      vertex 114.651 -35.85 10.7206
      vertex 114.44 -35.85 10.7921
    endloop
  endfacet
  facet normal 0 1 0
    outer loop
      vertex 119 -35.85 14.3
      vertex 114.85 -35.85 10.6222
      vertex 114.651 -35.85 10.7206
    endloop
  endfacet
  facet normal 0 1 0
    outer loop
      vertex 119 -35.85 14.3
      vertex 115.035 -35.85 10.4987
      vertex 114.85 -35.85 10.6222
    endloop
  endfacet
  facet normal 0 1 0
    outer loop
      vertex 119 -35.85 14.3
      vertex 115.202 -35.85 10.3521
      vertex 115.035 -35.85 10.4987
    endloop
  endfacet
  facet normal 0 1 0
    outer loop
      vertex 119 -35.85 14.3
      vertex 115.349 -35.85 10.1849
      vertex 115.202 -35.85 10.3521
    endloop
  endfacet
  facet normal 0 1 0
    outer loop
      vertex 119 -35.85 14.3
      vertex 115.472 -35.85 10
      vertex 115.349 -35.85 10.1849
    endloop
  endfacet
  facet normal 0 1 0
    outer loop
      vertex 119 -35.85 14.3
      vertex 115.571 -35.85 9.80056
      vertex 115.472 -35.85 10
    endloop
  endfacet
  facet normal 0 1 0
    outer loop
      vertex 119 -35.85 14.3
      vertex 115.642 -35.85 9.58999
      vertex 115.571 -35.85 9.80056
    endloop
  endfacet
  facet normal 0 1 0
    outer loop
      vertex 119 -35.85 14.3
      vertex 115.685 -35.85 9.37189
      vertex 115.642 -35.85 9.58999
    endloop
  endfacet
  facet normal 0 1 0
    outer loop
      vertex 119 -35.85 14.3
      vertex 115.7 -35.85 9.15
      vertex 115.685 -35.85 9.37189
    endloop
  endfacet
  facet normal 0 1 -0
    outer loop
      vertex 119 -35.85 4
      vertex 115.7 -35.85 9.15
      vertex 119 -35.85 14.3
    endloop
  endfacet
  facet normal 0 1 0
    outer loop
      vertex 115.7 -35.85 9.15
      vertex 119 -35.85 4
      vertex 115.685 -35.85 8.92811
    endloop
  endfacet
  facet normal 0 1 0
    outer loop
      vertex 115.685 -35.85 8.92811
      vertex 119 -35.85 4
      vertex 115.642 -35.85 8.71001
    endloop
  endfacet
  facet normal 0 1 0
    outer loop
      vertex 115.642 -35.85 8.71001
      vertex 119 -35.85 4
      vertex 115.571 -35.85 8.49944
    endloop
  endfacet
  facet normal 0 1 0
    outer loop
      vertex 114.222 -35.85 7.46454
      vertex 119 -35.85 4
      vertex 114 -35.85 7.45
    endloop
  endfacet
  facet normal 0 1 0
    outer loop
      vertex 114.44 -35.85 7.50793
      vertex 119 -35.85 4
      vertex 114.222 -35.85 7.46454
    endloop
  endfacet
  facet normal 0 1 0
    outer loop
      vertex 114.651 -35.85 7.57941
      vertex 119 -35.85 4
      vertex 114.44 -35.85 7.50793
    endloop
  endfacet
  facet normal 0 1 0
    outer loop
      vertex 114.85 -35.85 7.67776
      vertex 119 -35.85 4
      vertex 114.651 -35.85 7.57941
    endloop
  endfacet
  facet normal 0 1 0
    outer loop
      vertex 115.035 -35.85 7.8013
      vertex 119 -35.85 4
      vertex 114.85 -35.85 7.67776
    endloop
  endfacet
  facet normal 0 1 0
    outer loop
      vertex 115.202 -35.85 7.94792
      vertex 119 -35.85 4
      vertex 115.035 -35.85 7.8013
    endloop
  endfacet
  facet normal 0 1 0
    outer loop
      vertex 115.349 -35.85 8.11511
      vertex 119 -35.85 4
      vertex 115.202 -35.85 7.94792
    endloop
  endfacet
  facet normal 0 1 0
    outer loop
      vertex 115.472 -35.85 8.3
      vertex 119 -35.85 4
      vertex 115.349 -35.85 8.11511
    endloop
  endfacet
  facet normal 0 1 0
    outer loop
      vertex 115.571 -35.85 8.49944
      vertex 119 -35.85 4
      vertex 115.472 -35.85 8.3
    endloop
  endfacet
  facet normal 0 1 0
    outer loop
      vertex 119 -35.85 14.3
      vertex 113.778 -35.85 10.8355
      vertex 105 -35.85 14.3
    endloop
  endfacet
  facet normal 0 1 -0
    outer loop
      vertex 113.56 -35.85 10.7921
      vertex 105 -35.85 14.3
      vertex 113.778 -35.85 10.8355
    endloop
  endfacet
  facet normal 0 1 -0
    outer loop
      vertex 113.349 -35.85 10.7206
      vertex 105 -35.85 14.3
      vertex 113.56 -35.85 10.7921
    endloop
  endfacet
  facet normal 0 1 -0
    outer loop
      vertex 113.15 -35.85 10.6222
      vertex 105 -35.85 14.3
      vertex 113.349 -35.85 10.7206
    endloop
  endfacet
  facet normal 0 1 -0
    outer loop
      vertex 112.965 -35.85 10.4987
      vertex 105 -35.85 14.3
      vertex 113.15 -35.85 10.6222
    endloop
  endfacet
  facet normal 0 1 -0
    outer loop
      vertex 112.798 -35.85 10.3521
      vertex 105 -35.85 14.3
      vertex 112.965 -35.85 10.4987
    endloop
  endfacet
  facet normal 0 1 -0
    outer loop
      vertex 112.651 -35.85 10.1849
      vertex 105 -35.85 14.3
      vertex 112.798 -35.85 10.3521
    endloop
  endfacet
  facet normal 0 1 -0
    outer loop
      vertex 112.528 -35.85 10
      vertex 105 -35.85 14.3
      vertex 112.651 -35.85 10.1849
    endloop
  endfacet
  facet normal 0 1 -0
    outer loop
      vertex 112.429 -35.85 9.80056
      vertex 105 -35.85 14.3
      vertex 112.528 -35.85 10
    endloop
  endfacet
  facet normal 0 1 -0
    outer loop
      vertex 112.358 -35.85 9.58999
      vertex 105 -35.85 14.3
      vertex 112.429 -35.85 9.80056
    endloop
  endfacet
  facet normal 0 1 -0
    outer loop
      vertex 112.315 -35.85 9.37189
      vertex 105 -35.85 14.3
      vertex 112.358 -35.85 9.58999
    endloop
  endfacet
  facet normal 0 1 -0
    outer loop
      vertex 112.3 -35.85 9.15
      vertex 105 -35.85 14.3
      vertex 112.315 -35.85 9.37189
    endloop
  endfacet
  facet normal 0 1 0
    outer loop
      vertex 105 -35.85 4
      vertex 112.3 -35.85 9.15
      vertex 112.315 -35.85 8.92811
    endloop
  endfacet
  facet normal 0 1 0
    outer loop
      vertex 105 -35.85 4
      vertex 112.315 -35.85 8.92811
      vertex 112.358 -35.85 8.71001
    endloop
  endfacet
  facet normal 0 1 0
    outer loop
      vertex 105 -35.85 4
      vertex 112.358 -35.85 8.71001
      vertex 112.429 -35.85 8.49944
    endloop
  endfacet
  facet normal 0 1 0
    outer loop
      vertex 105 -35.85 4
      vertex 112.429 -35.85 8.49944
      vertex 112.528 -35.85 8.3
    endloop
  endfacet
  facet normal 0 1 0
    outer loop
      vertex 105 -35.85 4
      vertex 112.528 -35.85 8.3
      vertex 112.651 -35.85 8.11511
    endloop
  endfacet
  facet normal 0 1 0
    outer loop
      vertex 105 -35.85 4
      vertex 112.651 -35.85 8.11511
      vertex 112.798 -35.85 7.94792
    endloop
  endfacet
  facet normal 0 1 0
    outer loop
      vertex 105 -35.85 4
      vertex 112.798 -35.85 7.94792
      vertex 112.965 -35.85 7.8013
    endloop
  endfacet
  facet normal 0 1 0
    outer loop
      vertex 119 -35.85 4
      vertex 113.778 -35.85 7.46454
      vertex 114 -35.85 7.45
    endloop
  endfacet
  facet normal 0 1 0
    outer loop
      vertex 119 -35.85 4
      vertex 113.56 -35.85 7.50793
      vertex 113.778 -35.85 7.46454
    endloop
  endfacet
  facet normal 0 1 0
    outer loop
      vertex 105 -35.85 4
      vertex 113.56 -35.85 7.50793
      vertex 119 -35.85 4
    endloop
  endfacet
  facet normal 0 1 0
    outer loop
      vertex 113.56 -35.85 7.50793
      vertex 105 -35.85 4
      vertex 113.349 -35.85 7.57941
    endloop
  endfacet
  facet normal 0 1 0
    outer loop
      vertex 112.3 -35.85 9.15
      vertex 105 -35.85 4
      vertex 105 -35.85 14.3
    endloop
  endfacet
  facet normal 0 1 0
    outer loop
      vertex 113.15 -35.85 7.67776
      vertex 105 -35.85 4
      vertex 112.965 -35.85 7.8013
    endloop
  endfacet
  facet normal 0 1 0
    outer loop
      vertex 113.349 -35.85 7.57941
      vertex 105 -35.85 4
      vertex 113.15 -35.85 7.67776
    endloop
  endfacet
  facet normal 0 -1 0
    outer loop
      vertex 113.778 -44.15 10.8355
      vertex 119 -44.15 14.3
      vertex 105 -44.15 14.3
    endloop
  endfacet
  facet normal 0 -1 0
    outer loop
      vertex 119 -44.15 14.3
      vertex 113.778 -44.15 10.8355
      vertex 114 -44.15 10.85
    endloop
  endfacet
  facet normal 0 -1 0
    outer loop
      vertex 105 -44.15 14.3
      vertex 113.56 -44.15 10.7921
      vertex 113.778 -44.15 10.8355
    endloop
  endfacet
  facet normal 0 -1 0
    outer loop
      vertex 105 -44.15 14.3
      vertex 113.349 -44.15 10.7206
      vertex 113.56 -44.15 10.7921
    endloop
  endfacet
  facet normal 0 -1 0
    outer loop
      vertex 105 -44.15 14.3
      vertex 113.15 -44.15 10.6222
      vertex 113.349 -44.15 10.7206
    endloop
  endfacet
  facet normal 0 -1 0
    outer loop
      vertex 105 -44.15 14.3
      vertex 112.965 -44.15 10.4987
      vertex 113.15 -44.15 10.6222
    endloop
  endfacet
  facet normal 0 -1 0
    outer loop
      vertex 105 -44.15 14.3
      vertex 112.798 -44.15 10.3521
      vertex 112.965 -44.15 10.4987
    endloop
  endfacet
  facet normal 0 -1 0
    outer loop
      vertex 105 -44.15 14.3
      vertex 112.651 -44.15 10.1849
      vertex 112.798 -44.15 10.3521
    endloop
  endfacet
  facet normal 0 -1 0
    outer loop
      vertex 105 -44.15 14.3
      vertex 112.528 -44.15 10
      vertex 112.651 -44.15 10.1849
    endloop
  endfacet
  facet normal 0 -1 0
    outer loop
      vertex 105 -44.15 14.3
      vertex 112.429 -44.15 9.80056
      vertex 112.528 -44.15 10
    endloop
  endfacet
  facet normal 0 -1 0
    outer loop
      vertex 105 -44.15 14.3
      vertex 112.358 -44.15 9.58999
      vertex 112.429 -44.15 9.80056
    endloop
  endfacet
  facet normal 0 -1 0
    outer loop
      vertex 105 -44.15 14.3
      vertex 112.315 -44.15 9.37189
      vertex 112.358 -44.15 9.58999
    endloop
  endfacet
  facet normal 0 -1 0
    outer loop
      vertex 105 -44.15 14.3
      vertex 112.3 -44.15 9.15
      vertex 112.315 -44.15 9.37189
    endloop
  endfacet
  facet normal 0 -1 0
    outer loop
      vertex 105 -44.15 4
      vertex 112.3 -44.15 9.15
      vertex 105 -44.15 14.3
    endloop
  endfacet
  facet normal 0 -1 -0
    outer loop
      vertex 112.3 -44.15 9.15
      vertex 105 -44.15 4
      vertex 112.315 -44.15 8.92811
    endloop
  endfacet
  facet normal 0 -1 -0
    outer loop
      vertex 112.315 -44.15 8.92811
      vertex 105 -44.15 4
      vertex 112.358 -44.15 8.71001
    endloop
  endfacet
  facet normal 0 -1 -0
    outer loop
      vertex 112.358 -44.15 8.71001
      vertex 105 -44.15 4
      vertex 112.429 -44.15 8.49944
    endloop
  endfacet
  facet normal 0 -1 -0
    outer loop
      vertex 112.429 -44.15 8.49944
      vertex 105 -44.15 4
      vertex 112.528 -44.15 8.3
    endloop
  endfacet
  facet normal 0 -1 -0
    outer loop
      vertex 112.528 -44.15 8.3
      vertex 105 -44.15 4
      vertex 112.651 -44.15 8.11511
    endloop
  endfacet
  facet normal 0 -1 -0
    outer loop
      vertex 112.651 -44.15 8.11511
      vertex 105 -44.15 4
      vertex 112.798 -44.15 7.94792
    endloop
  endfacet
  facet normal 0 -1 0
    outer loop
      vertex 119 -44.15 4
      vertex 113.778 -44.15 7.46454
      vertex 105 -44.15 4
    endloop
  endfacet
  facet normal 0 -1 -0
    outer loop
      vertex 113.56 -44.15 7.50793
      vertex 105 -44.15 4
      vertex 113.778 -44.15 7.46454
    endloop
  endfacet
  facet normal 0 -1 -0
    outer loop
      vertex 113.349 -44.15 7.57941
      vertex 105 -44.15 4
      vertex 113.56 -44.15 7.50793
    endloop
  endfacet
  facet normal 0 -1 -0
    outer loop
      vertex 113.15 -44.15 7.67776
      vertex 105 -44.15 4
      vertex 113.349 -44.15 7.57941
    endloop
  endfacet
  facet normal 0 -1 -0
    outer loop
      vertex 112.965 -44.15 7.8013
      vertex 105 -44.15 4
      vertex 113.15 -44.15 7.67776
    endloop
  endfacet
  facet normal 0 -1 -0
    outer loop
      vertex 112.798 -44.15 7.94792
      vertex 105 -44.15 4
      vertex 112.965 -44.15 7.8013
    endloop
  endfacet
  facet normal 0 -1 0
    outer loop
      vertex 114.222 -44.15 10.8355
      vertex 119 -44.15 14.3
      vertex 114 -44.15 10.85
    endloop
  endfacet
  facet normal 0 -1 0
    outer loop
      vertex 114.44 -44.15 10.7921
      vertex 119 -44.15 14.3
      vertex 114.222 -44.15 10.8355
    endloop
  endfacet
  facet normal 0 -1 0
    outer loop
      vertex 114.651 -44.15 10.7206
      vertex 119 -44.15 14.3
      vertex 114.44 -44.15 10.7921
    endloop
  endfacet
  facet normal 0 -1 0
    outer loop
      vertex 114.85 -44.15 10.6222
      vertex 119 -44.15 14.3
      vertex 114.651 -44.15 10.7206
    endloop
  endfacet
  facet normal 0 -1 0
    outer loop
      vertex 115.035 -44.15 10.4987
      vertex 119 -44.15 14.3
      vertex 114.85 -44.15 10.6222
    endloop
  endfacet
  facet normal 0 -1 0
    outer loop
      vertex 115.202 -44.15 10.3521
      vertex 119 -44.15 14.3
      vertex 115.035 -44.15 10.4987
    endloop
  endfacet
  facet normal 0 -1 0
    outer loop
      vertex 115.349 -44.15 10.1849
      vertex 119 -44.15 14.3
      vertex 115.202 -44.15 10.3521
    endloop
  endfacet
  facet normal 0 -1 0
    outer loop
      vertex 115.472 -44.15 10
      vertex 119 -44.15 14.3
      vertex 115.349 -44.15 10.1849
    endloop
  endfacet
  facet normal 0 -1 0
    outer loop
      vertex 115.571 -44.15 9.80056
      vertex 119 -44.15 14.3
      vertex 115.472 -44.15 10
    endloop
  endfacet
  facet normal 0 -1 0
    outer loop
      vertex 115.642 -44.15 9.58999
      vertex 119 -44.15 14.3
      vertex 115.571 -44.15 9.80056
    endloop
  endfacet
  facet normal 0 -1 0
    outer loop
      vertex 115.685 -44.15 9.37189
      vertex 119 -44.15 14.3
      vertex 115.642 -44.15 9.58999
    endloop
  endfacet
  facet normal 0 -1 0
    outer loop
      vertex 115.7 -44.15 9.15
      vertex 119 -44.15 14.3
      vertex 115.685 -44.15 9.37189
    endloop
  endfacet
  facet normal 0 -1 0
    outer loop
      vertex 119 -44.15 4
      vertex 115.7 -44.15 9.15
      vertex 115.685 -44.15 8.92811
    endloop
  endfacet
  facet normal 0 -1 0
    outer loop
      vertex 119 -44.15 4
      vertex 115.685 -44.15 8.92811
      vertex 115.642 -44.15 8.71001
    endloop
  endfacet
  facet normal 0 -1 0
    outer loop
      vertex 119 -44.15 4
      vertex 115.642 -44.15 8.71001
      vertex 115.571 -44.15 8.49944
    endloop
  endfacet
  facet normal 0 -1 0
    outer loop
      vertex 119 -44.15 4
      vertex 115.571 -44.15 8.49944
      vertex 115.472 -44.15 8.3
    endloop
  endfacet
  facet normal 0 -1 0
    outer loop
      vertex 113.778 -44.15 7.46454
      vertex 119 -44.15 4
      vertex 114 -44.15 7.45
    endloop
  endfacet
  facet normal 0 -1 0
    outer loop
      vertex 114 -44.15 7.45
      vertex 119 -44.15 4
      vertex 114.222 -44.15 7.46454
    endloop
  endfacet
  facet normal 0 -1 0
    outer loop
      vertex 114.222 -44.15 7.46454
      vertex 119 -44.15 4
      vertex 114.44 -44.15 7.50793
    endloop
  endfacet
  facet normal 0 -1 0
    outer loop
      vertex 115.7 -44.15 9.15
      vertex 119 -44.15 4
      vertex 119 -44.15 14.3
    endloop
  endfacet
  facet normal 0 -1 0
    outer loop
      vertex 115.349 -44.15 8.11511
      vertex 119 -44.15 4
      vertex 115.472 -44.15 8.3
    endloop
  endfacet
  facet normal 0 -1 0
    outer loop
      vertex 115.202 -44.15 7.94792
      vertex 119 -44.15 4
      vertex 115.349 -44.15 8.11511
    endloop
  endfacet
  facet normal 0 -1 0
    outer loop
      vertex 115.035 -44.15 7.8013
      vertex 119 -44.15 4
      vertex 115.202 -44.15 7.94792
    endloop
  endfacet
  facet normal 0 -1 0
    outer loop
      vertex 114.85 -44.15 7.67776
      vertex 119 -44.15 4
      vertex 115.035 -44.15 7.8013
    endloop
  endfacet
  facet normal 0 -1 0
    outer loop
      vertex 114.651 -44.15 7.57941
      vertex 119 -44.15 4
      vertex 114.85 -44.15 7.67776
    endloop
  endfacet
  facet normal 0 -1 0
    outer loop
      vertex 114.44 -44.15 7.50793
      vertex 119 -44.15 4
      vertex 114.651 -44.15 7.57941
    endloop
  endfacet
  facet normal -0.94704 -0.321117 0
    outer loop
      vertex 100.228 -44.148 3.8147e-07
      vertex 100.102 -43.7764 4
      vertex 100.102 -43.7764 3.8147e-07
    endloop
  endfacet
  facet normal -0.94704 -0.321117 0
    outer loop
      vertex 100.102 -43.7764 4
      vertex 100.228 -44.148 3.8147e-07
      vertex 100.228 -44.148 4
    endloop
  endfacet
  facet normal 0.896455 0.443134 0
    outer loop
      vertex 123.772 -35.852 4
      vertex 123.598 -35.5 3.8147e-07
      vertex 123.598 -35.5 4
    endloop
  endfacet
  facet normal 0.896455 0.443134 0
    outer loop
      vertex 123.598 -35.5 3.8147e-07
      vertex 123.772 -35.852 4
      vertex 123.772 -35.852 3.8147e-07
    endloop
  endfacet
  facet normal 0 -1 0
    outer loop
      vertex 103 -46 3.8147e-07
      vertex 121 -46 4
      vertex 103 -46 4
    endloop
  endfacet
  facet normal 0 -1 -0
    outer loop
      vertex 121 -46 4
      vertex 103 -46 3.8147e-07
      vertex 121 -46 3.8147e-07
    endloop
  endfacet
  facet normal 0.659478 0.751724 -0
    outer loop
      vertex 123.121 -34.8787 3.8147e-07
      vertex 122.826 -34.6199 4
      vertex 123.121 -34.8787 4
    endloop
  endfacet
  facet normal 0.659478 0.751724 0
    outer loop
      vertex 122.826 -34.6199 4
      vertex 123.121 -34.8787 3.8147e-07
      vertex 122.826 -34.6199 3.8147e-07
    endloop
  endfacet
  facet normal -0.44211 0.896961 0
    outer loop
      vertex 101.852 -34.2284 3.8147e-07
      vertex 101.5 -34.4019 4
      vertex 101.852 -34.2284 4
    endloop
  endfacet
  facet normal -0.44211 0.896961 0
    outer loop
      vertex 101.5 -34.4019 4
      vertex 101.852 -34.2284 3.8147e-07
      vertex 101.5 -34.4019 3.8147e-07
    endloop
  endfacet
  facet normal -0.997803 -0.0662484 0
    outer loop
      vertex 100.026 -43.3916 3.8147e-07
      vertex 100 -43 4
      vertex 100 -43 3.8147e-07
    endloop
  endfacet
  facet normal -0.997803 -0.0662484 0
    outer loop
      vertex 100 -43 4
      vertex 100.026 -43.3916 3.8147e-07
      vertex 100.026 -43.3916 4
    endloop
  endfacet
  facet normal -0.321264 0.94699 0
    outer loop
      vertex 102.224 -34.1022 3.8147e-07
      vertex 101.852 -34.2284 4
      vertex 102.224 -34.1022 4
    endloop
  endfacet
  facet normal -0.321264 0.94699 0
    outer loop
      vertex 101.852 -34.2284 4
      vertex 102.224 -34.1022 3.8147e-07
      vertex 101.852 -34.2284 3.8147e-07
    endloop
  endfacet
  facet normal 0.44211 -0.896961 0
    outer loop
      vertex 122.148 -45.7716 3.8147e-07
      vertex 122.5 -45.5981 4
      vertex 122.148 -45.7716 4
    endloop
  endfacet
  facet normal 0.44211 -0.896961 0
    outer loop
      vertex 122.5 -45.5981 4
      vertex 122.148 -45.7716 3.8147e-07
      vertex 122.5 -45.5981 3.8147e-07
    endloop
  endfacet
  facet normal 0.831501 0.555523 0
    outer loop
      vertex 123.598 -35.5 4
      vertex 123.38 -35.1737 3.8147e-07
      vertex 123.38 -35.1737 4
    endloop
  endfacet
  facet normal 0.831501 0.555523 0
    outer loop
      vertex 123.38 -35.1737 3.8147e-07
      vertex 123.598 -35.5 4
      vertex 123.598 -35.5 3.8147e-07
    endloop
  endfacet
  facet normal 0.94704 0.321117 0
    outer loop
      vertex 123.898 -36.2236 4
      vertex 123.772 -35.852 3.8147e-07
      vertex 123.772 -35.852 4
    endloop
  endfacet
  facet normal 0.94704 0.321117 0
    outer loop
      vertex 123.772 -35.852 3.8147e-07
      vertex 123.898 -36.2236 4
      vertex 123.898 -36.2236 3.8147e-07
    endloop
  endfacet
  facet normal -0.555877 0.831265 0
    outer loop
      vertex 101.5 -34.4019 3.8147e-07
      vertex 101.174 -34.6199 4
      vertex 101.5 -34.4019 4
    endloop
  endfacet
  facet normal -0.555877 0.831265 0
    outer loop
      vertex 101.174 -34.6199 4
      vertex 101.5 -34.4019 3.8147e-07
      vertex 101.174 -34.6199 3.8147e-07
    endloop
  endfacet
  facet normal 0.321264 0.94699 -0
    outer loop
      vertex 122.148 -34.2284 3.8147e-07
      vertex 121.776 -34.1022 4
      vertex 122.148 -34.2284 4
    endloop
  endfacet
  facet normal 0.321264 0.94699 0
    outer loop
      vertex 121.776 -34.1022 4
      vertex 122.148 -34.2284 3.8147e-07
      vertex 121.776 -34.1022 3.8147e-07
    endloop
  endfacet
  facet normal -0.0654208 0.997858 0
    outer loop
      vertex 103 -34 3.8147e-07
      vertex 102.608 -34.0257 4
      vertex 103 -34 4
    endloop
  endfacet
  facet normal -0.0654208 0.997858 0
    outer loop
      vertex 102.608 -34.0257 4
      vertex 103 -34 3.8147e-07
      vertex 102.608 -34.0257 3.8147e-07
    endloop
  endfacet
  facet normal -0.659478 0.751724 0
    outer loop
      vertex 101.174 -34.6199 3.8147e-07
      vertex 100.879 -34.8787 4
      vertex 101.174 -34.6199 4
    endloop
  endfacet
  facet normal -0.659478 0.751724 0
    outer loop
      vertex 100.879 -34.8787 4
      vertex 101.174 -34.6199 3.8147e-07
      vertex 100.879 -34.8787 3.8147e-07
    endloop
  endfacet
  facet normal -0.94704 0.321117 0
    outer loop
      vertex 100.102 -36.2236 3.8147e-07
      vertex 100.228 -35.852 4
      vertex 100.228 -35.852 3.8147e-07
    endloop
  endfacet
  facet normal -0.94704 0.321117 0
    outer loop
      vertex 100.228 -35.852 4
      vertex 100.102 -36.2236 3.8147e-07
      vertex 100.102 -36.2236 4
    endloop
  endfacet
  facet normal -1 0 0
    outer loop
      vertex 100 -43 3.8147e-07
      vertex 100 -37 4
      vertex 100 -37 3.8147e-07
    endloop
  endfacet
  facet normal -1 -0 0
    outer loop
      vertex 100 -37 4
      vertex 100 -43 3.8147e-07
      vertex 100 -43 4
    endloop
  endfacet
  facet normal -0.981049 -0.193762 0
    outer loop
      vertex 100.102 -43.7764 3.8147e-07
      vertex 100.026 -43.3916 4
      vertex 100.026 -43.3916 3.8147e-07
    endloop
  endfacet
  facet normal -0.981049 -0.193762 0
    outer loop
      vertex 100.026 -43.3916 4
      vertex 100.102 -43.7764 3.8147e-07
      vertex 100.102 -43.7764 4
    endloop
  endfacet
  facet normal -0.195379 0.980728 0
    outer loop
      vertex 102.608 -34.0257 3.8147e-07
      vertex 102.224 -34.1022 4
      vertex 102.608 -34.0257 4
    endloop
  endfacet
  facet normal -0.195379 0.980728 0
    outer loop
      vertex 102.224 -34.1022 4
      vertex 102.608 -34.0257 3.8147e-07
      vertex 102.224 -34.1022 3.8147e-07
    endloop
  endfacet
  facet normal -0.997803 0.0662484 0
    outer loop
      vertex 100 -37 3.8147e-07
      vertex 100.026 -36.6084 4
      vertex 100.026 -36.6084 3.8147e-07
    endloop
  endfacet
  facet normal -0.997803 0.0662484 0
    outer loop
      vertex 100.026 -36.6084 4
      vertex 100 -37 3.8147e-07
      vertex 100 -37 4
    endloop
  endfacet
  facet normal -0.896455 0.443134 0
    outer loop
      vertex 100.228 -35.852 3.8147e-07
      vertex 100.402 -35.5 4
      vertex 100.402 -35.5 3.8147e-07
    endloop
  endfacet
  facet normal -0.896455 0.443134 0
    outer loop
      vertex 100.402 -35.5 4
      vertex 100.228 -35.852 3.8147e-07
      vertex 100.228 -35.852 4
    endloop
  endfacet
  facet normal 0.321264 -0.94699 0
    outer loop
      vertex 121.776 -45.8978 3.8147e-07
      vertex 122.148 -45.7716 4
      vertex 121.776 -45.8978 4
    endloop
  endfacet
  facet normal 0.321264 -0.94699 0
    outer loop
      vertex 122.148 -45.7716 4
      vertex 121.776 -45.8978 3.8147e-07
      vertex 122.148 -45.7716 3.8147e-07
    endloop
  endfacet
  facet normal 0 1 -0
    outer loop
      vertex 121 -34 3.8147e-07
      vertex 103 -34 4
      vertex 121 -34 4
    endloop
  endfacet
  facet normal 0 1 0
    outer loop
      vertex 103 -34 4
      vertex 121 -34 3.8147e-07
      vertex 103 -34 3.8147e-07
    endloop
  endfacet
  facet normal 1 -0 0
    outer loop
      vertex 124 -43 4
      vertex 124 -37 3.8147e-07
      vertex 124 -37 4
    endloop
  endfacet
  facet normal 1 0 0
    outer loop
      vertex 124 -37 3.8147e-07
      vertex 124 -43 4
      vertex 124 -43 3.8147e-07
    endloop
  endfacet
  facet normal 0.0654208 0.997858 -0
    outer loop
      vertex 121.392 -34.0257 3.8147e-07
      vertex 121 -34 4
      vertex 121.392 -34.0257 4
    endloop
  endfacet
  facet normal 0.0654208 0.997858 0
    outer loop
      vertex 121 -34 4
      vertex 121.392 -34.0257 3.8147e-07
      vertex 121 -34 3.8147e-07
    endloop
  endfacet
  facet normal -0.831501 0.555523 0
    outer loop
      vertex 100.402 -35.5 3.8147e-07
      vertex 100.62 -35.1737 4
      vertex 100.62 -35.1737 3.8147e-07
    endloop
  endfacet
  facet normal -0.831501 0.555523 0
    outer loop
      vertex 100.62 -35.1737 4
      vertex 100.402 -35.5 3.8147e-07
      vertex 100.402 -35.5 4
    endloop
  endfacet
  facet normal 0.195379 0.980728 -0
    outer loop
      vertex 121.776 -34.1022 3.8147e-07
      vertex 121.392 -34.0257 4
      vertex 121.776 -34.1022 4
    endloop
  endfacet
  facet normal 0.195379 0.980728 0
    outer loop
      vertex 121.392 -34.0257 4
      vertex 121.776 -34.1022 3.8147e-07
      vertex 121.392 -34.0257 3.8147e-07
    endloop
  endfacet
  facet normal 0.997803 0.0662484 0
    outer loop
      vertex 124 -37 4
      vertex 123.974 -36.6084 3.8147e-07
      vertex 123.974 -36.6084 4
    endloop
  endfacet
  facet normal 0.997803 0.0662484 0
    outer loop
      vertex 123.974 -36.6084 3.8147e-07
      vertex 124 -37 4
      vertex 124 -37 3.8147e-07
    endloop
  endfacet
  facet normal -0.321264 -0.94699 0
    outer loop
      vertex 101.852 -45.7716 3.8147e-07
      vertex 102.224 -45.8978 4
      vertex 101.852 -45.7716 4
    endloop
  endfacet
  facet normal -0.321264 -0.94699 -0
    outer loop
      vertex 102.224 -45.8978 4
      vertex 101.852 -45.7716 3.8147e-07
      vertex 102.224 -45.8978 3.8147e-07
    endloop
  endfacet
  facet normal -0.981049 0.193762 0
    outer loop
      vertex 100.026 -36.6084 3.8147e-07
      vertex 100.102 -36.2236 4
      vertex 100.102 -36.2236 3.8147e-07
    endloop
  endfacet
  facet normal -0.981049 0.193762 0
    outer loop
      vertex 100.102 -36.2236 4
      vertex 100.026 -36.6084 3.8147e-07
      vertex 100.026 -36.6084 4
    endloop
  endfacet
  facet normal -0.44211 -0.896961 0
    outer loop
      vertex 101.5 -45.5981 3.8147e-07
      vertex 101.852 -45.7716 4
      vertex 101.5 -45.5981 4
    endloop
  endfacet
  facet normal -0.44211 -0.896961 -0
    outer loop
      vertex 101.852 -45.7716 4
      vertex 101.5 -45.5981 3.8147e-07
      vertex 101.852 -45.7716 3.8147e-07
    endloop
  endfacet
  facet normal 0.981049 0.193762 0
    outer loop
      vertex 123.974 -36.6084 4
      vertex 123.898 -36.2236 3.8147e-07
      vertex 123.898 -36.2236 4
    endloop
  endfacet
  facet normal 0.981049 0.193762 0
    outer loop
      vertex 123.898 -36.2236 3.8147e-07
      vertex 123.974 -36.6084 4
      vertex 123.974 -36.6084 3.8147e-07
    endloop
  endfacet
  facet normal 0.94704 -0.321117 0
    outer loop
      vertex 123.772 -44.148 4
      vertex 123.898 -43.7764 3.8147e-07
      vertex 123.898 -43.7764 4
    endloop
  endfacet
  facet normal 0.94704 -0.321117 0
    outer loop
      vertex 123.898 -43.7764 3.8147e-07
      vertex 123.772 -44.148 4
      vertex 123.772 -44.148 3.8147e-07
    endloop
  endfacet
  facet normal 0.997803 -0.0662484 0
    outer loop
      vertex 123.974 -43.3916 4
      vertex 124 -43 3.8147e-07
      vertex 124 -43 4
    endloop
  endfacet
  facet normal 0.997803 -0.0662484 0
    outer loop
      vertex 124 -43 3.8147e-07
      vertex 123.974 -43.3916 4
      vertex 123.974 -43.3916 3.8147e-07
    endloop
  endfacet
  facet normal -0.751471 0.659766 0
    outer loop
      vertex 100.62 -35.1737 3.8147e-07
      vertex 100.879 -34.8787 4
      vertex 100.879 -34.8787 3.8147e-07
    endloop
  endfacet
  facet normal -0.751471 0.659766 0
    outer loop
      vertex 100.879 -34.8787 4
      vertex 100.62 -35.1737 3.8147e-07
      vertex 100.62 -35.1737 4
    endloop
  endfacet
  facet normal 0.659478 -0.751724 0
    outer loop
      vertex 122.826 -45.3801 3.8147e-07
      vertex 123.121 -45.1213 4
      vertex 122.826 -45.3801 4
    endloop
  endfacet
  facet normal 0.659478 -0.751724 0
    outer loop
      vertex 123.121 -45.1213 4
      vertex 122.826 -45.3801 3.8147e-07
      vertex 123.121 -45.1213 3.8147e-07
    endloop
  endfacet
  facet normal 0.555877 0.831265 -0
    outer loop
      vertex 122.826 -34.6199 3.8147e-07
      vertex 122.5 -34.4019 4
      vertex 122.826 -34.6199 4
    endloop
  endfacet
  facet normal 0.555877 0.831265 0
    outer loop
      vertex 122.5 -34.4019 4
      vertex 122.826 -34.6199 3.8147e-07
      vertex 122.5 -34.4019 3.8147e-07
    endloop
  endfacet
  facet normal -0.659478 -0.751724 0
    outer loop
      vertex 100.879 -45.1213 3.8147e-07
      vertex 101.174 -45.3801 4
      vertex 100.879 -45.1213 4
    endloop
  endfacet
  facet normal -0.659478 -0.751724 -0
    outer loop
      vertex 101.174 -45.3801 4
      vertex 100.879 -45.1213 3.8147e-07
      vertex 101.174 -45.3801 3.8147e-07
    endloop
  endfacet
  facet normal 0.195379 -0.980728 0
    outer loop
      vertex 121.392 -45.9743 3.8147e-07
      vertex 121.776 -45.8978 4
      vertex 121.392 -45.9743 4
    endloop
  endfacet
  facet normal 0.195379 -0.980728 0
    outer loop
      vertex 121.776 -45.8978 4
      vertex 121.392 -45.9743 3.8147e-07
      vertex 121.776 -45.8978 3.8147e-07
    endloop
  endfacet
  facet normal -0.0654208 -0.997858 0
    outer loop
      vertex 102.608 -45.9743 3.8147e-07
      vertex 103 -46 4
      vertex 102.608 -45.9743 4
    endloop
  endfacet
  facet normal -0.0654208 -0.997858 -0
    outer loop
      vertex 103 -46 4
      vertex 102.608 -45.9743 3.8147e-07
      vertex 103 -46 3.8147e-07
    endloop
  endfacet
  facet normal 0.831501 -0.555523 0
    outer loop
      vertex 123.38 -44.8263 4
      vertex 123.598 -44.5 3.8147e-07
      vertex 123.598 -44.5 4
    endloop
  endfacet
  facet normal 0.831501 -0.555523 0
    outer loop
      vertex 123.598 -44.5 3.8147e-07
      vertex 123.38 -44.8263 4
      vertex 123.38 -44.8263 3.8147e-07
    endloop
  endfacet
  facet normal -0.555877 -0.831265 0
    outer loop
      vertex 101.174 -45.3801 3.8147e-07
      vertex 101.5 -45.5981 4
      vertex 101.174 -45.3801 4
    endloop
  endfacet
  facet normal -0.555877 -0.831265 -0
    outer loop
      vertex 101.5 -45.5981 4
      vertex 101.174 -45.3801 3.8147e-07
      vertex 101.5 -45.5981 3.8147e-07
    endloop
  endfacet
  facet normal 0.896455 -0.443134 0
    outer loop
      vertex 123.598 -44.5 4
      vertex 123.772 -44.148 3.8147e-07
      vertex 123.772 -44.148 4
    endloop
  endfacet
  facet normal 0.896455 -0.443134 0
    outer loop
      vertex 123.772 -44.148 3.8147e-07
      vertex 123.598 -44.5 4
      vertex 123.598 -44.5 3.8147e-07
    endloop
  endfacet
  facet normal 0.981049 -0.193762 0
    outer loop
      vertex 123.898 -43.7764 4
      vertex 123.974 -43.3916 3.8147e-07
      vertex 123.974 -43.3916 4
    endloop
  endfacet
  facet normal 0.981049 -0.193762 0
    outer loop
      vertex 123.974 -43.3916 3.8147e-07
      vertex 123.898 -43.7764 4
      vertex 123.898 -43.7764 3.8147e-07
    endloop
  endfacet
  facet normal 0.44211 0.896961 -0
    outer loop
      vertex 122.5 -34.4019 3.8147e-07
      vertex 122.148 -34.2284 4
      vertex 122.5 -34.4019 4
    endloop
  endfacet
  facet normal 0.44211 0.896961 0
    outer loop
      vertex 122.148 -34.2284 4
      vertex 122.5 -34.4019 3.8147e-07
      vertex 122.148 -34.2284 3.8147e-07
    endloop
  endfacet
  facet normal 0.555877 -0.831265 0
    outer loop
      vertex 122.5 -45.5981 3.8147e-07
      vertex 122.826 -45.3801 4
      vertex 122.5 -45.5981 4
    endloop
  endfacet
  facet normal 0.555877 -0.831265 0
    outer loop
      vertex 122.826 -45.3801 4
      vertex 122.5 -45.5981 3.8147e-07
      vertex 122.826 -45.3801 3.8147e-07
    endloop
  endfacet
  facet normal 0.0654208 -0.997858 0
    outer loop
      vertex 121 -46 3.8147e-07
      vertex 121.392 -45.9743 4
      vertex 121 -46 4
    endloop
  endfacet
  facet normal 0.0654208 -0.997858 0
    outer loop
      vertex 121.392 -45.9743 4
      vertex 121 -46 3.8147e-07
      vertex 121.392 -45.9743 3.8147e-07
    endloop
  endfacet
  facet normal -0.831501 -0.555523 0
    outer loop
      vertex 100.62 -44.8263 3.8147e-07
      vertex 100.402 -44.5 4
      vertex 100.402 -44.5 3.8147e-07
    endloop
  endfacet
  facet normal -0.831501 -0.555523 0
    outer loop
      vertex 100.402 -44.5 4
      vertex 100.62 -44.8263 3.8147e-07
      vertex 100.62 -44.8263 4
    endloop
  endfacet
  facet normal 0.751471 -0.659766 0
    outer loop
      vertex 123.121 -45.1213 4
      vertex 123.38 -44.8263 3.8147e-07
      vertex 123.38 -44.8263 4
    endloop
  endfacet
  facet normal 0.751471 -0.659766 0
    outer loop
      vertex 123.38 -44.8263 3.8147e-07
      vertex 123.121 -45.1213 4
      vertex 123.121 -45.1213 3.8147e-07
    endloop
  endfacet
  facet normal 0.751471 0.659766 0
    outer loop
      vertex 123.38 -35.1737 4
      vertex 123.121 -34.8787 3.8147e-07
      vertex 123.121 -34.8787 4
    endloop
  endfacet
  facet normal 0.751471 0.659766 0
    outer loop
      vertex 123.121 -34.8787 3.8147e-07
      vertex 123.38 -35.1737 4
      vertex 123.38 -35.1737 3.8147e-07
    endloop
  endfacet
  facet normal -0.195379 -0.980728 0
    outer loop
      vertex 102.224 -45.8978 3.8147e-07
      vertex 102.608 -45.9743 4
      vertex 102.224 -45.8978 4
    endloop
  endfacet
  facet normal -0.195379 -0.980728 -0
    outer loop
      vertex 102.608 -45.9743 4
      vertex 102.224 -45.8978 3.8147e-07
      vertex 102.608 -45.9743 3.8147e-07
    endloop
  endfacet
  facet normal 0 0 -1
    outer loop
      vertex 121.888 -41.4489 3.8147e-07
      vertex 124 -43 3.8147e-07
      vertex 123.974 -43.3916 3.8147e-07
    endloop
  endfacet
  facet normal 0 0 -1
    outer loop
      vertex 124 -43 3.8147e-07
      vertex 123 -40 3.8147e-07
      vertex 124 -37 3.8147e-07
    endloop
  endfacet
  facet normal 0 0 -1
    outer loop
      vertex 121.888 -41.4489 3.8147e-07
      vertex 123.974 -43.3916 3.8147e-07
      vertex 123.898 -43.7764 3.8147e-07
    endloop
  endfacet
  facet normal 0 0 -1
    outer loop
      vertex 122.987 -39.8042 3.8147e-07
      vertex 124 -37 3.8147e-07
      vertex 123 -40 3.8147e-07
    endloop
  endfacet
  facet normal 0 0 -1
    outer loop
      vertex 121.696 -41.4872 3.8147e-07
      vertex 123.898 -43.7764 3.8147e-07
      vertex 123.772 -44.148 3.8147e-07
    endloop
  endfacet
  facet normal 0 0 -1
    outer loop
      vertex 122.949 -39.6118 3.8147e-07
      vertex 124 -37 3.8147e-07
      vertex 122.987 -39.8042 3.8147e-07
    endloop
  endfacet
  facet normal 0 0 -1
    outer loop
      vertex 121.696 -41.4872 3.8147e-07
      vertex 123.772 -44.148 3.8147e-07
      vertex 123.598 -44.5 3.8147e-07
    endloop
  endfacet
  facet normal 0 0 -1
    outer loop
      vertex 122.886 -39.426 3.8147e-07
      vertex 124 -37 3.8147e-07
      vertex 122.949 -39.6118 3.8147e-07
    endloop
  endfacet
  facet normal 0 0 -1
    outer loop
      vertex 121.696 -41.4872 3.8147e-07
      vertex 123.598 -44.5 3.8147e-07
      vertex 123.38 -44.8263 3.8147e-07
    endloop
  endfacet
  facet normal 0 0 -1
    outer loop
      vertex 122.799 -39.25 3.8147e-07
      vertex 124 -37 3.8147e-07
      vertex 122.886 -39.426 3.8147e-07
    endloop
  endfacet
  facet normal 0 0 -1
    outer loop
      vertex 121.5 -41.5 3.8147e-07
      vertex 123.38 -44.8263 3.8147e-07
      vertex 123.121 -45.1213 3.8147e-07
    endloop
  endfacet
  facet normal 0 0 -1
    outer loop
      vertex 122.69 -39.0869 3.8147e-07
      vertex 124 -37 3.8147e-07
      vertex 122.799 -39.25 3.8147e-07
    endloop
  endfacet
  facet normal 0 0 -1
    outer loop
      vertex 122.561 -38.9393 3.8147e-07
      vertex 124 -37 3.8147e-07
      vertex 122.69 -39.0869 3.8147e-07
    endloop
  endfacet
  facet normal 0 0 -1
    outer loop
      vertex 124 -43 3.8147e-07
      vertex 122.987 -40.1958 3.8147e-07
      vertex 123 -40 3.8147e-07
    endloop
  endfacet
  facet normal 0 0 -1
    outer loop
      vertex 124 -43 3.8147e-07
      vertex 122.949 -40.3882 3.8147e-07
      vertex 122.987 -40.1958 3.8147e-07
    endloop
  endfacet
  facet normal 0 0 -1
    outer loop
      vertex 124 -43 3.8147e-07
      vertex 122.886 -40.574 3.8147e-07
      vertex 122.949 -40.3882 3.8147e-07
    endloop
  endfacet
  facet normal 0 0 -1
    outer loop
      vertex 121.5 -41.5 3.8147e-07
      vertex 123.121 -45.1213 3.8147e-07
      vertex 122.826 -45.3801 3.8147e-07
    endloop
  endfacet
  facet normal 0 0 -1
    outer loop
      vertex 124 -43 3.8147e-07
      vertex 122.799 -40.75 3.8147e-07
      vertex 122.886 -40.574 3.8147e-07
    endloop
  endfacet
  facet normal 0 0 -1
    outer loop
      vertex 124 -43 3.8147e-07
      vertex 122.69 -40.9131 3.8147e-07
      vertex 122.799 -40.75 3.8147e-07
    endloop
  endfacet
  facet normal 0 0 -1
    outer loop
      vertex 124 -43 3.8147e-07
      vertex 122.561 -41.0607 3.8147e-07
      vertex 122.69 -40.9131 3.8147e-07
    endloop
  endfacet
  facet normal 0 0 -1
    outer loop
      vertex 121.5 -41.5 3.8147e-07
      vertex 122.826 -45.3801 3.8147e-07
      vertex 122.5 -45.5981 3.8147e-07
    endloop
  endfacet
  facet normal 0 0 -1
    outer loop
      vertex 124 -43 3.8147e-07
      vertex 122.413 -41.19 3.8147e-07
      vertex 122.561 -41.0607 3.8147e-07
    endloop
  endfacet
  facet normal 0 0 -1
    outer loop
      vertex 124 -43 3.8147e-07
      vertex 122.25 -41.299 3.8147e-07
      vertex 122.413 -41.19 3.8147e-07
    endloop
  endfacet
  facet normal 0 0 -1
    outer loop
      vertex 121.5 -41.5 3.8147e-07
      vertex 122.5 -45.5981 3.8147e-07
      vertex 122.148 -45.7716 3.8147e-07
    endloop
  endfacet
  facet normal 0 0 -1
    outer loop
      vertex 124 -43 3.8147e-07
      vertex 122.074 -41.3858 3.8147e-07
      vertex 122.25 -41.299 3.8147e-07
    endloop
  endfacet
  facet normal 0 0 -1
    outer loop
      vertex 124 -43 3.8147e-07
      vertex 121.888 -41.4489 3.8147e-07
      vertex 122.074 -41.3858 3.8147e-07
    endloop
  endfacet
  facet normal 0 0 -1
    outer loop
      vertex 121.5 -41.5 3.8147e-07
      vertex 122.148 -45.7716 3.8147e-07
      vertex 121.776 -45.8978 3.8147e-07
    endloop
  endfacet
  facet normal 0 0 -1
    outer loop
      vertex 123.898 -43.7764 3.8147e-07
      vertex 121.696 -41.4872 3.8147e-07
      vertex 121.888 -41.4489 3.8147e-07
    endloop
  endfacet
  facet normal 0 0 -1
    outer loop
      vertex 123.38 -44.8263 3.8147e-07
      vertex 121.5 -41.5 3.8147e-07
      vertex 121.696 -41.4872 3.8147e-07
    endloop
  endfacet
  facet normal 0 0 -1
    outer loop
      vertex 121.304 -41.4872 3.8147e-07
      vertex 121.776 -45.8978 3.8147e-07
      vertex 121.392 -45.9743 3.8147e-07
    endloop
  endfacet
  facet normal 0 0 -1
    outer loop
      vertex 121.776 -45.8978 3.8147e-07
      vertex 121.304 -41.4872 3.8147e-07
      vertex 121.5 -41.5 3.8147e-07
    endloop
  endfacet
  facet normal 0 0 -1
    outer loop
      vertex 121 -46 3.8147e-07
      vertex 121.304 -41.4872 3.8147e-07
      vertex 121.392 -45.9743 3.8147e-07
    endloop
  endfacet
  facet normal -0 0 -1
    outer loop
      vertex 121.304 -41.4872 3.8147e-07
      vertex 121 -46 3.8147e-07
      vertex 121.112 -41.4489 3.8147e-07
    endloop
  endfacet
  facet normal 0 0 -1
    outer loop
      vertex 121 -46 3.8147e-07
      vertex 120.926 -41.3858 3.8147e-07
      vertex 121.112 -41.4489 3.8147e-07
    endloop
  endfacet
  facet normal 0 0 -1
    outer loop
      vertex 121 -46 3.8147e-07
      vertex 120.75 -41.299 3.8147e-07
      vertex 120.926 -41.3858 3.8147e-07
    endloop
  endfacet
  facet normal 0 0 -1
    outer loop
      vertex 121 -46 3.8147e-07
      vertex 120.587 -41.19 3.8147e-07
      vertex 120.75 -41.299 3.8147e-07
    endloop
  endfacet
  facet normal 0 0 -1
    outer loop
      vertex 121 -46 3.8147e-07
      vertex 120.439 -41.0607 3.8147e-07
      vertex 120.587 -41.19 3.8147e-07
    endloop
  endfacet
  facet normal 0 0 -1
    outer loop
      vertex 121 -46 3.8147e-07
      vertex 120.31 -40.9131 3.8147e-07
      vertex 120.439 -41.0607 3.8147e-07
    endloop
  endfacet
  facet normal 0 0 -1
    outer loop
      vertex 121 -46 3.8147e-07
      vertex 120.201 -40.75 3.8147e-07
      vertex 120.31 -40.9131 3.8147e-07
    endloop
  endfacet
  facet normal 0 0 -1
    outer loop
      vertex 121 -46 3.8147e-07
      vertex 120.114 -40.574 3.8147e-07
      vertex 120.201 -40.75 3.8147e-07
    endloop
  endfacet
  facet normal 0 0 -1
    outer loop
      vertex 103.886 -40.574 3.8147e-07
      vertex 120.114 -40.574 3.8147e-07
      vertex 121 -46 3.8147e-07
    endloop
  endfacet
  facet normal 0 0 -1
    outer loop
      vertex 120.114 -40.574 3.8147e-07
      vertex 103.886 -40.574 3.8147e-07
      vertex 120.051 -40.3882 3.8147e-07
    endloop
  endfacet
  facet normal 0 0 -1
    outer loop
      vertex 120.013 -40.1958 3.8147e-07
      vertex 104 -40 3.8147e-07
      vertex 120 -40 3.8147e-07
    endloop
  endfacet
  facet normal 0 -0 -1
    outer loop
      vertex 103.949 -40.3882 3.8147e-07
      vertex 120.051 -40.3882 3.8147e-07
      vertex 103.886 -40.574 3.8147e-07
    endloop
  endfacet
  facet normal 0 0 -1
    outer loop
      vertex 120.013 -40.1958 3.8147e-07
      vertex 103.987 -40.1958 3.8147e-07
      vertex 104 -40 3.8147e-07
    endloop
  endfacet
  facet normal -0 0 -1
    outer loop
      vertex 120.013 -40.1958 3.8147e-07
      vertex 103.949 -40.3882 3.8147e-07
      vertex 103.987 -40.1958 3.8147e-07
    endloop
  endfacet
  facet normal 0 0 -1
    outer loop
      vertex 120.051 -40.3882 3.8147e-07
      vertex 103.949 -40.3882 3.8147e-07
      vertex 120.013 -40.1958 3.8147e-07
    endloop
  endfacet
  facet normal 0 0 -1
    outer loop
      vertex 121 -46 3.8147e-07
      vertex 103.799 -40.75 3.8147e-07
      vertex 103.886 -40.574 3.8147e-07
    endloop
  endfacet
  facet normal 0 0 -1
    outer loop
      vertex 103 -46 3.8147e-07
      vertex 103.799 -40.75 3.8147e-07
      vertex 121 -46 3.8147e-07
    endloop
  endfacet
  facet normal 0 0 -1
    outer loop
      vertex 103.799 -40.75 3.8147e-07
      vertex 103 -46 3.8147e-07
      vertex 103.69 -40.9131 3.8147e-07
    endloop
  endfacet
  facet normal 0 0 -1
    outer loop
      vertex 103.69 -40.9131 3.8147e-07
      vertex 103 -46 3.8147e-07
      vertex 103.561 -41.0607 3.8147e-07
    endloop
  endfacet
  facet normal 0 0 -1
    outer loop
      vertex 103.561 -41.0607 3.8147e-07
      vertex 103 -46 3.8147e-07
      vertex 103.413 -41.19 3.8147e-07
    endloop
  endfacet
  facet normal 0 0 -1
    outer loop
      vertex 103.413 -41.19 3.8147e-07
      vertex 103 -46 3.8147e-07
      vertex 103.25 -41.299 3.8147e-07
    endloop
  endfacet
  facet normal 0 0 -1
    outer loop
      vertex 103.25 -41.299 3.8147e-07
      vertex 103 -46 3.8147e-07
      vertex 103.074 -41.3858 3.8147e-07
    endloop
  endfacet
  facet normal 0 0 -1
    outer loop
      vertex 103 -46 3.8147e-07
      vertex 102.888 -41.4489 3.8147e-07
      vertex 103.074 -41.3858 3.8147e-07
    endloop
  endfacet
  facet normal 0 0 -1
    outer loop
      vertex 103 -46 3.8147e-07
      vertex 102.696 -41.4872 3.8147e-07
      vertex 102.888 -41.4489 3.8147e-07
    endloop
  endfacet
  facet normal 0 0 -1
    outer loop
      vertex 102.608 -45.9743 3.8147e-07
      vertex 102.696 -41.4872 3.8147e-07
      vertex 103 -46 3.8147e-07
    endloop
  endfacet
  facet normal 0 0 -1
    outer loop
      vertex 102.224 -45.8978 3.8147e-07
      vertex 102.696 -41.4872 3.8147e-07
      vertex 102.608 -45.9743 3.8147e-07
    endloop
  endfacet
  facet normal 0 0 -1
    outer loop
      vertex 102.696 -41.4872 3.8147e-07
      vertex 102.224 -45.8978 3.8147e-07
      vertex 102.5 -41.5 3.8147e-07
    endloop
  endfacet
  facet normal 0 0 -1
    outer loop
      vertex 101.852 -45.7716 3.8147e-07
      vertex 102.5 -41.5 3.8147e-07
      vertex 102.224 -45.8978 3.8147e-07
    endloop
  endfacet
  facet normal 0 0 -1
    outer loop
      vertex 101.5 -45.5981 3.8147e-07
      vertex 102.5 -41.5 3.8147e-07
      vertex 101.852 -45.7716 3.8147e-07
    endloop
  endfacet
  facet normal 0 0 -1
    outer loop
      vertex 101.174 -45.3801 3.8147e-07
      vertex 102.5 -41.5 3.8147e-07
      vertex 101.5 -45.5981 3.8147e-07
    endloop
  endfacet
  facet normal 0 0 -1
    outer loop
      vertex 100.879 -45.1213 3.8147e-07
      vertex 102.5 -41.5 3.8147e-07
      vertex 101.174 -45.3801 3.8147e-07
    endloop
  endfacet
  facet normal 0 0 -1
    outer loop
      vertex 100.62 -44.8263 3.8147e-07
      vertex 102.5 -41.5 3.8147e-07
      vertex 100.879 -45.1213 3.8147e-07
    endloop
  endfacet
  facet normal -0 0 -1
    outer loop
      vertex 102.5 -41.5 3.8147e-07
      vertex 100.62 -44.8263 3.8147e-07
      vertex 102.304 -41.4872 3.8147e-07
    endloop
  endfacet
  facet normal 0 0 -1
    outer loop
      vertex 100.402 -44.5 3.8147e-07
      vertex 102.304 -41.4872 3.8147e-07
      vertex 100.62 -44.8263 3.8147e-07
    endloop
  endfacet
  facet normal 0 0 -1
    outer loop
      vertex 100.228 -44.148 3.8147e-07
      vertex 102.304 -41.4872 3.8147e-07
      vertex 100.402 -44.5 3.8147e-07
    endloop
  endfacet
  facet normal 0 0 -1
    outer loop
      vertex 100.102 -43.7764 3.8147e-07
      vertex 102.304 -41.4872 3.8147e-07
      vertex 100.228 -44.148 3.8147e-07
    endloop
  endfacet
  facet normal -0 0 -1
    outer loop
      vertex 102.304 -41.4872 3.8147e-07
      vertex 100.102 -43.7764 3.8147e-07
      vertex 102.112 -41.4489 3.8147e-07
    endloop
  endfacet
  facet normal 0 0 -1
    outer loop
      vertex 100.026 -43.3916 3.8147e-07
      vertex 102.112 -41.4489 3.8147e-07
      vertex 100.102 -43.7764 3.8147e-07
    endloop
  endfacet
  facet normal 0 0 -1
    outer loop
      vertex 100 -43 3.8147e-07
      vertex 102.112 -41.4489 3.8147e-07
      vertex 100.026 -43.3916 3.8147e-07
    endloop
  endfacet
  facet normal -0 0 -1
    outer loop
      vertex 101.201 -40.75 3.8147e-07
      vertex 100 -43 3.8147e-07
      vertex 101.114 -40.574 3.8147e-07
    endloop
  endfacet
  facet normal -0 0 -1
    outer loop
      vertex 101.114 -40.574 3.8147e-07
      vertex 100 -43 3.8147e-07
      vertex 101.051 -40.3882 3.8147e-07
    endloop
  endfacet
  facet normal -0 0 -1
    outer loop
      vertex 101.051 -40.3882 3.8147e-07
      vertex 100 -43 3.8147e-07
      vertex 101.013 -40.1958 3.8147e-07
    endloop
  endfacet
  facet normal -0 0 -1
    outer loop
      vertex 102.112 -41.4489 3.8147e-07
      vertex 100 -43 3.8147e-07
      vertex 101.926 -41.3858 3.8147e-07
    endloop
  endfacet
  facet normal 0 0 -1
    outer loop
      vertex 122.413 -38.81 3.8147e-07
      vertex 124 -37 3.8147e-07
      vertex 122.561 -38.9393 3.8147e-07
    endloop
  endfacet
  facet normal 0 0 -1
    outer loop
      vertex 122.25 -38.701 3.8147e-07
      vertex 124 -37 3.8147e-07
      vertex 122.413 -38.81 3.8147e-07
    endloop
  endfacet
  facet normal 0 0 -1
    outer loop
      vertex 122.074 -38.6142 3.8147e-07
      vertex 124 -37 3.8147e-07
      vertex 122.25 -38.701 3.8147e-07
    endloop
  endfacet
  facet normal 0 0 -1
    outer loop
      vertex 121.888 -38.5511 3.8147e-07
      vertex 124 -37 3.8147e-07
      vertex 122.074 -38.6142 3.8147e-07
    endloop
  endfacet
  facet normal -0 0 -1
    outer loop
      vertex 124 -37 3.8147e-07
      vertex 121.888 -38.5511 3.8147e-07
      vertex 123.974 -36.6084 3.8147e-07
    endloop
  endfacet
  facet normal -0 0 -1
    outer loop
      vertex 123.974 -36.6084 3.8147e-07
      vertex 121.888 -38.5511 3.8147e-07
      vertex 123.898 -36.2236 3.8147e-07
    endloop
  endfacet
  facet normal 0 0 -1
    outer loop
      vertex 121.696 -38.5128 3.8147e-07
      vertex 123.898 -36.2236 3.8147e-07
      vertex 121.888 -38.5511 3.8147e-07
    endloop
  endfacet
  facet normal -0 0 -1
    outer loop
      vertex 123.898 -36.2236 3.8147e-07
      vertex 121.696 -38.5128 3.8147e-07
      vertex 123.772 -35.852 3.8147e-07
    endloop
  endfacet
  facet normal -0 0 -1
    outer loop
      vertex 123.772 -35.852 3.8147e-07
      vertex 121.696 -38.5128 3.8147e-07
      vertex 123.598 -35.5 3.8147e-07
    endloop
  endfacet
  facet normal -0 0 -1
    outer loop
      vertex 123.598 -35.5 3.8147e-07
      vertex 121.696 -38.5128 3.8147e-07
      vertex 123.38 -35.1737 3.8147e-07
    endloop
  endfacet
  facet normal 0 0 -1
    outer loop
      vertex 121.5 -38.5 3.8147e-07
      vertex 123.38 -35.1737 3.8147e-07
      vertex 121.696 -38.5128 3.8147e-07
    endloop
  endfacet
  facet normal -0 0 -1
    outer loop
      vertex 123.38 -35.1737 3.8147e-07
      vertex 121.5 -38.5 3.8147e-07
      vertex 123.121 -34.8787 3.8147e-07
    endloop
  endfacet
  facet normal -0 0 -1
    outer loop
      vertex 123.121 -34.8787 3.8147e-07
      vertex 121.5 -38.5 3.8147e-07
      vertex 122.826 -34.6199 3.8147e-07
    endloop
  endfacet
  facet normal -0 0 -1
    outer loop
      vertex 122.826 -34.6199 3.8147e-07
      vertex 121.5 -38.5 3.8147e-07
      vertex 122.5 -34.4019 3.8147e-07
    endloop
  endfacet
  facet normal -0 0 -1
    outer loop
      vertex 122.5 -34.4019 3.8147e-07
      vertex 121.5 -38.5 3.8147e-07
      vertex 122.148 -34.2284 3.8147e-07
    endloop
  endfacet
  facet normal -0 0 -1
    outer loop
      vertex 122.148 -34.2284 3.8147e-07
      vertex 121.5 -38.5 3.8147e-07
      vertex 121.776 -34.1022 3.8147e-07
    endloop
  endfacet
  facet normal 0 0 -1
    outer loop
      vertex 121.304 -38.5128 3.8147e-07
      vertex 121.776 -34.1022 3.8147e-07
      vertex 121.5 -38.5 3.8147e-07
    endloop
  endfacet
  facet normal -0 0 -1
    outer loop
      vertex 121.776 -34.1022 3.8147e-07
      vertex 121.304 -38.5128 3.8147e-07
      vertex 121.392 -34.0257 3.8147e-07
    endloop
  endfacet
  facet normal 0 0 -1
    outer loop
      vertex 121 -34 3.8147e-07
      vertex 121.304 -38.5128 3.8147e-07
      vertex 121.112 -38.5511 3.8147e-07
    endloop
  endfacet
  facet normal 0 0 -1
    outer loop
      vertex 121.304 -38.5128 3.8147e-07
      vertex 121 -34 3.8147e-07
      vertex 121.392 -34.0257 3.8147e-07
    endloop
  endfacet
  facet normal 0 0 -1
    outer loop
      vertex 120.926 -38.6142 3.8147e-07
      vertex 121 -34 3.8147e-07
      vertex 121.112 -38.5511 3.8147e-07
    endloop
  endfacet
  facet normal 0 0 -1
    outer loop
      vertex 120.75 -38.701 3.8147e-07
      vertex 121 -34 3.8147e-07
      vertex 120.926 -38.6142 3.8147e-07
    endloop
  endfacet
  facet normal 0 0 -1
    outer loop
      vertex 120.587 -38.81 3.8147e-07
      vertex 121 -34 3.8147e-07
      vertex 120.75 -38.701 3.8147e-07
    endloop
  endfacet
  facet normal 0 0 -1
    outer loop
      vertex 120.439 -38.9393 3.8147e-07
      vertex 121 -34 3.8147e-07
      vertex 120.587 -38.81 3.8147e-07
    endloop
  endfacet
  facet normal 0 0 -1
    outer loop
      vertex 120.31 -39.0869 3.8147e-07
      vertex 121 -34 3.8147e-07
      vertex 120.439 -38.9393 3.8147e-07
    endloop
  endfacet
  facet normal 0 0 -1
    outer loop
      vertex 120.201 -39.25 3.8147e-07
      vertex 121 -34 3.8147e-07
      vertex 120.31 -39.0869 3.8147e-07
    endloop
  endfacet
  facet normal 0 0 -1
    outer loop
      vertex 120.114 -39.426 3.8147e-07
      vertex 121 -34 3.8147e-07
      vertex 120.201 -39.25 3.8147e-07
    endloop
  endfacet
  facet normal 0 0 -1
    outer loop
      vertex 103.886 -39.426 3.8147e-07
      vertex 120.114 -39.426 3.8147e-07
      vertex 120.051 -39.6118 3.8147e-07
    endloop
  endfacet
  facet normal 0 0 -1
    outer loop
      vertex 103.949 -39.6118 3.8147e-07
      vertex 120.051 -39.6118 3.8147e-07
      vertex 120.013 -39.8042 3.8147e-07
    endloop
  endfacet
  facet normal 0 0 -1
    outer loop
      vertex 104 -40 3.8147e-07
      vertex 120.013 -39.8042 3.8147e-07
      vertex 120 -40 3.8147e-07
    endloop
  endfacet
  facet normal 0 0 -1
    outer loop
      vertex 103.987 -39.8042 3.8147e-07
      vertex 120.013 -39.8042 3.8147e-07
      vertex 104 -40 3.8147e-07
    endloop
  endfacet
  facet normal 0 0 -1
    outer loop
      vertex 103.949 -39.6118 3.8147e-07
      vertex 120.013 -39.8042 3.8147e-07
      vertex 103.987 -39.8042 3.8147e-07
    endloop
  endfacet
  facet normal 0 0 -1
    outer loop
      vertex 120.051 -39.6118 3.8147e-07
      vertex 103.949 -39.6118 3.8147e-07
      vertex 103.886 -39.426 3.8147e-07
    endloop
  endfacet
  facet normal 0 0 -1
    outer loop
      vertex 120.114 -39.426 3.8147e-07
      vertex 103.886 -39.426 3.8147e-07
      vertex 121 -34 3.8147e-07
    endloop
  endfacet
  facet normal 0 0 -1
    outer loop
      vertex 103.799 -39.25 3.8147e-07
      vertex 121 -34 3.8147e-07
      vertex 103.886 -39.426 3.8147e-07
    endloop
  endfacet
  facet normal 0 0 -1
    outer loop
      vertex 103 -34 3.8147e-07
      vertex 103.799 -39.25 3.8147e-07
      vertex 103.69 -39.0869 3.8147e-07
    endloop
  endfacet
  facet normal 0 0 -1
    outer loop
      vertex 103 -34 3.8147e-07
      vertex 103.69 -39.0869 3.8147e-07
      vertex 103.561 -38.9393 3.8147e-07
    endloop
  endfacet
  facet normal 0 0 -1
    outer loop
      vertex 103 -34 3.8147e-07
      vertex 103.561 -38.9393 3.8147e-07
      vertex 103.413 -38.81 3.8147e-07
    endloop
  endfacet
  facet normal 0 0 -1
    outer loop
      vertex 103 -34 3.8147e-07
      vertex 103.413 -38.81 3.8147e-07
      vertex 103.25 -38.701 3.8147e-07
    endloop
  endfacet
  facet normal 0 0 -1
    outer loop
      vertex 103 -34 3.8147e-07
      vertex 103.25 -38.701 3.8147e-07
      vertex 103.074 -38.6142 3.8147e-07
    endloop
  endfacet
  facet normal 0 0 -1
    outer loop
      vertex 103.799 -39.25 3.8147e-07
      vertex 103 -34 3.8147e-07
      vertex 121 -34 3.8147e-07
    endloop
  endfacet
  facet normal 0 0 -1
    outer loop
      vertex 102.888 -38.5511 3.8147e-07
      vertex 103 -34 3.8147e-07
      vertex 103.074 -38.6142 3.8147e-07
    endloop
  endfacet
  facet normal 0 0 -1
    outer loop
      vertex 102.696 -38.5128 3.8147e-07
      vertex 103 -34 3.8147e-07
      vertex 102.888 -38.5511 3.8147e-07
    endloop
  endfacet
  facet normal 0 0 -1
    outer loop
      vertex 102.696 -38.5128 3.8147e-07
      vertex 102.608 -34.0257 3.8147e-07
      vertex 103 -34 3.8147e-07
    endloop
  endfacet
  facet normal 0 0 -1
    outer loop
      vertex 102.224 -34.1022 3.8147e-07
      vertex 102.696 -38.5128 3.8147e-07
      vertex 102.5 -38.5 3.8147e-07
    endloop
  endfacet
  facet normal 0 0 -1
    outer loop
      vertex 100.62 -35.1737 3.8147e-07
      vertex 102.5 -38.5 3.8147e-07
      vertex 102.304 -38.5128 3.8147e-07
    endloop
  endfacet
  facet normal 0 0 -1
    outer loop
      vertex 102.696 -38.5128 3.8147e-07
      vertex 102.224 -34.1022 3.8147e-07
      vertex 102.608 -34.0257 3.8147e-07
    endloop
  endfacet
  facet normal 0 0 -1
    outer loop
      vertex 100.102 -36.2236 3.8147e-07
      vertex 102.304 -38.5128 3.8147e-07
      vertex 102.112 -38.5511 3.8147e-07
    endloop
  endfacet
  facet normal 0 0 -1
    outer loop
      vertex 100 -37 3.8147e-07
      vertex 102.112 -38.5511 3.8147e-07
      vertex 101.926 -38.6142 3.8147e-07
    endloop
  endfacet
  facet normal 0 0 -1
    outer loop
      vertex 102.5 -38.5 3.8147e-07
      vertex 101.852 -34.2284 3.8147e-07
      vertex 102.224 -34.1022 3.8147e-07
    endloop
  endfacet
  facet normal 0 0 -1
    outer loop
      vertex 100 -37 3.8147e-07
      vertex 101.926 -38.6142 3.8147e-07
      vertex 101.75 -38.701 3.8147e-07
    endloop
  endfacet
  facet normal 0 0 -1
    outer loop
      vertex 100 -37 3.8147e-07
      vertex 101.75 -38.701 3.8147e-07
      vertex 101.587 -38.81 3.8147e-07
    endloop
  endfacet
  facet normal 0 0 -1
    outer loop
      vertex 102.5 -38.5 3.8147e-07
      vertex 101.5 -34.4019 3.8147e-07
      vertex 101.852 -34.2284 3.8147e-07
    endloop
  endfacet
  facet normal 0 0 -1
    outer loop
      vertex 100 -37 3.8147e-07
      vertex 101.587 -38.81 3.8147e-07
      vertex 101.439 -38.9393 3.8147e-07
    endloop
  endfacet
  facet normal 0 0 -1
    outer loop
      vertex 100 -37 3.8147e-07
      vertex 101.439 -38.9393 3.8147e-07
      vertex 101.31 -39.0869 3.8147e-07
    endloop
  endfacet
  facet normal 0 0 -1
    outer loop
      vertex 100 -37 3.8147e-07
      vertex 101.31 -39.0869 3.8147e-07
      vertex 101.201 -39.25 3.8147e-07
    endloop
  endfacet
  facet normal 0 0 -1
    outer loop
      vertex 102.5 -38.5 3.8147e-07
      vertex 101.174 -34.6199 3.8147e-07
      vertex 101.5 -34.4019 3.8147e-07
    endloop
  endfacet
  facet normal 0 0 -1
    outer loop
      vertex 100 -37 3.8147e-07
      vertex 101.201 -39.25 3.8147e-07
      vertex 101.114 -39.426 3.8147e-07
    endloop
  endfacet
  facet normal 0 0 -1
    outer loop
      vertex 100 -37 3.8147e-07
      vertex 101.114 -39.426 3.8147e-07
      vertex 101.051 -39.6118 3.8147e-07
    endloop
  endfacet
  facet normal 0 0 -1
    outer loop
      vertex 100 -37 3.8147e-07
      vertex 101.051 -39.6118 3.8147e-07
      vertex 101.013 -39.8042 3.8147e-07
    endloop
  endfacet
  facet normal 0 0 -1
    outer loop
      vertex 100 -37 3.8147e-07
      vertex 101.013 -39.8042 3.8147e-07
      vertex 101 -40 3.8147e-07
    endloop
  endfacet
  facet normal 0 0 -1
    outer loop
      vertex 102.112 -38.5511 3.8147e-07
      vertex 100 -37 3.8147e-07
      vertex 100.026 -36.6084 3.8147e-07
    endloop
  endfacet
  facet normal -0 0 -1
    outer loop
      vertex 101.013 -40.1958 3.8147e-07
      vertex 100 -43 3.8147e-07
      vertex 101 -40 3.8147e-07
    endloop
  endfacet
  facet normal -0 0 -1
    outer loop
      vertex 101.926 -41.3858 3.8147e-07
      vertex 100 -43 3.8147e-07
      vertex 101.75 -41.299 3.8147e-07
    endloop
  endfacet
  facet normal 0 0 -1
    outer loop
      vertex 100 -37 3.8147e-07
      vertex 101 -40 3.8147e-07
      vertex 100 -43 3.8147e-07
    endloop
  endfacet
  facet normal -0 0 -1
    outer loop
      vertex 101.75 -41.299 3.8147e-07
      vertex 100 -43 3.8147e-07
      vertex 101.587 -41.19 3.8147e-07
    endloop
  endfacet
  facet normal 0 0 -1
    outer loop
      vertex 102.5 -38.5 3.8147e-07
      vertex 100.879 -34.8787 3.8147e-07
      vertex 101.174 -34.6199 3.8147e-07
    endloop
  endfacet
  facet normal -0 0 -1
    outer loop
      vertex 101.587 -41.19 3.8147e-07
      vertex 100 -43 3.8147e-07
      vertex 101.439 -41.0607 3.8147e-07
    endloop
  endfacet
  facet normal 0 0 -1
    outer loop
      vertex 102.5 -38.5 3.8147e-07
      vertex 100.62 -35.1737 3.8147e-07
      vertex 100.879 -34.8787 3.8147e-07
    endloop
  endfacet
  facet normal -0 0 -1
    outer loop
      vertex 101.439 -41.0607 3.8147e-07
      vertex 100 -43 3.8147e-07
      vertex 101.31 -40.9131 3.8147e-07
    endloop
  endfacet
  facet normal 0 0 -1
    outer loop
      vertex 102.304 -38.5128 3.8147e-07
      vertex 100.402 -35.5 3.8147e-07
      vertex 100.62 -35.1737 3.8147e-07
    endloop
  endfacet
  facet normal -0 0 -1
    outer loop
      vertex 101.31 -40.9131 3.8147e-07
      vertex 100 -43 3.8147e-07
      vertex 101.201 -40.75 3.8147e-07
    endloop
  endfacet
  facet normal 0 0 -1
    outer loop
      vertex 102.304 -38.5128 3.8147e-07
      vertex 100.228 -35.852 3.8147e-07
      vertex 100.402 -35.5 3.8147e-07
    endloop
  endfacet
  facet normal 0 0 -1
    outer loop
      vertex 102.304 -38.5128 3.8147e-07
      vertex 100.102 -36.2236 3.8147e-07
      vertex 100.228 -35.852 3.8147e-07
    endloop
  endfacet
  facet normal 0 0 -1
    outer loop
      vertex 102.112 -38.5511 3.8147e-07
      vertex 100.026 -36.6084 3.8147e-07
      vertex 100.102 -36.2236 3.8147e-07
    endloop
  endfacet
  facet normal -0.751471 -0.659766 0
    outer loop
      vertex 100.879 -45.1213 3.8147e-07
      vertex 100.62 -44.8263 4
      vertex 100.62 -44.8263 3.8147e-07
    endloop
  endfacet
  facet normal -0.751471 -0.659766 0
    outer loop
      vertex 100.62 -44.8263 4
      vertex 100.879 -45.1213 3.8147e-07
      vertex 100.879 -45.1213 4
    endloop
  endfacet
  facet normal -0.896455 -0.443134 0
    outer loop
      vertex 100.402 -44.5 3.8147e-07
      vertex 100.228 -44.148 4
      vertex 100.228 -44.148 3.8147e-07
    endloop
  endfacet
  facet normal -0.896455 -0.443134 0
    outer loop
      vertex 100.228 -44.148 4
      vertex 100.402 -44.5 3.8147e-07
      vertex 100.402 -44.5 4
    endloop
  endfacet
  facet normal -0.981049 -0.193762 0
    outer loop
      vertex 103.987 -39.8042 3.8147e-07
      vertex 103.949 -39.6118 4
      vertex 103.949 -39.6118 3.8147e-07
    endloop
  endfacet
  facet normal -0.981049 -0.193762 0
    outer loop
      vertex 103.949 -39.6118 4
      vertex 103.987 -39.8042 3.8147e-07
      vertex 103.987 -39.8042 4
    endloop
  endfacet
  facet normal 0.94704 -0.321117 0
    outer loop
      vertex 101.051 -39.6118 4
      vertex 101.114 -39.426 3.8147e-07
      vertex 101.114 -39.426 4
    endloop
  endfacet
  facet normal 0.94704 -0.321117 0
    outer loop
      vertex 101.114 -39.426 3.8147e-07
      vertex 101.051 -39.6118 4
      vertex 101.051 -39.6118 3.8147e-07
    endloop
  endfacet
  facet normal -0.896455 -0.443134 0
    outer loop
      vertex 103.886 -39.426 3.8147e-07
      vertex 103.799 -39.25 4
      vertex 103.799 -39.25 3.8147e-07
    endloop
  endfacet
  facet normal -0.896455 -0.443134 0
    outer loop
      vertex 103.799 -39.25 4
      vertex 103.886 -39.426 3.8147e-07
      vertex 103.886 -39.426 4
    endloop
  endfacet
  facet normal -0.195625 0.980679 0
    outer loop
      vertex 102.888 -41.4489 3.8147e-07
      vertex 102.696 -41.4872 4
      vertex 102.888 -41.4489 4
    endloop
  endfacet
  facet normal -0.195625 0.980679 0
    outer loop
      vertex 102.696 -41.4872 4
      vertex 102.888 -41.4489 3.8147e-07
      vertex 102.696 -41.4872 3.8147e-07
    endloop
  endfacet
  facet normal -0.0651673 0.997874 0
    outer loop
      vertex 102.696 -41.4872 3.8147e-07
      vertex 102.5 -41.5 4
      vertex 102.696 -41.4872 4
    endloop
  endfacet
  facet normal -0.0651673 0.997874 0
    outer loop
      vertex 102.5 -41.5 4
      vertex 102.696 -41.4872 3.8147e-07
      vertex 102.5 -41.5 3.8147e-07
    endloop
  endfacet
  facet normal -0.94704 -0.321117 0
    outer loop
      vertex 103.949 -39.6118 3.8147e-07
      vertex 103.886 -39.426 4
      vertex 103.886 -39.426 3.8147e-07
    endloop
  endfacet
  facet normal -0.94704 -0.321117 0
    outer loop
      vertex 103.886 -39.426 4
      vertex 103.949 -39.6118 3.8147e-07
      vertex 103.949 -39.6118 4
    endloop
  endfacet
  facet normal 0.321264 0.94699 -0
    outer loop
      vertex 102.112 -41.4489 3.8147e-07
      vertex 101.926 -41.3858 4
      vertex 102.112 -41.4489 4
    endloop
  endfacet
  facet normal 0.321264 0.94699 0
    outer loop
      vertex 101.926 -41.3858 4
      vertex 102.112 -41.4489 3.8147e-07
      vertex 101.926 -41.3858 3.8147e-07
    endloop
  endfacet
  facet normal 0.195625 -0.980679 0
    outer loop
      vertex 102.112 -38.5511 3.8147e-07
      vertex 102.304 -38.5128 4
      vertex 102.112 -38.5511 4
    endloop
  endfacet
  facet normal 0.195625 -0.980679 0
    outer loop
      vertex 102.304 -38.5128 4
      vertex 102.112 -38.5511 3.8147e-07
      vertex 102.304 -38.5128 3.8147e-07
    endloop
  endfacet
  facet normal -0.94704 0.321117 0
    outer loop
      vertex 103.886 -40.574 3.8147e-07
      vertex 103.949 -40.3882 4
      vertex 103.949 -40.3882 3.8147e-07
    endloop
  endfacet
  facet normal -0.94704 0.321117 0
    outer loop
      vertex 103.949 -40.3882 4
      vertex 103.886 -40.574 3.8147e-07
      vertex 103.886 -40.574 4
    endloop
  endfacet
  facet normal -0.0651673 -0.997874 0
    outer loop
      vertex 102.5 -38.5 3.8147e-07
      vertex 102.696 -38.5128 4
      vertex 102.5 -38.5 4
    endloop
  endfacet
  facet normal -0.0651673 -0.997874 -0
    outer loop
      vertex 102.696 -38.5128 4
      vertex 102.5 -38.5 3.8147e-07
      vertex 102.696 -38.5128 3.8147e-07
    endloop
  endfacet
  facet normal -0.997803 -0.0662484 0
    outer loop
      vertex 104 -40 3.8147e-07
      vertex 103.987 -39.8042 4
      vertex 103.987 -39.8042 3.8147e-07
    endloop
  endfacet
  facet normal -0.997803 -0.0662484 0
    outer loop
      vertex 103.987 -39.8042 4
      vertex 104 -40 3.8147e-07
      vertex 104 -40 4
    endloop
  endfacet
  facet normal 0.831422 -0.555641 0
    outer loop
      vertex 101.201 -39.25 4
      vertex 101.31 -39.0869 3.8147e-07
      vertex 101.31 -39.0869 4
    endloop
  endfacet
  facet normal 0.831422 -0.555641 0
    outer loop
      vertex 101.31 -39.0869 3.8147e-07
      vertex 101.201 -39.25 4
      vertex 101.201 -39.25 3.8147e-07
    endloop
  endfacet
  facet normal 0.321264 -0.94699 0
    outer loop
      vertex 101.926 -38.6142 3.8147e-07
      vertex 102.112 -38.5511 4
      vertex 101.926 -38.6142 4
    endloop
  endfacet
  facet normal 0.321264 -0.94699 0
    outer loop
      vertex 102.112 -38.5511 4
      vertex 101.926 -38.6142 3.8147e-07
      vertex 102.112 -38.5511 3.8147e-07
    endloop
  endfacet
  facet normal 0.981049 -0.193762 0
    outer loop
      vertex 101.013 -39.8042 4
      vertex 101.051 -39.6118 3.8147e-07
      vertex 101.051 -39.6118 4
    endloop
  endfacet
  facet normal 0.981049 -0.193762 0
    outer loop
      vertex 101.051 -39.6118 3.8147e-07
      vertex 101.013 -39.8042 4
      vertex 101.013 -39.8042 3.8147e-07
    endloop
  endfacet
  facet normal -0.752956 0.658071 0
    outer loop
      vertex 103.561 -41.0607 3.8147e-07
      vertex 103.69 -40.9131 4
      vertex 103.69 -40.9131 3.8147e-07
    endloop
  endfacet
  facet normal -0.752956 0.658071 0
    outer loop
      vertex 103.69 -40.9131 4
      vertex 103.561 -41.0607 3.8147e-07
      vertex 103.561 -41.0607 4
    endloop
  endfacet
  facet normal 0.997803 -0.0662484 0
    outer loop
      vertex 101 -40 4
      vertex 101.013 -39.8042 3.8147e-07
      vertex 101.013 -39.8042 4
    endloop
  endfacet
  facet normal 0.997803 -0.0662484 0
    outer loop
      vertex 101.013 -39.8042 3.8147e-07
      vertex 101 -40 4
      vertex 101 -40 3.8147e-07
    endloop
  endfacet
  facet normal 0.442315 0.89686 -0
    outer loop
      vertex 101.926 -41.3858 3.8147e-07
      vertex 101.75 -41.299 4
      vertex 101.926 -41.3858 4
    endloop
  endfacet
  facet normal 0.442315 0.89686 0
    outer loop
      vertex 101.75 -41.299 4
      vertex 101.926 -41.3858 3.8147e-07
      vertex 101.75 -41.299 3.8147e-07
    endloop
  endfacet
  facet normal -0.555877 -0.831265 0
    outer loop
      vertex 103.25 -38.701 3.8147e-07
      vertex 103.413 -38.81 4
      vertex 103.25 -38.701 4
    endloop
  endfacet
  facet normal -0.555877 -0.831265 -0
    outer loop
      vertex 103.413 -38.81 4
      vertex 103.25 -38.701 3.8147e-07
      vertex 103.413 -38.81 3.8147e-07
    endloop
  endfacet
  facet normal 0.657928 0.753081 -0
    outer loop
      vertex 101.587 -41.19 3.8147e-07
      vertex 101.439 -41.0607 4
      vertex 101.587 -41.19 4
    endloop
  endfacet
  facet normal 0.657928 0.753081 0
    outer loop
      vertex 101.439 -41.0607 4
      vertex 101.587 -41.19 3.8147e-07
      vertex 101.439 -41.0607 3.8147e-07
    endloop
  endfacet
  facet normal -0.752956 -0.658071 0
    outer loop
      vertex 103.69 -39.0869 3.8147e-07
      vertex 103.561 -38.9393 4
      vertex 103.561 -38.9393 3.8147e-07
    endloop
  endfacet
  facet normal -0.752956 -0.658071 0
    outer loop
      vertex 103.561 -38.9393 4
      vertex 103.69 -39.0869 3.8147e-07
      vertex 103.69 -39.0869 4
    endloop
  endfacet
  facet normal -0.657928 -0.753081 0
    outer loop
      vertex 103.413 -38.81 3.8147e-07
      vertex 103.561 -38.9393 4
      vertex 103.413 -38.81 4
    endloop
  endfacet
  facet normal -0.657928 -0.753081 -0
    outer loop
      vertex 103.561 -38.9393 4
      vertex 103.413 -38.81 3.8147e-07
      vertex 103.561 -38.9393 3.8147e-07
    endloop
  endfacet
  facet normal -0.997803 0.0662484 0
    outer loop
      vertex 103.987 -40.1958 3.8147e-07
      vertex 104 -40 4
      vertex 104 -40 3.8147e-07
    endloop
  endfacet
  facet normal -0.997803 0.0662484 0
    outer loop
      vertex 104 -40 4
      vertex 103.987 -40.1958 3.8147e-07
      vertex 103.987 -40.1958 4
    endloop
  endfacet
  facet normal -0.896455 0.443134 0
    outer loop
      vertex 103.799 -40.75 3.8147e-07
      vertex 103.886 -40.574 4
      vertex 103.886 -40.574 3.8147e-07
    endloop
  endfacet
  facet normal -0.896455 0.443134 0
    outer loop
      vertex 103.886 -40.574 4
      vertex 103.799 -40.75 3.8147e-07
      vertex 103.799 -40.75 4
    endloop
  endfacet
  facet normal -0.981049 0.193762 0
    outer loop
      vertex 103.949 -40.3882 3.8147e-07
      vertex 103.987 -40.1958 4
      vertex 103.987 -40.1958 3.8147e-07
    endloop
  endfacet
  facet normal -0.981049 0.193762 0
    outer loop
      vertex 103.987 -40.1958 4
      vertex 103.949 -40.3882 3.8147e-07
      vertex 103.949 -40.3882 4
    endloop
  endfacet
  facet normal -0.321264 0.94699 0
    outer loop
      vertex 103.074 -41.3858 3.8147e-07
      vertex 102.888 -41.4489 4
      vertex 103.074 -41.3858 4
    endloop
  endfacet
  facet normal -0.321264 0.94699 0
    outer loop
      vertex 102.888 -41.4489 4
      vertex 103.074 -41.3858 3.8147e-07
      vertex 102.888 -41.4489 3.8147e-07
    endloop
  endfacet
  facet normal -0.831422 -0.555641 0
    outer loop
      vertex 103.799 -39.25 3.8147e-07
      vertex 103.69 -39.0869 4
      vertex 103.69 -39.0869 3.8147e-07
    endloop
  endfacet
  facet normal -0.831422 -0.555641 0
    outer loop
      vertex 103.69 -39.0869 4
      vertex 103.799 -39.25 3.8147e-07
      vertex 103.799 -39.25 4
    endloop
  endfacet
  facet normal 0.752956 -0.658071 0
    outer loop
      vertex 101.31 -39.0869 4
      vertex 101.439 -38.9393 3.8147e-07
      vertex 101.439 -38.9393 4
    endloop
  endfacet
  facet normal 0.752956 -0.658071 0
    outer loop
      vertex 101.439 -38.9393 3.8147e-07
      vertex 101.31 -39.0869 4
      vertex 101.31 -39.0869 3.8147e-07
    endloop
  endfacet
  facet normal -0.442315 -0.89686 0
    outer loop
      vertex 103.074 -38.6142 3.8147e-07
      vertex 103.25 -38.701 4
      vertex 103.074 -38.6142 4
    endloop
  endfacet
  facet normal -0.442315 -0.89686 -0
    outer loop
      vertex 103.25 -38.701 4
      vertex 103.074 -38.6142 3.8147e-07
      vertex 103.25 -38.701 3.8147e-07
    endloop
  endfacet
  facet normal 0.0651673 -0.997874 0
    outer loop
      vertex 102.304 -38.5128 3.8147e-07
      vertex 102.5 -38.5 4
      vertex 102.304 -38.5128 4
    endloop
  endfacet
  facet normal 0.0651673 -0.997874 0
    outer loop
      vertex 102.5 -38.5 4
      vertex 102.304 -38.5128 3.8147e-07
      vertex 102.5 -38.5 3.8147e-07
    endloop
  endfacet
  facet normal 0.657928 -0.753081 0
    outer loop
      vertex 101.439 -38.9393 3.8147e-07
      vertex 101.587 -38.81 4
      vertex 101.439 -38.9393 4
    endloop
  endfacet
  facet normal 0.657928 -0.753081 0
    outer loop
      vertex 101.587 -38.81 4
      vertex 101.439 -38.9393 3.8147e-07
      vertex 101.587 -38.81 3.8147e-07
    endloop
  endfacet
  facet normal -0.831422 0.555641 0
    outer loop
      vertex 103.69 -40.9131 3.8147e-07
      vertex 103.799 -40.75 4
      vertex 103.799 -40.75 3.8147e-07
    endloop
  endfacet
  facet normal -0.831422 0.555641 0
    outer loop
      vertex 103.799 -40.75 4
      vertex 103.69 -40.9131 3.8147e-07
      vertex 103.69 -40.9131 4
    endloop
  endfacet
  facet normal 0.442315 -0.89686 0
    outer loop
      vertex 101.75 -38.701 3.8147e-07
      vertex 101.926 -38.6142 4
      vertex 101.75 -38.701 4
    endloop
  endfacet
  facet normal 0.442315 -0.89686 0
    outer loop
      vertex 101.926 -38.6142 4
      vertex 101.75 -38.701 3.8147e-07
      vertex 101.926 -38.6142 3.8147e-07
    endloop
  endfacet
  facet normal 0.896455 0.443134 0
    outer loop
      vertex 101.201 -40.75 4
      vertex 101.114 -40.574 3.8147e-07
      vertex 101.114 -40.574 4
    endloop
  endfacet
  facet normal 0.896455 0.443134 0
    outer loop
      vertex 101.114 -40.574 3.8147e-07
      vertex 101.201 -40.75 4
      vertex 101.201 -40.75 3.8147e-07
    endloop
  endfacet
  facet normal -0.321264 -0.94699 0
    outer loop
      vertex 102.888 -38.5511 3.8147e-07
      vertex 103.074 -38.6142 4
      vertex 102.888 -38.5511 4
    endloop
  endfacet
  facet normal -0.321264 -0.94699 -0
    outer loop
      vertex 103.074 -38.6142 4
      vertex 102.888 -38.5511 3.8147e-07
      vertex 103.074 -38.6142 3.8147e-07
    endloop
  endfacet
  facet normal 0.94704 0.321117 0
    outer loop
      vertex 101.114 -40.574 4
      vertex 101.051 -40.3882 3.8147e-07
      vertex 101.051 -40.3882 4
    endloop
  endfacet
  facet normal 0.94704 0.321117 0
    outer loop
      vertex 101.051 -40.3882 3.8147e-07
      vertex 101.114 -40.574 4
      vertex 101.114 -40.574 3.8147e-07
    endloop
  endfacet
  facet normal -0.442315 0.89686 0
    outer loop
      vertex 103.25 -41.299 3.8147e-07
      vertex 103.074 -41.3858 4
      vertex 103.25 -41.299 4
    endloop
  endfacet
  facet normal -0.442315 0.89686 0
    outer loop
      vertex 103.074 -41.3858 4
      vertex 103.25 -41.299 3.8147e-07
      vertex 103.074 -41.3858 3.8147e-07
    endloop
  endfacet
  facet normal 0.981049 0.193762 0
    outer loop
      vertex 101.051 -40.3882 4
      vertex 101.013 -40.1958 3.8147e-07
      vertex 101.013 -40.1958 4
    endloop
  endfacet
  facet normal 0.981049 0.193762 0
    outer loop
      vertex 101.013 -40.1958 3.8147e-07
      vertex 101.051 -40.3882 4
      vertex 101.051 -40.3882 3.8147e-07
    endloop
  endfacet
  facet normal -0.555877 0.831265 0
    outer loop
      vertex 103.413 -41.19 3.8147e-07
      vertex 103.25 -41.299 4
      vertex 103.413 -41.19 4
    endloop
  endfacet
  facet normal -0.555877 0.831265 0
    outer loop
      vertex 103.25 -41.299 4
      vertex 103.413 -41.19 3.8147e-07
      vertex 103.25 -41.299 3.8147e-07
    endloop
  endfacet
  facet normal 0.0651673 0.997874 -0
    outer loop
      vertex 102.5 -41.5 3.8147e-07
      vertex 102.304 -41.4872 4
      vertex 102.5 -41.5 4
    endloop
  endfacet
  facet normal 0.0651673 0.997874 0
    outer loop
      vertex 102.304 -41.4872 4
      vertex 102.5 -41.5 3.8147e-07
      vertex 102.304 -41.4872 3.8147e-07
    endloop
  endfacet
  facet normal 0.555877 -0.831265 0
    outer loop
      vertex 101.587 -38.81 3.8147e-07
      vertex 101.75 -38.701 4
      vertex 101.587 -38.81 4
    endloop
  endfacet
  facet normal 0.555877 -0.831265 0
    outer loop
      vertex 101.75 -38.701 4
      vertex 101.587 -38.81 3.8147e-07
      vertex 101.75 -38.701 3.8147e-07
    endloop
  endfacet
  facet normal 0.752956 0.658071 0
    outer loop
      vertex 101.439 -41.0607 4
      vertex 101.31 -40.9131 3.8147e-07
      vertex 101.31 -40.9131 4
    endloop
  endfacet
  facet normal 0.752956 0.658071 0
    outer loop
      vertex 101.31 -40.9131 3.8147e-07
      vertex 101.439 -41.0607 4
      vertex 101.439 -41.0607 3.8147e-07
    endloop
  endfacet
  facet normal 0.831422 0.555641 0
    outer loop
      vertex 101.31 -40.9131 4
      vertex 101.201 -40.75 3.8147e-07
      vertex 101.201 -40.75 4
    endloop
  endfacet
  facet normal 0.831422 0.555641 0
    outer loop
      vertex 101.201 -40.75 3.8147e-07
      vertex 101.31 -40.9131 4
      vertex 101.31 -40.9131 3.8147e-07
    endloop
  endfacet
  facet normal 0.997803 0.0662484 0
    outer loop
      vertex 101.013 -40.1958 4
      vertex 101 -40 3.8147e-07
      vertex 101 -40 4
    endloop
  endfacet
  facet normal 0.997803 0.0662484 0
    outer loop
      vertex 101 -40 3.8147e-07
      vertex 101.013 -40.1958 4
      vertex 101.013 -40.1958 3.8147e-07
    endloop
  endfacet
  facet normal -0.657928 0.753081 0
    outer loop
      vertex 103.561 -41.0607 3.8147e-07
      vertex 103.413 -41.19 4
      vertex 103.561 -41.0607 4
    endloop
  endfacet
  facet normal -0.657928 0.753081 0
    outer loop
      vertex 103.413 -41.19 4
      vertex 103.561 -41.0607 3.8147e-07
      vertex 103.413 -41.19 3.8147e-07
    endloop
  endfacet
  facet normal -0.195625 -0.980679 0
    outer loop
      vertex 102.696 -38.5128 3.8147e-07
      vertex 102.888 -38.5511 4
      vertex 102.696 -38.5128 4
    endloop
  endfacet
  facet normal -0.195625 -0.980679 -0
    outer loop
      vertex 102.888 -38.5511 4
      vertex 102.696 -38.5128 3.8147e-07
      vertex 102.888 -38.5511 3.8147e-07
    endloop
  endfacet
  facet normal 0.896455 -0.443134 0
    outer loop
      vertex 101.114 -39.426 4
      vertex 101.201 -39.25 3.8147e-07
      vertex 101.201 -39.25 4
    endloop
  endfacet
  facet normal 0.896455 -0.443134 0
    outer loop
      vertex 101.201 -39.25 3.8147e-07
      vertex 101.114 -39.426 4
      vertex 101.114 -39.426 3.8147e-07
    endloop
  endfacet
  facet normal 0.555877 0.831265 -0
    outer loop
      vertex 101.75 -41.299 3.8147e-07
      vertex 101.587 -41.19 4
      vertex 101.75 -41.299 4
    endloop
  endfacet
  facet normal 0.555877 0.831265 0
    outer loop
      vertex 101.587 -41.19 4
      vertex 101.75 -41.299 3.8147e-07
      vertex 101.587 -41.19 3.8147e-07
    endloop
  endfacet
  facet normal 0.195625 0.980679 -0
    outer loop
      vertex 102.304 -41.4872 3.8147e-07
      vertex 102.112 -41.4489 4
      vertex 102.304 -41.4872 4
    endloop
  endfacet
  facet normal 0.195625 0.980679 0
    outer loop
      vertex 102.112 -41.4489 4
      vertex 102.304 -41.4872 3.8147e-07
      vertex 102.112 -41.4489 3.8147e-07
    endloop
  endfacet
  facet normal 0.981049 0.193762 0
    outer loop
      vertex 120.051 -40.3882 4
      vertex 120.013 -40.1958 3.8147e-07
      vertex 120.013 -40.1958 4
    endloop
  endfacet
  facet normal 0.981049 0.193762 0
    outer loop
      vertex 120.013 -40.1958 3.8147e-07
      vertex 120.051 -40.3882 4
      vertex 120.051 -40.3882 3.8147e-07
    endloop
  endfacet
  facet normal -0.657928 -0.753081 0
    outer loop
      vertex 122.413 -38.81 3.8147e-07
      vertex 122.561 -38.9393 4
      vertex 122.413 -38.81 4
    endloop
  endfacet
  facet normal -0.657928 -0.753081 -0
    outer loop
      vertex 122.561 -38.9393 4
      vertex 122.413 -38.81 3.8147e-07
      vertex 122.561 -38.9393 3.8147e-07
    endloop
  endfacet
  facet normal -0.657928 0.753081 0
    outer loop
      vertex 122.561 -41.0607 3.8147e-07
      vertex 122.413 -41.19 4
      vertex 122.561 -41.0607 4
    endloop
  endfacet
  facet normal -0.657928 0.753081 0
    outer loop
      vertex 122.413 -41.19 4
      vertex 122.561 -41.0607 3.8147e-07
      vertex 122.413 -41.19 3.8147e-07
    endloop
  endfacet
  facet normal 0.321264 0.94699 -0
    outer loop
      vertex 121.112 -41.4489 3.8147e-07
      vertex 120.926 -41.3858 4
      vertex 121.112 -41.4489 4
    endloop
  endfacet
  facet normal 0.321264 0.94699 0
    outer loop
      vertex 120.926 -41.3858 4
      vertex 121.112 -41.4489 3.8147e-07
      vertex 120.926 -41.3858 3.8147e-07
    endloop
  endfacet
  facet normal 0.657928 0.753081 -0
    outer loop
      vertex 120.587 -41.19 3.8147e-07
      vertex 120.439 -41.0607 4
      vertex 120.587 -41.19 4
    endloop
  endfacet
  facet normal 0.657928 0.753081 0
    outer loop
      vertex 120.439 -41.0607 4
      vertex 120.587 -41.19 3.8147e-07
      vertex 120.439 -41.0607 3.8147e-07
    endloop
  endfacet
  facet normal 0.555877 -0.831265 0
    outer loop
      vertex 120.587 -38.81 3.8147e-07
      vertex 120.75 -38.701 4
      vertex 120.587 -38.81 4
    endloop
  endfacet
  facet normal 0.555877 -0.831265 0
    outer loop
      vertex 120.75 -38.701 4
      vertex 120.587 -38.81 3.8147e-07
      vertex 120.75 -38.701 3.8147e-07
    endloop
  endfacet
  facet normal 0.657928 -0.753081 0
    outer loop
      vertex 120.439 -38.9393 3.8147e-07
      vertex 120.587 -38.81 4
      vertex 120.439 -38.9393 4
    endloop
  endfacet
  facet normal 0.657928 -0.753081 0
    outer loop
      vertex 120.587 -38.81 4
      vertex 120.439 -38.9393 3.8147e-07
      vertex 120.587 -38.81 3.8147e-07
    endloop
  endfacet
  facet normal -0.997803 -0.0662484 0
    outer loop
      vertex 123 -40 3.8147e-07
      vertex 122.987 -39.8042 4
      vertex 122.987 -39.8042 3.8147e-07
    endloop
  endfacet
  facet normal -0.997803 -0.0662484 0
    outer loop
      vertex 122.987 -39.8042 4
      vertex 123 -40 3.8147e-07
      vertex 123 -40 4
    endloop
  endfacet
  facet normal 0.752956 -0.658071 0
    outer loop
      vertex 120.31 -39.0869 4
      vertex 120.439 -38.9393 3.8147e-07
      vertex 120.439 -38.9393 4
    endloop
  endfacet
  facet normal 0.752956 -0.658071 0
    outer loop
      vertex 120.439 -38.9393 3.8147e-07
      vertex 120.31 -39.0869 4
      vertex 120.31 -39.0869 3.8147e-07
    endloop
  endfacet
  facet normal -0.831422 -0.555641 0
    outer loop
      vertex 122.799 -39.25 3.8147e-07
      vertex 122.69 -39.0869 4
      vertex 122.69 -39.0869 3.8147e-07
    endloop
  endfacet
  facet normal -0.831422 -0.555641 0
    outer loop
      vertex 122.69 -39.0869 4
      vertex 122.799 -39.25 3.8147e-07
      vertex 122.799 -39.25 4
    endloop
  endfacet
  facet normal -0.195625 -0.980679 0
    outer loop
      vertex 121.696 -38.5128 3.8147e-07
      vertex 121.888 -38.5511 4
      vertex 121.696 -38.5128 4
    endloop
  endfacet
  facet normal -0.195625 -0.980679 -0
    outer loop
      vertex 121.888 -38.5511 4
      vertex 121.696 -38.5128 3.8147e-07
      vertex 121.888 -38.5511 3.8147e-07
    endloop
  endfacet
  facet normal 0.997803 -0.0662484 0
    outer loop
      vertex 120 -40 4
      vertex 120.013 -39.8042 3.8147e-07
      vertex 120.013 -39.8042 4
    endloop
  endfacet
  facet normal 0.997803 -0.0662484 0
    outer loop
      vertex 120.013 -39.8042 3.8147e-07
      vertex 120 -40 4
      vertex 120 -40 3.8147e-07
    endloop
  endfacet
  facet normal 0.195625 -0.980679 0
    outer loop
      vertex 121.112 -38.5511 3.8147e-07
      vertex 121.304 -38.5128 4
      vertex 121.112 -38.5511 4
    endloop
  endfacet
  facet normal 0.195625 -0.980679 0
    outer loop
      vertex 121.304 -38.5128 4
      vertex 121.112 -38.5511 3.8147e-07
      vertex 121.304 -38.5128 3.8147e-07
    endloop
  endfacet
  facet normal -0.981049 -0.193762 0
    outer loop
      vertex 122.987 -39.8042 3.8147e-07
      vertex 122.949 -39.6118 4
      vertex 122.949 -39.6118 3.8147e-07
    endloop
  endfacet
  facet normal -0.981049 -0.193762 0
    outer loop
      vertex 122.949 -39.6118 4
      vertex 122.987 -39.8042 3.8147e-07
      vertex 122.987 -39.8042 4
    endloop
  endfacet
  facet normal -0.896455 -0.443134 0
    outer loop
      vertex 122.886 -39.426 3.8147e-07
      vertex 122.799 -39.25 4
      vertex 122.799 -39.25 3.8147e-07
    endloop
  endfacet
  facet normal -0.896455 -0.443134 0
    outer loop
      vertex 122.799 -39.25 4
      vertex 122.886 -39.426 3.8147e-07
      vertex 122.886 -39.426 4
    endloop
  endfacet
  facet normal 0.896455 0.443134 0
    outer loop
      vertex 120.201 -40.75 4
      vertex 120.114 -40.574 3.8147e-07
      vertex 120.114 -40.574 4
    endloop
  endfacet
  facet normal 0.896455 0.443134 0
    outer loop
      vertex 120.114 -40.574 3.8147e-07
      vertex 120.201 -40.75 4
      vertex 120.201 -40.75 3.8147e-07
    endloop
  endfacet
  facet normal 0.442315 -0.89686 0
    outer loop
      vertex 120.75 -38.701 3.8147e-07
      vertex 120.926 -38.6142 4
      vertex 120.75 -38.701 4
    endloop
  endfacet
  facet normal 0.442315 -0.89686 0
    outer loop
      vertex 120.926 -38.6142 4
      vertex 120.75 -38.701 3.8147e-07
      vertex 120.926 -38.6142 3.8147e-07
    endloop
  endfacet
  facet normal -0.555877 -0.831265 0
    outer loop
      vertex 122.25 -38.701 3.8147e-07
      vertex 122.413 -38.81 4
      vertex 122.25 -38.701 4
    endloop
  endfacet
  facet normal -0.555877 -0.831265 -0
    outer loop
      vertex 122.413 -38.81 4
      vertex 122.25 -38.701 3.8147e-07
      vertex 122.413 -38.81 3.8147e-07
    endloop
  endfacet
  facet normal -0.0651673 0.997874 0
    outer loop
      vertex 121.696 -41.4872 3.8147e-07
      vertex 121.5 -41.5 4
      vertex 121.696 -41.4872 4
    endloop
  endfacet
  facet normal -0.0651673 0.997874 0
    outer loop
      vertex 121.5 -41.5 4
      vertex 121.696 -41.4872 3.8147e-07
      vertex 121.5 -41.5 3.8147e-07
    endloop
  endfacet
  facet normal -0.831422 0.555641 0
    outer loop
      vertex 122.69 -40.9131 3.8147e-07
      vertex 122.799 -40.75 4
      vertex 122.799 -40.75 3.8147e-07
    endloop
  endfacet
  facet normal -0.831422 0.555641 0
    outer loop
      vertex 122.799 -40.75 4
      vertex 122.69 -40.9131 3.8147e-07
      vertex 122.69 -40.9131 4
    endloop
  endfacet
  facet normal -0.195625 0.980679 0
    outer loop
      vertex 121.888 -41.4489 3.8147e-07
      vertex 121.696 -41.4872 4
      vertex 121.888 -41.4489 4
    endloop
  endfacet
  facet normal -0.195625 0.980679 0
    outer loop
      vertex 121.696 -41.4872 4
      vertex 121.888 -41.4489 3.8147e-07
      vertex 121.696 -41.4872 3.8147e-07
    endloop
  endfacet
  facet normal -0.94704 -0.321117 0
    outer loop
      vertex 122.949 -39.6118 3.8147e-07
      vertex 122.886 -39.426 4
      vertex 122.886 -39.426 3.8147e-07
    endloop
  endfacet
  facet normal -0.94704 -0.321117 0
    outer loop
      vertex 122.886 -39.426 4
      vertex 122.949 -39.6118 3.8147e-07
      vertex 122.949 -39.6118 4
    endloop
  endfacet
  facet normal -0.997803 0.0662484 0
    outer loop
      vertex 122.987 -40.1958 3.8147e-07
      vertex 123 -40 4
      vertex 123 -40 3.8147e-07
    endloop
  endfacet
  facet normal -0.997803 0.0662484 0
    outer loop
      vertex 123 -40 4
      vertex 122.987 -40.1958 3.8147e-07
      vertex 122.987 -40.1958 4
    endloop
  endfacet
  facet normal -0.442315 0.89686 0
    outer loop
      vertex 122.25 -41.299 3.8147e-07
      vertex 122.074 -41.3858 4
      vertex 122.25 -41.299 4
    endloop
  endfacet
  facet normal -0.442315 0.89686 0
    outer loop
      vertex 122.074 -41.3858 4
      vertex 122.25 -41.299 3.8147e-07
      vertex 122.074 -41.3858 3.8147e-07
    endloop
  endfacet
  facet normal 0.94704 -0.321117 0
    outer loop
      vertex 120.051 -39.6118 4
      vertex 120.114 -39.426 3.8147e-07
      vertex 120.114 -39.426 4
    endloop
  endfacet
  facet normal 0.94704 -0.321117 0
    outer loop
      vertex 120.114 -39.426 3.8147e-07
      vertex 120.051 -39.6118 4
      vertex 120.051 -39.6118 3.8147e-07
    endloop
  endfacet
  facet normal 0.0651673 -0.997874 0
    outer loop
      vertex 121.304 -38.5128 3.8147e-07
      vertex 121.5 -38.5 4
      vertex 121.304 -38.5128 4
    endloop
  endfacet
  facet normal 0.0651673 -0.997874 0
    outer loop
      vertex 121.5 -38.5 4
      vertex 121.304 -38.5128 3.8147e-07
      vertex 121.5 -38.5 3.8147e-07
    endloop
  endfacet
  facet normal 0.0651673 0.997874 -0
    outer loop
      vertex 121.5 -41.5 3.8147e-07
      vertex 121.304 -41.4872 4
      vertex 121.5 -41.5 4
    endloop
  endfacet
  facet normal 0.0651673 0.997874 0
    outer loop
      vertex 121.304 -41.4872 4
      vertex 121.5 -41.5 3.8147e-07
      vertex 121.304 -41.4872 3.8147e-07
    endloop
  endfacet
  facet normal -0.752956 -0.658071 0
    outer loop
      vertex 122.69 -39.0869 3.8147e-07
      vertex 122.561 -38.9393 4
      vertex 122.561 -38.9393 3.8147e-07
    endloop
  endfacet
  facet normal -0.752956 -0.658071 0
    outer loop
      vertex 122.561 -38.9393 4
      vertex 122.69 -39.0869 3.8147e-07
      vertex 122.69 -39.0869 4
    endloop
  endfacet
  facet normal -0.442315 -0.89686 0
    outer loop
      vertex 122.074 -38.6142 3.8147e-07
      vertex 122.25 -38.701 4
      vertex 122.074 -38.6142 4
    endloop
  endfacet
  facet normal -0.442315 -0.89686 -0
    outer loop
      vertex 122.25 -38.701 4
      vertex 122.074 -38.6142 3.8147e-07
      vertex 122.25 -38.701 3.8147e-07
    endloop
  endfacet
  facet normal 0.321264 -0.94699 0
    outer loop
      vertex 120.926 -38.6142 3.8147e-07
      vertex 121.112 -38.5511 4
      vertex 120.926 -38.6142 4
    endloop
  endfacet
  facet normal 0.321264 -0.94699 0
    outer loop
      vertex 121.112 -38.5511 4
      vertex 120.926 -38.6142 3.8147e-07
      vertex 121.112 -38.5511 3.8147e-07
    endloop
  endfacet
  facet normal 0.94704 0.321117 0
    outer loop
      vertex 120.114 -40.574 4
      vertex 120.051 -40.3882 3.8147e-07
      vertex 120.051 -40.3882 4
    endloop
  endfacet
  facet normal 0.94704 0.321117 0
    outer loop
      vertex 120.051 -40.3882 3.8147e-07
      vertex 120.114 -40.574 4
      vertex 120.114 -40.574 3.8147e-07
    endloop
  endfacet
  facet normal 0.997803 0.0662484 0
    outer loop
      vertex 120.013 -40.1958 4
      vertex 120 -40 3.8147e-07
      vertex 120 -40 4
    endloop
  endfacet
  facet normal 0.997803 0.0662484 0
    outer loop
      vertex 120 -40 3.8147e-07
      vertex 120.013 -40.1958 4
      vertex 120.013 -40.1958 3.8147e-07
    endloop
  endfacet
  facet normal -0.321264 -0.94699 0
    outer loop
      vertex 121.888 -38.5511 3.8147e-07
      vertex 122.074 -38.6142 4
      vertex 121.888 -38.5511 4
    endloop
  endfacet
  facet normal -0.321264 -0.94699 -0
    outer loop
      vertex 122.074 -38.6142 4
      vertex 121.888 -38.5511 3.8147e-07
      vertex 122.074 -38.6142 3.8147e-07
    endloop
  endfacet
  facet normal -0.752956 0.658071 0
    outer loop
      vertex 122.561 -41.0607 3.8147e-07
      vertex 122.69 -40.9131 4
      vertex 122.69 -40.9131 3.8147e-07
    endloop
  endfacet
  facet normal -0.752956 0.658071 0
    outer loop
      vertex 122.69 -40.9131 4
      vertex 122.561 -41.0607 3.8147e-07
      vertex 122.561 -41.0607 4
    endloop
  endfacet
  facet normal 0.981049 -0.193762 0
    outer loop
      vertex 120.013 -39.8042 4
      vertex 120.051 -39.6118 3.8147e-07
      vertex 120.051 -39.6118 4
    endloop
  endfacet
  facet normal 0.981049 -0.193762 0
    outer loop
      vertex 120.051 -39.6118 3.8147e-07
      vertex 120.013 -39.8042 4
      vertex 120.013 -39.8042 3.8147e-07
    endloop
  endfacet
  facet normal -0.0651673 -0.997874 0
    outer loop
      vertex 121.5 -38.5 3.8147e-07
      vertex 121.696 -38.5128 4
      vertex 121.5 -38.5 4
    endloop
  endfacet
  facet normal -0.0651673 -0.997874 -0
    outer loop
      vertex 121.696 -38.5128 4
      vertex 121.5 -38.5 3.8147e-07
      vertex 121.696 -38.5128 3.8147e-07
    endloop
  endfacet
  facet normal -0.981049 0.193762 0
    outer loop
      vertex 122.949 -40.3882 3.8147e-07
      vertex 122.987 -40.1958 4
      vertex 122.987 -40.1958 3.8147e-07
    endloop
  endfacet
  facet normal -0.981049 0.193762 0
    outer loop
      vertex 122.987 -40.1958 4
      vertex 122.949 -40.3882 3.8147e-07
      vertex 122.949 -40.3882 4
    endloop
  endfacet
  facet normal -0.321264 0.94699 0
    outer loop
      vertex 122.074 -41.3858 3.8147e-07
      vertex 121.888 -41.4489 4
      vertex 122.074 -41.3858 4
    endloop
  endfacet
  facet normal -0.321264 0.94699 0
    outer loop
      vertex 121.888 -41.4489 4
      vertex 122.074 -41.3858 3.8147e-07
      vertex 121.888 -41.4489 3.8147e-07
    endloop
  endfacet
  facet normal -0.555877 0.831265 0
    outer loop
      vertex 122.413 -41.19 3.8147e-07
      vertex 122.25 -41.299 4
      vertex 122.413 -41.19 4
    endloop
  endfacet
  facet normal -0.555877 0.831265 0
    outer loop
      vertex 122.25 -41.299 4
      vertex 122.413 -41.19 3.8147e-07
      vertex 122.25 -41.299 3.8147e-07
    endloop
  endfacet
  facet normal 0.752956 0.658071 0
    outer loop
      vertex 120.439 -41.0607 4
      vertex 120.31 -40.9131 3.8147e-07
      vertex 120.31 -40.9131 4
    endloop
  endfacet
  facet normal 0.752956 0.658071 0
    outer loop
      vertex 120.31 -40.9131 3.8147e-07
      vertex 120.439 -41.0607 4
      vertex 120.439 -41.0607 3.8147e-07
    endloop
  endfacet
  facet normal 0.831422 0.555641 0
    outer loop
      vertex 120.31 -40.9131 4
      vertex 120.201 -40.75 3.8147e-07
      vertex 120.201 -40.75 4
    endloop
  endfacet
  facet normal 0.831422 0.555641 0
    outer loop
      vertex 120.201 -40.75 3.8147e-07
      vertex 120.31 -40.9131 4
      vertex 120.31 -40.9131 3.8147e-07
    endloop
  endfacet
  facet normal 0.555877 0.831265 -0
    outer loop
      vertex 120.75 -41.299 3.8147e-07
      vertex 120.587 -41.19 4
      vertex 120.75 -41.299 4
    endloop
  endfacet
  facet normal 0.555877 0.831265 0
    outer loop
      vertex 120.587 -41.19 4
      vertex 120.75 -41.299 3.8147e-07
      vertex 120.587 -41.19 3.8147e-07
    endloop
  endfacet
  facet normal -0.896455 0.443134 0
    outer loop
      vertex 122.799 -40.75 3.8147e-07
      vertex 122.886 -40.574 4
      vertex 122.886 -40.574 3.8147e-07
    endloop
  endfacet
  facet normal -0.896455 0.443134 0
    outer loop
      vertex 122.886 -40.574 4
      vertex 122.799 -40.75 3.8147e-07
      vertex 122.799 -40.75 4
    endloop
  endfacet
  facet normal -0.94704 0.321117 0
    outer loop
      vertex 122.886 -40.574 3.8147e-07
      vertex 122.949 -40.3882 4
      vertex 122.949 -40.3882 3.8147e-07
    endloop
  endfacet
  facet normal -0.94704 0.321117 0
    outer loop
      vertex 122.949 -40.3882 4
      vertex 122.886 -40.574 3.8147e-07
      vertex 122.886 -40.574 4
    endloop
  endfacet
  facet normal 0.831422 -0.555641 0
    outer loop
      vertex 120.201 -39.25 4
      vertex 120.31 -39.0869 3.8147e-07
      vertex 120.31 -39.0869 4
    endloop
  endfacet
  facet normal 0.831422 -0.555641 0
    outer loop
      vertex 120.31 -39.0869 3.8147e-07
      vertex 120.201 -39.25 4
      vertex 120.201 -39.25 3.8147e-07
    endloop
  endfacet
  facet normal 0.442315 0.89686 -0
    outer loop
      vertex 120.926 -41.3858 3.8147e-07
      vertex 120.75 -41.299 4
      vertex 120.926 -41.3858 4
    endloop
  endfacet
  facet normal 0.442315 0.89686 0
    outer loop
      vertex 120.75 -41.299 4
      vertex 120.926 -41.3858 3.8147e-07
      vertex 120.75 -41.299 3.8147e-07
    endloop
  endfacet
  facet normal 0.896455 -0.443134 0
    outer loop
      vertex 120.114 -39.426 4
      vertex 120.201 -39.25 3.8147e-07
      vertex 120.201 -39.25 4
    endloop
  endfacet
  facet normal 0.896455 -0.443134 0
    outer loop
      vertex 120.201 -39.25 3.8147e-07
      vertex 120.114 -39.426 4
      vertex 120.114 -39.426 3.8147e-07
    endloop
  endfacet
  facet normal 0.195625 0.980679 -0
    outer loop
      vertex 121.304 -41.4872 3.8147e-07
      vertex 121.112 -41.4489 4
      vertex 121.304 -41.4872 4
    endloop
  endfacet
  facet normal 0.195625 0.980679 0
    outer loop
      vertex 121.112 -41.4489 4
      vertex 121.304 -41.4872 3.8147e-07
      vertex 121.112 -41.4489 3.8147e-07
    endloop
  endfacet
  facet normal 0 0 -1
    outer loop
      vertex 109 -42.15 12.3
      vertex 119 -37.85 12.3
      vertex 119 -42.15 12.3
    endloop
  endfacet
  facet normal -0 0 -1
    outer loop
      vertex 119 -37.85 12.3
      vertex 109 -42.15 12.3
      vertex 109 -37.85 12.3
    endloop
  endfacet
  facet normal -0 0 1
    outer loop
      vertex 109 -37.85 6
      vertex 119 -42.15 6
      vertex 119 -37.85 6
    endloop
  endfacet
  facet normal 0 0 1
    outer loop
      vertex 119 -42.15 6
      vertex 109 -37.85 6
      vertex 109 -42.15 6
    endloop
  endfacet
  facet normal 1 -0 0
    outer loop
      vertex 109 -42.15 12.3
      vertex 109 -37.85 6
      vertex 109 -37.85 12.3
    endloop
  endfacet
  facet normal 1 0 0
    outer loop
      vertex 109 -37.85 6
      vertex 109 -42.15 12.3
      vertex 109 -42.15 6
    endloop
  endfacet
  facet normal 0 -1 0
    outer loop
      vertex 109 -37.85 12.3
      vertex 114 -37.85 10.85
      vertex 119 -37.85 12.3
    endloop
  endfacet
  facet normal 0 -1 0
    outer loop
      vertex 109 -37.85 12.3
      vertex 113.778 -37.85 10.8355
      vertex 114 -37.85 10.85
    endloop
  endfacet
  facet normal 0 -1 0
    outer loop
      vertex 109 -37.85 12.3
      vertex 113.56 -37.85 10.7921
      vertex 113.778 -37.85 10.8355
    endloop
  endfacet
  facet normal 0 -1 0
    outer loop
      vertex 109 -37.85 12.3
      vertex 113.349 -37.85 10.7206
      vertex 113.56 -37.85 10.7921
    endloop
  endfacet
  facet normal 0 -1 0
    outer loop
      vertex 109 -37.85 12.3
      vertex 113.15 -37.85 10.6222
      vertex 113.349 -37.85 10.7206
    endloop
  endfacet
  facet normal 0 -1 0
    outer loop
      vertex 109 -37.85 12.3
      vertex 112.965 -37.85 10.4987
      vertex 113.15 -37.85 10.6222
    endloop
  endfacet
  facet normal 0 -1 0
    outer loop
      vertex 109 -37.85 12.3
      vertex 112.798 -37.85 10.3521
      vertex 112.965 -37.85 10.4987
    endloop
  endfacet
  facet normal 0 -1 0
    outer loop
      vertex 109 -37.85 12.3
      vertex 112.651 -37.85 10.1849
      vertex 112.798 -37.85 10.3521
    endloop
  endfacet
  facet normal 0 -1 0
    outer loop
      vertex 109 -37.85 12.3
      vertex 112.528 -37.85 10
      vertex 112.651 -37.85 10.1849
    endloop
  endfacet
  facet normal 0 -1 0
    outer loop
      vertex 109 -37.85 12.3
      vertex 112.429 -37.85 9.80056
      vertex 112.528 -37.85 10
    endloop
  endfacet
  facet normal 0 -1 0
    outer loop
      vertex 109 -37.85 12.3
      vertex 112.358 -37.85 9.58999
      vertex 112.429 -37.85 9.80056
    endloop
  endfacet
  facet normal 0 -1 0
    outer loop
      vertex 109 -37.85 12.3
      vertex 112.315 -37.85 9.37189
      vertex 112.358 -37.85 9.58999
    endloop
  endfacet
  facet normal 0 -1 0
    outer loop
      vertex 109 -37.85 12.3
      vertex 112.3 -37.85 9.15
      vertex 112.315 -37.85 9.37189
    endloop
  endfacet
  facet normal 0 -1 0
    outer loop
      vertex 109 -37.85 6
      vertex 112.3 -37.85 9.15
      vertex 109 -37.85 12.3
    endloop
  endfacet
  facet normal 0 -1 -0
    outer loop
      vertex 112.3 -37.85 9.15
      vertex 109 -37.85 6
      vertex 112.315 -37.85 8.92811
    endloop
  endfacet
  facet normal 0 -1 -0
    outer loop
      vertex 112.315 -37.85 8.92811
      vertex 109 -37.85 6
      vertex 112.358 -37.85 8.71001
    endloop
  endfacet
  facet normal 0 -1 -0
    outer loop
      vertex 112.358 -37.85 8.71001
      vertex 109 -37.85 6
      vertex 112.429 -37.85 8.49944
    endloop
  endfacet
  facet normal 0 -1 -0
    outer loop
      vertex 112.429 -37.85 8.49944
      vertex 109 -37.85 6
      vertex 112.528 -37.85 8.3
    endloop
  endfacet
  facet normal 0 -1 -0
    outer loop
      vertex 113.778 -37.85 7.46454
      vertex 109 -37.85 6
      vertex 114 -37.85 7.45
    endloop
  endfacet
  facet normal 0 -1 -0
    outer loop
      vertex 113.56 -37.85 7.50793
      vertex 109 -37.85 6
      vertex 113.778 -37.85 7.46454
    endloop
  endfacet
  facet normal 0 -1 -0
    outer loop
      vertex 113.349 -37.85 7.57941
      vertex 109 -37.85 6
      vertex 113.56 -37.85 7.50793
    endloop
  endfacet
  facet normal 0 -1 -0
    outer loop
      vertex 113.15 -37.85 7.67776
      vertex 109 -37.85 6
      vertex 113.349 -37.85 7.57941
    endloop
  endfacet
  facet normal 0 -1 -0
    outer loop
      vertex 112.965 -37.85 7.8013
      vertex 109 -37.85 6
      vertex 113.15 -37.85 7.67776
    endloop
  endfacet
  facet normal 0 -1 -0
    outer loop
      vertex 112.798 -37.85 7.94792
      vertex 109 -37.85 6
      vertex 112.965 -37.85 7.8013
    endloop
  endfacet
  facet normal 0 -1 -0
    outer loop
      vertex 112.651 -37.85 8.11511
      vertex 109 -37.85 6
      vertex 112.798 -37.85 7.94792
    endloop
  endfacet
  facet normal 0 -1 -0
    outer loop
      vertex 112.528 -37.85 8.3
      vertex 109 -37.85 6
      vertex 112.651 -37.85 8.11511
    endloop
  endfacet
  facet normal 0 -1 0
    outer loop
      vertex 114.222 -37.85 10.8355
      vertex 119 -37.85 12.3
      vertex 114 -37.85 10.85
    endloop
  endfacet
  facet normal 0 -1 0
    outer loop
      vertex 114.44 -37.85 10.7921
      vertex 119 -37.85 12.3
      vertex 114.222 -37.85 10.8355
    endloop
  endfacet
  facet normal 0 -1 0
    outer loop
      vertex 114.651 -37.85 10.7206
      vertex 119 -37.85 12.3
      vertex 114.44 -37.85 10.7921
    endloop
  endfacet
  facet normal 0 -1 0
    outer loop
      vertex 114.85 -37.85 10.6222
      vertex 119 -37.85 12.3
      vertex 114.651 -37.85 10.7206
    endloop
  endfacet
  facet normal 0 -1 0
    outer loop
      vertex 115.035 -37.85 10.4987
      vertex 119 -37.85 12.3
      vertex 114.85 -37.85 10.6222
    endloop
  endfacet
  facet normal 0 -1 0
    outer loop
      vertex 115.202 -37.85 10.3521
      vertex 119 -37.85 12.3
      vertex 115.035 -37.85 10.4987
    endloop
  endfacet
  facet normal 0 -1 0
    outer loop
      vertex 115.349 -37.85 10.1849
      vertex 119 -37.85 12.3
      vertex 115.202 -37.85 10.3521
    endloop
  endfacet
  facet normal 0 -1 0
    outer loop
      vertex 115.472 -37.85 10
      vertex 119 -37.85 12.3
      vertex 115.349 -37.85 10.1849
    endloop
  endfacet
  facet normal 0 -1 0
    outer loop
      vertex 115.571 -37.85 9.80056
      vertex 119 -37.85 12.3
      vertex 115.472 -37.85 10
    endloop
  endfacet
  facet normal 0 -1 0
    outer loop
      vertex 115.642 -37.85 9.58999
      vertex 119 -37.85 12.3
      vertex 115.571 -37.85 9.80056
    endloop
  endfacet
  facet normal 0 -1 0
    outer loop
      vertex 115.685 -37.85 9.37189
      vertex 119 -37.85 12.3
      vertex 115.642 -37.85 9.58999
    endloop
  endfacet
  facet normal 0 -1 0
    outer loop
      vertex 115.7 -37.85 9.15
      vertex 119 -37.85 12.3
      vertex 115.685 -37.85 9.37189
    endloop
  endfacet
  facet normal 0 -1 0
    outer loop
      vertex 119 -37.85 6
      vertex 115.7 -37.85 9.15
      vertex 115.685 -37.85 8.92811
    endloop
  endfacet
  facet normal 0 -1 0
    outer loop
      vertex 119 -37.85 6
      vertex 115.685 -37.85 8.92811
      vertex 115.642 -37.85 8.71001
    endloop
  endfacet
  facet normal 0 -1 0
    outer loop
      vertex 119 -37.85 6
      vertex 115.642 -37.85 8.71001
      vertex 115.571 -37.85 8.49944
    endloop
  endfacet
  facet normal 0 -1 0
    outer loop
      vertex 119 -37.85 6
      vertex 115.571 -37.85 8.49944
      vertex 115.472 -37.85 8.3
    endloop
  endfacet
  facet normal 0 -1 0
    outer loop
      vertex 119 -37.85 6
      vertex 115.472 -37.85 8.3
      vertex 115.349 -37.85 8.11511
    endloop
  endfacet
  facet normal 0 -1 0
    outer loop
      vertex 119 -37.85 6
      vertex 114 -37.85 7.45
      vertex 109 -37.85 6
    endloop
  endfacet
  facet normal 0 -1 0
    outer loop
      vertex 114 -37.85 7.45
      vertex 119 -37.85 6
      vertex 114.222 -37.85 7.46454
    endloop
  endfacet
  facet normal 0 -1 0
    outer loop
      vertex 115.7 -37.85 9.15
      vertex 119 -37.85 6
      vertex 119 -37.85 12.3
    endloop
  endfacet
  facet normal 0 -1 0
    outer loop
      vertex 115.202 -37.85 7.94792
      vertex 119 -37.85 6
      vertex 115.349 -37.85 8.11511
    endloop
  endfacet
  facet normal 0 -1 0
    outer loop
      vertex 115.035 -37.85 7.8013
      vertex 119 -37.85 6
      vertex 115.202 -37.85 7.94792
    endloop
  endfacet
  facet normal 0 -1 0
    outer loop
      vertex 114.85 -37.85 7.67776
      vertex 119 -37.85 6
      vertex 115.035 -37.85 7.8013
    endloop
  endfacet
  facet normal 0 -1 0
    outer loop
      vertex 114.651 -37.85 7.57941
      vertex 119 -37.85 6
      vertex 114.85 -37.85 7.67776
    endloop
  endfacet
  facet normal 0 -1 0
    outer loop
      vertex 114.44 -37.85 7.50793
      vertex 119 -37.85 6
      vertex 114.651 -37.85 7.57941
    endloop
  endfacet
  facet normal 0 -1 0
    outer loop
      vertex 114.222 -37.85 7.46454
      vertex 119 -37.85 6
      vertex 114.44 -37.85 7.50793
    endloop
  endfacet
  facet normal 0 1 0
    outer loop
      vertex 119 -42.15 12.3
      vertex 114 -42.15 10.85
      vertex 109 -42.15 12.3
    endloop
  endfacet
  facet normal 0 1 0
    outer loop
      vertex 119 -42.15 12.3
      vertex 114.222 -42.15 10.8355
      vertex 114 -42.15 10.85
    endloop
  endfacet
  facet normal 0 1 0
    outer loop
      vertex 119 -42.15 12.3
      vertex 114.44 -42.15 10.7921
      vertex 114.222 -42.15 10.8355
    endloop
  endfacet
  facet normal 0 1 0
    outer loop
      vertex 119 -42.15 12.3
      vertex 114.651 -42.15 10.7206
      vertex 114.44 -42.15 10.7921
    endloop
  endfacet
  facet normal 0 1 0
    outer loop
      vertex 119 -42.15 12.3
      vertex 114.85 -42.15 10.6222
      vertex 114.651 -42.15 10.7206
    endloop
  endfacet
  facet normal 0 1 0
    outer loop
      vertex 119 -42.15 12.3
      vertex 115.035 -42.15 10.4987
      vertex 114.85 -42.15 10.6222
    endloop
  endfacet
  facet normal 0 1 0
    outer loop
      vertex 119 -42.15 12.3
      vertex 115.202 -42.15 10.3521
      vertex 115.035 -42.15 10.4987
    endloop
  endfacet
  facet normal 0 1 0
    outer loop
      vertex 119 -42.15 12.3
      vertex 115.349 -42.15 10.1849
      vertex 115.202 -42.15 10.3521
    endloop
  endfacet
  facet normal 0 1 0
    outer loop
      vertex 119 -42.15 12.3
      vertex 115.472 -42.15 10
      vertex 115.349 -42.15 10.1849
    endloop
  endfacet
  facet normal 0 1 0
    outer loop
      vertex 119 -42.15 12.3
      vertex 115.571 -42.15 9.80056
      vertex 115.472 -42.15 10
    endloop
  endfacet
  facet normal 0 1 0
    outer loop
      vertex 119 -42.15 12.3
      vertex 115.642 -42.15 9.58999
      vertex 115.571 -42.15 9.80056
    endloop
  endfacet
  facet normal 0 1 0
    outer loop
      vertex 119 -42.15 12.3
      vertex 115.685 -42.15 9.37189
      vertex 115.642 -42.15 9.58999
    endloop
  endfacet
  facet normal 0 1 0
    outer loop
      vertex 119 -42.15 12.3
      vertex 115.7 -42.15 9.15
      vertex 115.685 -42.15 9.37189
    endloop
  endfacet
  facet normal 0 1 -0
    outer loop
      vertex 119 -42.15 6
      vertex 115.7 -42.15 9.15
      vertex 119 -42.15 12.3
    endloop
  endfacet
  facet normal 0 1 0
    outer loop
      vertex 115.7 -42.15 9.15
      vertex 119 -42.15 6
      vertex 115.685 -42.15 8.92811
    endloop
  endfacet
  facet normal 0 1 0
    outer loop
      vertex 115.685 -42.15 8.92811
      vertex 119 -42.15 6
      vertex 115.642 -42.15 8.71001
    endloop
  endfacet
  facet normal 0 1 0
    outer loop
      vertex 115.642 -42.15 8.71001
      vertex 119 -42.15 6
      vertex 115.571 -42.15 8.49944
    endloop
  endfacet
  facet normal 0 1 0
    outer loop
      vertex 115.571 -42.15 8.49944
      vertex 119 -42.15 6
      vertex 115.472 -42.15 8.3
    endloop
  endfacet
  facet normal 0 1 0
    outer loop
      vertex 114.222 -42.15 7.46454
      vertex 119 -42.15 6
      vertex 114 -42.15 7.45
    endloop
  endfacet
  facet normal 0 1 0
    outer loop
      vertex 114.44 -42.15 7.50793
      vertex 119 -42.15 6
      vertex 114.222 -42.15 7.46454
    endloop
  endfacet
  facet normal 0 1 0
    outer loop
      vertex 114.651 -42.15 7.57941
      vertex 119 -42.15 6
      vertex 114.44 -42.15 7.50793
    endloop
  endfacet
  facet normal 0 1 0
    outer loop
      vertex 114.85 -42.15 7.67776
      vertex 119 -42.15 6
      vertex 114.651 -42.15 7.57941
    endloop
  endfacet
  facet normal 0 1 0
    outer loop
      vertex 115.035 -42.15 7.8013
      vertex 119 -42.15 6
      vertex 114.85 -42.15 7.67776
    endloop
  endfacet
  facet normal 0 1 0
    outer loop
      vertex 115.202 -42.15 7.94792
      vertex 119 -42.15 6
      vertex 115.035 -42.15 7.8013
    endloop
  endfacet
  facet normal 0 1 0
    outer loop
      vertex 115.349 -42.15 8.11511
      vertex 119 -42.15 6
      vertex 115.202 -42.15 7.94792
    endloop
  endfacet
  facet normal 0 1 0
    outer loop
      vertex 115.472 -42.15 8.3
      vertex 119 -42.15 6
      vertex 115.349 -42.15 8.11511
    endloop
  endfacet
  facet normal 0 1 -0
    outer loop
      vertex 113.778 -42.15 10.8355
      vertex 109 -42.15 12.3
      vertex 114 -42.15 10.85
    endloop
  endfacet
  facet normal 0 1 -0
    outer loop
      vertex 113.56 -42.15 10.7921
      vertex 109 -42.15 12.3
      vertex 113.778 -42.15 10.8355
    endloop
  endfacet
  facet normal 0 1 -0
    outer loop
      vertex 113.349 -42.15 10.7206
      vertex 109 -42.15 12.3
      vertex 113.56 -42.15 10.7921
    endloop
  endfacet
  facet normal 0 1 -0
    outer loop
      vertex 113.15 -42.15 10.6222
      vertex 109 -42.15 12.3
      vertex 113.349 -42.15 10.7206
    endloop
  endfacet
  facet normal 0 1 -0
    outer loop
      vertex 112.965 -42.15 10.4987
      vertex 109 -42.15 12.3
      vertex 113.15 -42.15 10.6222
    endloop
  endfacet
  facet normal 0 1 -0
    outer loop
      vertex 112.798 -42.15 10.3521
      vertex 109 -42.15 12.3
      vertex 112.965 -42.15 10.4987
    endloop
  endfacet
  facet normal 0 1 -0
    outer loop
      vertex 112.651 -42.15 10.1849
      vertex 109 -42.15 12.3
      vertex 112.798 -42.15 10.3521
    endloop
  endfacet
  facet normal 0 1 -0
    outer loop
      vertex 112.528 -42.15 10
      vertex 109 -42.15 12.3
      vertex 112.651 -42.15 10.1849
    endloop
  endfacet
  facet normal 0 1 -0
    outer loop
      vertex 112.429 -42.15 9.80056
      vertex 109 -42.15 12.3
      vertex 112.528 -42.15 10
    endloop
  endfacet
  facet normal 0 1 -0
    outer loop
      vertex 112.358 -42.15 9.58999
      vertex 109 -42.15 12.3
      vertex 112.429 -42.15 9.80056
    endloop
  endfacet
  facet normal 0 1 -0
    outer loop
      vertex 112.315 -42.15 9.37189
      vertex 109 -42.15 12.3
      vertex 112.358 -42.15 9.58999
    endloop
  endfacet
  facet normal 0 1 -0
    outer loop
      vertex 112.3 -42.15 9.15
      vertex 109 -42.15 12.3
      vertex 112.315 -42.15 9.37189
    endloop
  endfacet
  facet normal 0 1 0
    outer loop
      vertex 109 -42.15 6
      vertex 112.3 -42.15 9.15
      vertex 112.315 -42.15 8.92811
    endloop
  endfacet
  facet normal 0 1 0
    outer loop
      vertex 109 -42.15 6
      vertex 112.315 -42.15 8.92811
      vertex 112.358 -42.15 8.71001
    endloop
  endfacet
  facet normal 0 1 0
    outer loop
      vertex 109 -42.15 6
      vertex 112.358 -42.15 8.71001
      vertex 112.429 -42.15 8.49944
    endloop
  endfacet
  facet normal 0 1 0
    outer loop
      vertex 109 -42.15 6
      vertex 112.429 -42.15 8.49944
      vertex 112.528 -42.15 8.3
    endloop
  endfacet
  facet normal 0 1 0
    outer loop
      vertex 109 -42.15 6
      vertex 112.528 -42.15 8.3
      vertex 112.651 -42.15 8.11511
    endloop
  endfacet
  facet normal 0 1 0
    outer loop
      vertex 109 -42.15 6
      vertex 114 -42.15 7.45
      vertex 119 -42.15 6
    endloop
  endfacet
  facet normal 0 1 0
    outer loop
      vertex 114 -42.15 7.45
      vertex 109 -42.15 6
      vertex 113.778 -42.15 7.46454
    endloop
  endfacet
  facet normal 0 1 0
    outer loop
      vertex 112.3 -42.15 9.15
      vertex 109 -42.15 6
      vertex 109 -42.15 12.3
    endloop
  endfacet
  facet normal 0 1 0
    outer loop
      vertex 112.798 -42.15 7.94792
      vertex 109 -42.15 6
      vertex 112.651 -42.15 8.11511
    endloop
  endfacet
  facet normal 0 1 0
    outer loop
      vertex 112.965 -42.15 7.8013
      vertex 109 -42.15 6
      vertex 112.798 -42.15 7.94792
    endloop
  endfacet
  facet normal 0 1 0
    outer loop
      vertex 113.15 -42.15 7.67776
      vertex 109 -42.15 6
      vertex 112.965 -42.15 7.8013
    endloop
  endfacet
  facet normal 0 1 0
    outer loop
      vertex 113.349 -42.15 7.57941
      vertex 109 -42.15 6
      vertex 113.15 -42.15 7.67776
    endloop
  endfacet
  facet normal 0 1 0
    outer loop
      vertex 113.56 -42.15 7.50793
      vertex 109 -42.15 6
      vertex 113.349 -42.15 7.57941
    endloop
  endfacet
  facet normal 0 1 0
    outer loop
      vertex 113.778 -42.15 7.46454
      vertex 109 -42.15 6
      vertex 113.56 -42.15 7.50793
    endloop
  endfacet
  facet normal -0.981113 0 0.193434
    outer loop
      vertex 115.642 -37.85 8.71001
      vertex 115.685 -35.85 8.92811
      vertex 115.642 -35.85 8.71001
    endloop
  endfacet
  facet normal -0.981113 0 0.193434
    outer loop
      vertex 115.685 -35.85 8.92811
      vertex 115.642 -37.85 8.71001
      vertex 115.685 -37.85 8.92811
    endloop
  endfacet
  facet normal -0.981113 0 0.193434
    outer loop
      vertex 115.642 -44.15 8.71001
      vertex 115.685 -42.15 8.92811
      vertex 115.642 -42.15 8.71001
    endloop
  endfacet
  facet normal -0.981113 0 0.193434
    outer loop
      vertex 115.685 -42.15 8.92811
      vertex 115.642 -44.15 8.71001
      vertex 115.685 -44.15 8.92811
    endloop
  endfacet
  facet normal 0.659765 0 0.751472
    outer loop
      vertex 112.798 -35.85 7.94792
      vertex 112.965 -37.85 7.8013
      vertex 112.965 -35.85 7.8013
    endloop
  endfacet
  facet normal 0.659765 0 0.751472
    outer loop
      vertex 112.965 -37.85 7.8013
      vertex 112.798 -35.85 7.94792
      vertex 112.798 -37.85 7.94792
    endloop
  endfacet
  facet normal 0.659765 0 0.751472
    outer loop
      vertex 112.798 -42.15 7.94792
      vertex 112.965 -44.15 7.8013
      vertex 112.965 -42.15 7.8013
    endloop
  endfacet
  facet normal 0.659765 0 0.751472
    outer loop
      vertex 112.965 -44.15 7.8013
      vertex 112.798 -42.15 7.94792
      vertex 112.798 -44.15 7.94792
    endloop
  endfacet
  facet normal -0.895717 0 0.444625
    outer loop
      vertex 115.472 -37.85 8.3
      vertex 115.571 -35.85 8.49944
      vertex 115.472 -35.85 8.3
    endloop
  endfacet
  facet normal -0.895717 0 0.444625
    outer loop
      vertex 115.571 -35.85 8.49944
      vertex 115.472 -37.85 8.3
      vertex 115.571 -37.85 8.49944
    endloop
  endfacet
  facet normal -0.895717 0 0.444625
    outer loop
      vertex 115.472 -44.15 8.3
      vertex 115.571 -42.15 8.49944
      vertex 115.472 -42.15 8.3
    endloop
  endfacet
  facet normal -0.895717 0 0.444625
    outer loop
      vertex 115.571 -42.15 8.49944
      vertex 115.472 -44.15 8.3
      vertex 115.571 -44.15 8.49944
    endloop
  endfacet
  facet normal -0.751016 0 -0.660284
    outer loop
      vertex 115.349 -37.85 10.1849
      vertex 115.202 -35.85 10.3521
      vertex 115.349 -35.85 10.1849
    endloop
  endfacet
  facet normal -0.751016 -0 -0.660284
    outer loop
      vertex 115.202 -35.85 10.3521
      vertex 115.349 -37.85 10.1849
      vertex 115.202 -37.85 10.3521
    endloop
  endfacet
  facet normal -0.751016 0 -0.660284
    outer loop
      vertex 115.349 -44.15 10.1849
      vertex 115.202 -42.15 10.3521
      vertex 115.349 -42.15 10.1849
    endloop
  endfacet
  facet normal -0.751016 -0 -0.660284
    outer loop
      vertex 115.202 -42.15 10.3521
      vertex 115.349 -44.15 10.1849
      vertex 115.202 -44.15 10.3521
    endloop
  endfacet
  facet normal -0.555219 0 -0.831704
    outer loop
      vertex 114.85 -37.85 10.6222
      vertex 115.035 -35.85 10.4987
      vertex 115.035 -37.85 10.4987
    endloop
  endfacet
  facet normal -0.555219 0 -0.831704
    outer loop
      vertex 115.035 -35.85 10.4987
      vertex 114.85 -37.85 10.6222
      vertex 114.85 -35.85 10.6222
    endloop
  endfacet
  facet normal -0.555219 0 -0.831704
    outer loop
      vertex 114.85 -44.15 10.6222
      vertex 115.035 -42.15 10.4987
      vertex 115.035 -44.15 10.4987
    endloop
  endfacet
  facet normal -0.555219 0 -0.831704
    outer loop
      vertex 115.035 -42.15 10.4987
      vertex 114.85 -44.15 10.6222
      vertex 114.85 -42.15 10.6222
    endloop
  endfacet
  facet normal 0.320937 0 -0.947101
    outer loop
      vertex 113.349 -37.85 10.7206
      vertex 113.56 -35.85 10.7921
      vertex 113.56 -37.85 10.7921
    endloop
  endfacet
  facet normal 0.320937 0 -0.947101
    outer loop
      vertex 113.56 -35.85 10.7921
      vertex 113.349 -37.85 10.7206
      vertex 113.349 -35.85 10.7206
    endloop
  endfacet
  facet normal 0.320937 0 -0.947101
    outer loop
      vertex 113.349 -44.15 10.7206
      vertex 113.56 -42.15 10.7921
      vertex 113.56 -44.15 10.7921
    endloop
  endfacet
  facet normal 0.320937 0 -0.947101
    outer loop
      vertex 113.56 -42.15 10.7921
      vertex 113.349 -44.15 10.7206
      vertex 113.349 -42.15 10.7206
    endloop
  endfacet
  facet normal -0.659765 0 0.751472
    outer loop
      vertex 115.035 -35.85 7.8013
      vertex 115.202 -37.85 7.94792
      vertex 115.202 -35.85 7.94792
    endloop
  endfacet
  facet normal -0.659765 0 0.751472
    outer loop
      vertex 115.202 -37.85 7.94792
      vertex 115.035 -35.85 7.8013
      vertex 115.035 -37.85 7.8013
    endloop
  endfacet
  facet normal -0.659765 0 0.751472
    outer loop
      vertex 115.035 -42.15 7.8013
      vertex 115.202 -44.15 7.94792
      vertex 115.202 -42.15 7.94792
    endloop
  endfacet
  facet normal -0.659765 0 0.751472
    outer loop
      vertex 115.202 -44.15 7.94792
      vertex 115.035 -42.15 7.8013
      vertex 115.035 -44.15 7.8013
    endloop
  endfacet
  facet normal -0.997723 0 0.0674471
    outer loop
      vertex 115.685 -37.85 8.92811
      vertex 115.7 -35.85 9.15
      vertex 115.685 -35.85 8.92811
    endloop
  endfacet
  facet normal -0.997723 0 0.0674471
    outer loop
      vertex 115.7 -35.85 9.15
      vertex 115.685 -37.85 8.92811
      vertex 115.7 -37.85 9.15
    endloop
  endfacet
  facet normal -0.997723 0 0.0674471
    outer loop
      vertex 115.685 -44.15 8.92811
      vertex 115.7 -42.15 9.15
      vertex 115.685 -42.15 8.92811
    endloop
  endfacet
  facet normal -0.997723 0 0.0674471
    outer loop
      vertex 115.7 -42.15 9.15
      vertex 115.685 -44.15 8.92811
      vertex 115.7 -44.15 9.15
    endloop
  endfacet
  facet normal 0.443245 0 -0.8964
    outer loop
      vertex 113.15 -37.85 10.6222
      vertex 113.349 -35.85 10.7206
      vertex 113.349 -37.85 10.7206
    endloop
  endfacet
  facet normal 0.443245 0 -0.8964
    outer loop
      vertex 113.349 -35.85 10.7206
      vertex 113.15 -37.85 10.6222
      vertex 113.15 -35.85 10.6222
    endloop
  endfacet
  facet normal 0.443245 0 -0.8964
    outer loop
      vertex 113.15 -44.15 10.6222
      vertex 113.349 -42.15 10.7206
      vertex 113.349 -44.15 10.7206
    endloop
  endfacet
  facet normal 0.443245 0 -0.8964
    outer loop
      vertex 113.349 -42.15 10.7206
      vertex 113.15 -44.15 10.6222
      vertex 113.15 -42.15 10.6222
    endloop
  endfacet
  facet normal 0.981113 0 -0.193434
    outer loop
      vertex 112.358 -37.85 9.58999
      vertex 112.315 -35.85 9.37189
      vertex 112.358 -35.85 9.58999
    endloop
  endfacet
  facet normal 0.981113 0 -0.193434
    outer loop
      vertex 112.315 -35.85 9.37189
      vertex 112.358 -37.85 9.58999
      vertex 112.315 -37.85 9.37189
    endloop
  endfacet
  facet normal 0.981113 0 -0.193434
    outer loop
      vertex 112.358 -44.15 9.58999
      vertex 112.315 -42.15 9.37189
      vertex 112.358 -42.15 9.58999
    endloop
  endfacet
  facet normal 0.981113 0 -0.193434
    outer loop
      vertex 112.315 -42.15 9.37189
      vertex 112.358 -44.15 9.58999
      vertex 112.315 -44.15 9.37189
    endloop
  endfacet
  facet normal 0.443064 0 0.89649
    outer loop
      vertex 113.15 -35.85 7.67776
      vertex 113.349 -37.85 7.57941
      vertex 113.349 -35.85 7.57941
    endloop
  endfacet
  facet normal 0.443064 0 0.89649
    outer loop
      vertex 113.349 -37.85 7.57941
      vertex 113.15 -35.85 7.67776
      vertex 113.15 -37.85 7.67776
    endloop
  endfacet
  facet normal 0.443064 0 0.89649
    outer loop
      vertex 113.15 -42.15 7.67776
      vertex 113.349 -44.15 7.57941
      vertex 113.349 -42.15 7.57941
    endloop
  endfacet
  facet normal 0.443064 0 0.89649
    outer loop
      vertex 113.349 -44.15 7.57941
      vertex 113.15 -42.15 7.67776
      vertex 113.15 -44.15 7.67776
    endloop
  endfacet
  facet normal -0.0651764 0 -0.997874
    outer loop
      vertex 114 -37.85 10.85
      vertex 114.222 -35.85 10.8355
      vertex 114.222 -37.85 10.8355
    endloop
  endfacet
  facet normal -0.0651764 0 -0.997874
    outer loop
      vertex 114.222 -35.85 10.8355
      vertex 114 -37.85 10.85
      vertex 114 -35.85 10.85
    endloop
  endfacet
  facet normal -0.0651764 0 -0.997874
    outer loop
      vertex 114 -44.15 10.85
      vertex 114.222 -42.15 10.8355
      vertex 114.222 -44.15 10.8355
    endloop
  endfacet
  facet normal -0.0651764 0 -0.997874
    outer loop
      vertex 114.222 -42.15 10.8355
      vertex 114 -44.15 10.85
      vertex 114 -42.15 10.85
    endloop
  endfacet
  facet normal -0.320856 0 0.947128
    outer loop
      vertex 114.44 -35.85 7.50793
      vertex 114.651 -37.85 7.57941
      vertex 114.651 -35.85 7.57941
    endloop
  endfacet
  facet normal -0.320856 0 0.947128
    outer loop
      vertex 114.651 -37.85 7.57941
      vertex 114.44 -35.85 7.50793
      vertex 114.44 -37.85 7.50793
    endloop
  endfacet
  facet normal -0.320856 0 0.947128
    outer loop
      vertex 114.44 -42.15 7.50793
      vertex 114.651 -44.15 7.57941
      vertex 114.651 -42.15 7.57941
    endloop
  endfacet
  facet normal -0.320856 0 0.947128
    outer loop
      vertex 114.651 -44.15 7.57941
      vertex 114.44 -42.15 7.50793
      vertex 114.44 -44.15 7.50793
    endloop
  endfacet
  facet normal 0.0653555 0 0.997862
    outer loop
      vertex 113.778 -35.85 7.46454
      vertex 114 -37.85 7.45
      vertex 114 -35.85 7.45
    endloop
  endfacet
  facet normal 0.0653555 0 0.997862
    outer loop
      vertex 114 -37.85 7.45
      vertex 113.778 -35.85 7.46454
      vertex 113.778 -37.85 7.46454
    endloop
  endfacet
  facet normal 0.0653555 0 0.997862
    outer loop
      vertex 113.778 -42.15 7.46454
      vertex 114 -44.15 7.45
      vertex 114 -42.15 7.45
    endloop
  endfacet
  facet normal 0.0653555 0 0.997862
    outer loop
      vertex 114 -44.15 7.45
      vertex 113.778 -42.15 7.46454
      vertex 113.778 -44.15 7.46454
    endloop
  endfacet
  facet normal 0.947584 0 -0.319506
    outer loop
      vertex 112.429 -37.85 9.80056
      vertex 112.358 -35.85 9.58999
      vertex 112.429 -35.85 9.80056
    endloop
  endfacet
  facet normal 0.947584 0 -0.319506
    outer loop
      vertex 112.358 -35.85 9.58999
      vertex 112.429 -37.85 9.80056
      vertex 112.358 -37.85 9.58999
    endloop
  endfacet
  facet normal 0.947584 0 -0.319506
    outer loop
      vertex 112.429 -44.15 9.80056
      vertex 112.358 -42.15 9.58999
      vertex 112.429 -42.15 9.80056
    endloop
  endfacet
  facet normal 0.947584 0 -0.319506
    outer loop
      vertex 112.358 -42.15 9.58999
      vertex 112.429 -44.15 9.80056
      vertex 112.358 -44.15 9.58999
    endloop
  endfacet
  facet normal 0.320856 0 0.947128
    outer loop
      vertex 113.349 -35.85 7.57941
      vertex 113.56 -37.85 7.50793
      vertex 113.56 -35.85 7.50793
    endloop
  endfacet
  facet normal 0.320856 0 0.947128
    outer loop
      vertex 113.56 -37.85 7.50793
      vertex 113.349 -35.85 7.57941
      vertex 113.349 -37.85 7.57941
    endloop
  endfacet
  facet normal 0.320856 0 0.947128
    outer loop
      vertex 113.349 -42.15 7.57941
      vertex 113.56 -44.15 7.50793
      vertex 113.56 -42.15 7.50793
    endloop
  endfacet
  facet normal 0.320856 0 0.947128
    outer loop
      vertex 113.56 -44.15 7.50793
      vertex 113.349 -42.15 7.57941
      vertex 113.349 -44.15 7.57941
    endloop
  endfacet
  facet normal -0.947584 0 -0.319506
    outer loop
      vertex 115.642 -37.85 9.58999
      vertex 115.571 -35.85 9.80056
      vertex 115.642 -35.85 9.58999
    endloop
  endfacet
  facet normal -0.947584 -0 -0.319506
    outer loop
      vertex 115.571 -35.85 9.80056
      vertex 115.642 -37.85 9.58999
      vertex 115.571 -37.85 9.80056
    endloop
  endfacet
  facet normal -0.947584 0 -0.319506
    outer loop
      vertex 115.642 -44.15 9.58999
      vertex 115.571 -42.15 9.80056
      vertex 115.642 -42.15 9.58999
    endloop
  endfacet
  facet normal -0.947584 -0 -0.319506
    outer loop
      vertex 115.571 -42.15 9.80056
      vertex 115.642 -44.15 9.58999
      vertex 115.571 -44.15 9.80056
    endloop
  endfacet
  facet normal -0.195208 0 0.980762
    outer loop
      vertex 114.222 -35.85 7.46454
      vertex 114.44 -37.85 7.50793
      vertex 114.44 -35.85 7.50793
    endloop
  endfacet
  facet normal -0.195208 0 0.980762
    outer loop
      vertex 114.44 -37.85 7.50793
      vertex 114.222 -35.85 7.46454
      vertex 114.222 -37.85 7.46454
    endloop
  endfacet
  facet normal -0.195208 0 0.980762
    outer loop
      vertex 114.222 -42.15 7.46454
      vertex 114.44 -44.15 7.50793
      vertex 114.44 -42.15 7.50793
    endloop
  endfacet
  facet normal -0.195208 0 0.980762
    outer loop
      vertex 114.44 -44.15 7.50793
      vertex 114.222 -42.15 7.46454
      vertex 114.222 -44.15 7.46454
    endloop
  endfacet
  facet normal -0.997723 0 -0.0674471
    outer loop
      vertex 115.7 -37.85 9.15
      vertex 115.685 -35.85 9.37189
      vertex 115.7 -35.85 9.15
    endloop
  endfacet
  facet normal -0.997723 -0 -0.0674471
    outer loop
      vertex 115.685 -35.85 9.37189
      vertex 115.7 -37.85 9.15
      vertex 115.685 -37.85 9.37189
    endloop
  endfacet
  facet normal -0.997723 0 -0.0674471
    outer loop
      vertex 115.7 -44.15 9.15
      vertex 115.685 -42.15 9.37189
      vertex 115.7 -42.15 9.15
    endloop
  endfacet
  facet normal -0.997723 -0 -0.0674471
    outer loop
      vertex 115.685 -42.15 9.37189
      vertex 115.7 -44.15 9.15
      vertex 115.685 -44.15 9.37189
    endloop
  endfacet
  facet normal -0.659714 0 -0.751516
    outer loop
      vertex 115.035 -37.85 10.4987
      vertex 115.202 -35.85 10.3521
      vertex 115.202 -37.85 10.3521
    endloop
  endfacet
  facet normal -0.659714 0 -0.751516
    outer loop
      vertex 115.202 -35.85 10.3521
      vertex 115.035 -37.85 10.4987
      vertex 115.035 -35.85 10.4987
    endloop
  endfacet
  facet normal -0.659714 0 -0.751516
    outer loop
      vertex 115.035 -44.15 10.4987
      vertex 115.202 -42.15 10.3521
      vertex 115.202 -44.15 10.3521
    endloop
  endfacet
  facet normal -0.659714 0 -0.751516
    outer loop
      vertex 115.202 -42.15 10.3521
      vertex 115.035 -44.15 10.4987
      vertex 115.035 -42.15 10.4987
    endloop
  endfacet
  facet normal -0.555343 0 0.831621
    outer loop
      vertex 114.85 -35.85 7.67776
      vertex 115.035 -37.85 7.8013
      vertex 115.035 -35.85 7.8013
    endloop
  endfacet
  facet normal -0.555343 0 0.831621
    outer loop
      vertex 115.035 -37.85 7.8013
      vertex 114.85 -35.85 7.67776
      vertex 114.85 -37.85 7.67776
    endloop
  endfacet
  facet normal -0.555343 0 0.831621
    outer loop
      vertex 114.85 -42.15 7.67776
      vertex 115.035 -44.15 7.8013
      vertex 115.035 -42.15 7.8013
    endloop
  endfacet
  facet normal -0.555343 0 0.831621
    outer loop
      vertex 115.035 -44.15 7.8013
      vertex 114.85 -42.15 7.67776
      vertex 114.85 -44.15 7.67776
    endloop
  endfacet
  facet normal -0.750997 0 0.660306
    outer loop
      vertex 115.202 -37.85 7.94792
      vertex 115.349 -35.85 8.11511
      vertex 115.202 -35.85 7.94792
    endloop
  endfacet
  facet normal -0.750997 0 0.660306
    outer loop
      vertex 115.349 -35.85 8.11511
      vertex 115.202 -37.85 7.94792
      vertex 115.349 -37.85 8.11511
    endloop
  endfacet
  facet normal -0.750997 0 0.660306
    outer loop
      vertex 115.202 -44.15 7.94792
      vertex 115.349 -42.15 8.11511
      vertex 115.202 -42.15 7.94792
    endloop
  endfacet
  facet normal -0.750997 0 0.660306
    outer loop
      vertex 115.349 -42.15 8.11511
      vertex 115.202 -44.15 7.94792
      vertex 115.349 -44.15 8.11511
    endloop
  endfacet
  facet normal -0.320937 0 -0.947101
    outer loop
      vertex 114.44 -37.85 10.7921
      vertex 114.651 -35.85 10.7206
      vertex 114.651 -37.85 10.7206
    endloop
  endfacet
  facet normal -0.320937 0 -0.947101
    outer loop
      vertex 114.651 -35.85 10.7206
      vertex 114.44 -37.85 10.7921
      vertex 114.44 -35.85 10.7921
    endloop
  endfacet
  facet normal -0.320937 0 -0.947101
    outer loop
      vertex 114.44 -44.15 10.7921
      vertex 114.651 -42.15 10.7206
      vertex 114.651 -44.15 10.7206
    endloop
  endfacet
  facet normal -0.320937 0 -0.947101
    outer loop
      vertex 114.651 -42.15 10.7206
      vertex 114.44 -44.15 10.7921
      vertex 114.44 -42.15 10.7921
    endloop
  endfacet
  facet normal -0.83259 0 0.553889
    outer loop
      vertex 115.349 -37.85 8.11511
      vertex 115.472 -35.85 8.3
      vertex 115.349 -35.85 8.11511
    endloop
  endfacet
  facet normal -0.83259 0 0.553889
    outer loop
      vertex 115.472 -35.85 8.3
      vertex 115.349 -37.85 8.11511
      vertex 115.472 -37.85 8.3
    endloop
  endfacet
  facet normal -0.83259 0 0.553889
    outer loop
      vertex 115.349 -44.15 8.11511
      vertex 115.472 -42.15 8.3
      vertex 115.349 -42.15 8.11511
    endloop
  endfacet
  facet normal -0.83259 0 0.553889
    outer loop
      vertex 115.472 -42.15 8.3
      vertex 115.349 -44.15 8.11511
      vertex 115.472 -44.15 8.3
    endloop
  endfacet
  facet normal 0.997723 -0 0.0674471
    outer loop
      vertex 112.3 -37.85 9.15
      vertex 112.315 -35.85 8.92811
      vertex 112.3 -35.85 9.15
    endloop
  endfacet
  facet normal 0.997723 0 0.0674471
    outer loop
      vertex 112.315 -35.85 8.92811
      vertex 112.3 -37.85 9.15
      vertex 112.315 -37.85 8.92811
    endloop
  endfacet
  facet normal 0.997723 -0 0.0674471
    outer loop
      vertex 112.3 -44.15 9.15
      vertex 112.315 -42.15 8.92811
      vertex 112.3 -42.15 9.15
    endloop
  endfacet
  facet normal 0.997723 0 0.0674471
    outer loop
      vertex 112.315 -42.15 8.92811
      vertex 112.3 -44.15 9.15
      vertex 112.315 -44.15 8.92811
    endloop
  endfacet
  facet normal 0.195251 0 -0.980753
    outer loop
      vertex 113.56 -37.85 10.7921
      vertex 113.778 -35.85 10.8355
      vertex 113.778 -37.85 10.8355
    endloop
  endfacet
  facet normal 0.195251 0 -0.980753
    outer loop
      vertex 113.778 -35.85 10.8355
      vertex 113.56 -37.85 10.7921
      vertex 113.56 -35.85 10.7921
    endloop
  endfacet
  facet normal 0.195251 0 -0.980753
    outer loop
      vertex 113.56 -44.15 10.7921
      vertex 113.778 -42.15 10.8355
      vertex 113.778 -44.15 10.8355
    endloop
  endfacet
  facet normal 0.195251 0 -0.980753
    outer loop
      vertex 113.778 -42.15 10.8355
      vertex 113.56 -44.15 10.7921
      vertex 113.56 -42.15 10.7921
    endloop
  endfacet
  facet normal 0.659714 0 -0.751516
    outer loop
      vertex 112.798 -37.85 10.3521
      vertex 112.965 -35.85 10.4987
      vertex 112.965 -37.85 10.4987
    endloop
  endfacet
  facet normal 0.659714 0 -0.751516
    outer loop
      vertex 112.965 -35.85 10.4987
      vertex 112.798 -37.85 10.3521
      vertex 112.798 -35.85 10.3521
    endloop
  endfacet
  facet normal 0.659714 0 -0.751516
    outer loop
      vertex 112.798 -44.15 10.3521
      vertex 112.965 -42.15 10.4987
      vertex 112.965 -44.15 10.4987
    endloop
  endfacet
  facet normal 0.659714 0 -0.751516
    outer loop
      vertex 112.965 -42.15 10.4987
      vertex 112.798 -44.15 10.3521
      vertex 112.798 -42.15 10.3521
    endloop
  endfacet
  facet normal 0.947584 -0 0.319506
    outer loop
      vertex 112.358 -37.85 8.71001
      vertex 112.429 -35.85 8.49944
      vertex 112.358 -35.85 8.71001
    endloop
  endfacet
  facet normal 0.947584 0 0.319506
    outer loop
      vertex 112.429 -35.85 8.49944
      vertex 112.358 -37.85 8.71001
      vertex 112.429 -37.85 8.49944
    endloop
  endfacet
  facet normal 0.947584 -0 0.319506
    outer loop
      vertex 112.358 -44.15 8.71001
      vertex 112.429 -42.15 8.49944
      vertex 112.358 -42.15 8.71001
    endloop
  endfacet
  facet normal 0.947584 0 0.319506
    outer loop
      vertex 112.429 -42.15 8.49944
      vertex 112.358 -44.15 8.71001
      vertex 112.429 -44.15 8.49944
    endloop
  endfacet
  facet normal -0.443064 0 0.89649
    outer loop
      vertex 114.651 -35.85 7.57941
      vertex 114.85 -37.85 7.67776
      vertex 114.85 -35.85 7.67776
    endloop
  endfacet
  facet normal -0.443064 0 0.89649
    outer loop
      vertex 114.85 -37.85 7.67776
      vertex 114.651 -35.85 7.57941
      vertex 114.651 -37.85 7.57941
    endloop
  endfacet
  facet normal -0.443064 0 0.89649
    outer loop
      vertex 114.651 -42.15 7.57941
      vertex 114.85 -44.15 7.67776
      vertex 114.85 -42.15 7.67776
    endloop
  endfacet
  facet normal -0.443064 0 0.89649
    outer loop
      vertex 114.85 -44.15 7.67776
      vertex 114.651 -42.15 7.57941
      vertex 114.651 -44.15 7.57941
    endloop
  endfacet
  facet normal 0.195208 0 0.980762
    outer loop
      vertex 113.56 -35.85 7.50793
      vertex 113.778 -37.85 7.46454
      vertex 113.778 -35.85 7.46454
    endloop
  endfacet
  facet normal 0.195208 0 0.980762
    outer loop
      vertex 113.778 -37.85 7.46454
      vertex 113.56 -35.85 7.50793
      vertex 113.56 -37.85 7.50793
    endloop
  endfacet
  facet normal 0.195208 0 0.980762
    outer loop
      vertex 113.56 -42.15 7.50793
      vertex 113.778 -44.15 7.46454
      vertex 113.778 -42.15 7.46454
    endloop
  endfacet
  facet normal 0.195208 0 0.980762
    outer loop
      vertex 113.778 -44.15 7.46454
      vertex 113.56 -42.15 7.50793
      vertex 113.56 -44.15 7.50793
    endloop
  endfacet
  facet normal 0.895717 -0 0.444625
    outer loop
      vertex 112.429 -37.85 8.49944
      vertex 112.528 -35.85 8.3
      vertex 112.429 -35.85 8.49944
    endloop
  endfacet
  facet normal 0.895717 0 0.444625
    outer loop
      vertex 112.528 -35.85 8.3
      vertex 112.429 -37.85 8.49944
      vertex 112.528 -37.85 8.3
    endloop
  endfacet
  facet normal 0.895717 -0 0.444625
    outer loop
      vertex 112.429 -44.15 8.49944
      vertex 112.528 -42.15 8.3
      vertex 112.429 -42.15 8.49944
    endloop
  endfacet
  facet normal 0.895717 0 0.444625
    outer loop
      vertex 112.528 -42.15 8.3
      vertex 112.429 -44.15 8.49944
      vertex 112.528 -44.15 8.3
    endloop
  endfacet
  facet normal -0.443245 0 -0.8964
    outer loop
      vertex 114.651 -37.85 10.7206
      vertex 114.85 -35.85 10.6222
      vertex 114.85 -37.85 10.6222
    endloop
  endfacet
  facet normal -0.443245 0 -0.8964
    outer loop
      vertex 114.85 -35.85 10.6222
      vertex 114.651 -37.85 10.7206
      vertex 114.651 -35.85 10.7206
    endloop
  endfacet
  facet normal -0.443245 0 -0.8964
    outer loop
      vertex 114.651 -44.15 10.7206
      vertex 114.85 -42.15 10.6222
      vertex 114.85 -44.15 10.6222
    endloop
  endfacet
  facet normal -0.443245 0 -0.8964
    outer loop
      vertex 114.85 -42.15 10.6222
      vertex 114.651 -44.15 10.7206
      vertex 114.651 -42.15 10.7206
    endloop
  endfacet
  facet normal -0.947584 0 0.319506
    outer loop
      vertex 115.571 -37.85 8.49944
      vertex 115.642 -35.85 8.71001
      vertex 115.571 -35.85 8.49944
    endloop
  endfacet
  facet normal -0.947584 0 0.319506
    outer loop
      vertex 115.642 -35.85 8.71001
      vertex 115.571 -37.85 8.49944
      vertex 115.642 -37.85 8.71001
    endloop
  endfacet
  facet normal -0.947584 0 0.319506
    outer loop
      vertex 115.571 -44.15 8.49944
      vertex 115.642 -42.15 8.71001
      vertex 115.571 -42.15 8.49944
    endloop
  endfacet
  facet normal -0.947584 0 0.319506
    outer loop
      vertex 115.642 -42.15 8.71001
      vertex 115.571 -44.15 8.49944
      vertex 115.642 -44.15 8.71001
    endloop
  endfacet
  facet normal 0.751016 0 -0.660284
    outer loop
      vertex 112.798 -37.85 10.3521
      vertex 112.651 -35.85 10.1849
      vertex 112.798 -35.85 10.3521
    endloop
  endfacet
  facet normal 0.751016 0 -0.660284
    outer loop
      vertex 112.651 -35.85 10.1849
      vertex 112.798 -37.85 10.3521
      vertex 112.651 -37.85 10.1849
    endloop
  endfacet
  facet normal 0.751016 0 -0.660284
    outer loop
      vertex 112.798 -44.15 10.3521
      vertex 112.651 -42.15 10.1849
      vertex 112.798 -42.15 10.3521
    endloop
  endfacet
  facet normal 0.751016 0 -0.660284
    outer loop
      vertex 112.651 -42.15 10.1849
      vertex 112.798 -44.15 10.3521
      vertex 112.651 -44.15 10.1849
    endloop
  endfacet
  facet normal -0.195251 0 -0.980753
    outer loop
      vertex 114.222 -37.85 10.8355
      vertex 114.44 -35.85 10.7921
      vertex 114.44 -37.85 10.7921
    endloop
  endfacet
  facet normal -0.195251 0 -0.980753
    outer loop
      vertex 114.44 -35.85 10.7921
      vertex 114.222 -37.85 10.8355
      vertex 114.222 -35.85 10.8355
    endloop
  endfacet
  facet normal -0.195251 0 -0.980753
    outer loop
      vertex 114.222 -44.15 10.8355
      vertex 114.44 -42.15 10.7921
      vertex 114.44 -44.15 10.7921
    endloop
  endfacet
  facet normal -0.195251 0 -0.980753
    outer loop
      vertex 114.44 -42.15 10.7921
      vertex 114.222 -44.15 10.8355
      vertex 114.222 -42.15 10.8355
    endloop
  endfacet
  facet normal -0.895717 0 -0.444625
    outer loop
      vertex 115.571 -37.85 9.80056
      vertex 115.472 -35.85 10
      vertex 115.571 -35.85 9.80056
    endloop
  endfacet
  facet normal -0.895717 -0 -0.444625
    outer loop
      vertex 115.472 -35.85 10
      vertex 115.571 -37.85 9.80056
      vertex 115.472 -37.85 10
    endloop
  endfacet
  facet normal -0.895717 0 -0.444625
    outer loop
      vertex 115.571 -44.15 9.80056
      vertex 115.472 -42.15 10
      vertex 115.571 -42.15 9.80056
    endloop
  endfacet
  facet normal -0.895717 -0 -0.444625
    outer loop
      vertex 115.472 -42.15 10
      vertex 115.571 -44.15 9.80056
      vertex 115.472 -44.15 10
    endloop
  endfacet
  facet normal -0.832604 0 -0.553869
    outer loop
      vertex 115.472 -37.85 10
      vertex 115.349 -35.85 10.1849
      vertex 115.472 -35.85 10
    endloop
  endfacet
  facet normal -0.832604 -0 -0.553869
    outer loop
      vertex 115.349 -35.85 10.1849
      vertex 115.472 -37.85 10
      vertex 115.349 -37.85 10.1849
    endloop
  endfacet
  facet normal -0.832604 0 -0.553869
    outer loop
      vertex 115.472 -44.15 10
      vertex 115.349 -42.15 10.1849
      vertex 115.472 -42.15 10
    endloop
  endfacet
  facet normal -0.832604 -0 -0.553869
    outer loop
      vertex 115.349 -42.15 10.1849
      vertex 115.472 -44.15 10
      vertex 115.349 -44.15 10.1849
    endloop
  endfacet
  facet normal -0.981113 0 -0.193434
    outer loop
      vertex 115.685 -37.85 9.37189
      vertex 115.642 -35.85 9.58999
      vertex 115.685 -35.85 9.37189
    endloop
  endfacet
  facet normal -0.981113 -0 -0.193434
    outer loop
      vertex 115.642 -35.85 9.58999
      vertex 115.685 -37.85 9.37189
      vertex 115.642 -37.85 9.58999
    endloop
  endfacet
  facet normal -0.981113 0 -0.193434
    outer loop
      vertex 115.685 -44.15 9.37189
      vertex 115.642 -42.15 9.58999
      vertex 115.685 -42.15 9.37189
    endloop
  endfacet
  facet normal -0.981113 -0 -0.193434
    outer loop
      vertex 115.642 -42.15 9.58999
      vertex 115.685 -44.15 9.37189
      vertex 115.642 -44.15 9.58999
    endloop
  endfacet
  facet normal -0.0653555 0 0.997862
    outer loop
      vertex 114 -35.85 7.45
      vertex 114.222 -37.85 7.46454
      vertex 114.222 -35.85 7.46454
    endloop
  endfacet
  facet normal -0.0653555 0 0.997862
    outer loop
      vertex 114.222 -37.85 7.46454
      vertex 114 -35.85 7.45
      vertex 114 -37.85 7.45
    endloop
  endfacet
  facet normal -0.0653555 0 0.997862
    outer loop
      vertex 114 -42.15 7.45
      vertex 114.222 -44.15 7.46454
      vertex 114.222 -42.15 7.46454
    endloop
  endfacet
  facet normal -0.0653555 0 0.997862
    outer loop
      vertex 114.222 -44.15 7.46454
      vertex 114 -42.15 7.45
      vertex 114 -44.15 7.45
    endloop
  endfacet
  facet normal 0.981113 -0 0.193434
    outer loop
      vertex 112.315 -37.85 8.92811
      vertex 112.358 -35.85 8.71001
      vertex 112.315 -35.85 8.92811
    endloop
  endfacet
  facet normal 0.981113 0 0.193434
    outer loop
      vertex 112.358 -35.85 8.71001
      vertex 112.315 -37.85 8.92811
      vertex 112.358 -37.85 8.71001
    endloop
  endfacet
  facet normal 0.981113 -0 0.193434
    outer loop
      vertex 112.315 -44.15 8.92811
      vertex 112.358 -42.15 8.71001
      vertex 112.315 -42.15 8.92811
    endloop
  endfacet
  facet normal 0.981113 0 0.193434
    outer loop
      vertex 112.358 -42.15 8.71001
      vertex 112.315 -44.15 8.92811
      vertex 112.358 -44.15 8.71001
    endloop
  endfacet
  facet normal 0.750997 -0 0.660306
    outer loop
      vertex 112.651 -37.85 8.11511
      vertex 112.798 -35.85 7.94792
      vertex 112.651 -35.85 8.11511
    endloop
  endfacet
  facet normal 0.750997 0 0.660306
    outer loop
      vertex 112.798 -35.85 7.94792
      vertex 112.651 -37.85 8.11511
      vertex 112.798 -37.85 7.94792
    endloop
  endfacet
  facet normal 0.750997 -0 0.660306
    outer loop
      vertex 112.651 -44.15 8.11511
      vertex 112.798 -42.15 7.94792
      vertex 112.651 -42.15 8.11511
    endloop
  endfacet
  facet normal 0.750997 0 0.660306
    outer loop
      vertex 112.798 -42.15 7.94792
      vertex 112.651 -44.15 8.11511
      vertex 112.798 -44.15 7.94792
    endloop
  endfacet
  facet normal 0.83259 -0 0.553889
    outer loop
      vertex 112.528 -37.85 8.3
      vertex 112.651 -35.85 8.11511
      vertex 112.528 -35.85 8.3
    endloop
  endfacet
  facet normal 0.83259 0 0.553889
    outer loop
      vertex 112.651 -35.85 8.11511
      vertex 112.528 -37.85 8.3
      vertex 112.651 -37.85 8.11511
    endloop
  endfacet
  facet normal 0.83259 -0 0.553889
    outer loop
      vertex 112.528 -44.15 8.3
      vertex 112.651 -42.15 8.11511
      vertex 112.528 -42.15 8.3
    endloop
  endfacet
  facet normal 0.83259 0 0.553889
    outer loop
      vertex 112.651 -42.15 8.11511
      vertex 112.528 -44.15 8.3
      vertex 112.651 -44.15 8.11511
    endloop
  endfacet
  facet normal 0.0651764 0 -0.997874
    outer loop
      vertex 113.778 -37.85 10.8355
      vertex 114 -35.85 10.85
      vertex 114 -37.85 10.85
    endloop
  endfacet
  facet normal 0.0651764 0 -0.997874
    outer loop
      vertex 114 -35.85 10.85
      vertex 113.778 -37.85 10.8355
      vertex 113.778 -35.85 10.8355
    endloop
  endfacet
  facet normal 0.0651764 0 -0.997874
    outer loop
      vertex 113.778 -44.15 10.8355
      vertex 114 -42.15 10.85
      vertex 114 -44.15 10.85
    endloop
  endfacet
  facet normal 0.0651764 0 -0.997874
    outer loop
      vertex 114 -42.15 10.85
      vertex 113.778 -44.15 10.8355
      vertex 113.778 -42.15 10.8355
    endloop
  endfacet
  facet normal 0.895717 0 -0.444625
    outer loop
      vertex 112.528 -37.85 10
      vertex 112.429 -35.85 9.80056
      vertex 112.528 -35.85 10
    endloop
  endfacet
  facet normal 0.895717 0 -0.444625
    outer loop
      vertex 112.429 -35.85 9.80056
      vertex 112.528 -37.85 10
      vertex 112.429 -37.85 9.80056
    endloop
  endfacet
  facet normal 0.895717 0 -0.444625
    outer loop
      vertex 112.528 -44.15 10
      vertex 112.429 -42.15 9.80056
      vertex 112.528 -42.15 10
    endloop
  endfacet
  facet normal 0.895717 0 -0.444625
    outer loop
      vertex 112.429 -42.15 9.80056
      vertex 112.528 -44.15 10
      vertex 112.429 -44.15 9.80056
    endloop
  endfacet
  facet normal 0.832604 0 -0.553869
    outer loop
      vertex 112.651 -37.85 10.1849
      vertex 112.528 -35.85 10
      vertex 112.651 -35.85 10.1849
    endloop
  endfacet
  facet normal 0.832604 0 -0.553869
    outer loop
      vertex 112.528 -35.85 10
      vertex 112.651 -37.85 10.1849
      vertex 112.528 -37.85 10
    endloop
  endfacet
  facet normal 0.832604 0 -0.553869
    outer loop
      vertex 112.651 -44.15 10.1849
      vertex 112.528 -42.15 10
      vertex 112.651 -42.15 10.1849
    endloop
  endfacet
  facet normal 0.832604 0 -0.553869
    outer loop
      vertex 112.528 -42.15 10
      vertex 112.651 -44.15 10.1849
      vertex 112.528 -44.15 10
    endloop
  endfacet
  facet normal 0.997723 0 -0.0674471
    outer loop
      vertex 112.315 -37.85 9.37189
      vertex 112.3 -35.85 9.15
      vertex 112.315 -35.85 9.37189
    endloop
  endfacet
  facet normal 0.997723 0 -0.0674471
    outer loop
      vertex 112.3 -35.85 9.15
      vertex 112.315 -37.85 9.37189
      vertex 112.3 -37.85 9.15
    endloop
  endfacet
  facet normal 0.997723 0 -0.0674471
    outer loop
      vertex 112.315 -44.15 9.37189
      vertex 112.3 -42.15 9.15
      vertex 112.315 -42.15 9.37189
    endloop
  endfacet
  facet normal 0.997723 0 -0.0674471
    outer loop
      vertex 112.3 -42.15 9.15
      vertex 112.315 -44.15 9.37189
      vertex 112.3 -44.15 9.15
    endloop
  endfacet
  facet normal 0.555343 0 0.831621
    outer loop
      vertex 112.965 -35.85 7.8013
      vertex 113.15 -37.85 7.67776
      vertex 113.15 -35.85 7.67776
    endloop
  endfacet
  facet normal 0.555343 0 0.831621
    outer loop
      vertex 113.15 -37.85 7.67776
      vertex 112.965 -35.85 7.8013
      vertex 112.965 -37.85 7.8013
    endloop
  endfacet
  facet normal 0.555343 0 0.831621
    outer loop
      vertex 112.965 -42.15 7.8013
      vertex 113.15 -44.15 7.67776
      vertex 113.15 -42.15 7.67776
    endloop
  endfacet
  facet normal 0.555343 0 0.831621
    outer loop
      vertex 113.15 -44.15 7.67776
      vertex 112.965 -42.15 7.8013
      vertex 112.965 -44.15 7.8013
    endloop
  endfacet
  facet normal 0.555219 0 -0.831704
    outer loop
      vertex 112.965 -37.85 10.4987
      vertex 113.15 -35.85 10.6222
      vertex 113.15 -37.85 10.6222
    endloop
  endfacet
  facet normal 0.555219 0 -0.831704
    outer loop
      vertex 113.15 -35.85 10.6222
      vertex 112.965 -37.85 10.4987
      vertex 112.965 -35.85 10.4987
    endloop
  endfacet
  facet normal 0.555219 0 -0.831704
    outer loop
      vertex 112.965 -44.15 10.4987
      vertex 113.15 -42.15 10.6222
      vertex 113.15 -44.15 10.6222
    endloop
  endfacet
  facet normal 0.555219 0 -0.831704
    outer loop
      vertex 113.15 -42.15 10.6222
      vertex 112.965 -44.15 10.4987
      vertex 112.965 -42.15 10.4987
    endloop
  endfacet
endsolid OpenSCAD_Model
